id,target
25174,61.00715805071793
38453,62.08795305621283
29013,53.813339442131294
57463,57.15258396206134
51264,47.679581151632085
38911,62.59358287179731
1229,63.02847310720298
96000,30.412862820080953
10270,38.0261236431965
64513,47.88083063171245
102534,54.69684059991073
59037,47.45301732829515
34298,56.92315322722254
82669,21.08062165992907
100687,47.55660585762635
73522,54.442350260683895
48734,47.76218795634835
56168,54.90839123934029
84658,34.30596768918177
50646,41.85374873672645
1360,63.4939921989983
52095,49.22814805401778
65633,50.03758793730085
28205,56.975041027860684
57218,50.95043071528816
2601,50.28524980583036
85520,56.64303851478118
45402,62.51967802857109
93231,60.23234729960212
39300,60.607586861340806
67877,36.20252824519545
33330,61.43638429062226
79050,36.881318065321125
5081,60.31275625706256
13231,54.48811736624905
17628,47.08822459906648
80388,47.25763619147822
76808,58.57751809502194
100234,59.72218605604336
81256,32.950724707319054
57152,52.31977331647525
67477,59.55081224069733
74377,59.61628896803068
88292,57.41705299358685
102460,52.77143646336357
72878,32.70760439582586
77878,61.50216420122399
90885,49.37826226799094
5562,48.38168384241214
85283,57.4289817714479
66509,48.54150979892289
90296,61.47216518647757
4503,62.01040245208817
58293,46.61269080507758
64079,48.43797856670176
50451,49.96576926538889
77648,52.23408810360022
91697,51.3616590203123
28935,49.77516077357136
51809,59.04915167605611
57691,45.99213179829948
23043,42.77096831434255
98788,51.20125499238765
46943,52.87903668222171
34807,60.18890013746797
50520,49.87093936170931
92943,59.66293456809362
75909,51.79551564557066
78218,56.545272451711256
13225,56.49596291916871
30514,58.00733779861607
82053,57.97769655832626
3112,53.48965568960639
75999,52.99274639833594
58460,49.484475831152196
90475,50.36438034479991
33888,49.55691588079827
9299,56.26778591226656
90094,33.290837495424704
35904,56.57966454235418
97149,35.541930005412894
86693,26.662872114734093
99331,41.032649879861594
83095,45.54965261596839
100329,56.786799690973425
93056,55.82431148813372
30873,53.48687655376585
28579,26.90928236274005
20217,58.646761617363175
67433,51.37454881586269
56104,56.14958136961255
25681,53.65615665108184
10891,57.626968090941645
86004,55.131990147545125
36851,54.229072566866705
87094,57.24181658083026
12066,61.85789085581326
93555,45.252727876920666
79483,55.833564822734765
90391,56.58896850590215
85580,66.36263026842748
61181,46.77517996628545
98828,34.77599984833931
36626,60.99840551898254
13846,40.4815909744685
55091,54.962985145608656
46425,59.07632843819399
1363,49.266785538674384
70646,50.04857549330817
86481,58.61152935252785
6316,55.76590906779398
37261,56.86016499477166
51903,52.633781898222146
68887,44.937053974216745
3893,49.76677307189057
29502,52.66870171235581
56572,53.51414062439514
18999,57.84435254344594
2587,58.45669240085252
7854,59.23772440457639
29378,56.76708630833564
2036,53.672985845471395
384,33.78850469881432
9674,36.698647454489056
66574,45.305048710623126
48355,51.13357610060735
51730,54.09840871287233
37643,53.59722908968463
51348,54.95219581756558
21597,55.35622079537772
9240,58.777213774361975
79816,63.55394497456646
93877,59.28624168094776
39407,60.43251882425364
86751,59.70659235425549
59338,51.54674180085244
56405,43.54515177510267
17866,84.53392324289317
64569,56.49771052541252
90600,50.21883356371933
25963,54.70019659612919
7961,45.263510410431316
39127,50.07299673598325
81991,57.32803857082932
52426,58.1394677350585
93850,54.38273687628456
83904,51.98531064644525
76946,53.342657563380016
55666,59.61599826914028
44289,58.207517016026785
8845,35.88954959970513
73107,52.363526837672694
96428,35.68999993034609
52052,58.85186128229321
100865,53.03944505451326
17457,58.60629578615833
61472,43.21221392434528
95172,48.816011347223196
93006,51.09217129288307
94581,50.7216173273725
43719,65.42287834484863
101570,62.483349322582086
56333,45.55225546096778
80782,55.608136589739274
28561,31.247674411780174
7871,55.10888464525335
14948,57.236784815065825
73653,36.92808986755421
57372,54.359773737606695
12414,58.649249602815004
61951,53.06219134889715
30372,55.58364762534732
28909,54.749536319656585
7009,48.499035195391464
101554,58.423160220688345
26085,49.815040891129016
100443,54.60374313339838
23262,55.22790970585034
97587,50.02330725926632
58705,58.08888414650613
21825,51.163381070501146
67844,47.995387006777264
64146,41.98688727008889
16120,52.283682681117945
23555,58.02624597983714
65554,53.891963238655826
70589,55.717109242608906
18725,57.133553474230325
99419,45.30458813128765
33451,60.63711470898739
67912,60.8153396135972
101073,48.26186837368701
39319,53.917599873645074
101711,57.39191909784996
23149,60.64981737215203
84451,59.79723933436582
47784,54.74513187434365
61553,61.265027406743954
37353,42.95830478599989
53168,53.21012797982742
90985,42.57652244374923
28546,41.72112517126963
94706,60.79317067711371
23231,55.72177320737339
34618,53.136734297612854
29137,64.4478289659565
31660,60.387757564771384
54047,55.24403292863772
93037,49.65235638089624
83173,50.60430184731426
32113,62.41096949185766
14395,50.68821506294439
67820,54.20879292391063
67040,56.06558086546818
83797,48.46159226685718
66231,58.039570498489006
49705,50.65958423723431
66764,60.8019842209917
72603,62.78890057882794
12468,21.473699773677183
54914,59.16414711687085
25137,57.995221053684716
59287,51.22538824086063
97008,63.178508930978495
29927,55.378638469086184
29356,56.28547652269814
68914,62.06467460605029
34806,61.158818797575584
47948,58.18919004271555
17065,58.43464498081285
87547,50.802194510741266
37608,54.14439464883342
73001,55.14104377105424
77299,45.833757552392946
16735,54.99471621438943
18155,58.87411993509203
46480,65.1190924478979
8278,43.572894742593675
20781,46.788851166462734
3365,51.28262921003522
40100,60.90822649163816
55431,42.8806813029663
61484,54.484861458530716
70277,64.0601555557381
76867,55.557425310374825
24955,56.00059872503272
60828,41.42593432017879
22397,51.030379968265244
45920,60.94604966551434
76307,57.08884955737817
23948,61.97640553541136
53542,53.269694368149075
53625,47.35797614876453
72657,43.402047554864815
12093,61.23092732707961
27991,50.3077467757295
29171,60.72890565742251
27844,60.46109757022752
36260,40.90050189438768
18861,56.314122211853395
69954,50.840932019782684
96138,63.46464838761701
21307,57.19588807115813
561,49.54101561175692
77051,52.0410801682652
16909,58.81120835973844
53517,53.66544761415618
56650,55.44182098255549
86556,52.82903767851023
50889,59.326514616361976
20658,49.4660740885789
42039,58.67787788409177
2936,35.66130857865558
94511,33.01587830737052
41830,54.0291834379998
15269,52.15075994847768
40190,52.23856206581723
88469,53.579335944568065
88531,29.630938953021644
5062,56.548482181031446
39591,55.30613688078161
93947,53.028087008543295
74130,52.9948497320321
69128,61.44741202600145
88896,61.35859271315041
42765,41.40696519055241
20325,57.475842635357274
66746,60.33982236433581
79642,54.887746683164835
67563,49.58814884229138
51951,59.4165033190111
20540,57.499366089372195
57913,58.98577481948543
20016,50.00139137541619
52745,62.19276923766212
66425,60.64251170707824
37685,54.7307491424898
80473,54.04304048620619
15919,55.7574387973237
56921,42.563418287546426
7392,54.81877107587468
79670,54.154720111350855
69266,55.497440072864634
65573,56.13535544391931
73198,51.12021355485486
23034,56.35276163117389
3495,54.87651514604273
1522,51.426168734572
88656,51.7923855568831
89420,50.96990139827036
6168,48.94606049131002
26638,60.73688247969336
33248,55.356345254157745
43637,55.446987722648544
97437,43.77264458913472
96250,44.60810556582934
29856,61.205628623448085
27846,59.98205159459291
68876,58.98757549190686
17429,48.89284582998366
86647,55.82802794548463
23334,56.506715338245996
32234,60.45131855059484
71801,37.624500654265226
95706,43.955885206138575
41845,46.29451452058793
74067,48.847882077401984
28960,40.926915886543334
21442,54.38121387495225
69263,61.81237956160379
20470,51.39084405154516
99015,51.583477138087005
7204,31.805530806501814
72926,52.81632984423394
102030,55.287561823321425
16605,48.28675582482141
16632,55.25647121391837
25543,57.885705154302
66480,64.38350425486806
92866,61.1785157274481
1766,53.45987465414244
51495,48.69617556450094
37839,47.952746180183475
28978,53.52557979199378
102258,50.70280729999884
95105,50.930199132116215
40118,52.52467195574768
39698,55.42302843683156
37594,61.11171970704956
64025,62.71112084094662
59992,58.887431742599624
44050,52.18220586120498
27523,58.21094444437938
11505,46.59219467042223
40413,60.72138777436065
20076,55.71181768369203
102136,57.823123942416586
65139,55.195964951565784
23407,50.62553582274652
37464,53.25190594245089
59916,51.447790717508376
12042,55.024721222669896
64577,35.98224727273099
81331,60.13791298956225
61920,48.812659223284065
39099,62.400889888918016
78166,61.05725014303166
73131,53.740909013653315
64995,48.90878340349674
43278,52.47021445590548
15509,55.35591421336004
99611,58.793625579552
67257,54.156399020354186
96245,38.31779109837788
52205,49.15541654153385
67084,57.3210883355004
60524,51.66890190494213
76518,40.220301942630016
50679,59.65164731432266
1038,56.39451938514875
55932,38.562207968837924
82634,31.29229399145262
79774,44.37230779977994
35445,57.22261050572173
66283,58.19547780515334
37874,49.57704771386738
1129,58.745438805354226
44255,50.51610227892643
26531,54.15633513195213
67720,53.8393437129755
43546,53.86239565615079
86304,55.12165183700732
54034,48.088008789537426
23102,55.39997570275746
75085,65.60020227085928
89886,54.940416147665786
80597,57.492272379753544
68422,57.60020161193093
89966,46.97703296180583
41867,59.762415075709086
86966,52.17870449216893
53117,46.61103628434508
34227,49.84090798001987
24411,57.20555345165947
44985,51.68977087620817
18292,49.40636651349827
62252,63.11480520046318
3776,57.66538320833119
8155,52.146774992097825
44643,25.846636266374013
85819,48.804333257908404
18926,49.14880095313635
15051,53.55015428196477
21057,57.24332668224901
67219,53.97139284090834
85931,55.214859817421804
67760,59.50927045336169
56298,55.58523019533796
99579,56.28325094228381
56522,56.49647828967491
65348,59.24628861016433
22855,55.68787083144344
64814,45.667762595666794
64759,56.69242366525438
79136,49.243082605548764
18683,55.12270140284808
88070,52.06504369625931
19704,61.96553279800667
77265,37.16654801087237
32378,59.96169398791224
31652,57.92140449715262
69355,56.084290016269584
74731,33.329937993627404
56810,54.164128126568485
52075,47.855269005556906
68203,56.35070225567341
100238,61.33836872647779
52796,46.993876413681974
24678,44.0747473972328
58568,58.43546666658648
84344,61.418933194545446
80066,50.13432282569288
78648,50.05813481005355
7840,57.277461704780265
56387,55.77076498187641
7102,60.346486848149866
53235,43.04243896483814
92914,56.735921541044036
15197,32.92594971559533
67686,40.44873232366441
74333,55.32962830805676
72818,55.00598930848843
80826,42.502558234675014
99341,44.50340916191419
6895,49.9915281555075
81241,60.7894574963079
34998,58.86859582135191
15001,47.858364174882816
65601,52.15261184331055
801,50.385640359926796
23401,39.31851498645875
48766,41.64665868693328
7512,57.095202022179414
72238,38.33287500338452
24405,61.39678007647082
41046,50.39073468085905
30040,57.86744379072216
4331,59.206575784897275
90802,53.30046677444537
19690,60.08011659895242
28920,57.473506806739934
63849,45.70679979191259
53012,54.63204035753415
14970,57.0151373135845
100686,49.465860738450985
29119,62.7468158720861
47898,59.24766030714615
86388,50.841974888317495
100259,52.862073289016045
25668,31.413469720031873
48509,56.936774565889095
17366,48.38129700985654
63991,54.619915729966976
100528,57.00165193805823
27299,62.53379311797826
74367,33.743254012616156
35579,39.00674645077184
8470,50.80611789954625
32785,56.93514059790762
89832,56.44317986060947
29223,50.67937304953176
76819,52.29419081899149
35319,43.43542469366519
67683,45.43798911690408
10462,44.17874402186607
99150,52.52503417139874
44618,53.25409062480267
71516,54.14240599107156
452,60.353690550553665
32070,53.45059374108129
85512,33.38369827147826
40581,52.407312769216354
70287,49.77935915361836
102544,34.77481026695472
35374,49.658940789940964
31083,54.38153815201149
63328,49.647037927611194
79069,56.6854499989405
82381,57.82089381918142
82000,60.193908785180014
17444,61.65149762281972
75006,49.235133780800005
1625,49.47353419162032
15732,60.537613919656394
85953,64.77104606748676
12170,46.07874690494839
65872,53.110409020941326
61894,53.87428051053733
37250,56.055271017291204
95582,61.83765600853883
23003,47.089056714269866
43905,44.492216280345545
60297,64.45710438635183
17578,61.99218482662184
20622,56.67609378337146
42469,54.20193676915383
84521,53.47683067374215
58464,49.809849476187686
3597,52.37709183501687
72504,46.71427136000338
29935,56.89636879323986
10116,50.56447590232541
61776,53.25919001114303
57839,45.49150100462972
88219,54.27921226029935
25064,44.961658801181706
39513,46.16603724452686
64340,52.13498335062638
18742,38.044735035308776
66223,51.7722738795108
62850,43.65491065384024
28207,51.45445221725391
40526,58.23369426286308
15675,60.09596256448549
35341,49.273893379319425
53141,46.89701497764313
84607,52.424361459818655
31501,26.263358502425138
97590,53.22009849757694
44023,55.02700309022153
36759,50.31726188204949
18375,52.03618547143836
21506,60.76257264892545
22575,61.635695190184734
455,28.143477246571898
91307,44.00538965785285
52359,58.81785363184518
29992,43.18533461534092
48316,47.90221530625585
97178,62.538872865090205
86109,59.024519103666925
26754,39.20110479289341
13057,67.18318459863984
71514,59.021842027131584
48221,36.009228617125636
29415,54.7304373638388
47330,57.41197535103467
89770,55.08951193306
94732,48.19912601369508
21854,58.56890538576431
39596,47.4183973985865
86092,58.42431806752349
64233,50.462032996222234
6707,55.883285659399704
78814,62.838920449157584
92921,54.08123322362836
14193,45.439746014828096
3609,53.066306492183756
77919,36.66864341113428
32986,49.6418801840999
18820,50.10789049029669
44107,59.63817298977379
17605,65.68622117050955
34198,61.14357264258599
23081,61.57671364209202
62176,55.350386427929614
1518,52.87515008786947
35627,56.34784827635905
96457,55.48317877965414
89918,61.73762272380096
31104,55.821468572300255
30635,44.40343529859817
100756,53.68298212714988
102126,47.6110287370375
44220,58.11723172439059
8151,62.413893724915056
51491,34.44878544184962
87051,57.870787845767
102064,34.11955163222794
35132,60.672853409291896
85544,60.61909523983736
1862,63.96390003008599
72547,49.25762141884803
4609,52.86028406603768
67065,44.39400715585423
11132,58.23538800635662
85339,57.38848377931707
63229,59.83115800792343
94647,38.68883914926778
83455,56.91430149542306
83426,46.564686333778546
66470,59.16072590158173
65669,61.13172905243188
57896,58.043859871941656
34420,42.23080936965237
91764,39.09641353144597
102281,45.61942162759312
40432,50.41380728934822
98977,49.87374384225432
22628,58.42971361229067
92800,50.76077848139583
8675,55.19132972651823
47199,57.88151054580897
41078,48.491536089477634
19695,47.475484863439284
18070,57.5890286701827
39482,56.95995542425176
45065,49.98765295504552
98251,56.31176742515721
17289,48.02300278413303
19934,58.685103899353074
9613,59.52708806963056
68870,43.219115644814536
99778,59.031018865893785
9883,58.3412757223838
3296,57.88003765246643
86826,55.84928072196635
26206,66.95737293419859
45821,44.115726837249454
56965,61.53925162718002
46920,64.32667597863102
13746,52.58580283139481
14868,57.71692288487476
79773,60.58663080190389
54097,62.39536760789489
71196,47.552181517039806
100249,64.02298199574088
20072,46.80814164198913
90728,47.92472910540089
52102,59.844875823546374
74490,47.56554750963151
8408,47.24126318422834
15067,31.879113027351025
39798,49.27493443400576
60048,48.379721678600845
83248,56.725961077907584
88686,55.14941452057445
43133,58.97263115352244
31403,69.85825711071443
16834,61.018668250366304
90112,53.29362135291512
54038,57.8876015388025
34403,66.71768747916356
91436,59.063421484751
96135,54.89812742991667
37827,59.569285115547885
56531,58.77159840816341
95916,59.264050123518174
33480,54.498902747009545
30845,53.93355645124509
79388,40.33003633768789
41312,45.92721493352579
48060,52.73942037657602
27162,56.502633580308036
57264,55.13237594816652
13098,47.07215474723887
39589,57.96425891243084
61008,58.39491103796857
47089,59.58341371012557
60353,43.61639173898999
5900,48.934969040617226
66676,42.250283431955886
6469,54.10329018096256
85917,49.62212896536972
87704,33.33116772529044
70145,58.05767870378538
30943,59.46847719952191
99732,28.396604705821726
72283,53.33748317291955
32564,47.91020774793194
6356,51.86874957530744
25941,52.49535425556088
57142,51.29316603197937
61388,39.2946850449484
12718,61.118601901297836
15043,57.99402933542194
68526,60.96574535309206
9591,63.417957177481256
17682,46.54079219043641
20350,47.851964978176305
89910,61.56670010826673
65826,50.35134497058576
85088,28.521560010627862
34483,60.92799280053366
84180,57.045337213277165
59576,55.06965509397136
55966,53.47464800984923
18007,50.65958423723431
86346,52.579584268890734
79880,60.12850027271929
45518,51.48098139655775
55165,56.63117104241957
58700,34.826691605693284
71706,50.01460000108906
23078,51.74622016236392
5087,53.13110559812321
94829,47.10762355211182
73932,42.97319574088138
83640,51.05981628343792
66612,59.34070399567796
94205,60.365410618046226
12296,55.60486529898458
52798,34.70791202480814
99200,40.847496703042424
45384,52.20458889908292
95283,51.596139464086185
42204,51.17362815098363
88726,42.891756242578765
96480,59.94829186110375
66870,52.65604297250145
16406,41.73587592469933
1062,59.63784947982943
70332,60.92503568596136
19742,46.05196879157766
21111,57.672252221277304
34769,65.22288068088753
22842,44.89613578894536
30137,31.37128566223914
87363,24.751330915281507
8650,46.90075203239449
13708,45.79279669553271
59063,55.37370764537257
58276,47.0453173207339
76904,45.89527694770376
46445,56.274385161974536
30302,50.65965018244194
100980,53.60910108764227
49108,58.17210691362172
41241,37.14185448748976
5680,59.93143571900263
29965,42.72173845020009
88144,43.282231175385384
87500,58.72874217162751
73360,59.13278178830618
100316,48.55945265939634
63608,57.83776986253656
63567,48.8989415670763
17161,51.54763483150768
2590,54.15803986713654
7919,47.021858724699946
99375,49.92625588758915
99299,59.41754991052838
23630,39.158341992278466
407,33.90779223006011
17719,42.43686846599549
7343,44.92608945211664
40481,52.914768806309496
84424,59.061542311515794
95827,44.94236880582041
44848,59.76558902274756
19167,61.80847843084445
63970,36.62105938764551
97377,60.17079050807641
62196,47.97272334305901
86464,57.13600639890335
94468,55.84427263141674
91423,55.242522400703535
88647,43.04321398459238
317,63.013851670826554
81066,39.7163059418058
18410,62.41721862946585
95287,53.656372159190944
62919,63.29762259015298
38879,48.7592331248201
8207,43.311697755749
26307,38.66800789850987
20943,53.81128077194144
53299,58.93910232025131
51425,55.62899571368407
23662,54.73411527379855
80520,56.8990660676845
8090,54.119144482622715
43706,62.793663045687474
27994,58.39506805431115
39168,48.97695051020453
62839,43.690530478597516
83696,59.96802530860565
90637,53.237807730737885
78069,57.36495662816114
68153,26.71179321630626
5392,53.788188979088034
26744,32.334316648979375
57414,49.511566201079475
57561,50.899679857311256
55106,49.681900474003925
76352,58.64101614316189
79885,58.85374876666625
40188,46.747033715796725
49298,33.596750312617075
86049,30.193087780823554
31401,55.37852527939722
84610,55.105244504507134
85508,57.921767977432694
89128,55.67889053230797
58432,56.57173346942414
69636,50.670734889651065
61674,50.11342482439806
94488,50.036467006997384
3626,55.55252403819341
19281,52.7857049506774
72049,34.32451489453104
85164,51.97273453394344
48216,53.70472068247896
37808,54.290967396490146
43359,33.47711354095321
60675,57.13227348117653
52113,61.42912374554187
47830,50.5959889354693
99157,62.664055128337665
1012,55.39088196886393
10581,59.85966819813863
34333,45.05850916387644
54115,49.686924903297594
67553,52.65700827946133
88080,52.360336545326405
98557,42.85018139319317
101902,56.62505469043653
71221,39.23248055753512
72193,60.61981949868712
8032,58.26391330738436
88116,54.03737893396205
56289,49.523852101584744
95159,27.14533646801701
10195,29.51857723012406
1620,49.81893408335786
53001,60.94942329315339
926,51.63882143909299
76290,47.12922554408112
16650,53.87626837763632
39737,61.221700509478
1926,54.76775827378346
81097,33.816588600440156
14258,43.77672062442431
33035,48.30933412061602
99228,59.846600456367455
40609,52.66723056647267
87484,48.9041333722443
36755,59.121479685073965
1248,57.19549552691799
92100,54.69663143461112
84331,36.94608886977241
61605,42.44185210767855
33749,60.31255072405645
53469,52.85430647362399
18391,33.51000371560321
57426,55.5842831497901
77444,49.15428357324929
54878,34.47850866001659
31675,54.42080682101286
99312,57.10199339150137
97996,43.15792624250418
95770,53.44152556966371
85059,61.1931777429317
5985,52.085888246974136
51465,45.11453600285227
35144,42.79739504724795
33390,37.93772297754133
88366,53.194649281485155
34364,59.481219307322974
55239,47.41399566352174
99816,57.686455578470756
17546,61.36266572893378
7833,57.431145018970824
69664,58.818369607254084
85578,56.223395854801076
36489,34.10147847790841
61137,61.686088454726196
23842,57.8392421107999
61511,45.75856442119788
48807,56.69277352215632
1192,37.581347814475436
63628,57.77995254243129
11383,62.00250644779126
85497,31.41294181486858
3043,51.53769552407472
15364,52.1138453368022
47407,43.09682021285402
50421,49.85038408832092
45990,58.24638377782281
56882,40.646498100102946
67276,54.983018702221926
97062,36.4591754989463
59954,59.54312484849456
14906,60.38247193002653
22519,59.791389059455454
3801,45.41734738865553
4523,51.65876895722634
50150,46.92470267789706
86240,54.58965630313668
73111,55.72986186049694
90354,54.30667685597547
21469,57.03996164688785
85978,45.50103519759608
36698,53.14536406819657
45761,53.98598842143504
64112,36.601834077197665
63234,53.18253591536151
23994,51.17494679774989
63648,58.541091243823374
53249,26.953331278877602
18758,45.4852981157712
85050,51.841496615212904
48440,43.82307485458997
67791,49.553147042050725
18924,57.648006065083955
76419,60.55124759381738
31179,57.848632625413686
88387,60.95237994202944
87240,43.530120749028285
6417,59.568804696263896
90091,54.31829021717017
39967,68.46379843365672
19492,56.46853958993674
15745,51.28893751280097
41829,41.68117942282336
4276,61.18069232654851
55621,51.77230907299973
46194,49.584215581933194
34114,42.74682926016417
63700,43.39987217847668
98786,52.56585095677451
84316,53.14113188310083
31175,59.33741298629917
25437,49.181515134892635
73036,30.49388148254224
94543,41.615987265511116
57198,53.56681240470292
34067,51.041655982306814
60025,62.57748353040951
1705,50.52901958993467
11061,37.77724505916327
4711,59.16340145433344
68347,54.281956801614335
53326,61.55158450685277
21441,55.98865216479539
9359,57.19786191939508
75236,58.33122302437344
4844,60.569436946586954
5578,48.01931021536153
97777,39.53326422243976
80253,59.684770655154615
75298,51.19185670340413
73495,61.59111100436137
59708,57.444732232477236
21503,50.37520521130221
95525,47.8485496923077
53409,24.97743171488173
28592,55.51049312948042
22076,58.71457624223291
61609,50.96778673699834
73081,51.19064433238522
44158,59.663195609006095
85458,53.24659441705111
58361,31.430527209688844
49907,45.31263357651731
64029,46.766240839067315
98730,63.34137976981404
60439,50.39454828362204
8130,42.2480268784764
93625,52.2865422059698
5519,48.220699453860895
36858,43.582656863102926
15883,47.307929341079046
22069,61.60775939859176
90829,60.11379861978092
60075,36.990750884954785
91097,61.604361469668014
32583,44.591914596064306
102038,48.46551917399935
26560,46.841488711717204
25609,48.36537832180328
38845,56.86021927679929
68566,56.03746881624826
16038,36.52322711366262
53584,50.69818077240369
83759,55.11086536763136
29102,57.79066965638143
60977,51.197933811116926
67874,45.42980199425924
28764,53.174742582758036
90667,57.8283958098934
34484,67.66093048609314
39246,47.305090132581746
79402,53.71929454822188
25533,54.16090680810116
29723,61.38023822484446
65912,54.24377760430879
36450,49.193248767103064
11219,62.01040245208817
66863,32.22475455583154
71105,54.35467626428204
2341,56.182361769570015
87791,54.34112871698941
75522,59.9106130912013
78108,61.422547033871766
39835,53.399525682849756
89377,54.23152971137772
95542,55.04891443341173
1162,61.68873175132499
73603,57.22497392902429
94171,53.32696183518485
78235,44.08794464080182
21408,57.1182499374127
6120,56.18562422338063
33638,56.42408806584729
67184,55.944305292395825
75407,50.244858066059884
35467,51.12750498176356
31889,53.20175418930425
55463,37.598250112673036
74554,35.148217973238076
58279,54.79487305944007
70661,50.29456016378847
8475,45.353526709444075
27820,55.00481852016886
52048,53.67012453974699
83350,62.89675520171843
34624,48.90940167315013
99045,63.37081590997229
57991,30.422515579940974
91623,53.62033076604101
100652,58.70491134759572
3979,58.74436016042692
91961,49.10833982032692
53443,40.35400149283583
51355,63.70244457464604
44856,57.23589504291745
51713,56.99344961718284
81922,46.19701687233911
72924,50.119432277098426
59127,63.158936866971246
27708,55.93590858513515
14484,31.505883793034837
13188,62.18732763151211
75813,50.98403862382079
34413,54.56462251369822
8478,51.78745067301479
94525,59.04591927329524
90182,59.843324807830086
42554,51.96492424613171
68690,62.287678773308954
73345,54.605612744792055
79808,55.16299182882246
99140,61.264333916102274
84181,50.23637805715484
24966,58.0932151319911
58858,27.834482504866756
43031,55.97967806756884
18003,57.95750629616638
72601,51.806210761035445
34223,48.39073784372998
57669,53.4010398096673
38472,59.26422890832472
94140,59.08953071729392
78779,50.051911281286465
40584,43.54295164430791
57675,54.91449769085317
59810,50.0604724513023
72124,54.92289623463675
69980,57.33450411493111
14769,47.017137737708076
13683,56.07033461628036
56022,61.4085772209897
71569,59.23413818151431
67667,44.09530744594192
68050,69.04717122122327
39664,38.95386327137422
33607,50.388773623641214
11772,62.19814087618728
4010,50.981316142084104
55761,53.772189816873556
101074,55.257006646397116
26576,64.16896604328905
93258,44.40508191252364
4315,29.971938223900285
82225,60.75411517520619
48446,31.169611363555287
33602,57.08684162071043
71976,48.44868554297146
69460,50.26179640808938
17336,54.02087181617611
80447,52.47463472514756
65691,60.128184805956074
102372,55.28864547902306
26753,51.98983460680745
35209,59.951598855598725
42524,62.45773314626872
5681,37.50874241187172
58354,57.90800864599649
71571,61.55483307237285
6395,50.83724937891492
44386,60.011489897819175
68344,56.85029484806628
9530,36.35345515369015
68440,54.11152684303745
27292,62.71092745025374
85047,51.72074716707981
67817,59.63866779781158
13656,55.90127738668089
32600,54.53498353041708
44663,54.71728018822228
100326,53.17935343169789
9831,45.583586450719
28202,52.89173575323391
4833,48.3675624313442
4179,50.61438535107397
2401,44.224976381884545
23226,49.633164005499374
97103,41.30916892787131
18631,63.53147376863848
85279,58.69687284400685
99425,44.81928974633007
72201,55.93021194987021
30119,60.052770480234535
49837,31.30223058992806
84093,59.40697759774817
57645,0.0
80594,50.365228139746705
14077,56.47603944358742
24294,55.37533926620023
2099,54.33320503828764
59391,57.83174031183461
97925,56.71222846740094
52936,47.03809182068541
75629,49.915959579815684
90707,59.017402760843424
36871,50.39206014731838
44192,61.14879346026321
47349,59.692042986709396
2034,54.646344517096374
4242,56.680745806878626
27266,58.536226753939005
5902,50.59416089133876
57988,58.71636031964471
32007,54.34273830014019
9813,47.55619249459491
88202,52.05891762964722
66051,57.99406782368169
10798,59.67083456586837
33775,56.46649662986184
55741,62.85256597208172
96846,64.5700203762664
99538,60.2796001663061
94682,55.39209626097927
70895,47.05519029257113
70418,58.802663364182905
13280,51.387517621054286
55923,51.858674814023296
4544,65.52228573429764
60522,53.37770542946225
19869,58.434353962105774
69412,58.849828776181084
50393,55.86097707486154
68912,54.92840895713417
34233,55.37107618217618
51613,68.05596287536459
22034,62.29037454004238
99207,52.89579248234823
80076,60.15041122471401
62024,59.68319774595095
36684,54.473249520116966
3161,58.84565609757774
31879,57.854800636436046
94391,54.19242902742007
43586,47.56387574171075
79954,63.11157494117762
46422,60.71549805330821
71751,63.26499026378811
1815,33.836794146773855
71490,72.89656618723647
16232,49.004007513333804
1040,30.140030622355198
60068,60.035592287208814
39169,57.84731407878627
94891,59.65277930825715
53094,56.011487716694184
67009,52.239059081768204
36752,53.43042900785663
44372,51.23440884226495
54813,54.79058195347889
66682,35.108733638247415
13277,58.38916031833442
90976,45.19623812473647
84462,57.068505066325415
95096,62.53487042104163
59291,55.06863146727448
82260,52.33420957704376
65891,49.8651439344223
69989,49.52324112808649
54801,58.26042371795221
16262,48.36715164391203
35700,52.95049972512451
58863,49.57426218811062
39688,56.34059452073168
78722,62.597459114863135
36563,32.05749263195313
47019,51.83397490664861
48082,41.80904271875603
15492,56.95716696627595
74982,10.050708131866315
41279,59.396358623876246
16453,52.78178057232986
81368,54.021310769875406
29925,55.85592997526214
44212,54.813608068897885
101942,36.555994403717726
88594,49.5769126904368
55830,59.12313447567516
25674,51.62460469223739
79149,44.048845990466944
44244,45.8919706544487
40898,60.250349337489574
44774,49.42292167723659
68534,43.1917134279704
16730,60.05836194627244
43614,58.80965558730817
33183,49.25379136409381
47848,49.39022687444238
56416,60.93323326194939
46458,33.17606837660366
4229,58.447860486262414
27926,59.350215831902055
23325,56.40975606494478
49472,55.17731708182938
1306,49.69518305541163
97762,56.21412199805105
48467,47.25635245442013
19244,57.56784585773314
101903,39.19429652743034
86173,58.33592093256313
27594,31.752793597180766
71173,58.49084214819406
49216,39.541682390545056
46169,29.311973776809936
58751,35.213265601761854
62795,54.81730241052488
57916,60.67331838013421
15408,58.70223089200245
45360,63.50624095830129
33275,58.85140124961494
73331,46.05946529810359
30813,50.52079953305516
15502,49.257086089927775
93716,52.78198724966189
11214,53.5180393291278
87270,44.29269101853753
20471,50.25194909379377
61848,50.854102246959
60791,53.010266946289775
61802,60.563078616916975
65465,56.436915253597775
26027,62.56636550730505
41067,57.24490348840168
22677,50.72306060809523
12651,39.66275683525569
5301,58.33677638570214
19531,44.71644007401648
4773,58.47636402639709
54667,58.66994084946355
52728,39.68914915573211
12917,51.32859798659726
71245,50.97107544699074
60555,57.06107441314292
63577,55.62997844250228
44186,56.28661426024287
34757,61.6138888237779
4597,58.353900986145334
7895,48.41347199200218
3131,58.02283541624304
65145,54.03314055832451
58850,40.23976386238593
71257,46.209215469317364
44493,56.79517457638972
97335,50.56083511115003
78609,61.731870140269365
51926,50.03448755892188
96819,44.9959163744023
102261,46.8044716180443
57547,48.23954539144731
53794,48.53092488262085
74056,60.03117822506535
18213,51.4968458463545
17492,63.79071080650167
1545,58.790297457808364
9282,48.14351029939392
80556,38.790142451307105
171,60.689036976654194
8223,39.44472749136071
95496,61.061064972874775
15764,56.47793674152708
23976,39.416391495730714
97050,57.6203287536495
85817,54.626929502637104
56464,56.53298423947021
69862,61.09821168538525
17104,48.193562124686174
93169,51.99256087336066
62370,58.10296635188559
24061,60.74626035577769
18373,55.92102800587548
35696,54.19865823745483
81948,59.642164869241974
76631,53.25923086663259
78971,61.17688130054374
7545,54.70263582688414
76435,59.54903159063654
75478,54.84250312051767
6248,53.32585665190447
90680,63.118181375134235
20746,31.411180088473095
47269,53.3817968389384
80846,29.57131105083653
31313,36.34212671256132
14376,53.9908187286243
81621,58.10868514863588
26601,53.929215019193975
64370,52.86162405255435
10162,54.096378996738125
8424,36.21240024092716
11220,57.36192964767514
48804,35.994277560316775
61305,43.270974053931724
1796,48.73754728938023
41419,59.62413342356726
50673,56.52147255927697
72053,41.37371577240512
91087,51.44915869789231
33584,44.36387514778448
26720,52.27166450373066
54713,48.11301132313777
67681,54.25013370114807
2138,58.469989750989996
29871,60.670690453213965
59969,36.86982455923168
63178,62.64890928660948
65667,49.43563210818892
995,53.99442204874982
26341,34.882351214394575
39161,62.161875327542404
35659,59.952563572902164
14346,55.453955115816605
85629,45.69960023950796
76618,60.21555345714776
100136,52.17897628510869
96748,64.87126319553279
54835,47.18078409878923
67182,48.67455954778116
23990,60.542131553423395
55129,63.699552173394295
8392,52.851458766124
35114,57.8600015354613
76168,61.52248835153246
13700,57.560979280919014
36029,53.43346497088524
35730,51.23921012557441
31898,24.11561154883979
52011,55.56474104693773
21171,54.857598273088676
9349,38.509640439337595
61629,53.969767615920375
94329,47.74763295728376
37215,51.366115996882364
19507,58.48051561609245
52432,55.72982604775227
8538,51.84691810611577
47053,58.733178766522016
65675,62.261948425082316
41588,46.25560495418529
78086,57.177071832001666
28433,59.9002721218546
19581,50.50639393516505
12424,50.260361159553554
60072,44.28047561949732
24206,32.976686760993346
60938,57.31322194264428
47389,56.88788108106442
61790,58.29475236679653
7626,40.381685625294324
1243,59.442334852967576
97864,63.594178569364814
40862,58.21869228723788
101493,32.39609434592214
19905,54.97873020518164
39878,58.29639078819059
76674,52.844968458634895
28733,58.231393803027814
100378,44.72506429644366
27578,46.55891813987414
22134,41.30711852762157
30388,58.027409193026514
96920,64.8251353327361
56613,55.07258252909166
12410,56.2855503287827
69826,32.90378148909038
34187,54.62790518958638
2239,51.20049389222257
53902,49.8932692807975
55663,52.76763482391687
54578,58.81089959520375
76842,29.79312098557994
24600,62.383242965703914
24913,40.33589641340614
8608,48.38778327485585
12415,46.138901450266296
755,54.76765514186923
31800,26.26085283298307
79706,0.0
23007,55.58022067284949
90633,53.30477363226573
14444,40.115908550026404
76055,39.845348450361456
33196,42.02196833878743
47421,57.07595223367961
100773,56.07688555172636
14822,46.88539569869904
20486,55.72979216243518
74730,55.9708608649248
51316,55.51350929283795
25843,38.45291628152326
73844,61.49107628800026
93149,54.25340690629166
33475,58.80978243818092
87222,54.09889494524253
82097,46.69269665217238
65610,38.49807128869064
9536,24.738960255099983
25024,39.517778838989265
66608,60.37876113345948
69059,50.48956726011279
38202,59.122107244276854
32220,59.83161574198492
101556,45.875904027459576
33844,62.34547744000187
75075,37.35917145802956
45615,54.509341004812875
101891,58.03205922306188
12904,55.96059028744486
58405,58.788795505619476
93974,54.352954555930026
77019,62.4425121511925
74027,51.10827677098756
33619,65.23859324576293
60386,45.00107037714952
68637,58.137424030000375
78272,54.97250203018281
14373,60.40576499518982
25119,33.056748931909695
61144,59.924929343629714
61422,57.223494058525375
18842,51.736521414525775
51997,44.005267826363244
10081,55.54972398235159
4413,41.74622093905631
10590,50.903672201636255
88315,57.8512616205832
91998,58.00562439885079
95056,52.00265879606403
50215,61.00410145540024
73215,58.859650345414195
71908,53.36880155621939
77329,57.614441919239844
48968,48.63730313660176
91486,51.87080264647151
67254,52.49821269076226
45419,37.219931072895534
98450,56.77757454868423
29298,61.45288054637966
79028,52.39320201689419
25290,58.13740866834607
3062,36.683254588429264
23548,52.82058466972781
75696,39.98850832739467
42429,47.3214124907788
93335,58.827712418736326
23296,58.005838543503046
66305,61.858219199943065
75605,29.315518966964458
17186,47.89643918742119
92483,55.058200002479985
73949,54.40030782875484
11199,49.0081436529843
77687,52.197494156187574
30454,53.73227523981974
66176,71.77664333728492
52338,46.06755210120894
93959,31.588045255300507
60125,48.695175211059265
96045,49.880312056868135
28351,59.03902900521719
33255,53.33041072448104
67673,59.079060871672
75594,48.215317812926145
48220,56.536705339009416
14384,41.248128159991005
101243,49.060420183444464
93521,54.533021042878445
58096,48.287178477229
79815,49.74908815241759
69478,33.1250513950487
60756,61.59018686624849
66714,37.297469183277
40952,26.898768108678926
34767,55.157549154552264
32017,47.37892647271271
15912,55.99208685095012
39812,63.083616814004344
17635,59.45060124990923
82317,40.662412936007684
55824,56.7140824536573
49145,60.45875572373089
17828,47.467551370016665
28002,58.968758742502075
18560,61.977667397756164
57648,58.27579687894713
68563,61.18361806024463
56934,41.75737226990628
17297,25.84141227504978
37945,58.3497181715063
62612,56.063982165064246
16839,60.21552253976652
28105,49.731085014799255
83663,54.67526076997583
28168,52.97149383152734
28231,58.70601146105456
46085,46.599134311731326
37805,48.806745011588056
21766,60.91756781024533
2302,61.90018755887346
35265,52.32589363137995
50240,30.57533802399296
80862,50.030360551826675
5924,36.99297331259947
75239,51.38251526035932
9682,50.16232640972129
49666,45.1625799472926
88278,53.28774942602387
80585,56.69986849253167
92228,53.09522118588188
90513,58.4316595441634
98933,33.56921128753184
85226,45.469866808049865
77557,47.90232907018674
88043,62.10495108213456
15455,57.68237090071807
80876,56.56856071930217
79394,48.175720128810404
74049,51.65236785549303
30638,50.58027054961398
32945,61.529533340029516
21601,44.69821208037992
96493,68.02736837190929
47411,51.61312468340959
82648,53.11395413270928
81859,55.176418927007305
45771,42.670566372718596
43560,46.19343972937129
47316,40.67536153788235
101158,55.26300569782849
56472,31.256996981993325
65848,71.16421350714629
55540,53.250535789151094
72323,49.452707005975604
19730,48.696553786557345
80918,59.46416931184376
81287,56.71534277131285
70994,44.68466103388268
95268,44.668956022741426
10161,58.8719879002286
57209,63.43840528204362
53340,56.776975174404896
15597,50.77586934101298
604,55.96561345139416
36352,59.363113670136116
98089,58.11220558267684
32379,46.701294167305896
35727,55.89067354765105
29681,51.26217157404744
82259,55.84427263141674
25690,54.17396743277848
65820,57.196772201629585
58798,54.507573420369674
90988,51.57567071865398
52216,50.9743576682316
46067,52.064459261971564
23979,49.4413286755873
8247,56.31192155593047
95506,60.598969943484455
63160,60.213092358193485
82007,61.46194873162332
8366,55.080526935211964
44811,59.64187982247775
5620,44.27204240772945
14954,60.81243510074553
53152,49.23305959252652
22454,52.28996333293796
49158,59.552341545542
38774,60.54013397975857
102462,53.92167334572461
69579,57.124310895043905
74543,45.95355962673865
88178,47.267609183885675
19420,50.66002091813497
51001,47.34618941277751
38424,53.87267624617795
99260,29.614601697718143
79625,55.64383162260326
95039,60.29789788647322
52328,55.18970447403247
9037,62.90682562460576
24512,55.902157656547885
46264,38.695370517479134
12712,55.21358444323778
44841,56.87605662849401
10101,56.482020360105125
3855,62.354537007640815
48430,62.73211426996997
50320,54.04293426670627
34004,57.69166365880898
54610,53.935517248431
59308,43.9656821319614
19536,47.87401877528258
30130,59.787975236583755
21901,49.281469556511794
48794,54.574493058925235
37693,55.94370058972009
96961,48.372649409333924
43691,63.10049926209865
50692,48.1857428374804
9730,51.116024965816685
25576,58.17510427054187
45822,59.507529270545476
47121,56.95228053551441
64764,29.379755823789665
39191,42.27850070741364
57570,59.516253818116574
11334,48.16841791437714
93765,47.38176209168154
34095,58.567004540200735
18208,45.6075113518677
32224,59.54711779072173
78242,55.33096454546325
10228,48.475044023972714
62701,33.64421459433041
12118,55.15476580798065
100566,47.47913398880817
50749,57.30730092820405
21640,37.86207093314866
23090,67.4244983690109
29661,55.272617742392285
44581,65.18150388182696
69306,55.74811389875205
36102,57.11244252952123
45160,55.736688094679025
70462,36.30506872323562
28157,51.35442458557927
101810,51.90882542901758
71159,40.865646137424
82136,48.803078925115386
69824,52.65220831072983
53784,60.89551707014783
71701,51.36522059246065
74025,55.224066345978216
29060,47.0569634215208
16560,62.59934328363474
81759,46.9722327752745
46114,57.46139564184938
50261,51.99796573908405
52377,49.745876461733054
7781,65.79886312206216
30189,56.61608632718401
96767,57.05108219990106
6139,59.19587776301806
51138,54.74508583610404
19864,47.186634084737115
88211,34.617081210406226
19588,59.998335536794194
100539,54.84068837165883
34583,56.303514410875394
89296,57.982377681032474
4363,50.43371527450887
71531,37.40931703613776
74424,45.5131737732216
26019,55.597078524402534
94754,43.180408770709505
42793,48.603530396807436
95504,44.61858660844894
22305,57.02461860150855
13722,71.82383842063592
14309,46.71896680928276
85660,49.27168876532046
85782,43.75348049266202
95205,36.292028522876265
95116,49.53415971994565
79357,55.7729530514371
26488,47.392461802156376
53271,42.56050382125661
30665,50.290224921053834
75858,54.878786899204364
41649,45.613930886660675
88490,63.205136674923985
56733,52.73105104112623
93051,54.804768710300195
51900,45.31680693307845
20667,53.58856096091521
96841,58.055982214773024
70662,45.39798566874453
4631,24.44508720787002
68730,54.32382219406263
56869,56.87717877539396
56206,60.20342898930796
29592,60.66989908441299
101350,62.219722446041914
48175,64.15036028800593
93973,53.84421046654751
46963,46.68382373075991
87812,56.453095592551605
23674,43.05485165374608
52182,40.322113240217504
66204,33.70016583580836
91075,56.821496873617036
23113,54.76496349122095
86097,53.82971645874766
12680,45.13493892064211
77408,35.69079313351587
6046,63.16245106931038
59539,57.761771557948606
38596,39.043207639990186
31937,49.364001565577894
37982,39.40115705000146
77209,58.87764180121704
98091,60.27864025573698
72282,39.657051728077825
29134,62.95688702963482
13987,59.50915408462217
97136,44.617027995622564
38703,61.31257724009174
82222,70.6431737443178
36172,59.05721544214005
91178,60.62819261008052
60455,60.4909956385366
97786,56.57967775377682
75238,59.773549535302124
8597,42.42831703240083
95851,57.77532045664846
49884,39.840645666515584
34091,54.69448839618792
14803,47.1746722608323
26294,56.15150751442903
1884,57.44887383535817
62382,39.13219204530483
84999,69.89070272559889
11758,36.56707286457189
60674,53.68557574618015
76509,54.00559319930433
29347,59.70058508696266
52966,47.921966494719776
97920,46.07927458654967
169,47.91439569731944
7955,45.567878935376825
14978,57.11117256183992
61138,51.48055565442425
95047,59.21840344628347
40990,31.255986199215865
2342,43.87066703871982
25496,40.53231525767353
86463,34.62272582432462
42830,50.842443330618885
24457,48.408245691242826
57394,47.11778962476533
54456,50.310644506378864
74846,31.76174910944153
20427,60.346379100581245
4175,60.48136267476931
42108,58.24563443386144
75717,63.214057436983346
86231,39.32470230166368
56889,54.92730953163601
4191,49.58765215804324
62205,55.12453385825426
6270,58.9268643080398
9244,34.40459642000761
33576,50.8678950732631
12757,58.38736864541161
75811,60.49464103445689
35200,54.15167829065334
102634,60.242357200630266
82880,45.623794688074
89114,48.93542330033165
97874,34.84275923492822
101690,63.03881697478534
8759,52.17860804524368
42798,46.57000855187344
59001,45.14813367325137
13978,52.1099261572091
69923,47.797652624955596
40243,58.676088354855054
92740,58.315825209856975
68223,55.140216855941645
78470,60.54258212373631
10254,51.15611313529323
49185,58.00210592981443
30124,58.83700417098296
70146,48.68425073486653
34438,54.97401308800334
40022,33.18813298791514
69995,56.51558008958898
3061,48.59331445869387
8494,50.73478744226597
46138,49.38339709892093
26946,56.76094995636262
17826,48.271016906511704
59387,51.12352547189289
86771,61.43258179680193
13672,48.65675451590146
19174,46.278938364085136
28762,55.358323764997806
86191,66.27052176097855
70316,39.87625499842241
21004,57.50809088608024
47206,50.14546545024701
50219,56.635028167610244
20863,54.92187456091174
100569,48.209214427773
101927,56.99251988091607
922,50.03299374346604
69503,43.722847012331485
77180,59.18361335750138
23288,59.00605989455098
52541,63.186121140207604
21555,63.84484458086456
92493,57.528528610881274
53839,53.664250318986525
23774,55.832662957214694
73923,59.96643225728367
56149,43.42881107128501
46467,51.500597565453155
37294,59.03107679096304
102645,59.48569287520197
69782,34.05772655655388
71424,55.07400669466969
99058,63.26122954928283
14437,38.61775524424421
16609,52.20485494542267
64804,55.081344842563816
99019,30.024920146967144
40892,60.924170224660514
92457,62.136170944501366
82147,53.02044122271915
81171,51.39965560227476
194,51.577625132731946
58980,50.358642073754936
22509,46.54133877395326
82827,55.59147638590226
25037,51.81893237492768
7013,50.61409834264872
45773,53.1867376470392
100503,32.78473693257283
39209,56.2784233292507
97094,42.620780450737655
84956,57.561289657146794
82218,50.30458347135085
42166,50.27825028564602
69213,61.66360661278421
12019,59.407854694422134
15942,62.0354040654227
42906,39.92972043175477
61519,56.92619296648455
58497,62.48651145907126
84949,51.39058627573586
26492,46.40331727718125
49846,54.28229424123831
43287,60.68814654856156
54355,35.82760173688868
55019,57.624082607911255
68560,60.95560931004168
31794,60.10853384449088
6232,62.212192197864056
17677,50.9334720464205
51423,32.98014188882112
56021,55.60777589218446
667,54.478343273888896
39719,47.86096258483249
57022,34.04064126352053
3638,54.114189256268844
40478,57.73235972702563
87203,48.606985070699636
30530,58.18972218876489
10144,60.73081561359523
92787,58.85167924132522
45314,52.61606025540374
19892,49.253342622536394
64907,48.18425352473015
63655,43.84369867906423
94136,57.44648153436551
86455,48.130923498728606
9023,53.26093719394256
70506,60.16535252113194
63127,53.05801816845691
72008,47.464620014798776
84636,52.37663900414696
11528,51.73412830462624
55470,35.929518455156455
23665,54.17731640721879
77308,65.55176754032526
57964,42.87153749114085
102395,56.95631254207041
26752,43.967114739860826
74663,62.65637276679115
24481,38.73594829127313
20271,57.14699607994714
68536,61.50118095296249
47037,38.717751892116155
31367,47.80650095689326
31715,61.40951446967841
32714,51.6160785590884
55204,54.116190975278954
101156,43.20861718090468
71358,52.46282194891157
71214,61.63210307175456
7773,61.09476944673008
83997,56.715049581489446
70689,52.4206474527209
2813,56.22727158996343
54998,49.61416508727093
53433,55.711392021984
57067,59.41775754780363
80098,53.52745314663591
20246,63.12706953095305
4826,30.775935146987905
43791,58.068260722502366
1499,60.2221800351682
51937,58.84506080627381
38781,65.30856043277711
52293,46.13976286954075
73794,56.01452742668463
53922,64.8979251824372
8112,63.51466202384402
27321,56.354577861655876
77383,52.051296018931964
39612,59.19920885540183
57494,48.61830237571602
101710,59.40664330613928
37656,29.29133126269931
19127,50.91277062687828
1668,47.18034015935847
80783,54.645309596531206
20503,46.16186137332057
32686,58.483295149481926
38861,48.3559797902944
20916,57.58692297351854
93990,33.27713386168499
33237,50.58841626227187
80031,32.146298718589186
33397,35.99683020425184
66069,50.79185579005369
100437,58.185065295619594
55413,54.2274785100295
7089,52.123286312066305
22464,48.29270717726746
81128,61.34271953053181
95051,46.318350484176676
12283,58.1759863583839
58622,50.03657802930953
59744,52.49043053810572
36825,53.92545982594731
72659,49.72424776595701
15347,48.407993706271405
77251,57.30583269892044
26498,56.63117104241957
49776,57.746770844890804
67900,56.15907250923051
94534,47.65885093308665
14695,31.126680674022747
46028,62.31981002870515
81901,57.59886492654959
73582,50.69447026564229
19774,54.45865435972761
35825,58.89085261052412
24844,52.07784069182563
70540,58.23637027128218
50229,47.12052639035108
94990,48.78350433059791
90737,63.44885638014753
51468,39.269311482520926
80866,54.04067152226551
56291,54.405419770311774
76956,61.40088653560136
3411,54.37082058259867
14138,52.870514836672285
63058,54.69718937943808
53157,54.51725043563434
48938,58.553821054819494
29385,65.69777819791352
66753,47.19811225536117
97828,32.85941309365773
6267,64.37108319366752
8285,32.118308355337184
38644,54.58011815845309
79570,59.577010741542026
49201,57.77737958662812
25522,54.22756598696903
70697,60.48381084069888
10481,63.433672892292755
22044,48.49856639746127
6877,42.82187728953273
97371,63.60116479588377
31289,50.28320154518082
17994,61.74266780338739
45643,51.776977311949224
76100,58.82465454191354
73242,56.837974057558654
4936,38.283199524016396
24655,56.914366131990455
54266,56.71999643019725
93280,51.38958159992734
21440,51.945594958836324
56305,64.72893508246723
96785,60.59092771274289
16317,48.7968102984822
78495,40.70848652072918
29817,46.66260197037088
50180,56.166447775614486
34347,57.637097628186936
64484,33.31546616305968
81235,31.07760894137976
26849,59.576786580328594
85674,50.74499157200509
57760,49.75869860431687
70061,53.71141085102096
48254,54.20195903445863
93351,48.45989065245086
16370,54.72627278799005
53233,59.24615963519964
1479,50.01090859302016
57800,52.33220590941198
38962,56.26271001916237
25661,56.80055632425464
21133,47.95266751822494
102661,62.674819105910316
1024,54.86776584305528
44957,46.21676455872572
640,58.18569410183298
22985,27.985423091618816
28559,29.620579912191655
9174,57.658865718389
26695,60.16971831552748
37241,59.99605216166735
96526,57.566931540506495
80182,47.892602404365086
14183,50.82914651443547
74838,55.30576713847944
96880,63.110703992230995
28233,35.71701481968654
90027,56.91370727617821
69537,39.67526852214917
96028,48.14936063150543
21666,62.65211004825436
69561,49.496303593453284
98366,0.0
17160,58.53759822995033
78746,58.370568457141836
82414,50.65047376682314
79955,47.95217652010019
74101,48.14931509487451
9800,57.4830227483537
90529,57.47444883415938
32717,60.720832996590445
82356,58.24314387993107
33192,49.32420700631207
53000,41.712240408235246
25270,54.91913580458804
74005,59.47286572095789
37372,56.1107433660579
68332,29.896448617094443
67470,38.74690339223978
36292,54.23535005207072
27347,57.089016053933065
30359,48.06773446668892
45417,0.0
78368,53.80065142301824
18402,55.1185404560669
88874,51.61481686839332
90887,55.6936474576509
63671,52.9081563061398
33532,60.331633565232295
12106,55.869106154148426
93827,54.27720525573608
46225,50.337487638211776
81424,46.63488653230575
85749,52.79961269793829
83321,52.67848940507962
50471,49.991401859063664
48847,52.79890178423926
11017,50.05160282563339
72594,58.467884422609885
21195,53.149996271719104
101324,53.84554163595909
66201,31.27065439579401
49588,49.13462000014436
60818,44.729161052575996
75949,46.46276217161705
5449,28.513949925288657
63080,62.220442341236186
39807,47.37938381308404
11750,51.318424224470625
63337,62.250209639994324
40019,41.0073212603826
25789,61.16040476596262
44653,46.8264303153454
93680,48.66618953408512
18351,53.792418601845874
88846,33.24603882591525
63183,58.52963746189368
8343,56.016849395300916
50377,59.61001170994712
507,47.38055760822566
14545,56.67529528512959
4353,59.07001877887932
90221,63.11281973702894
63824,56.29664370382241
35694,52.900191399157734
40069,56.70667760296895
25272,60.142443864565685
21540,55.887087615029316
30457,48.904037990448295
11389,55.5411018866345
66100,57.62482282635996
49688,59.01330786265054
477,52.372924032069086
36948,43.535575379831954
95213,49.670398647748215
83518,62.24550067042747
98970,54.86803628711211
58300,57.04171903243478
78553,50.684026481313516
70794,48.99566575682331
32772,52.75045919009478
88903,46.34100707928828
62819,55.912064651286904
42238,48.66653972540233
49880,44.2087723040754
71636,51.841496615212904
69673,58.388290447266755
76154,62.18604308964304
78082,46.92254018110979
66306,56.2675934449901
93552,44.1308745912579
27378,52.881864646961425
70192,61.388297140808845
87777,43.50447577764935
86478,48.38995725790092
8863,53.494989758618786
21842,59.48661803621949
69885,46.547761424886474
29960,47.498460504260905
54975,47.35102379721648
25392,56.7068324072748
49643,40.203845581450096
86996,45.3438198976686
20608,53.29579069685262
27700,57.751432957596535
37082,55.0764339140208
3699,51.029343986303815
5627,50.888269005242584
83060,54.10142534966217
37454,57.06522182910286
62492,49.1635425816863
21434,51.068066004878
22233,22.074619982838723
59365,51.854486916569606
5914,57.94480426153756
33279,54.9411844705333
87534,54.492980749612826
14860,59.85186815315834
79247,60.75113292901208
46681,56.10758439728091
79890,46.89137833876665
86305,39.18840792286328
95874,32.0763793592839
52591,61.11775968591792
87116,56.1385708350813
31245,45.2893188202898
59953,61.868554676201995
100029,57.79247502944244
89577,63.293308601396326
102391,45.3996041229433
74975,61.34018801484095
60877,61.25536405209202
88130,51.52823901220081
52772,56.94590797195018
37889,52.34733092443432
35883,66.7351036039903
74742,49.64164964296236
75663,46.69503371260216
14375,60.04468464492779
82520,53.39886476686518
6911,54.0786658446703
76017,56.92965485722889
32316,56.77428200038669
68964,57.00690523838577
100753,62.48974236766654
56323,58.309788277699894
74257,52.64036785130972
101488,54.239895132414695
66479,40.209406923995616
68119,55.361069793987475
64117,63.85672353129113
38635,34.55936264556874
51583,48.960082547295904
81777,50.06763816107398
85122,51.78418098415644
8711,46.16589795398249
13183,73.09848222498373
12663,51.998805732300234
79841,50.83232105031884
29403,39.88549511748632
31184,52.078242498452056
3381,63.204113849371325
58151,55.48379767544403
72543,49.4988677776624
21535,66.15213951804627
26889,50.73160605046549
82209,57.14494350513456
51689,39.8812212292009
91791,55.54521777576446
29439,48.11113650260816
10252,54.32704134010079
5986,42.83552058268789
24917,37.67424915439639
99955,55.05609394067254
86089,53.778927718694554
37721,52.01386666188456
11767,55.9996054977335
45504,42.11694975358445
39652,28.294127220342258
27724,63.07351217587471
40672,43.079018743459415
54542,62.32623976376536
78179,61.999896217816875
86747,66.92219745015491
202,47.730742024907954
82900,60.060335123238175
48423,54.32633220863863
10860,54.7744058109811
48505,55.58933612981356
73191,63.777398202124886
57722,56.7612729912337
34462,51.70592962066771
27118,53.16119638957159
41258,50.92307802850333
84619,44.780501322408696
50226,52.030171004922984
4372,46.87292327543152
50141,34.898396947
60837,58.08044915829167
34545,60.17007827445778
95527,58.866472839715996
98147,49.900485960901484
33906,56.320811500936124
9315,47.22061267613324
32029,46.49938228261954
66455,54.26950590983083
44010,52.04686667642258
47250,57.473010183988265
33083,58.86924915681625
60505,49.02989912560619
44604,59.2043094199858
80165,50.43266451240096
100073,52.891993703389964
51553,46.93965091867674
39181,57.71765370704216
92785,61.8388502041625
96695,43.710366685468394
27811,56.725155965020676
101983,54.11200894490229
92467,54.85357389279277
17281,53.06893902298726
93805,54.014143273882645
30620,37.74145780230759
85526,48.672543605780746
67419,38.208792019204296
49864,71.72358901589789
77906,50.24184192927619
89458,52.88730300515463
49082,51.68505565235191
24697,59.753289860740445
39931,55.93566616406682
24633,51.38785492739678
31450,62.990123910674214
83026,52.60180170908558
57151,56.205543794530044
7805,52.28219844418627
51897,53.783112173498104
91550,57.02545151388196
44491,69.55089965836717
53603,58.86080539438402
8959,49.69773064451338
11806,49.86791180486205
45403,58.558687522570466
79914,53.06879310903672
92645,54.08715538908702
46240,58.06894286881394
53174,57.47501997951716
60714,51.952635799290206
37489,59.05054032024527
74962,45.77774962768763
87475,58.02964740774918
79971,50.516919597782405
67809,54.53891115369413
10403,60.376017892692865
7946,61.785991166225756
89202,45.21833913697658
54178,46.34728129034737
75919,31.666999126748514
70089,43.267645523770504
65431,49.209923714100704
84407,55.97172701876773
23729,55.53745258581882
7893,25.7250874535977
59543,56.93548544409788
52272,28.93155851410374
56384,54.35880453783421
101392,51.3638146695075
21495,59.36790884592489
101165,52.6722454770196
99601,37.66064187703177
24075,58.32826858587362
50097,58.80987850557873
14452,58.29273718112147
1469,61.7325385438227
36543,56.33217382998609
18304,59.21941163153907
89923,44.74671396142465
34131,58.154012455244114
13127,62.19717126008591
57472,59.913324720939
96549,49.624817227257275
61599,60.7800093686305
60584,44.07219421237125
28011,47.115054528382565
90873,36.7331498628364
11524,59.2462381827701
7823,36.40243641175044
99077,54.78128592131389
74480,42.45916161187539
59900,52.36047083058918
33513,32.8812778820295
42344,57.335480696457886
38977,51.2279197460826
47264,56.75982202618361
21113,47.31644344586741
34614,51.62244663861503
48490,54.06806466195967
89902,51.10536489646001
65427,65.74863412987243
18426,60.0118445245551
30690,56.012061780673896
83420,48.986857538782765
9876,58.28325233366474
92140,57.565313042240426
96377,62.278205699588135
71067,53.39883362528497
32666,31.29428531905169
76265,57.258112241049986
100167,35.687481664778815
72271,56.99787717275094
92768,46.73506187867469
15244,55.652483856642874
97029,59.46443012386152
89466,51.73799069377652
96324,48.049528678620426
82547,56.58517818823578
54785,44.14920588009578
4577,52.98824014377666
22074,59.88806296138681
99569,58.08863112524639
53232,55.591352197084134
42659,49.29882079079297
39024,43.565838068772074
29516,63.822858071260555
25583,52.245547433767484
11835,49.83603882069232
85234,49.13268660056607
20053,61.10206423662825
89826,54.84893830182453
6785,51.49000715561435
101478,50.34268410173196
90686,65.57796044495132
23540,63.33374595176147
62866,58.71944675775356
29732,32.56643749354855
93063,59.710473835746335
18328,55.24799270305111
81425,28.298382824047394
87906,45.247621123743876
73390,60.143088216273775
92620,49.53168058537743
64797,44.19991360662402
10350,60.3843230918898
3681,33.88418743697618
38217,57.33741944720275
84246,40.68227168615545
69986,60.488260476012144
99512,55.785819827001966
80351,54.846299682948896
50376,53.436240297302376
64745,55.855872118498255
5333,53.938128850525096
71855,49.74395994891022
63196,60.330189036600146
78852,61.963281471771936
14540,33.19058679462296
92281,52.67786631178505
43319,45.74407950772457
53183,56.91104750452258
99914,61.21696901048662
53765,57.06802480601621
9281,52.067517817284674
9142,72.16019522180545
48123,53.19298886871705
77655,58.634414515626524
96937,56.462203507356875
63421,35.43841199283258
78104,59.83819568126398
11101,55.24310785697836
32080,61.12696845146523
9193,59.890821798760925
76304,53.90730524513008
77956,50.49548129970373
102612,53.20188177146289
44438,57.22556272736168
94486,46.86197560015459
18852,43.58417552926235
86801,63.469213449163945
15957,46.974229164223004
1407,51.74703487314575
69772,47.51039446270114
3201,48.05158245822415
68052,60.81010291501988
47817,48.30988350878165
30947,49.53154440442527
54285,48.48344374959666
50550,50.75904935755342
67895,40.698309863901
97507,55.15636255393962
73037,46.45764494706831
93645,53.06952555037503
13597,31.741692648811526
4802,54.37230921685616
8875,54.00365259703253
74764,56.74481776229598
11638,50.11174086773392
2250,43.24182720092366
73073,39.90031257103345
76905,55.54016749500434
31237,52.62440193959384
54137,30.41982352299882
44824,52.989707489108135
83494,59.23386539175273
97079,48.23991376613001
24569,52.96597105701292
7038,60.31497969467087
38228,52.44651233789313
11268,49.475673740388416
86987,55.90299349225607
56006,14.91171924964307
43812,58.24684546335526
37510,68.01766043340211
28172,58.582835269656364
27530,55.26834515347389
25927,47.16396609099519
23137,54.2834198626316
39977,48.55578156141422
44726,54.97776257618072
74120,50.31625273953652
96181,53.192046860060174
154,52.321885205527494
79370,35.21072723767535
78623,48.81963584130208
62910,61.18206296778763
25717,48.69965501472768
31328,56.43462800639867
94316,53.471621755398466
89965,57.89990119131127
5894,35.97655512376371
34400,44.92974814038945
72280,63.11288744218639
40339,51.48611721322779
69755,56.55455650681796
35032,65.8563645480308
42823,59.56279575328749
98740,43.12781911999162
96562,60.467106883512756
99370,60.470782091732154
9989,68.12573316154372
101209,38.62429345818482
66288,30.63878098017074
41267,53.42180395424504
96081,53.17352204348828
24800,54.8297157707019
19312,47.34524016749134
46014,46.893334145071215
37766,50.17116784751251
275,62.292929781279426
7918,51.47651049544868
65160,53.89027506940299
78996,59.76142468316871
70486,60.14251180277461
47814,50.37160405681323
52172,37.799778175596344
73864,56.00608367506817
67077,49.3886424992604
27783,56.53467796771661
66724,50.41371197090801
11463,48.69342232867318
70148,56.21702549898666
21968,52.684365595527915
55405,68.54770075883444
82397,63.38909041433202
15724,45.08192886108151
58247,58.34650169096483
5502,28.771979926535735
29031,56.20276519308882
43732,55.80160365081006
12438,35.812978328495134
87372,58.55254765561466
12860,51.774328683522356
13039,44.71701315165565
72993,39.390176610220394
8288,59.13828033585747
26830,50.80276893458991
29487,34.044498296856375
74771,58.620319563567804
95574,56.90644480947057
34184,57.934075507294565
66886,49.40781341409631
11786,60.39655682832781
40838,49.299732718635504
93180,62.08931506725429
86912,52.40472355517176
52427,52.989083517114835
84716,57.78756398526357
2423,60.39939653505813
38695,56.626050796073876
413,54.728795859880535
62518,61.46446089759996
38061,54.451983719443376
92773,62.734319064510196
35645,53.43818243387258
37113,49.620886156229425
27752,49.647858557464865
71737,57.99408084769058
23082,60.93070852541723
8498,56.883176206306935
15360,48.39342219056735
25127,63.69173309857453
36598,47.87364764453873
62998,60.09529162343608
12168,39.536888930272035
11526,57.91238157903393
24743,51.43797589338932
15555,59.3092058054202
10881,35.61919248896853
69315,46.04456667871054
3577,50.40769806060511
23450,60.36855380233178
39770,49.63509296274782
33626,58.51224571318968
24632,34.615145008759356
15588,27.298868961063164
76519,51.05532567180472
18792,25.856107104904503
27153,58.39431708815386
46972,62.82394824327295
42497,54.08810994849721
27201,53.14976398284184
101595,53.810220049642226
62368,52.84690602400459
72914,54.80845141150684
23771,26.55414513014143
100812,49.65826065283178
97383,61.07869273474057
86065,38.08924006206689
67714,56.86569399446279
45450,45.37397475852948
33009,49.18516396202018
69470,45.693554724730134
22731,49.608435924842865
65882,48.83099925660001
45392,40.07828093366776
47989,48.384545594601065
42245,35.53241876530079
81340,58.6262854852816
2075,50.889706769886715
15698,56.10194992109724
98263,52.68468299480038
54057,59.84470543193417
2372,43.20637800081503
26723,50.54657619692736
87638,35.72239567716869
46775,52.85877326335022
1487,55.73349426683166
53964,61.023590901004596
80855,60.6949072079048
70808,51.03509148437854
71512,47.14377271729108
34704,45.97922951967933
65390,53.56596080982415
93740,50.255744489907975
87752,49.004951206714054
73869,44.9511799867712
32186,56.809250527570256
97806,34.424009451199126
49733,61.97796651011646
11712,63.15224260401877
45378,53.47824242193499
5109,48.189167046196616
81184,56.73510008512955
102542,63.31275163726183
64790,55.91711437508606
86348,35.623059563571914
41953,52.78236724758259
67151,49.95467291850307
40587,47.99219262249628
94103,61.53968839002888
34895,51.12935359893282
33224,55.030019517096626
63630,52.17446688823459
13181,56.68716575704411
18463,47.84593159421202
39088,62.635975109122555
34532,60.99290322667951
39938,47.69401036957896
357,33.676832042148455
72322,49.783731552980576
101343,51.60652569868777
53711,56.89259061792419
3,29.761455888885255
31044,40.817019862996915
30618,58.98340412577515
11301,51.70113338879443
15427,54.977910664860424
56509,64.49489982882034
22831,50.19623494413794
54624,47.42447211585033
79192,41.918845817565405
100595,57.544455274181644
67945,47.18455158087385
72224,51.101022727645066
91025,43.935731507019035
92434,31.522786692054293
17114,34.690081331249246
3204,59.86553607498563
87373,54.55000034331158
27604,45.39378239617553
1007,61.680379903348566
41952,55.83696348091219
57365,39.524023030858736
28844,50.458677237378694
66575,53.7918346147192
35288,49.815160376936554
53557,47.90985158323352
83407,38.44410574135958
7619,63.169789930286456
9157,63.92681991282702
28397,49.743825754897955
30271,49.04532325502265
17019,54.42079349140892
13524,50.49034440838499
33338,54.632882153496595
9348,46.556944108677804
31768,61.25043530529615
22264,54.22600493108769
55929,61.971088312771755
85489,57.84219399413608
62318,50.063970396930344
97503,55.53521515794277
58068,54.734354495067464
99860,25.326733358788612
6335,54.24438357457317
32358,40.36952359227255
50051,57.71887865122453
73854,31.609125382876478
59746,54.07802429738691
2807,54.73057829036279
66987,47.825038013268944
89850,56.0012000689933
8119,44.05232098232274
42730,56.321243395638604
76980,53.447136761158184
24363,40.78624108131406
40334,54.28388959414662
71585,63.217472188004635
73509,57.35740553692751
19442,51.90281188147695
14643,58.64046462723224
88222,61.86920591142894
33507,53.45689636660883
54615,61.26759213778122
59283,57.45763090598308
61929,47.9698294113385
44395,65.21333634451838
70613,60.430480703059736
94745,55.30469565729018
2489,58.3181718446184
83116,56.88757380045482
77430,60.008104047194536
7693,46.55468886541304
86469,57.18716878285316
50762,60.43174601507701
88286,57.017097826925486
71353,48.10363602317611
36860,41.69666913407289
82368,62.4113233645202
62079,62.17294470152916
86682,53.47931686764209
10999,57.91417640379746
66571,56.981591569559654
3943,60.90861768478898
97895,53.57037331611348
54062,46.2531330320986
2945,55.231706267233875
70741,50.00959575405072
63273,60.566607837048494
37000,50.75690930281309
86280,49.085561034726645
60187,24.032212207521574
18632,60.69229093650466
7776,45.297971346414926
9133,60.99247874964893
508,55.216915069157224
97182,55.387751685593614
75762,56.64815631433636
85258,51.44401803621627
84276,58.68244182718005
66698,58.08145651383935
30621,29.689755990927278
60546,42.62876068545153
75559,46.46511338508428
86926,57.68178209658858
93937,60.98948260724873
95895,47.6652697425036
44942,53.544311649047
83675,57.341069987047504
22944,53.573128166438245
34702,36.27407102941655
37747,46.94533875529425
66976,65.35939849422901
98368,55.894383789423586
4964,55.525532939484826
24203,33.63106042596559
715,59.13907732847338
27685,64.49317041944543
97400,56.08195503868047
57350,50.65407453634649
15781,46.42395911357412
32177,58.82241015454861
19799,57.13808117332829
37067,48.97809531026537
55564,54.83387708603815
69447,48.90660375924763
61257,49.448491586840866
30336,60.58177561159221
52214,60.34161950473402
59721,57.217010359915875
85408,35.54499090022675
42452,55.826328342308805
52750,29.667678013184513
56883,57.98670415842714
14186,47.10938668421029
34600,61.49785320713441
12561,57.91257500765755
47716,59.73840124916741
48382,55.57057265256553
99715,62.281849744073575
31359,62.42632372287088
70368,59.41684047097689
15610,58.867413913173344
95867,58.558571181376436
55481,52.6828615627191
11643,60.98608491595052
73524,55.01361638257478
80766,53.92256426532909
27226,51.41307466113946
67225,52.40380899650155
71882,57.71348144301431
6918,60.716723752446555
97245,32.49637021186059
7302,60.72510294057294
52834,53.18863665720789
38463,59.40094684272117
56253,50.60109134209097
98848,63.900382993815334
21001,31.050435258155716
26349,46.43008619239684
41555,45.93121706482923
97385,34.73881393701753
60175,53.97167079289447
3431,59.25103518537239
14817,56.42861598637933
51358,61.230588773700674
15950,37.70709764621022
48584,55.56413572096109
55286,61.04770981030806
84232,40.523320816550154
73272,45.802998255397576
17503,10.209574002922416
47271,53.052100630583354
1124,59.44343975813004
65956,55.79819167002513
79160,54.63971424918793
34676,61.8009837633919
92550,54.42684064227975
40808,51.03709740333237
102639,53.91977074514089
62045,51.02618724111254
83046,52.62720161359303
10099,58.95546318492134
12758,63.732803975225934
95357,52.87471620401323
101670,47.619834609477586
77194,58.766443992383856
38464,56.77446225130143
68465,58.513630076775996
2215,58.30455118708312
52812,59.20138316793517
56928,61.902535016625485
47131,62.072268214751176
94445,60.56567529028585
70799,57.23598473685176
15367,51.08449654272061
35184,43.36163117614549
74094,46.25513166373646
43468,62.26904400654018
8565,58.88516535558031
21926,46.201904485083524
87739,50.58822261785268
15337,47.374255062261916
20946,54.961453787161005
17869,47.2535893692218
88964,68.76532806569563
17094,49.59956227785344
88604,63.125715826785694
88427,55.26287363040635
83012,53.8261500923122
81550,60.19760475904794
26699,53.10641605632078
67212,58.41078416979858
45559,55.070656025241064
54312,57.72241018789961
87385,61.999076183588464
68801,52.33358366302804
43134,50.16533972577312
13367,52.41282493983326
94192,60.6000354041204
2276,34.96042962609549
76740,55.67761063620517
66941,62.72671993054361
100370,62.88434744229315
72821,52.17630872313213
102104,56.866960838202914
66704,60.73702927980409
27736,42.66905560438858
18125,44.21407769853461
29396,50.23916872392036
46828,45.50989005931785
92597,48.74526906496699
26990,50.956821493746105
94949,39.25497461273881
72279,58.94647784111794
14693,62.851395862189875
65537,49.43383801831155
20366,50.207538896614366
98796,49.46918782903328
55650,57.26448166134983
85516,56.93539274160986
86499,62.43666089446915
21703,50.7536691565911
24227,50.05828260112407
42454,54.12160624807816
90479,58.43002623536496
65653,48.16619540299469
888,56.835252911425776
43568,59.38520082570501
67074,50.964412390237825
72683,31.614222683517028
101077,60.50159765935669
63170,59.18861316044304
5544,61.724049508098325
45603,59.61863661388924
102088,57.90018947666678
68673,51.46779871306867
44467,43.74979782170031
2501,47.69289674105028
37596,31.438208280739016
58689,49.80601883070298
2531,50.55216856738891
65337,59.574850283117755
102269,55.47699115144922
11329,52.432340424557836
2651,54.93975740925332
73457,54.0646393242411
32631,42.76483473195749
74674,46.71859888230684
102050,60.91599243330445
10893,57.387553233423105
89212,47.26414826743657
90467,24.77072901670461
65472,53.05040024738604
92385,57.916716164584535
42380,55.29776257616314
83269,40.885219204896586
58040,54.96255109320665
16789,38.66389455984598
24152,61.82788253342884
37976,47.08564904075841
64582,31.430116328734048
65485,46.81418975022733
15538,43.51564217480669
29141,51.472455043571756
97742,32.289616968646484
70103,59.48862966208473
2594,58.02058403672876
33392,59.900341989038765
4656,55.564385800772875
69855,60.794001324673005
2962,58.92985217084321
100742,62.926926967447855
33171,56.28043130358048
56099,57.87845591072866
93276,58.61303991870774
58609,57.198404542132764
89575,48.3843194265591
67807,61.17833332364504
100987,57.45705727399398
40883,45.07080481657537
73068,51.94895167501437
67379,42.0406826654674
16180,59.664575471756656
35968,57.3409188688351
79363,55.717682949256755
40981,48.582006969017144
23438,57.89693360279272
5692,51.49215407529078
15186,57.936766630925746
35330,61.663872744619695
1316,44.00087021354428
47774,52.32903102818763
67750,62.10176568210392
72150,56.86765419355045
17152,51.060903881764574
75657,51.92677098339385
521,34.33529414969162
4064,51.6696865745224
89847,42.28818669382241
42590,58.91568885740823
26309,59.77153571073413
75009,44.66042237957695
22915,62.21904469817615
53418,44.999527890743344
74905,43.762011423631094
46411,55.95304780667104
33466,58.89212661630874
6008,60.329050215567605
47658,59.40860943556999
68729,58.843438403445205
75044,48.36685652570755
84926,37.71837765141164
46093,45.958824048880906
95743,53.569270385809745
47813,49.601265919389284
93735,59.249046111039334
76536,46.818817467488806
94367,58.99930556147961
69129,53.49613969729673
73262,56.278207746515676
85448,57.0449591513405
95488,52.72678083676625
9239,37.51312885877423
41575,46.855453206663
27636,55.4504871755308
21864,61.25889126184328
60753,41.17828460371944
18588,58.62422217962464
66826,62.214497072398956
43462,43.911932892390666
6912,56.28769895231572
25642,59.17302426283304
31542,44.93789812899892
5026,58.24790223698198
48236,56.564144996799726
48603,60.494080144274605
7097,56.93966659946236
73898,59.431430433272304
87758,58.487806694765
63846,38.800873276171274
9379,60.43018643061511
31174,43.57068301392279
45668,49.38106091007175
72427,54.70511174396716
33138,49.832589766084936
92125,49.22673369254264
6224,60.57646826744993
82824,52.51562749717826
18851,48.189185628253426
60167,58.72743521579964
68921,42.46192210047
8125,59.865236051868095
99429,48.4844669188632
41362,56.40218917034011
42856,55.4669555326611
22444,34.75396116880504
31361,52.70877400710438
37199,58.50456978392051
48750,61.10255396625004
48258,49.93549938415376
100522,47.00419816351864
18330,41.84196543103346
37463,37.074080503636424
11114,61.30459684821908
79530,56.97752516643621
60619,66.13623237133217
60137,61.050124319418664
75150,50.42640958298552
24709,45.1711759708165
53717,44.91759159468839
43396,51.60423269851133
13264,49.63134603272128
73330,53.92256426532909
44944,50.49522474424265
40615,32.30841321777092
81418,52.71339045580679
45413,47.10157764434364
51194,27.968788720239395
87596,59.86800610678689
44057,57.968321015377754
99631,61.290019809379544
2175,58.67123019751819
32886,39.71629517000974
99989,68.00206088136892
13041,43.36486350172333
58731,48.88463763256556
49769,42.00847949941175
39032,42.72298757381985
93093,67.18865207360534
25552,61.01409670752338
29251,42.78505323462443
88696,62.800390925191195
51292,46.69974903483569
63148,47.24874689947049
70422,51.44270970448213
64375,61.29086497254869
72195,47.91292892650918
95288,57.69812018903795
81702,46.11117968820913
97841,58.27659217122096
31945,52.24559358761179
83220,53.41087246890152
37086,54.379594609629166
73060,58.610133329735355
79466,50.748383778894954
76480,60.01217904547684
26072,51.741103522018975
58166,55.4692832673672
10533,60.15045263292485
98271,61.81808923750164
34701,56.89139242766911
88900,46.44955703863912
93273,57.43370173160654
48955,48.2580346633326
44003,51.098416724060094
33866,52.958405107700415
30910,30.76202688688228
79843,37.95092469578975
2272,57.93598893380718
96344,53.53807688140778
9758,53.15401986730659
13959,47.23940084570399
102362,42.125206138846686
14572,45.50118829090082
48842,46.99390278093762
6791,60.53477243298869
69135,60.885082984663406
25296,51.5750826670099
53374,60.69826510921776
87875,52.567533396588125
20557,59.46675656784723
422,55.39021323919356
8844,55.435594028202686
33657,46.58645251716704
64547,62.11078349723668
66695,43.62638689816657
55791,28.313285545784137
71765,53.78015397234892
100817,40.18561167970644
32966,58.26293129538094
55153,55.02231424191848
98378,47.94604693015511
81727,62.38604894502854
69406,47.70230193774339
81263,43.25366435669096
34258,49.67730338857008
87458,54.95595341928359
34792,59.76732157419673
15398,62.04369883972199
74991,53.470255550844385
69093,63.02903121009784
93882,32.478746772770556
39523,51.02040878103541
71301,47.46818506711228
74851,62.63735443985548
32543,43.98589483780836
100376,54.2403018643766
11860,56.99999740026645
31248,61.551924787009554
71662,58.38773808381782
4702,60.70321049554018
36997,56.682147210638874
65617,45.134109958667864
26459,50.965151632885004
88825,58.0501414755064
75595,57.14641454638766
24134,56.36729785461489
24426,31.74884452874774
34084,54.963991639249514
29866,56.69822133141487
101264,57.69235893081045
19857,59.7373587649444
12413,57.626295841380546
414,56.903647410862916
21205,57.49735777501431
21420,27.83827526555488
69265,59.53170817303284
77856,62.32154271141133
91219,50.01675462013158
54836,47.26533471926491
74292,54.646010565421854
87895,60.14477947214783
610,56.43263116201961
24723,52.01155282650877
101168,29.79371048562491
73230,51.82774226178295
38470,49.03189789768807
29848,52.282926297188425
63112,57.837991670726865
66787,46.74397100624369
74434,56.17782283263102
87725,55.558094556452694
33746,38.71005563160568
12869,49.57609469052881
47211,44.740962264338926
1251,53.88186901047888
45171,50.015803158874284
88467,32.10545648117066
26466,49.64665201732979
83496,58.42967985659042
58504,51.2210978846854
83883,55.43094326449798
16039,46.40576628201268
20909,59.29175038306094
2325,59.83025071469782
83310,52.79072479106051
19513,49.50930918223461
62240,54.34264118100894
3380,53.73287496394472
92707,42.39218988099884
14011,57.66553180959234
53311,58.13989677589686
49325,47.01757961118355
8740,52.38740501388552
14786,60.213104203633215
29625,59.49829056092551
8477,47.63450184359842
101638,54.222811998512775
88239,22.45201106676373
52520,52.962189575313644
92471,44.10959257091623
45330,60.665137534191075
98655,44.506227560037644
39918,46.23208157684315
55962,40.22790721108721
41127,63.39595989744213
48520,36.62399224776289
62875,57.43515639942108
62883,61.33601904609445
80487,50.87428872459625
52854,62.111405064384584
93939,36.41201264648913
6603,63.916912694021065
31835,51.25557929188486
20584,54.558388415113
43445,52.6504299889383
6820,58.71926485198573
60280,55.703557291026314
70296,66.08230654668768
91354,58.29508361193104
92692,60.129370209384724
34166,49.332911783630074
63833,45.57652978981137
48646,56.8043845345771
15144,59.54501803264079
1861,48.324790766095106
58015,62.133029000942564
74235,60.03120966040237
38812,61.23309483204719
70965,60.13832416105386
64485,57.69428770517302
38067,59.8374276924235
54087,57.801511725448194
86718,33.55092464587631
45408,54.41839460385036
41814,58.606846658295794
10583,54.99969030318361
96895,59.005490986422984
25713,48.963749345579394
88327,49.82446713140552
45924,54.47075554178962
16926,61.28791182879752
33340,57.933774232188036
78414,32.77690995039886
88989,57.715076934750385
15537,39.7849790847094
97915,54.12539259520668
87369,60.30976979986821
2884,28.25556627127292
25021,63.80041250538337
75200,41.62779182702104
28563,60.27803673758998
19,53.01420240358938
40489,51.19795717168004
100094,60.56405434207118
13218,44.76035825150368
29217,53.71559426478214
67761,44.71142199584778
37019,49.30427043044933
39511,32.55802665158165
32015,50.43946411921973
76398,55.170047786784416
30531,58.34090650953115
87460,46.89963471601659
34718,47.192166863265385
27438,44.28708852975635
3716,42.23270148188275
60510,54.5954744915788
13279,45.75790702135107
59351,52.90884368653652
98732,59.21033033111679
36150,57.375581954660866
82187,41.87970251454717
1050,59.461746516947926
99782,48.04204443375823
41578,41.431581681953055
22897,43.98408619828345
21774,59.244947408167334
61728,61.446439962003765
48455,57.28822540834125
16671,54.6917712622143
39756,60.8425841651697
71534,43.64862028739379
68641,47.59298431173677
80137,48.45222476445762
95993,52.150693039960125
36970,62.26667491193136
13056,38.07794314569952
68264,49.61534937117293
98048,48.35823962950673
41089,47.838476547448465
63135,32.78087035983401
87698,49.09059896975789
36214,34.21807238207055
24693,41.53473143354589
91139,61.62499209893454
83698,51.603612969210474
20046,54.366651093874005
62500,51.01986453579046
15311,54.834181364700825
54474,59.02195780038622
27038,52.28295578167213
60450,62.42929246119514
65810,54.69527676212152
981,50.61071707978925
20509,43.59436953468778
74501,53.10544938128066
90876,58.06091251235394
100206,35.46615352458272
55420,51.27191903432102
20848,45.45611895225709
33670,53.890041769700304
27505,62.318536738952204
12087,62.51224650499285
80541,41.29324624173664
37497,60.80385544218819
49965,28.458878576590152
80209,62.06744781045728
14501,48.22655174414691
2018,61.04926106131387
71630,52.63350757349731
91412,58.39429135745528
60213,55.240197196270444
58951,56.80592969466358
3278,60.12288386140403
77735,47.92784267637003
25591,43.00938967818937
33791,48.920563115581864
26522,59.534807742238215
14002,62.55504283634689
2921,57.57599602124743
84131,45.170934685665884
85383,52.2199773187609
56860,37.51947718316793
93606,46.33542260724424
58854,55.28627310292186
54282,58.24682094425026
94212,60.20258123799864
20324,55.89826609861639
102635,57.181923277699894
11811,62.42898787682033
101996,47.06680915333829
49314,60.49075694323809
88452,51.47979522183914
82324,52.72606259590492
66467,44.125533861267584
8769,56.69348708383811
28929,53.9634431734518
58416,62.442172725311835
45948,63.7492029428069
89610,50.032723782774966
41638,58.73108124510899
8575,14.988883867926866
25234,56.73290792302596
25180,21.931524026825294
45762,63.330277528255124
81560,46.857351576086366
78282,62.09239460967937
43927,61.1047058997582
21037,57.80277879171941
27528,59.936593808794264
59897,49.23842727348911
49890,58.44402112703518
10523,56.021263124132616
76523,60.801727473445354
100666,65.14892610822196
64622,47.888409463643015
28806,29.108352048844345
5378,48.81038599743002
81881,56.7298363677575
52892,41.366900376882434
14989,54.707650358092074
1707,59.03742763280451
41196,30.781113223070353
43593,50.69723063117566
29752,53.49207624861214
38848,56.02119938353514
63754,62.20700527578682
64201,61.441581525941544
54389,65.22847270940338
11273,51.55221616842518
94579,53.01430429981884
20283,61.95113989556922
95596,55.21859024236714
80603,53.30381006555034
76855,43.03315761316617
89103,57.63170869018316
77918,50.685844056929966
34759,50.71282664876541
101751,51.305922543703026
89112,46.76431094079657
17556,62.63914984146004
14774,56.84179610321218
41385,58.95328569392255
85334,62.97715223776183
95154,58.795769824614794
45239,52.625072137696904
28987,50.721470548358276
38468,46.96710902733358
59438,61.337035860932694
84806,44.5266336252235
75891,55.615677644055175
36036,55.83508444781934
43123,44.85975278755938
29175,57.76426854690091
13092,57.52026237469502
2293,45.183933098835965
26017,58.71145319173579
7037,40.62264185339493
16339,52.452466744394
20086,34.8749215168897
59005,52.73050724706656
15489,59.14642276360733
17488,59.13089308351184
43437,55.092748068000105
91497,61.742986960177845
50668,44.812229863140935
72032,45.79950860590557
38356,35.04279137137606
53036,51.455967049016614
28881,61.17055005348868
102089,49.323034779426614
35407,57.62485426038997
67637,50.988492573931595
42199,28.030646598021313
77128,35.317270377632326
7952,62.11782717999616
46461,48.48305357595671
25953,63.18042339341325
91147,61.98234970548126
25525,57.37375146534206
77037,58.455254870661754
26199,62.859816541755386
32663,30.980522752442923
46366,60.831523583690924
25099,53.92167372812975
29656,45.02120318725602
49569,58.20574211188664
11894,58.02484570743676
99449,63.92681991282702
15688,58.66117486369623
99573,46.085735246576064
17581,59.70391014737404
54777,59.385226914595656
5870,37.66908197481598
82630,51.98536139393322
95799,63.96061266174402
91299,48.996205968707415
72348,55.649670369630925
18427,62.03455826930022
11462,57.49298537446216
70410,45.81706201842426
86385,57.62888037274332
9857,58.810197582772965
65401,56.44867421443888
93218,49.034568005523205
76711,25.077685525044572
7133,56.47582497391903
33850,46.50052094825688
46217,49.09918015677641
85987,49.119691295919225
70972,55.9602802715333
36230,58.201704677804706
66218,59.01376875671288
39402,51.55732706006764
28097,56.35259965394288
19478,53.66732379878001
15351,62.014890498933056
9811,38.34121020754209
2629,50.96194230978278
54609,58.35075147562839
24054,50.33774043645872
24781,47.96971681630647
86680,59.50303792122209
14355,53.84249330165821
45443,66.36942910941949
72709,57.90979128252715
79829,52.17660339572543
15258,50.94291720154991
33930,51.00437756189115
6812,52.8834730136261
10436,65.82011894352351
24316,43.09847679089479
82775,55.1352031277663
67130,53.84052814205319
78486,63.68519937497652
22156,56.46787716180877
79624,46.72432562712675
82745,56.26053182824359
54616,56.79003294754246
62765,32.90224029918569
58547,56.363411350092555
47625,51.75380261298829
86241,36.24195395236603
62699,49.712744866506846
74472,52.39576345225387
90842,54.66018074736326
63334,61.17668598057534
25253,64.854250484067
23596,29.651563474421234
75105,44.53843300292686
81946,49.148138069439106
20675,54.11102390898176
57962,57.88366012403654
77626,36.842410493476834
18975,57.10653406496445
75590,57.55748688965376
71135,50.97143363841123
50039,58.71817758655146
23240,47.524089758774444
91020,56.874856681606516
92163,58.97213284228929
46359,57.40046475957763
32326,66.39830556661063
76355,58.552890959295155
95084,58.522036370456775
101607,64.66460058719315
56274,60.40344051430705
63733,56.66527811069527
20250,36.56254380271507
890,57.583433414960744
82458,61.920745774849884
16664,52.796608618299615
86431,54.181892203046
36044,55.23747988026
23148,35.137861012722254
56956,47.6809382711424
19318,51.094850230895
80933,54.034054429246936
90710,56.61136586562095
67778,52.208209454963495
87854,49.880534378931024
65270,55.54668150636349
34140,36.905135350888074
72916,60.358167639445256
27949,48.36686780487527
57474,53.38949499951186
34108,54.57993881164757
19676,44.847570833866115
14230,49.94213555481185
41220,54.857732868874166
87220,59.88818685129175
101574,57.03620089363224
82937,53.4973737142492
24662,60.423249737565726
63011,51.41551182695137
13078,55.88577110060565
18932,47.23912463122241
97756,62.78423005957297
42068,60.68805573939009
96345,61.28642981449036
36817,53.455419707928584
83284,48.01165710222297
60305,45.945363318123356
18203,39.82986292711284
8904,52.42464112363976
89156,60.158703758858884
86619,57.54965392750591
4429,45.24123114798688
17724,58.04842175325221
97261,33.44305463179006
6541,49.7306952321253
72768,61.05527577813345
90973,64.72691917621043
87413,29.349078463172994
86904,52.978002320588814
89050,52.960208817629955
81051,49.20196876141254
53416,47.24069937835397
72903,56.07346802117875
79892,52.080064304027815
93829,53.200872727433314
55189,53.60705647772894
81618,47.401147412453874
101709,58.125533011769846
6779,47.07170407188358
33374,60.92790201264887
40796,49.17535604264749
36067,55.015266464550876
2566,31.184494628652324
31407,53.39413244295797
19032,48.39069438182289
68731,59.07655795387156
86060,62.70460163772711
30419,28.789456431825013
16750,30.120003704474822
18573,59.79698091792527
45248,39.57693628713014
10962,57.622780455416816
91621,61.04514844221625
69856,60.28819235028563
66343,61.47763142611315
25479,57.349204280807164
67584,64.15147890009021
52600,60.76981498255561
89790,59.5935066646074
84600,58.387857315573896
32436,61.83459336032073
99028,61.38381709815107
38368,58.004286045847124
97436,57.74854836677081
55799,62.52899549053467
82300,44.829429873157714
66931,38.62663987698826
75428,64.46270719386332
81369,55.66904284303907
71843,40.67598641140694
87103,56.85644557293257
36710,59.21565226602466
83335,53.84875268202336
100229,61.392846843507314
27394,51.46301955278041
65205,55.075255208709066
6370,46.8404315538312
49512,57.188718637741765
96598,52.60834399972136
52173,51.33122735563533
7267,55.777694569681884
47215,47.28677997378814
10108,53.79116821570198
13833,58.55220882025346
86427,48.583017658306055
10027,48.632520245468804
12728,33.24089161512942
67345,64.65671037128345
84129,59.75857369660715
94363,55.67414477595956
78342,57.63156965201275
4432,62.42437595438634
55422,56.09795472503434
57632,55.56460387553403
4632,51.964484302456626
22491,32.831396410391946
15203,61.04561818014411
38851,59.46335923338434
13008,46.14252844073169
83539,41.28027845635384
56282,54.28399276266371
76658,61.76904820638827
70608,57.589895090708346
68994,57.96491598875693
83154,51.5392564150639
97921,51.09373432736058
72763,41.565199245699496
14413,60.17346175708414
45058,64.03764562377049
54999,56.96899033168354
3918,44.73969890482519
33423,57.78218396095985
32730,54.563569017582864
91514,54.381554151676305
58042,57.29521010825599
26772,50.475047154620626
43256,36.60207169458631
1892,58.73465529496533
73630,46.578777226574616
18740,53.46030763716944
16765,44.65117824345093
84286,46.344927722278435
62032,47.12026023030451
71240,56.68537858667459
32480,49.175477980754074
68343,55.196628355079305
14564,30.15834738581263
97019,53.10480165552986
27040,54.0955144419535
73076,54.48021481878152
87393,53.29151044931738
59056,50.37522710768256
74086,50.3931860232789
66369,59.21304839757566
35347,50.360485852659124
69237,65.60157940501108
85332,63.22064006191689
4489,55.26935626133578
1279,47.04996268057309
101606,45.43268864287842
34245,55.44096124839504
7394,48.48326700182387
31354,55.18170486648145
5149,37.96677859658582
55253,55.42554018261847
48987,49.08511114228813
61255,63.320215964426
3327,49.621780572271106
81422,60.616301970217414
43318,59.944911260200165
90159,58.83889239418171
79861,37.50700394593031
19485,39.233219791910294
77143,40.41525897758743
60126,33.508408349956476
41431,51.041350634422685
76724,31.325793851630785
101235,46.715106990391746
50041,56.80401118285704
80930,60.275157797933005
13511,57.609049088112556
102004,53.15697903834276
30540,58.845447736532606
50805,49.36310537771714
42277,44.43007900173401
33556,59.351333975585085
92874,56.141554624282826
81888,60.26547196014692
13614,57.0266712273925
6623,60.249435217184384
10768,60.02811352332125
65943,59.84822842355895
12031,54.419217903973276
77118,48.17868784857516
79744,45.777107342571085
52057,59.91966081190334
14352,50.29085424620147
23229,46.77241975354237
55851,49.78591446614939
74339,52.71743632232308
99503,47.16476604139493
19146,51.928247825919115
92264,37.07076652426952
51499,51.47325624783712
92539,50.091889520921065
17431,35.831702982353576
45915,52.81806388045181
39858,37.36533628304862
90843,54.913071001177514
73769,62.16726625512042
67835,56.45869153220656
70239,49.27266655905336
70776,53.54923293922783
25161,55.07508889755543
28150,58.62104751064038
67003,42.79178128042271
78016,46.450899579935985
50446,42.30620207373346
67525,53.88133874262794
24275,51.81040697571585
11865,58.879498825601004
4525,50.026263449320304
68267,30.643906626918536
64875,51.727207370150886
22426,61.6522968545454
40454,57.55851929393436
39047,57.366267214227406
47628,53.33403987890718
4108,61.9989573200332
60486,59.88871415685541
74088,46.76272803047003
39733,56.12822864912556
95254,36.862264543892806
91146,53.46771659937299
77717,53.72960132263651
6692,57.66122102736157
2635,31.875535621292336
65495,60.892153469492605
16114,55.86342474932566
75319,56.723456456579385
30422,61.83834160977286
93780,59.234444868029954
19276,42.918771842938014
75458,50.62983120992854
82626,55.695116856875174
13922,55.4585342111683
31123,56.231662883187454
30930,55.33691060722911
25967,50.87850048201644
88201,52.8407124172429
40533,62.184834738918774
53607,50.685421845998704
51207,59.970475207327084
22456,55.51618629223948
89749,32.346285524592176
91661,63.79662884562383
31277,56.42835683698276
45984,56.7854965419167
45350,57.2668718613567
45177,60.25774666469127
74651,34.37761780305387
19517,62.29327807073822
27931,57.89209874728719
51132,53.455419707928584
32934,61.74174595740145
80975,50.76066248890716
85739,59.37499552424695
90991,50.72837031725334
32023,54.41190596518002
57382,59.43499005162428
36031,37.378093126537905
72112,49.15189550075818
31783,30.6141675994028
26274,55.76863486077638
28197,62.737676954917745
31523,55.15350831700557
6908,62.834100428981934
62516,55.31429410643254
51642,60.19591351530063
90705,59.558330660285115
36495,53.276422941081044
24661,47.85426783826801
78994,49.541095900965445
16739,53.07907377117192
16570,52.00011260768126
41774,30.316288403319227
43713,55.93690070318736
52320,47.67073472734492
29852,63.70022674270271
43170,55.99559701832444
72382,54.22657510044199
56633,58.49646369647099
97599,55.44701349818107
50658,50.44338113154509
33823,25.248303210947128
74173,59.2914710264493
26286,43.997933088251465
79224,50.702681089241885
11699,54.84536871523569
76571,45.11116133372467
56330,53.9868978701065
4958,47.733601398067414
18416,57.464182992962556
84737,60.65688970736555
16837,53.260960722234515
55279,55.38867498813681
42356,58.737062889663655
96370,60.04015847148723
11213,59.049501485068944
7899,54.704232554999145
72234,61.38480342847586
58646,49.11821725577764
97324,31.13195756117573
2599,64.52646342872785
26645,62.49634998333258
79159,65.30325296042028
6726,63.15023332330278
50342,35.6670390476358
54695,49.37940572680003
14823,55.7302476024686
72930,37.39111855678675
14087,53.24652916920766
58572,47.40585861598086
100531,55.096215123355734
79252,50.06092793118985
3515,63.043250743962446
61332,46.80394773878616
75637,49.89697078239039
45737,48.24944226618887
35064,55.0715412033849
67618,28.10929052091041
68193,64.9104796521633
9518,39.82775325493698
99319,53.94055283195313
65266,31.6727127657734
77824,46.23707479462381
88987,55.86434639175563
67066,55.075003271889535
38956,48.94092718285012
15358,55.317203815293425
779,48.678021522315234
74535,63.09303549978084
94437,55.680716512062666
82494,28.06226476951014
62836,20.710236909424236
50708,45.75520087468789
51453,62.30801068892286
12634,59.992892898625826
70692,52.05083066357435
65900,34.07007482899057
86774,36.433646800642336
62745,57.92546481578007
59083,51.90130121540484
11453,57.46050900956784
72498,54.097058283713594
88354,48.58516834338646
12483,55.84104922099181
100141,32.71982276816263
97760,44.67881100660827
95277,53.322146920483625
98682,56.369204072504296
48786,59.29953404069816
405,58.80589741156258
18902,54.84413719342822
35092,53.07536211859691
52507,52.585095619450996
6378,36.57561116507178
87442,50.82044388079133
3209,40.667488785188766
44645,60.356236858955114
59473,46.858868601515965
43271,50.38795314374531
49823,46.57604192437165
36456,37.71513851569118
5034,39.74338183470513
57194,38.573267748756365
14654,60.67571367926658
62868,56.28887631872051
83657,54.48818901093461
65940,63.058815650411354
34969,56.64537875672196
93554,62.99951501019061
97321,59.49946916150313
46647,47.630299888048775
16908,48.25535545811527
57491,63.57174516125252
2168,46.07708185102028
72636,61.358186143753464
17871,50.18673310572107
59104,50.41669744757806
22053,55.16180079477171
33249,49.563898397680255
20061,47.743277741743924
84971,58.364683617768605
76978,45.9311071824913
51547,56.34127912525115
41383,60.53445801772722
61643,45.7701519171152
86531,54.414577165886875
46406,60.65549904319482
6236,65.44605118310335
55769,48.92920109310376
30513,49.10942504941719
73182,52.895146765578964
63924,52.22265579866352
23333,39.48538647490719
21505,51.14688181477595
63964,51.28700736156613
32978,0.0
18507,58.887194436989205
29057,58.999587897474434
30588,42.09025383061977
43937,51.31118333979734
27473,53.92656899027739
23666,56.460169176517375
3814,51.850862112132525
97506,60.21016674523374
91415,50.47118513495964
29884,61.35115962893348
1313,58.99214444897506
99265,54.44840061791241
13541,44.127222685992
37781,46.799425608728015
82968,60.02877944488206
32089,45.996339322436164
60834,47.38653353111847
40425,51.74922087829594
101127,59.09044261347913
39175,53.35171873581653
6619,63.417801947431315
49545,41.124631092019186
95434,57.322100087074105
31855,56.83514911759451
4271,55.25334009606593
81475,55.74727784423801
841,56.70080601814179
11,61.604063587254814
16252,56.75090579079388
42292,38.53665345749198
33366,59.50886225976556
101016,54.88580679238498
80374,52.88854660932182
31587,60.75582388626812
85843,51.654861485442865
57907,56.02674208361634
7702,54.51313109522845
17259,38.8220836715198
38195,55.759757307035834
47290,55.39584183635637
6861,48.45176442940883
14434,57.531955977386446
29855,48.073172170253216
29921,51.33821641994263
22402,52.93855658941298
100137,53.4591794470625
26729,59.17167528102122
76822,59.433766352230734
5390,43.6078468332756
24538,44.00299443892013
7314,42.54543278332082
55710,55.607276653821486
52731,56.50056023979405
98399,51.64861355026323
9397,53.83476761368141
10781,60.770666924076686
84212,53.43453154882324
63429,59.62255693387806
73721,54.65202923650121
4749,58.4765625470106
23794,58.542491467183766
35541,60.43322866074772
99381,54.18800234440916
48158,42.772707849484384
67341,55.501209961890005
92463,35.99741072807397
36716,56.0582218144374
99513,47.84135526321579
84111,56.07728538098348
57751,47.25663426398936
67555,55.14165590653269
78042,46.08383088688173
58614,58.0212009974047
44099,41.30568524182584
55438,49.514264574989056
53497,43.20874120273274
61169,58.65982060539045
60453,60.321028740955406
17088,36.041507685899745
91526,39.42870081622059
46772,57.979847063629684
18029,34.428067490984766
82734,60.159310861172116
102081,55.28614316142111
79803,47.857148137099294
84446,56.88345458966437
8673,62.06727264645083
2916,57.770253157265486
41645,54.74151664007871
68894,45.6505656647982
98517,49.35293335036939
96645,53.58436030273021
97367,48.38616678059196
3476,60.98617281144582
68592,57.71348144301431
7094,53.86335586573274
1465,60.2528222861489
97501,59.45380548856069
78984,51.06253224832777
10137,56.48422407623062
21042,45.061851458599115
47055,55.05569807605805
89587,57.95175415163328
80948,61.604361469668014
62953,51.81234995758488
56517,52.89004913466682
30238,53.026762172388686
898,30.85961755933308
15908,47.76545936323725
53867,18.92990986760625
34825,49.8098648847984
66615,56.780367123702405
29654,55.073375830571635
88480,59.069557821718995
5030,35.12115760698845
14463,58.154754695625115
86954,55.66387471232029
13304,58.791949456543605
3698,54.23429473468102
34207,41.49918078405007
5476,41.4277371266254
44679,56.60677752239556
51745,54.52706422359677
5154,72.90803109048713
100936,50.727303763306985
102253,40.66544607503002
74143,47.08076752612125
52282,54.61514074688458
93417,34.82106799137964
35657,52.939246812572264
74451,41.1285283652138
56541,62.715617770795106
44052,55.611671043074125
73702,49.891655178738475
37187,59.87777935262782
34285,58.89906000220159
96019,42.491072570064524
73165,39.56052815411893
72186,54.525489385621675
5413,54.18515166532885
55061,60.24804115787131
21206,58.824300895218585
28873,47.75657893323003
16806,32.60924461813078
7887,41.01657712275105
66526,58.83742289517272
34500,47.17928824678404
19891,51.82992983956665
72843,61.85937464519965
65830,62.400211779443595
77283,51.83243458445226
31565,57.86521359116029
16831,39.08876739560623
1015,54.49507580227563
21271,62.28592496300058
2767,60.18463286906109
94209,44.78081743247537
39376,49.7135500497634
51059,60.69011985730161
76803,39.43553855235466
17196,61.209741620531005
40207,52.04786749175403
79008,56.92907691597695
54278,49.004798015386974
11311,50.81562674881127
79449,35.808852550262536
80650,53.61187836811045
68150,53.28191761230262
29721,62.02826802049059
67946,56.820100416117505
72217,59.43186563507132
55983,47.92467201598385
57023,64.24735607740632
89817,48.482130629983025
68384,56.69055973396438
76792,33.76931616317216
72516,33.89158955682355
72973,62.13847222184503
82588,48.59291243289439
29730,56.09544048636846
76526,44.33955404386596
100430,52.24256078939344
32033,62.21915541436324
19995,44.542242013313
19867,58.21597890554217
50827,62.16898694018814
83804,43.88266482223674
61330,60.713437154235514
28504,60.75767585741656
68660,55.77791545783886
103,59.4508727419701
64566,34.01108801328716
17903,56.83966958584567
46061,67.24303697884675
66502,48.16126141105886
35954,48.067836277345855
28845,58.37017897101594
58128,48.533424665753245
83721,53.44489633429836
46950,53.83268838641393
57400,47.753608967741094
68530,59.74481369807028
81082,58.53320347447504
52218,60.286841208261954
36312,41.972405420206925
63572,59.542292664447054
90528,58.15748371919304
51931,57.79307111886412
10327,54.53976467533012
98596,56.933817282218
36802,49.66757497964161
51994,50.540799804705216
84040,54.12487050341142
29652,41.12415269764348
70279,54.790354215266504
51941,41.01840450587416
80713,54.743855277205455
23544,59.237243780605816
33505,67.97453874501986
55530,56.41498059312278
47419,48.86461024894139
40303,49.33513839126752
22461,62.271023586279235
98949,57.739115045874
12148,55.936962692120616
19050,41.78571582584746
93463,51.76631164220687
81200,36.61213380686425
4522,60.17943550931345
66749,31.98167243534192
57795,58.700111752684286
64555,53.26751089616617
82698,62.05342300049257
16508,60.851319187415115
71865,58.22439798547198
94503,62.03663020080466
38657,52.61175800378807
74711,45.340323403081925
83325,71.94381624196541
65173,53.23662640381074
93211,57.85995559400492
7436,62.53629432656777
1415,42.67740750491535
32340,51.2880801230576
13087,60.45998802538518
72386,52.54073850039615
8455,51.54356711266369
40928,37.8287652352503
34393,47.891985439641665
44986,60.54308295759395
26937,47.693027734130716
49592,51.105384169489234
36451,54.698272385047204
86365,59.12536154496068
93162,48.421913802063
35078,32.26086862702605
23798,53.40105441035524
92442,48.446316367419975
43675,49.446952025065094
31201,55.21429369373248
66438,43.079018743459415
90456,57.45567206122304
83203,50.89325676621977
57545,59.705730623064355
61651,42.196005646449386
78222,53.59056323416938
76418,62.88014171703719
6951,60.71873711809234
7138,48.28059692093221
90506,47.35351263143658
36771,56.89384472825965
91237,53.45798346680009
29707,46.493458884906026
52875,54.076156103954894
38503,55.08553426373255
4555,58.97055661415152
28146,54.653355052227184
3183,27.723134505267094
14443,54.01788417944049
100665,52.777044533966325
29276,58.91411699645651
82058,57.25791536204447
5395,57.553300798091264
30666,37.794951855031655
72706,61.33016645196709
40668,50.28668280815382
51433,59.39487211894496
55984,61.40643746079222
32746,36.53657157437955
63369,56.095066123017894
99324,43.186261545128055
44449,50.76147619398342
84461,58.01011796434801
6532,49.55332902379137
22383,55.37657314090475
21584,57.120786794715585
29829,51.08000826614181
93995,27.125569687700043
81894,52.47620399490843
73529,48.746236705882986
26719,39.070645612776445
51071,63.47433567672934
83783,48.52421841193927
61326,58.564162852755146
64465,59.58239871096252
45195,56.59845671408567
78935,53.491146891899255
21072,46.882983804691996
86990,60.781034801202026
21941,59.959303340578884
84652,55.18305591012726
102188,32.571872646504346
21003,52.91491442612507
17743,55.822689807935134
45738,56.683360784826576
20656,42.809182392231335
41938,45.113631180672165
45430,58.889573879146766
22725,52.51701501159979
10439,52.64900409730316
62921,46.611594651330705
77830,61.69683639305721
64012,49.181939227293725
99716,47.120231200547316
41746,54.68634637144915
78021,48.993023689132166
30763,49.356032849080094
82312,37.31546475693473
86204,61.23378711830347
64090,51.88931059295121
37115,43.3560282332761
7052,46.257458977933034
100422,46.54807988240215
29989,51.34762572869363
24974,59.74275521299865
6422,53.99170502684905
70193,50.08039874793235
92995,57.691015988567095
58627,47.30164331049263
338,51.54288671851526
66697,49.22245140635654
38623,58.24102235834887
11272,55.56615999603493
83028,51.77502793314059
97774,53.411210129484395
19410,54.31057274250183
97444,60.5552734007079
83009,61.70172239584275
4629,56.42356827753425
61909,57.382982881204285
86408,63.107717932105224
98756,59.36308858565707
56694,57.63129417431946
66353,60.573506791786784
71092,50.75571959129967
89008,43.43345640104232
46561,52.64504217012239
100520,52.951136706675506
5474,62.04849640623538
96411,60.00372745686535
17445,49.88135193811628
2392,49.90805701274309
22889,35.60878352392472
81322,51.44296926530441
23827,49.34267860191945
53049,84.6270115679942
45340,49.73594654822822
70571,53.74975677473357
91682,56.871905400263806
40745,49.55872185140424
48890,46.783058452145
42271,29.496521489040852
35220,45.69353142418018
99555,57.6251397983897
47609,47.772651226612346
30288,36.62014191091479
77358,11.64442023122642
101962,62.22152576140613
100434,67.38745901061921
8487,59.08025318024064
7210,48.724241688631004
9678,40.81688965205895
13040,39.72432745537902
67281,58.72439435711046
54487,65.29446354570362
7071,48.65047748037576
89794,52.42462462197575
12175,63.02236295968352
92979,58.2267381119828
99245,51.598362313711746
26437,58.88166548309061
36676,49.93053924791495
102130,46.62835383924926
78615,50.56867834523537
41236,23.907442704752317
27970,42.78138132132153
88685,54.62678893609505
58277,50.86586726661921
17723,53.18183790182087
41613,57.924357241690984
21458,58.19083312365743
40308,51.20231010392223
84780,56.90745504745029
33339,60.05696529897678
20337,53.34569719337451
43627,64.97571088155625
19073,51.468928254281884
27531,51.215142107813286
6074,53.335382478877506
86373,45.22489480112393
56636,58.664042227087705
98153,40.008140918345944
99096,53.02187460182974
73609,43.684756865035915
70533,59.258621925783956
79559,62.0306919501585
57213,56.23800347285753
14072,51.086218051748055
30804,50.1149350090447
25564,53.29295038685257
61089,47.46980686364693
25439,45.22697543009027
55826,58.971222311834126
36889,61.20350342908398
4873,43.91898431963576
55705,53.07128567206895
17646,57.55691916889484
18440,57.22166503112312
28523,64.39633171480892
83642,54.55172865233782
85452,54.48754014746177
52460,59.035320142787256
51839,55.32178837158046
72214,43.754561208079
10696,59.52806414266062
70712,63.19904423823441
8308,58.719902710069114
58918,59.48261689115891
26982,56.751546654272666
86524,59.95710912163732
76210,61.55933630937968
92641,30.93158118093987
76344,46.428811195296014
74757,35.71268321278821
95566,59.9574851434031
21188,49.6331914674247
4178,59.5645392616742
62552,51.529342373960965
8248,51.41023515594016
40263,42.73302107867265
77787,58.51492946262559
102489,57.97763392742216
93811,47.84086703083957
58604,53.94546599051787
74970,54.36297738439149
81396,52.087714111865466
13359,60.31599563086119
16629,58.45363455723483
9089,55.78245273001278
4187,57.418215619867325
58341,46.288972972413134
44584,52.56823851231333
72338,61.37392993935717
88206,48.960829130634394
38293,58.26530059540854
1278,57.56750820548099
27039,55.590180028256775
32568,64.21763353590183
6329,87.37514847109503
43409,59.752312285725495
74108,47.24219929203215
50253,51.245275087085844
93108,61.72700006209899
31252,52.62223991231226
27748,54.04319613054493
99193,43.501990237663136
62730,48.54242579167426
5374,58.61107129232359
19330,53.01942496097488
81956,48.21552075382224
101636,55.415244987783495
23234,54.31645088209878
2844,27.414049855012717
72110,56.761488702065
29775,59.60055190870499
88344,56.35768402508718
98659,33.398195622069366
87684,56.25529521349784
80334,57.177037777446756
45495,59.97702954723084
46987,56.37982986306699
57807,59.04411966112618
35989,55.59734591948411
91376,58.19439131494273
35075,57.77267396211144
32644,57.58951567488379
81891,61.02874609687764
75388,40.57857098140612
30991,45.293692626241814
75161,55.82593370114226
22421,56.40587267445634
2394,62.470122913790725
13238,60.11610761205555
63851,52.419439434575835
20737,58.62348149946223
24106,65.273350312118
93442,45.24145582143728
102625,58.542126863523414
25869,50.7134632988571
87279,60.66220361525225
10969,34.07308090583601
83775,47.20048102487363
26916,59.87107875832977
58406,57.449327005108195
32208,47.824069449506155
22568,49.338849449426505
91866,58.458076329042996
35486,63.92681991282702
48881,40.57522357260416
12862,48.894662943609895
54632,40.77482633432551
90442,56.03147858136967
49801,57.626159957582615
81115,55.103485689479996
20442,51.32290774516767
91052,62.80467115040399
100533,57.32163828828034
61863,31.884204751168227
88882,54.34414886917793
4074,54.66232028521016
67171,58.51585475616426
71545,61.54646071271215
89775,53.09007873745829
86306,40.8217824967536
26540,55.81773212486573
59771,57.541706083416436
9972,62.57519092220052
39466,59.04474838058604
8573,58.58664058483269
80505,56.93917408662766
2476,45.34259312247411
32010,47.520472953100956
47820,49.831712163300374
69239,53.80374436553492
3174,55.05782022545682
62083,48.41749757781393
96983,52.02652906365442
18650,57.63126516043491
83957,61.18612200265181
24011,45.73239265537764
95833,50.07708201266422
35342,56.827797658458394
98042,51.3975709982989
63732,50.44158248918484
50260,56.04005871873838
3036,53.06980627199036
36283,38.99557190419726
23340,43.80204150354456
27836,49.79422220987394
87104,55.930090879591226
40483,58.73886965410686
16529,60.09933517755235
9182,57.736194611847544
22980,60.68374634423399
29735,59.22271275518581
65833,49.42346944643187
40777,49.762776228240526
36409,54.63539195524544
50747,58.5982487954244
56973,60.3527876787495
75204,53.780191537257785
52862,64.85045069592215
59446,53.838677511149115
5246,56.71690103529556
40089,57.63356306306757
14924,35.580405707065644
32629,52.29123987933472
96430,33.28466121657537
4354,47.57889802007751
53855,37.61722424925618
97801,40.48616867102192
38621,31.56605251804092
36754,54.29233318494749
37450,57.82827080476411
50794,48.344062242231836
32376,51.755706491283675
52955,51.883657582156644
56559,50.553545857090114
4475,46.94419859953946
43917,58.70710271438268
59587,62.29779575491451
15964,63.63768920219666
99634,41.84205673345858
59880,54.36320040900652
21915,59.77508070622835
27215,56.753946596842816
41208,47.41235986340445
24790,54.799830712062416
22175,25.297786899856252
61263,55.04758366122199
24323,58.9801831446577
102077,50.053007305968436
75752,51.00501677320351
54660,37.797906134413886
99851,62.2197732624976
75220,59.88275692461042
11755,62.499546606853286
98678,50.03641555111743
7375,60.261909012477716
96817,53.104534031878025
62688,45.14216029875461
79022,53.777962417631834
29746,50.7207645540147
22710,47.66740492926757
51187,55.60441646583623
14012,45.23756735284277
8309,58.794750703679284
65951,50.058642373739296
48435,57.08932179862136
672,43.704703664217064
3092,59.650344410661155
21474,57.78930075773307
16203,50.24199660771379
5750,51.0326675747871
51299,58.70151124570306
88827,50.99981709940368
37100,57.75798282848663
54370,55.24550273323094
31788,40.86950392795343
94317,58.14660540319776
91350,39.15324935517009
57476,32.0521917609992
67001,37.45723991116846
101107,60.13156743965721
36668,52.53428282045724
83255,63.28936425340385
2133,42.50161089109141
26374,61.238686957842205
56017,56.402449987910295
84720,52.68096607462793
85151,60.07029574571385
30833,48.10011286265744
51158,55.41377178850956
96723,57.51040804013668
72340,56.13588777999202
67698,50.107404953783686
16323,49.19540620166344
48139,57.602145041979256
3474,38.70684742317921
53550,50.89160696620506
37012,50.74170152360337
14760,63.29399978375194
58586,57.19758585245336
6332,48.67118895411636
55846,29.845855874572823
30254,61.583386155054306
24189,62.53104283023889
109,49.422656006019956
81220,55.17731708182938
57904,58.8728715648986
18348,39.86165878768586
13877,29.279513016047297
43915,63.91648578916525
45991,48.973385925514435
35680,57.53485228361981
37446,54.05709487740909
66484,56.36517565730306
57121,41.64383945029712
14291,49.84238587456862
91502,59.421680324790316
12766,49.66234048963173
99790,36.93785950289894
5178,58.656126694610414
70065,44.968789231865955
68680,49.78292575555071
80961,50.489810709870994
62258,25.555102227941923
83268,53.16614821694497
96316,57.63632844257552
72166,52.58040742525556
43492,59.414530545739765
43446,60.705362777202495
17808,63.10000918695141
68849,59.017914307188065
19187,52.73164083226374
13971,51.91381216975863
70136,40.82694041940222
13650,60.76962603613073
95658,48.661411164316235
8093,56.882962959729554
11790,59.95170122015127
31150,60.71020570044511
9162,54.32847257252075
46498,46.99506610098459
83664,57.98765230496158
6360,54.380514218614785
84657,54.16070319912428
75883,56.344483948695974
66091,45.37412799191393
60356,44.38796034497388
85631,49.79921641842682
95048,35.665844062761636
12755,57.29060068284548
78653,53.930495197882806
89190,31.006611160581112
15292,55.629064328772905
53787,48.16323483122853
10930,56.70366324465828
5673,48.57527771911406
71003,50.376027362950055
34799,53.536155266041504
76395,56.048876274747485
83693,49.912470936305866
72985,55.3074275742656
55030,46.31939280622796
50122,41.78397006804112
92729,57.94726600904085
75349,59.856106319984605
3775,55.51787001379493
46179,56.547177928226816
44929,61.42124520574687
63284,56.92641669055822
38235,50.4895142582593
56121,33.35994603067729
30787,59.6027093150019
3177,52.613370215284505
20520,59.14398022280382
29915,62.33296923186103
38340,53.37376570099304
27869,47.25788130983836
79268,51.287240098046254
69433,54.46396208636184
21340,57.085117515317094
12077,46.52143907469021
102187,51.429169469717614
77377,59.513834671135974
53702,55.72066658272321
15228,59.22229087015404
58554,57.14761785291936
52143,67.44878632439537
25164,43.26135292637418
7592,59.864455266496165
1616,48.995302571175024
60886,58.43178599711114
43508,52.77159161164986
72288,51.99745943267541
14361,51.48535315914768
5574,56.47560008321525
38204,53.27804947404931
59425,38.804395531531185
17806,54.514106050258874
44124,58.64724365364391
100694,56.102422152853094
39745,50.482408687318596
84279,58.09636546267726
68217,59.906280102556146
35221,58.819486361637146
70517,54.280146095113466
37947,61.02018402552414
44981,50.8853858390696
59772,62.914341657658554
18676,59.34782927905519
62923,40.19383413303927
97931,58.98914217315307
37032,66.73461463205834
86199,57.309528775257
19979,41.77210199395035
39953,54.668388896886704
33673,41.966417317496784
88599,62.73745700092638
2498,41.11894828854339
90625,33.32821757232065
8810,57.601898965703526
31280,39.79595381926366
26911,60.6765287503647
34219,54.90839123934029
93170,63.50217114916235
92663,61.10157380201738
20202,62.71346937649197
83493,57.86147074830318
73706,49.977876080851445
69635,48.93662415592291
5859,58.48434423606719
56368,61.30524313729579
78607,61.330293602930205
43858,60.374196941162594
76239,58.0909991786131
63782,59.464236115836556
46897,51.83991380792286
26891,46.09976049100601
29741,47.004028528500925
37646,46.673628370563854
4988,56.418415112958655
9990,50.70670952930176
4863,52.076585409521854
89168,53.77780809625955
74039,42.110059357226476
75578,59.08854785479315
48853,46.6103641774123
94111,52.90010000856857
82380,59.453221799327856
56424,50.09856845972935
12613,41.10833986124791
62764,38.84506992337023
46345,59.408741415842364
35403,55.27777675354375
100606,55.20835771979536
101925,44.82548497855064
46186,47.5616582045375
36477,51.64544453432847
14904,61.31946191093796
32278,42.80297887715427
512,53.58400810951856
46149,52.462928396581255
47690,60.96899658629566
65329,42.73025458495715
90656,47.961548985027626
34612,48.6714610430339
9597,37.70188223933825
5965,51.61793005049901
23713,53.78015397234892
8,32.914675595846774
28702,34.950711469642776
38645,44.56925782389783
24033,61.782932195790195
90310,54.28278551198158
59710,49.65593370890246
71299,57.31914519541695
42763,45.818724458009136
83751,55.80920902847794
31082,47.11858901384729
80660,56.614042816297115
4305,58.66249981179321
522,54.96524944823857
83986,52.40593404759915
55386,63.968644976984116
83069,54.81351889238637
28686,60.32759662782838
59264,56.301355005617225
74253,58.028053748067684
1523,58.236231482272856
17253,58.46999706715779
100403,52.12923197131389
82541,51.77214893477547
30674,57.40412440908267
97573,50.323828833151175
18231,47.76697732848784
32587,51.71887020568596
27275,63.399159568836495
38047,61.83704609000557
45186,54.860496304022426
87709,40.79681462141306
5532,29.99116964289643
25875,60.17218814512166
35059,66.68441769724251
99272,40.546423190963736
82,42.2147507307416
40916,33.441328758697225
18263,61.31280713233009
1957,47.58261849389992
45129,62.242319412775444
58488,57.43667555691435
14284,51.093672272374306
72423,51.40581826147925
96584,60.81417940778972
14675,51.23608834885532
82642,62.05210715198011
44151,61.43415801266765
86853,54.50709352645267
57311,50.66675946235054
56421,63.59832018373515
5602,63.26865973252132
2867,57.507505900434694
37230,59.45295033893121
2077,59.8639352556852
76689,59.462345870877
94200,45.802612062298024
50886,74.33329278819782
24994,58.386662710687766
44965,53.59078158386538
62428,47.61193264700596
48327,60.67663600893534
89088,41.27199941137802
100634,55.999683945776866
41855,55.011252295408674
55048,62.34838591836749
88323,59.722491344817186
69599,43.822750436223906
56908,64.90605129352076
20709,42.20886158149982
15487,26.733268217308307
34468,45.74810881210774
64342,58.903984716859625
20300,59.25056425677423
87852,52.92111150979907
72663,56.357568272956335
42683,58.13280843491744
81190,56.83431501464763
91437,54.21109518174643
97956,54.307299667689634
17829,62.23217408341077
34146,51.531019479905424
43751,60.53819763951733
7839,56.140394082974424
63,55.498281227436166
44911,32.186333518853964
85908,47.16086304928293
70695,50.615458982639126
78363,35.499904913343634
9886,43.226205260339164
92362,50.5969250364985
100785,54.89186654024468
86547,60.192990756387275
49661,47.80402053698613
98923,58.57603756301656
82500,58.2378141202024
8307,50.10631477462598
86059,58.967809186825015
43371,51.76787211763796
42127,58.576287194473664
55837,36.580378454949454
3024,49.07058670637744
6600,38.66186268136511
26572,58.996165008247466
85868,48.96103256066141
95943,43.869343367018296
19659,54.41127919099811
59087,34.506256999856284
63260,61.2575932940113
67933,60.366626421569215
4412,36.417873445613225
37882,56.89418087596905
89338,56.303645359856404
61354,45.813301224624446
20536,62.493138358992056
67376,46.64820111129847
25111,60.74380560331008
57080,55.383443774912244
60836,40.28112095458154
64449,48.81065415215166
79698,59.81119247640245
49757,63.7119209096835
52123,60.657667873512054
88798,49.018597353520164
47216,54.77192739914531
19748,58.686941156959016
40978,52.18602422241496
101443,50.48895306897053
57137,59.54509343645867
73717,51.56032565086961
44564,33.44514669890555
71434,52.597772537063534
85316,60.589714297083475
42612,46.18987708950669
17197,49.59906653558353
14388,58.64920618701356
77977,59.0179028115319
28883,56.36178608763402
55317,58.99968492643542
91894,57.17954995845465
49283,50.45690578134141
46021,52.60834399972136
90903,54.34799605478429
78624,62.60778133825752
10200,55.11158555790502
100948,52.96095655452035
22416,62.79250761774142
15543,57.22562069593186
68002,48.472239230379245
260,61.94981814009941
91298,63.92116615268125
4329,48.61614022433359
49505,60.31574000112238
50266,44.88011797941613
50176,48.33815385026042
72113,55.75527917727917
41135,58.84165052381447
67197,61.58208895002334
98700,52.24539126626032
32720,56.08626012133781
53707,26.665632146664468
48143,60.07398507952355
83789,48.36389457370581
20879,49.50982375967281
41629,53.64287858753668
55121,46.84060171615361
95431,54.992615755805
51415,61.935911422470966
61216,50.4730707462794
76459,52.88331518502426
27086,31.813337175684293
41747,49.92158989349918
40477,61.5631296696541
95275,51.08007459641989
86730,49.21437406796789
59828,60.57860124745922
69618,55.52311557408865
5728,55.310243764818026
73847,51.33408454484313
94800,52.94142799915646
9717,58.04152769250969
85536,45.67503061732832
23766,59.10481196880736
52061,54.992600543929214
35501,48.7690274755976
19722,47.69097713879209
86080,47.85773802568128
98903,49.09309327050866
98322,60.83644571086504
55148,55.40725373548231
99550,48.06553025698333
100093,45.755642523764365
96708,53.2090248452176
18776,56.35534946465144
48141,49.37695943218929
83744,50.02778817684889
96054,53.141238893085955
7687,55.012626395513266
96926,52.48661845235747
7718,49.101622636553
8116,31.65225151028286
64417,59.1913511668436
54246,48.81086568576656
97855,26.44152636257116
79376,34.412327442530895
92698,55.52873740384287
48354,38.83084566442726
92487,59.92596307305888
52226,50.96375342039292
73835,42.6123574220073
39358,46.4871948898718
15784,53.413829340742815
59653,62.90915699766159
14686,50.18027509380373
53089,55.248717498315244
8653,59.17920636490187
19777,61.47497806878988
22316,60.20627003848024
69231,51.02800110525735
30746,59.11767333594092
48518,53.719509105697
17119,52.98440906105909
32041,61.18033601135532
38640,49.96122337504463
44129,35.72192264690172
83983,37.91331042349803
80126,57.03051433331322
18697,47.244698420282226
59379,53.78255268332961
25209,45.40297828855607
80424,56.553713135861585
54702,46.13144219908401
1291,56.59969617796724
45653,50.67344062819443
66512,47.98375189885033
92932,54.02369128566519
31240,58.849007904277904
88312,39.16551498063227
100898,52.765964040393015
99993,68.82952061515681
71576,50.430786817196754
43731,50.588396882308814
26795,59.659568261529635
9837,49.83751961077862
666,57.1492465190099
66417,36.78342929564486
2911,40.72119537684838
13094,49.42759208580147
22446,54.34239231158376
2383,54.89841326115562
26914,47.01408775014909
74505,57.0369696758728
87685,61.04588983209053
10932,47.60968660412468
50666,53.665377920680406
80156,55.364223035736465
78118,60.30777948236727
649,56.615655011843714
54309,26.38453972539342
32536,57.414481339369246
87568,57.24826729202023
70921,52.32518141040819
29442,53.86121678407112
60573,58.14421952673248
89425,61.44027503507057
97238,50.586044027146876
8551,51.42914896050375
78144,54.478359739406066
1387,43.52574263538925
91175,58.439894575447745
39544,43.516475969355994
30963,42.422487925519555
58369,60.33561386144768
9782,53.24645299521462
45467,49.44848526409958
75542,50.605823340397144
8646,53.48826866891851
26809,60.96270088995969
89368,50.277592729783464
24561,55.57379624054114
113,45.70458100551371
95643,61.930395974297824
51649,56.052335460351955
87204,56.25912339932053
37406,48.11979532861305
86221,54.56974463515774
32672,57.133419627531836
1795,39.03745766722618
51692,48.14426373603715
23811,58.980846874455615
50454,51.51270994135278
81070,42.30623063888074
1807,36.06488243585211
55951,50.01188398962236
59011,57.38210282829641
36090,50.872026459435276
62005,52.898498778167195
26256,63.42889345896021
84962,57.50151156039512
31692,49.202394805421676
19298,63.53079291647163
8728,58.23553593717146
31804,54.03828859839925
61134,50.92707168645041
1602,50.11466472372842
95558,51.974914333958566
20067,63.3231753779434
84003,58.01759266304
76142,62.93374846289717
4113,55.6231916432048
1901,50.564453242842376
79299,46.294460567615786
61439,58.89085261052412
87766,55.39215776138667
40472,40.33558625741229
46880,38.90553926819378
62021,50.64320050116034
62157,43.59990930073428
34874,63.69396562899752
12781,61.66947435973235
46125,49.854375762189086
35927,60.336776495508886
38790,48.174705837713134
29714,57.14708527995488
81370,60.67865331723593
16762,55.21363001480482
63351,42.9824176296677
19066,51.642842176028374
48895,38.428467963054814
6711,60.432753120942984
21528,56.26293137451819
29368,61.37682203328113
2792,56.77557572395345
29407,34.267323015898235
57160,55.443923570162845
80090,56.23593632567119
45474,62.81133803207162
2482,41.63120276551332
6342,57.26417036095121
93142,39.47638015071686
33743,48.35833650344393
75142,49.5648194737179
10579,49.04298785783559
66666,57.157723750454636
87307,59.37318573703927
32132,62.273241399396696
36333,53.526016430059066
64050,48.603038777665084
88670,60.512147585541335
22141,63.27768095324876
92643,57.16688845144251
71332,54.8500174874039
32444,53.47881447273342
61312,38.83273328015413
79853,42.70101068922793
75754,47.17407946710956
99501,52.28129438715044
92387,55.26268820222795
67347,44.65118695424556
64226,50.173996913344
91556,61.10265458194318
97497,39.225522942401916
87705,57.26296341212619
70664,33.458417389330876
95195,49.89189111670221
2082,42.1355219073763
81320,56.03111078693654
25238,50.916322227625436
2242,52.78497876108629
12252,62.36026999014806
47441,57.77172484300981
66025,42.58825713187398
64434,54.84088376356664
11988,56.214342052579575
15135,58.9141774683647
38250,56.79828746707534
79729,52.73067280441691
47718,56.900106908097705
55563,48.74524746525827
9560,54.19972868098992
100841,49.819958633463315
63201,39.4777925472911
101672,43.75352849920381
38535,35.29717887698966
55553,55.91743867120119
66593,45.01192961958453
2890,66.43365627113329
808,56.3787773932572
86341,55.83501154020088
30887,45.205086193749445
53924,40.38707913818579
33771,54.70476499740643
28294,62.566635350765
43919,54.957331074281875
100958,56.96907240805298
32253,63.69648461539734
13540,57.32630754911936
62613,50.392882091961226
3637,53.21725907585431
96005,58.448998748647774
50123,35.98094930776814
59014,64.60636899054154
3299,66.11368621778453
47615,54.47416850181339
20991,62.32905763694795
30824,43.7663131464698
64699,57.38105773670558
31904,51.653869867953574
78964,48.06220347681896
102181,48.88678658267363
77909,52.73752876813822
8020,58.27358201333978
66281,53.02729952460746
6002,28.77668616543754
43290,37.315177481944986
77989,54.82793201967689
71350,61.04770981030806
37465,37.0555513948907
81364,46.53820741000259
73644,47.37152664341064
68387,49.476092972106635
35750,55.695931900241064
14659,49.780522217990274
87993,56.050382873523816
87062,59.21140226311872
21948,48.82279407164074
56084,54.501792149167485
1844,53.94097438150456
77467,60.364318392186775
65626,58.930853544937655
86101,49.89126619572538
22620,52.56814836452264
65945,60.74951660542893
16026,58.38048165434352
93548,65.81660690749347
51738,38.907083455036656
17153,62.1274978315072
68900,52.58742486656533
41304,38.915266737293905
74169,55.60005563342397
27825,56.135946447391106
15511,54.59545849171252
15339,50.159855804694054
11003,58.7079303014023
33240,62.82087134446792
17514,36.63853952223343
17539,57.41225804616772
94921,59.02673232755597
70759,57.91954384156696
28725,53.83999969452675
19928,49.60914780403989
42988,46.09068064938636
24153,46.064485896611814
55140,49.73744078614233
74830,61.5340067050841
12315,53.46366878522945
84707,58.90963452696565
47861,48.67405602506148
52071,60.86617008969902
89331,33.839539554229916
72971,59.13072683370869
28611,64.65220803891151
30755,59.66583971303602
24906,57.65021252552614
65640,61.82279141038113
30313,39.01250842653572
77269,53.13621091135893
97614,36.71178326570236
65099,55.22320533363606
99719,57.62978400373471
92193,59.46782004767191
68102,46.621318620855114
100831,58.64877999641301
64560,51.908573827395315
14009,56.77188171251593
29549,39.11082041116698
51386,54.42692511166872
100247,46.2721568295291
50615,43.48490392077473
59575,59.48223379770231
58152,54.73748998470919
42510,49.603496734084025
62498,52.59932233062554
13988,59.28862586141892
6624,62.5892634049296
6379,55.8247871680492
32827,51.975698353118645
8596,61.978826692630626
25655,51.705565964431855
53100,53.56488521848562
5697,58.397268039300876
1478,51.36394608572194
11636,40.689779394071515
46946,52.97249412370428
6715,46.167140648550905
77870,41.28785178651158
82030,49.362646978466
92654,42.09927186703444
59578,48.04292913391547
38632,60.57663299234525
60722,57.96227996721552
24382,51.51362391813723
70363,55.072310126256276
31373,53.548571004754606
99275,54.82852264203419
86045,47.87932729700387
78670,50.30087825347914
3469,40.89852807692221
95499,55.161587294905345
57009,59.439978970797185
59803,50.71328072755618
6582,42.40893942498546
76889,61.67685934282718
79128,43.278795928342944
95604,59.58777965454273
67766,48.45917889948969
76635,56.81346697565344
96506,40.74636550662751
41445,50.6944195283959
20881,52.664779750382706
97369,39.63897128780344
101877,52.90348004032422
36309,57.53565228639557
4661,53.80788319233306
96041,51.15255135579201
88904,60.67072454594551
9319,50.115521750463856
69991,49.994944359833205
46623,52.50048351742409
47428,37.77222073836331
61808,40.658160885852496
83475,57.36686579413733
31941,53.79618479614901
3621,39.10595223643763
12199,57.543286659962504
83453,47.51728922867846
64104,53.11993081099358
39606,48.93737298454779
25391,42.468050956384545
18215,60.32693701529905
2104,57.92927879768593
8823,49.01413290468927
1538,56.331388421402956
49306,58.656154375265025
87621,52.64366524682324
6482,50.75674981669984
46654,50.72325928506328
23249,61.109918471859345
30229,46.25808282350974
30384,49.469393641643144
11099,60.43565914632222
54750,51.297862144645734
69160,52.39990325183222
26471,47.35535164974237
76616,57.17249697454707
87759,49.938684082388754
84638,58.27644711498101
20546,53.29863688702674
38348,55.10620852946789
23924,53.12073350176452
43761,53.860124279036874
23419,57.91985092845262
49341,57.91125961856275
35135,49.53304997264339
51411,37.669333730554484
90065,58.51919934175808
23975,52.41531249682776
80284,37.007506104155695
50659,55.187097869568234
50019,47.900628013198045
24221,57.133790646301385
83773,59.508341062166764
80495,48.47131028206725
90098,49.42129058683755
72965,57.41172513223998
74667,64.12617819174474
39361,53.19568770503892
23927,35.1972773880917
21229,50.99480630958044
57998,43.33326029524599
93220,51.84705909214652
71465,54.23462484166529
27246,49.33970185206223
27914,62.14864394305775
31348,62.72618105171901
12496,50.148659950901916
97728,45.859287698264204
85155,60.001853063640894
91708,48.397331172724854
10799,54.13414217419118
65105,37.106212668377445
16206,54.35107063907013
93596,62.710281706994195
96576,63.65821616118714
32498,58.177090320221524
65320,66.0726639490615
51602,61.26709165011469
83879,58.83187708054123
19027,55.56229983997005
50370,57.181202223571724
35435,51.67959692639122
54951,57.942275802619505
44384,24.2671023790468
49181,53.12512072352055
37527,48.68657317972794
7136,52.67906936594887
64919,47.02943075709735
100232,49.706623058161135
77331,45.97470538510314
30242,59.9426396922147
89289,82.07791354375331
58929,49.49589495817998
70118,60.40299332235759
97364,54.42362248835252
23467,54.1695164091251
77205,28.45279125619959
15481,58.35792155131361
33665,36.91307966495604
47299,55.59728076577658
22673,49.02427636329449
44094,54.76171167031781
15404,31.515319458483265
12025,57.73074884166729
90089,58.598231798317535
99981,56.93878793883115
81279,62.23318907047904
19783,55.89834607286009
14436,56.93271308297851
67850,60.42576833714766
33000,60.361895459138765
44982,58.46080195727155
69044,56.17986419580436
84000,37.57778704930023
99616,60.924170224660514
73243,62.43046334411132
35928,58.731001352426134
99911,58.686362291172685
66911,58.66829484585027
49386,33.83511857387875
32285,56.09144250198386
49953,52.874962977151725
68132,52.461760395736654
70116,57.077279167507506
88912,48.58262546149159
43404,60.39092048882702
9572,60.463934442203744
17548,50.164742729752774
3662,28.766480167650187
90148,58.84835360011818
29262,47.89381421583951
21963,53.68267985146034
48843,33.741370499718
21011,56.13823954444508
72454,67.54927149268094
13810,51.63901879490884
12082,60.78332865759788
85011,60.14082602897362
722,50.05150679449136
22685,42.96823818210968
61732,44.33668724149395
21098,0.0
68604,55.56271335607569
8790,43.3620629016433
46927,36.23180209980307
8567,51.67196101328005
45528,50.6774711984135
84763,54.976002593120185
11411,61.39135850263065
40676,57.13195857226563
36686,47.00492069403902
63916,60.15846360999109
2251,38.154758384813135
60363,43.40137431482758
72090,38.84620166391534
101956,28.713977267346696
65521,55.34939619478486
36530,54.4413561240269
91959,25.1071157264113
36158,57.51778965214311
28419,55.29681699952337
16865,53.47133966771557
55556,30.70428114776793
38393,52.5823574129409
26269,60.25175821487653
40153,48.33411690802262
50464,50.03849514357961
34301,58.622182300665536
45966,51.80350056903642
12356,44.954223661086786
1657,59.74602278967176
18983,28.660576047713974
41934,45.1335395279239
65392,54.25701939656606
73092,50.440885690266896
7374,58.00855093894473
54022,58.987392702104486
52342,49.15720916026677
82921,58.30263498583748
20810,32.96860564900277
75277,57.70460747010803
12668,59.84205188529303
98533,26.512387540442756
48709,63.4766377503619
59237,57.376954368010665
76686,8.446389949076853
33956,51.2078764014086
24268,37.50442870957001
35521,56.90754945744403
31088,50.61785003779558
12590,57.72370695934973
66330,60.43547751311098
57818,57.337992486920285
10879,58.323664910231855
26845,54.04756407935154
28540,47.372085606595334
91174,36.36990116115645
9888,59.668446149490336
16597,58.95328569392255
69344,57.68603627507797
43851,52.90507441569611
1228,52.74724594204381
88002,50.832975739939585
17204,59.56264064219797
2358,41.36740494342052
80610,49.68534001881536
26326,54.55276456134673
47305,58.38920034697074
89649,46.61222686409556
44408,60.29282722022714
68134,58.53846246546492
49000,49.677715760436264
62414,55.17053091911959
65706,54.35793077840861
44793,61.05292944783881
87128,58.85905856797059
70456,52.36671097736158
50102,48.28773366572195
87548,63.08238058900665
27795,53.428088737980204
37746,53.155307989566204
27212,55.03491312408453
99711,62.716526763659424
69171,49.69840630202489
44403,60.691572451178864
34850,54.90961530571697
35096,39.791104831818046
82987,43.79507943095987
28494,59.20957291213979
89287,45.635865339224424
80521,50.048081445937406
24981,49.79391379708096
58477,58.86016756790138
12686,55.51978644117064
54154,55.82066709203172
17802,41.79645211657644
90793,46.36291153194493
99023,53.96033963043684
28754,62.03166167191105
9751,55.799656671275805
3113,48.18906184732119
2096,42.33943952848226
78412,51.48319816470011
48396,56.73835175050987
39449,52.65560403076385
15042,46.36169274373007
44276,65.30444956781976
75068,52.62232150922449
84855,50.65664390270628
81228,57.29944593798356
27812,56.43588927822378
37009,53.39170815956392
29869,55.64706972990024
11330,52.83469805559669
84502,39.84364995846769
46046,51.47644942324081
92934,62.7846762508011
22899,50.69112981588985
38815,58.55669696622285
8272,46.25224425660496
13047,60.05253863741806
12057,57.807069753370655
58248,25.20009145014884
60056,62.935315269616694
6361,55.32810202039006
9104,47.67954941722437
83848,39.89121764502026
36521,59.217622252268235
6031,42.18200870153588
64062,47.664767776111134
3349,32.795657980649466
55229,60.974910798999815
85550,59.185571672777215
34013,50.92387755633753
50172,61.46605045419367
49943,54.35585871451188
27470,42.65678343826232
41513,54.76420920217575
14060,47.78368622724762
47940,62.12931182074034
50811,55.11722265588525
56461,59.7332525019953
33238,51.81322960761846
47373,40.111270529007
15229,44.400087384482305
73686,43.52786032785493
92894,43.265094679666475
27375,58.25250678138045
74229,60.9778218916518
65274,55.12705971098865
44588,54.0572827014692
65066,66.73100799750776
93577,59.342874590558495
88149,50.637320019257345
49331,45.26397433887869
71591,55.49312391512167
44947,46.859579344143754
67909,52.36322632496824
83161,47.54218680693627
23672,52.11753491700007
87177,50.50851209163617
48946,47.09134481573899
78896,50.181831837151556
50958,52.40814429873757
24128,58.53943955008544
62108,56.37477688118326
57227,49.13450381604226
19204,53.968814357614875
74002,34.72920826109741
45277,40.126843271230044
90087,53.46291085035976
82108,63.71569654957331
45523,59.35752310267348
27735,59.916338247021415
63378,57.322808834575746
27144,43.647209258049365
50674,59.10218665833237
97854,50.13383618250002
93991,59.239511600733174
30188,31.50686757850806
97689,61.93419940731211
61454,57.43382105053693
55539,55.014198030170135
102112,60.631383248045225
4199,68.99422957234209
95410,54.06231376007539
98706,43.36671828403807
33348,52.640821055497845
76446,49.53422435830194
15448,60.69017091239818
13207,59.67267937507481
53649,61.770911606506125
8217,49.41843079814443
29155,47.61201451108018
27504,46.26280842195798
72342,49.09097132903166
64468,62.8849513798864
66106,54.87512307573478
30198,52.69972236812525
86935,59.25965862836874
7422,60.84912513849415
26838,49.383028057694
12136,55.77843730728789
82033,54.37321881501411
78064,56.648029743665234
65122,49.75914277511477
44172,48.91580836733975
78040,49.10499835469724
25694,4.4903628899220465
11981,39.257913245986956
55738,52.875326128313034
18695,36.64466588994712
64598,49.68283376353525
31669,56.27129382461828
3726,48.68806259160815
90097,49.44686662549289
99446,36.21565181431578
22546,58.85680057287216
88378,58.665373873134996
7041,49.87799797510497
12219,52.90643369807515
78463,23.204033329092333
24310,49.32678937638489
80883,52.6241499773241
28443,61.17688130054374
58970,38.372530853661765
49405,45.62713829862336
64980,39.01224834486184
45435,36.6311740734114
84310,67.18865207360534
27903,57.55336826379089
4407,60.03905874257748
64106,56.32361213181876
62169,61.36769896413719
2632,58.708825109054146
66763,41.93043794607583
46620,46.38495182198842
57536,58.61347113890044
22494,58.7553107737604
63936,50.51610227892643
7870,52.08296917030782
66344,58.49686777526752
91886,64.1045129134892
11552,38.25502321179222
20796,59.509847830908555
17095,56.52775150512352
62386,50.86679880472027
88334,58.1178496373203
33600,52.10604683101657
71941,31.203563606859102
2664,53.6470474080062
7423,56.677117042674936
48083,62.85135369056417
68040,24.23958249782212
77246,58.76891663008265
74160,55.36901154878568
92151,44.99375069669909
72863,49.45201591713374
9650,49.748955513341215
23529,56.28404095210445
35588,44.64929348246961
32560,47.80196804453204
100466,48.91689224888507
78954,57.98080842672215
6641,39.98462280306046
87835,47.81639950096146
38663,50.57194827499275
102192,53.23631454492427
36892,50.16152874829061
48824,49.59579456208974
50587,48.05147196228232
19807,26.783671580358316
84376,47.952246297893375
42073,59.05697059231246
55639,57.10941124659031
101596,51.17733101355935
57850,51.24290112616139
88933,60.82218106833973
20967,56.57136110598985
14199,46.343302886677606
98221,59.805208130373174
1681,47.210841720585584
90406,43.98813031164258
74121,49.64373670712827
81478,54.24267047728111
59339,57.85054071328575
81813,58.005063727971205
34960,57.764064626851265
48580,55.51881138656523
79499,61.806857433972695
87545,52.979919830480206
72690,59.647750357459266
92052,65.82484768907597
21616,48.02353579370411
39215,45.29888407545823
76667,56.37746830208641
23559,56.036933019374146
70572,53.24736952439719
46203,50.93449304095944
42394,59.04387929905501
41388,49.82657375152802
12357,57.697437897638686
101814,58.941784875938055
10591,59.1290248720811
79965,55.81466986312392
36513,41.06253912080902
64604,47.02300487045391
66812,51.439530445709735
90423,60.566903798383066
2902,42.10163904811053
3753,46.03513497079703
13711,48.29671564223238
10124,60.23773935590742
29637,52.9159983050331
45728,35.69283474494751
9756,36.696490089698216
96772,54.51117873341178
61873,43.814052734005095
48119,44.14592213955171
41116,52.6608000598072
26065,45.08611017173029
46966,59.581366844696134
38200,28.944496318693925
62292,51.12899968953106
24556,57.894621353544466
95703,60.20565724078091
24551,45.456278914064846
18945,55.9680799884711
38440,63.92681991282702
95842,57.843285962361136
47837,70.50654616749307
62011,48.783122950477264
4467,54.74298142519962
12288,56.666943288594695
29315,52.748053935749844
101653,50.290781013175135
4431,58.14629056452927
94478,48.43625852510555
78892,52.573660105930536
98791,55.82593370114226
14478,48.378440202550706
53459,52.90969567564358
24371,58.47343528840414
83774,31.808592075189633
17818,34.06779423100263
94435,59.78006186247107
69836,59.16124490889087
86369,56.48308364415384
7335,53.07650744352914
71371,53.854930801073344
10543,60.343651202745356
64463,53.79686190425021
30681,30.945989974832667
92408,44.94266024762321
79565,51.438445251869005
343,57.46773685988836
69922,57.46337691786262
26311,57.632135218586406
34352,56.28634745485303
73377,52.62475476947281
15505,47.48937033533206
84282,50.42435623600996
58167,44.4552167181441
88388,48.70687508361636
99003,61.64683273834967
60114,48.474077974747416
69310,53.60766759618153
23261,56.387383373587525
89585,58.33016260640176
9149,38.95889634117269
38229,24.57675344555182
41904,46.915868956069204
102383,59.39651408317628
37017,55.4365456418728
70806,54.307911880872986
82903,46.659390751770346
80051,40.4757062419124
5895,47.05825680546066
41091,43.604730892427575
58144,59.07202771985787
99095,51.19779295567974
19194,58.844353182196436
87524,64.86922632916104
13777,59.05416805709472
31415,56.79243529576309
72882,55.26965461670518
91088,61.530862802608915
75600,37.48714110309483
54763,51.353106358659105
51047,49.088982492266794
102531,48.204604114597444
97687,56.819453786639855
7191,59.283655330687004
39880,67.14724216911692
58737,61.20327908725127
78311,42.85205413810886
31406,59.83432209709113
33684,55.043359683832705
90190,47.85510920881031
40951,42.15486973130534
47343,42.43074630705001
27167,40.906734314061765
34407,28.406343871169103
30865,59.02963277069837
28167,55.636166660439045
79644,55.41298958146075
16156,37.513404839420105
20317,33.036420200715206
13542,40.3412999071467
79308,42.287959936303416
41097,49.0007496633875
99297,46.08526400175472
94257,51.908519197855234
85097,48.020903118526874
37484,54.90217539763861
79404,53.75669113954333
43914,44.39560858183294
9720,46.94377684303562
72315,44.85827346732742
19143,55.52788108680655
7743,55.88589533083028
54918,54.15811822689694
95201,46.54315725705081
13491,52.68196953639801
12008,55.21011106452411
3244,61.23804238274664
10047,60.07400533779939
62846,32.87073420705474
45890,48.94399718379399
44213,56.50446882152063
60901,55.46336884429624
80236,47.092376626022975
33425,52.644878432936956
24339,60.170044042855636
31600,62.6030815960722
26915,54.518935542906576
91593,58.88239026314004
81542,45.2131370163022
20956,39.73006579456112
36730,61.118638479867315
9117,49.68309056398907
98141,47.56465799464324
98597,34.02826768806481
87004,43.213544860709476
41425,36.10654775216031
85946,48.38504191003148
42136,34.417044051170876
48937,50.952204118776365
23315,45.74274273715178
41919,36.76059726234441
20394,52.33958698227797
83597,64.6528831337344
81093,52.9346384967665
37824,54.30008932842118
19388,57.83516449965436
1776,61.72819884750979
42801,33.20127102921683
31021,52.29642287594919
34795,59.30143022038435
46451,47.94594273771397
12576,56.598443787995265
65423,56.021446157356294
29920,37.9879522068099
1351,60.391196476985286
60300,46.328515443529824
23734,62.13748892193868
19284,36.95197557299312
35076,58.99978517063063
59480,56.98455680383667
73964,38.84257128084063
19081,44.84618238015919
75665,49.64264095743387
38007,54.15063498081991
83275,54.5869523744545
93272,34.82563440117811
22318,58.64986679204904
68646,55.065818592529766
100575,23.88599668032736
80484,57.53070279936668
25436,51.346367477068064
91726,57.20282692347245
98359,32.019208940357565
44176,52.13320902388219
5096,55.97268773213756
96290,49.98767058773639
49397,59.725790031168316
87593,60.62523768572368
32669,53.21249635333954
86805,47.34168826749075
4691,62.327691579919446
26575,57.91099978868354
27077,53.70553248742432
70997,45.86773992457768
73526,56.995252554987786
15013,50.607673849996694
55727,44.533677637964885
62478,55.00851446725937
65517,47.1408383692914
81837,59.80963829634362
20734,52.977135783721295
374,58.17647862933191
42513,52.56245500426553
15630,52.57798294538872
99533,55.91964356382996
62198,61.13037658396677
61264,57.552012697200055
61177,57.0253568704662
72783,56.90329336053394
51601,49.67806972836232
67091,56.638475757044894
39988,61.62499209893454
32049,56.38841698833906
23135,55.473068585781995
4693,63.00922160290792
32328,42.63112490240305
1317,58.12333811642323
97953,55.502842244092754
54555,53.08166882079447
48897,57.58841926386708
37178,32.27551561151364
14184,57.497481145460185
16053,55.737486416119474
74654,47.79797268809148
48449,61.1056077890691
82024,65.87232439399668
12787,66.0352484866618
52073,57.86237445285216
46100,51.878481824546675
19944,47.573078300854455
7122,51.99766384386412
46171,56.96901204816607
14765,46.39025433388153
94686,33.99194122397004
58428,55.430002290767334
95270,51.53344757459957
46244,56.42300042492982
1780,56.303514410875394
3790,51.14909388281809
86655,57.45176578318146
84460,57.5651758387536
54729,27.967009977279027
72760,54.40077479974428
28062,65.88123236716513
49464,55.493737855091105
11770,34.673456511446375
4947,60.03474676465938
25052,59.3388666518763
81782,51.0354921977837
40038,52.31883248626572
17505,48.98411646383841
52553,61.00046021872818
53730,59.98087055453246
87414,27.13789785265572
15230,47.21253586403025
53096,62.9758512304611
6509,62.33631598841326
37973,58.51579106898994
25476,56.047084975662145
44238,46.59293361590905
39302,9.622462428196641
78522,55.453513925006504
58997,66.77214465642615
68723,55.66813075634701
40927,58.87423885825743
39406,54.787004430769045
56257,60.31017844201668
9146,57.70744419289647
43222,52.51841431245056
101134,30.441201231887685
45241,51.13870538079417
24518,59.47306677419136
79392,40.15230075951517
58249,52.83044578346217
70214,56.717362906621204
34143,54.79301365553355
26367,48.281203976865754
16420,34.96741086288757
29671,50.580207546716224
93374,41.59137348145301
66890,51.20852602124643
14658,66.04994692641066
22296,43.42619305929093
62349,60.36926591362811
52674,53.72482111733787
5575,50.711090219646216
83941,52.16248779584393
75685,31.85157166029617
11290,57.81960998615154
83575,49.6483913396466
70008,62.710856080222314
7480,52.861641262422935
38532,55.963582297669944
36975,51.87907030596971
76563,40.56941227395993
73944,48.07169224354708
46415,47.99170689293747
46443,44.87651522365534
85885,57.66002226362875
3791,54.27412362124862
86195,46.20075908109269
8197,60.80951474830629
29676,62.11078349723668
68148,57.26404706468338
85879,52.66091034449018
79945,59.72337512216548
52254,46.17393454750211
7978,44.3049006023825
99767,53.905161666087835
31334,59.729261953361096
23177,47.217015303820254
18665,52.567340903231226
80048,49.8138435583826
101528,59.040666281742084
31290,42.40646376256785
42222,36.933721247611814
37602,60.13283482671487
51302,53.950006732463834
45264,60.241867257284134
40882,38.455441965731254
42402,57.82141055220811
308,29.349577722693187
10170,24.146345386220503
64214,49.32168483293878
39398,56.5600877043625
26839,55.35375789385897
92958,57.02467266016501
96089,60.16971831552748
64095,55.960033415194125
44860,50.50304487735373
2868,41.80390415710353
12853,56.816459207094965
67628,41.175116505548274
4795,47.857843742882885
59047,49.39015859540851
8304,45.560497517091676
97892,56.26806199744536
82251,52.63621509039025
8773,48.059317063326965
37860,59.138524971861784
59942,42.039179438046496
50195,54.36928291209007
82184,59.932927085883854
86336,52.17319658292623
81553,53.50947740127106
31276,63.388181659067456
20551,48.04361651098652
69607,57.60575999549077
70443,51.604498820334946
31417,53.122390744101494
46686,56.91997883327615
3046,57.73224039351437
92210,35.02794598268283
68386,58.13600075880049
47532,45.85994712423398
72397,34.86252952314619
94610,58.654241329483256
73334,50.35018818668172
15315,58.18482957217827
41895,59.47488612120226
20130,60.24512949771831
78897,59.789351845461056
58693,58.57076503759396
56112,51.46091051091639
10707,42.74735771627074
63799,54.63762805127564
46781,58.802231448765085
62432,62.24652515411371
85494,49.45489121011609
93320,55.36274762083637
17380,50.019104400170804
81334,57.265170388036
12769,59.959390737218804
71142,45.579127109203434
38398,58.515867320186345
91772,55.498003296645464
25030,50.927430895037325
16109,45.20349884833035
49897,60.57131435355011
55212,56.59250552380484
9714,53.16523204605393
88253,59.12327244611767
65546,23.521898868417363
27893,48.66579349594744
71557,61.200964072457495
1898,57.14064044388167
40144,59.65313349300092
84192,68.21690629907809
43479,44.679461808904435
15099,46.49554530517908
38482,56.33451742669044
55911,57.7848474297368
15270,32.261778307299394
15514,40.87803391736283
91184,56.867601389357716
1339,41.89682985325401
98006,49.23030582452682
34433,55.27550488481201
1647,52.15371869632731
54535,48.4888009639807
97086,64.8613393847188
56037,51.58763273039884
15920,53.48826866891851
53941,47.82116171267163
13400,45.62918105673139
80163,26.498503955320537
36473,49.24969426515745
23,51.51010469482852
102615,35.1408817326018
56539,58.4548205836991
37125,46.62422297555216
83502,56.32454922987537
62513,47.270250519681206
82023,50.36379718663836
71806,41.21825161750284
48488,51.68768728022277
101529,54.42131231160555
73785,48.74770724474943
101081,42.633576201489944
55455,23.661038275615706
37933,56.463419352285875
74048,58.91677339496556
50248,53.31266266300194
60876,54.83639708443607
9713,52.037955951136645
65398,47.48827594120222
84522,55.64843205338762
88856,48.30734945435583
13814,34.59399527557707
70590,61.920568972883025
40248,52.662405331062565
68806,56.52799440525044
102560,48.66705202662569
30927,65.93569926667648
9670,57.965555678294045
77244,57.61763068024901
93147,47.75204208418887
88012,56.82227479699696
5541,59.58651562671712
54114,54.25155265834007
80055,58.459212896949126
84066,60.85721356343134
64893,61.28657534560446
84644,58.7841547588822
1164,59.66092488268255
36482,47.33209363034545
1579,32.03137199768783
23908,54.7717931285823
68977,58.16839609662628
69894,58.710197423906465
92691,46.76535918456636
56833,51.83648561388666
90690,52.62739785199959
88873,55.240991279821976
69708,49.029160033248736
73698,56.75194231306741
100237,34.23686956340026
25551,58.885741262878724
14641,54.30165939616495
64349,49.16409538131801
59436,54.272308509499744
64537,56.48152517065582
64015,64.40712823190256
39864,40.85485894072509
92472,57.65522949299394
201,57.33579390142744
21485,26.71934668671094
44883,51.41031091017119
37526,59.20542227390707
59209,51.84536938993913
66758,45.89831193020354
65836,54.16309023763607
51392,59.07915900884086
52508,47.64077004881032
40513,58.020409739115806
81722,58.46150288043913
45703,60.58130407752835
52400,54.553190268918996
52157,58.77159840816341
73347,47.874430823402434
37107,53.726046528011494
19649,59.81348776249466
48620,58.80183498671843
37742,53.19363301261683
42336,55.21153973697974
44121,56.541066566722634
44242,64.08462828519002
44877,32.05367191366139
65933,41.838328813580226
58159,51.284142563873104
30819,54.060479883648725
66254,48.81430451767141
40945,61.668419461588414
44259,49.21769836047813
6217,55.87813662896266
30496,54.442610847329895
80326,51.22505182583917
96205,49.094808303896116
14194,49.02740977594878
49927,51.17842594020705
49406,55.01283466515693
66139,61.7894632824051
21396,45.0608820341137
87348,51.099446144663204
54909,53.798901635373454
5050,58.62257338571856
29061,59.17371586738936
59910,63.274967081588265
69010,53.074245707706396
67201,51.904934043566406
10282,44.53212464094625
75465,66.00092471331135
43350,45.87982294990892
21230,57.359598425988324
57948,54.58942203201896
69610,44.52624678667006
37216,60.64086755008949
34580,53.09856219294607
91949,39.94855609255094
81407,38.7618765709959
52250,48.14635621263439
58887,47.56438113367936
39836,61.78864509371926
63017,58.70994344630366
79448,42.364685932962374
2685,58.51641741720728
29635,50.50946015379672
45799,64.06725437362924
84185,42.08516267618003
37246,48.78757618418902
50627,47.57560827695114
42651,61.53809438709594
2297,56.379117045621705
5919,56.84002272142795
50699,61.55083247316401
83406,54.123973347881005
23013,41.6392247493658
68456,59.955724731344304
67142,57.92508278300113
46384,57.549740689303356
41558,54.848438158634615
67962,57.95478783001632
42437,58.81135825902665
59599,35.79586066676576
5180,47.39107894059928
79598,57.10150259976218
75843,63.72474035927333
10513,57.85288930300127
45951,51.89791246246205
101014,58.19088284286972
20620,56.63117104241957
18221,59.87770629960176
83596,49.04542254615764
41103,46.962254666710564
53468,50.53479432701608
19467,49.51415401134756
86057,30.249407561466334
61970,52.6582793853583
11496,61.326839451242776
1120,53.315522707189864
47243,48.794890077489036
46653,45.170644032001235
77895,58.89213586018002
77443,65.74660987133147
17162,60.461424473194235
31187,48.42222419441179
68535,53.809341834523636
48395,55.43601119960033
33920,58.71958904370348
32168,49.648400328620696
69963,47.89136529924478
50298,44.539100192015496
63533,50.43733430473244
10211,58.10146217180892
10208,55.45978868905249
64077,47.76012253114663
16712,49.9376331390371
55906,57.90333972486488
43814,56.714086453292694
47287,0.0
34977,57.9714242514828
8099,48.85741901745478
19908,56.50707953981185
1516,47.613988959825846
16717,58.311968034750265
95550,52.45830326393337
71590,52.558682109400245
5507,62.6703511160497
37842,63.01157823097001
88306,55.63254715308142
70032,0.0
55545,60.28095851150529
68595,60.92032689459574
100559,55.62540895491049
80510,54.25255210554134
86851,58.41328237895151
50389,50.91158578460844
79907,55.455511424977246
43299,60.94074995110129
12867,35.01878960427502
77306,57.9794232064836
84472,50.816481223833186
100469,45.33936906349521
19303,59.962726150450024
34214,54.846543845499056
7943,49.48949429763403
94439,62.853081488189936
68874,50.26952618008592
39081,58.92257597670912
84227,45.26172145323428
39502,51.448821220801804
81772,44.9968673375773
83791,53.86170877073431
46337,26.853555613608474
71427,57.826853851138125
46097,58.38277471524313
42089,49.04094202323718
53508,53.74841578648915
69683,36.6960519916833
52602,28.28921946918974
15734,53.68498819132314
41378,45.52451024664005
98702,56.784317001585215
26618,56.425303601710795
60716,62.58759341375493
92730,43.12932804264928
55624,38.84170349885533
62576,59.86182604392101
86640,60.87247430848972
60750,54.209411586371004
80449,62.33237585542321
7260,57.55307537008594
8937,51.7470465005686
6258,36.77910709115819
59849,36.80250160361362
34470,52.43853727827117
23516,55.80999624226061
90348,58.69117545901109
8398,61.96176237663994
77853,41.95805124247635
52185,52.43289854416796
28283,52.7979753604978
22649,57.53502905294169
645,49.841694776506344
23182,28.387876741659234
79170,58.036148626835114
61752,60.64472688817685
59263,61.392724748459024
88785,47.36630840460118
57616,37.39468672913196
78938,58.32056447164114
53520,58.02172633686054
62741,42.236836749124016
54327,55.27752130559678
95426,41.97010007273433
99509,44.66569503030526
34677,59.055245536327725
9647,53.14191959581804
54464,58.63566774703946
59457,62.419238336469625
31980,49.91802674535475
62982,53.198525873326425
81879,51.66800261521321
73764,44.822228283398815
66650,41.547975381947346
1824,28.651712734432564
26555,49.78260498404202
76126,46.56288879954486
27030,63.89094009483712
31883,32.67503283742195
21692,58.13935640012112
40371,61.78097246491785
72432,55.66489687939582
24470,57.36517230517034
31572,59.35979009273561
58346,39.69716677264065
36014,47.350283941249984
76440,47.492101360435214
34055,60.755695164107514
5999,48.622855397768284
71156,60.48551253881257
13494,47.798568747432675
33278,49.5520737107858
81187,58.72845020090433
15268,45.993315444476224
89609,49.11737319891805
67873,47.612525776486784
89743,57.68881467770385
73359,39.11754168366589
66858,66.26580090301636
29346,60.30251322777829
88063,57.958469738150185
61086,56.411023377739845
92390,53.06575063616217
99992,60.93732486750433
75320,45.26923427083651
47016,57.63439716808307
28076,44.08515691572393
12139,58.49686777526752
64096,55.44856143935858
57662,36.35834056125917
87991,46.377328886816976
96834,56.27004686042612
11258,61.914876389639005
32225,56.96300921314864
39832,53.406574657426184
47840,61.359179896181146
36007,48.70642967680243
79090,61.01085362473867
53347,29.181147221331877
28713,48.30834929704486
10057,50.92785332753117
41668,53.18785392637443
96134,43.27255073510675
36859,61.83138638001269
9865,60.227500429539305
93912,58.658587906974326
24584,51.81887576660937
51971,53.35300471588081
35025,55.797048700141325
81100,44.78818467401429
6468,60.258815424643885
66570,51.3857304167089
54026,58.441090585008816
46635,61.47410406921518
4111,56.95261598471811
79148,50.72674164024202
52478,46.266384788539035
21855,62.31583460653819
76680,43.17868611688506
43176,57.186314845903524
47014,60.20501747484328
5324,46.63269102673458
35492,60.349030179220435
30325,59.181232343386284
29742,35.71829518932839
11658,55.08955502336461
68375,34.640644328323596
28840,41.40343252882902
53838,45.90237197713207
35821,59.31246032928378
22957,46.54159406636572
14951,55.25933431498794
78530,61.16298917408598
87356,61.3951275527179
33871,56.91317732510367
19743,60.46945930125882
99061,40.14328331221843
68822,29.569351900747332
56354,59.97529167310268
100638,62.752716687688874
16682,33.01193602305209
5332,51.896940881104406
98392,63.78621239152997
76611,55.618196313301034
99498,50.18856414826
87761,55.050191967465175
87417,52.01221460146699
59009,34.36466858169639
70452,55.33586362824045
16792,47.673683586817354
51118,56.73416253888898
78448,38.47905231704101
15369,59.00377654923842
18025,53.73817995181746
81501,39.557807470397094
94116,49.347047108924116
2512,50.35342122584173
63026,53.73339001382537
48506,38.8890950388742
1191,43.46575243086562
32507,50.72849841948655
89185,42.76504004472767
37280,58.99569664604898
66892,49.16456431720109
31070,56.8794325391766
51049,55.01832185054419
8349,47.00612004921878
40576,58.5783500373055
74307,44.46996292706487
14980,46.937228838613834
40465,49.394969261550756
40329,37.681281318283865
24451,54.86985295324513
11562,47.31030248404212
70710,55.509535942449006
39193,50.35537672414291
38694,54.430808425077046
65808,59.248072395545535
1559,56.24417990497621
99186,43.516981768480484
42080,62.04471575567658
99094,55.42575533179737
75747,61.692874846677874
77520,45.962108874366805
71671,51.97662595687478
65467,58.47936459119499
50194,51.27953065450342
98568,31.484558439381484
75859,63.49169943438118
82640,49.850772462146715
36038,59.08951250110574
94011,55.08379651100844
7540,36.59477985338613
95880,54.553450937224284
14065,54.7617197505284
23793,57.398572094078794
48000,59.85081771005211
84392,65.74768371185158
30916,53.37024210515092
13161,50.55107147508501
23584,48.63355958990429
7834,57.21083722327956
28527,47.277039171039135
62855,51.36537218031715
97562,58.438847851896426
20522,54.257863307954146
43040,64.60969760744032
57042,49.84633559593623
45879,42.43079971255443
38839,62.078009280931276
64961,53.74108344389886
48659,53.90499303728588
11525,43.99120624450394
64007,62.139613445947944
6996,49.28902860192958
79806,46.477106761802894
8644,54.03209565659788
66404,38.75112822985445
70817,52.64151432280417
96515,55.27845344404802
22940,49.73368703142807
30068,55.29152549796938
43336,28.14642603363761
57687,26.511782921659986
85799,52.715020801964826
49749,51.4304547534311
38254,53.037251519927565
14916,38.40506223363734
57710,53.798150789147954
71008,46.46322527278933
71309,50.40021740877659
40401,59.971986796929244
42363,51.37637251798311
56514,56.36509315655609
46398,46.57069263203969
49809,49.55827171044255
5201,58.41891494770793
55435,41.13729556140236
19462,58.8155094290746
52794,49.12827238163975
11461,59.836608471500995
89696,44.810136766160205
79222,39.27121610790161
38499,54.19362347725098
33640,61.22797846408151
73072,59.72761616748067
20017,62.018272903957126
95340,58.14763229161163
84339,59.25829354386333
64922,57.603984122130925
67445,55.61975449752507
91926,52.347807920378436
3105,47.20974751352207
51739,51.76464943814601
86445,40.79829167230405
96621,57.550698945845866
24356,48.58533497073267
36749,58.187504735337306
85873,58.80450642216189
73621,49.942259110367544
98030,55.76880520347858
62650,57.7601705655449
27197,58.18857885153807
46522,39.58496433318849
53021,50.93823748652962
74404,54.854734816649554
50493,33.162726323464504
97084,57.189379116035894
71059,50.98937469245044
31583,68.3549086740272
53014,65.24951371042943
4894,61.742681183471156
5618,59.034035396345566
70964,53.172738965557286
37690,59.50838619990978
43103,38.10854471772576
66702,45.57962146274256
92038,52.55938717869328
5940,53.349167023533624
44895,48.359131429816905
25006,51.91985567473941
75403,59.33728201156169
44016,45.07665098477404
13159,51.45884038921365
34085,45.21685998228807
37416,52.06478682532861
38820,64.24343812995707
42045,56.87117403826966
36790,61.28855115698572
43178,53.80024751421286
26696,60.52433520614955
7388,57.063204326423545
28602,36.56098860290069
43190,50.14426485998236
67948,56.436771833582924
39282,54.17540088301803
87794,55.900220597774236
102602,57.4085943041906
93530,52.04599954950879
3700,61.761096355184826
24727,56.45701058218004
97837,57.760963450847896
17872,41.61546232865872
52719,50.26815174603925
83352,24.445432794981965
94309,57.67458078497175
89561,45.06138998372289
32147,46.53884202124203
90219,60.58334638565191
96934,44.35618595860009
60822,49.59808803173728
98639,54.29730477380056
75195,45.64105444072906
9850,54.5443174668646
19497,36.43457190370356
86788,55.908454334301744
45418,52.27558625516279
47990,49.75094695320514
1690,56.52198871515914
78223,54.932793997485625
56466,43.98426909758231
48286,61.06112543481402
62155,47.58656510828286
12720,48.667560123974695
53182,52.71467139666877
24679,55.32756416675243
80221,36.17259034321884
93695,59.2937572977337
90970,38.132039597295105
90892,61.34211435160307
83598,41.68844468504917
55303,42.1981234382318
37625,47.93695504624366
92723,50.43432926266225
7802,52.51969516546936
62210,57.42296894006485
24829,51.41281456610161
47486,63.58456650740017
74176,48.100878479746164
78421,35.61677089545604
63899,58.34024751872539
29481,54.83525934223916
70429,48.04921695181974
89658,53.877075325118135
87793,47.91122033520835
98201,50.17318647090933
69208,55.7673552411613
10991,26.58982267025916
83900,51.25730732938569
74004,47.20086849775236
45292,36.31002868156773
76766,54.83058590713769
33172,46.788327124894934
68198,44.55412222457315
15735,37.53508069364976
23217,61.894543934556566
21259,54.67445280146326
7589,49.917800074604045
65212,47.47732403624925
19311,53.326964404207985
12588,50.45587543184994
58182,50.839863011722294
55779,32.158963128167905
29683,57.59018795502342
75493,51.88804276848305
71252,58.89085261052412
4490,57.105728194164286
85435,57.37158323700072
29312,63.349289220974036
99532,66.60615587742123
69984,60.123616655613574
67755,51.979431522155274
61505,37.75864487466718
69185,58.67959973966133
9140,56.56512333227019
62667,53.96981294478144
3764,50.6326544411452
45508,54.57969016310843
68764,29.045376008196623
99012,48.77599179306352
20239,58.65884422573362
90772,38.321261337200404
86500,53.31309282443671
50861,47.855274022714006
39613,57.57649455186295
19183,49.985827575130614
3770,52.728416098364235
83032,57.30735642532218
64197,47.515415776144714
29987,51.406975137012545
88929,43.664401262511
44831,63.61536866395599
99655,58.34075313549694
16052,57.4280863499183
67963,58.55024479748954
20439,51.450098053647615
53135,43.22834692082964
76468,60.014960316630294
12944,60.09488079528065
31291,52.45523573244675
77788,57.34477774843401
13828,12.3587100267669
58058,53.786495516718176
61154,48.26146074509627
85528,44.18595391824393
57997,58.067025419313325
73845,52.00507319546398
48257,54.53404050680687
30339,50.99123993090339
92352,64.51229285502964
90001,53.073604584972635
14836,63.91678128117866
22823,54.170208942443864
49339,54.39060668228754
76019,58.383890201818886
71894,53.270408434092886
11181,48.5613425665244
84533,46.87214444034397
48458,60.64219894946807
67886,49.14659245328063
800,55.96246059104525
15380,34.920941570690054
43307,51.9992586897755
91795,46.76026639892431
56516,60.357178212232725
39839,52.913400875803156
71044,54.25225976233685
58587,56.91176594156539
62206,61.26812053597513
45433,62.09557001981174
97639,54.71359673930347
99259,54.886329819478426
40769,56.24838233686806
83613,37.41153464728917
46476,61.09035256478864
41521,50.99412815252285
16277,57.705185172404555
58450,51.27685715436215
34911,41.89556066162128
79350,64.55467672720903
15568,52.860979813735575
85127,49.390618283939794
19754,47.38344502526093
92099,42.77461304910227
75599,59.69993005410666
27120,53.17351586841785
3914,30.391957511546796
100616,28.9544679649272
7934,41.777488676219896
24244,20.3436297734075
16393,42.830583172867975
44633,52.146774992097825
87313,48.42619082259104
63014,49.13001195575422
74888,45.43445451405403
60487,46.81786966547535
80266,46.346126446899966
29201,61.44598951936621
56115,49.56669771670173
26515,38.99378981853559
80322,48.84123911427001
49906,54.92848166654932
75521,51.371372419376726
66225,33.169460889813756
77150,44.878719857937604
24389,42.020133214545474
63240,58.39518199407113
63386,15.627354860215632
75064,58.44312545501566
96685,62.73930206113454
45795,63.40914187523072
207,83.03670125892259
89006,43.77891194871993
56960,44.26772715023751
57852,56.64911613405438
4279,48.39205380619209
48961,50.51001845863996
55965,54.0514429523795
57790,56.04589356073549
53003,57.601742227756986
55918,58.997350812590184
82307,56.86604484389975
96814,57.34042259834869
50773,56.58559032880799
38656,46.548419692231235
90808,55.934597380508286
85240,61.293874720491566
50730,54.47711382869472
94019,51.51014669290965
41226,56.3699398630805
52088,61.939244416559916
70408,53.72203550307181
76682,53.74530835971957
13473,54.561255805079924
23305,59.35968980039637
80301,56.68317488803167
31418,62.413006195319234
23710,44.96080412778475
5495,61.72879342476006
71334,48.655261264532804
97857,43.17590816288609
92728,45.9370965452205
78836,48.19506283184295
73872,57.45528824029662
100263,62.811731074271215
64783,47.77566801775389
80325,56.81243431697127
88871,60.207509367472625
38214,33.845800821300344
18678,55.363001975572004
57703,82.83331379993882
73212,58.33484958950292
19771,53.44489633429836
18015,53.3269809871466
32329,25.497591239607857
20380,56.24217699635793
57118,31.919956373576095
86623,53.04490607653331
31984,53.352507471931055
56657,62.3614164677107
84453,58.935305599228435
29265,61.48974559302283
54116,59.670269574012366
85007,46.409132659374066
12183,50.02589792803727
92541,49.65421220126795
94916,49.4867591410671
61385,62.58832781041547
71883,50.59363190733717
80565,33.43657080684622
10923,51.82716571360962
43772,50.12550587930194
35049,58.69759795098755
27135,55.75671624187104
58558,43.516211341995174
4685,36.0551319209901
1149,56.74391280573985
21979,58.94212994220807
6662,43.61151015298762
6728,57.63764562018973
12935,60.12904986640212
95633,53.01646550506815
27413,51.366669565647356
98432,53.53928884757805
32793,58.60762810023254
31172,37.490798716661445
30866,58.17342021013751
60465,63.024791286944875
14789,60.348945431990494
96283,49.34798195074597
49912,57.154369690484096
52292,60.35320014283512
94827,49.75869860431687
86799,53.260202902212065
91777,54.82826047525455
35607,51.20805431053769
32616,55.19928234805981
92840,57.31120736126231
84309,58.50896787313813
26762,52.8210541091143
58993,46.170045247767376
33294,60.569852747006195
52060,50.282491478959116
80206,49.03265164250465
61798,47.25256988725558
63829,55.9261133121957
92589,58.2084126370527
35380,41.05362096625612
61884,49.65008283528965
44330,56.23621930416045
18083,26.899882338288098
30033,51.75251907493434
88949,57.476287082148026
79290,51.88791054882052
82760,54.35889520626884
52879,48.43299854951355
19212,55.29509285981311
97236,52.10068622618442
96213,60.5238178774178
99618,61.71382196804533
44034,57.5731351017516
61583,59.18078858797114
80426,31.588792296753915
10903,57.39401230667522
3596,60.20962378669344
35704,54.35324847481567
15847,57.36517230517034
97790,45.92581177956685
18366,59.18071459098161
85566,61.34303511104034
65562,47.47360303239147
65358,60.727771995103325
14164,48.48920064645536
51009,55.67649136137969
12725,53.41080200342576
55184,51.50956640952247
20565,60.68184409588565
25654,51.00348485458655
15541,34.65525179337766
11821,50.90727617579602
14589,60.67419351232319
11853,63.7837833387334
98800,58.71316981560608
33694,37.66885397553904
16055,62.665165384516214
6015,61.17461813527926
51153,56.56140031265627
51134,59.57395443551317
22795,53.14333731016182
74062,52.00144618927234
4540,49.789041557207696
24196,55.04426459079086
47972,58.95224086677061
84058,57.41027063145961
28459,57.878937038183025
94874,47.23354606437437
6806,58.70346668020983
51375,62.53761150284379
8842,59.42608539366606
82315,53.779403128838226
665,54.609345553838
3738,65.91362947842754
16363,55.20800940287859
73235,59.646415308484066
74354,47.27601887206939
56485,50.20454330021239
77139,59.12984674878511
34017,34.9110784736695
93613,56.26270486155398
101632,61.904073463154326
20650,46.7413413446357
74556,46.45114275694105
26330,51.61312468340959
28512,46.842022652883045
76047,45.08013890578515
33783,45.26928212938838
82839,49.39022687444238
59945,61.70551073951278
48894,46.56651352959874
93562,43.4006407346169
41923,57.950772434909965
21192,61.27803470962998
49149,60.052400034200694
71936,42.07817757041193
31654,57.39703752823413
42932,46.99722271396473
30210,53.01174380326735
45339,53.53769286685493
4469,58.7852092657547
50089,66.60720279996276
60697,47.42030193512388
95982,54.973257140721984
51109,62.19558134010848
22373,64.67911149662555
43411,53.20136970880022
94734,54.01814504830292
75732,55.42986083751953
76031,60.361474805281745
13433,53.77946277360433
86418,50.00839993123068
83356,48.34606221673534
35365,40.814494378581
75529,59.08699495399152
26251,60.903644324341926
94828,49.29891270341902
11082,46.01160748244478
42288,56.132944676316015
79379,57.22378776386591
78019,62.957682503030064
50086,55.317281189321086
3927,51.45675146309273
53848,38.46562865245227
48933,47.928617737154596
30639,45.21976686001104
69157,63.302593009696096
80577,37.89931231653783
66596,50.67407681086907
59952,35.71372130668323
97284,45.45109584619431
9447,39.79010218522155
74269,60.11044272916229
69987,34.55305048176534
59646,44.50666134968048
80226,52.0199625919681
56294,53.682804572328514
9495,64.07807046438481
85074,60.18904122885774
10469,54.449032930951056
21861,59.90625591992147
49889,33.85289779099317
92247,42.71230705112728
99985,57.55229378736682
101451,62.48654515598626
67860,57.02941833823381
25169,60.342824360487114
36779,48.51855018092883
1237,59.83573844070517
46164,44.05071882852201
24028,53.25602352861643
84653,51.8987360728459
61227,46.16608604308671
80602,61.23188465236046
72666,62.57789140366781
25850,52.38866164660163
95460,50.17388929491922
85773,56.92610171882286
17533,51.77381466955676
12484,57.090319582003154
97572,59.65091907999696
4830,55.2265619735919
24867,58.33290833144323
71772,53.85353161968796
44572,57.927199830630705
37613,52.77530241744283
16170,55.83760481195115
87211,41.15969138168812
51597,43.47400898812288
44758,54.403518032794075
102481,58.55162147907941
87922,52.92818724848537
24169,34.95983569884256
15040,63.21350335545654
96959,57.70783486139442
81662,54.61588917859465
68898,51.38268964027314
39095,60.12150500803241
82081,63.468907134348264
28116,53.31306334580276
98536,50.04234820217309
33287,48.69174778409178
52515,32.02713807774321
71398,48.62740512755302
6514,57.26707510442655
46667,65.72414908168692
21437,70.9588630224527
88617,52.76309209720437
8404,53.59051472068676
80770,37.33771012881496
48508,48.85325161063341
20249,59.64102166319324
92797,53.27515855538442
64330,58.22529449204651
46580,51.91709037281193
15666,51.23905021898745
39114,53.375360395574205
8377,25.06127769702444
70760,53.444151139567346
97283,47.57085625146474
50407,48.18233439138408
18132,49.32540406719151
20081,42.599453780251004
12885,42.84848695157824
73346,38.4055321049705
33863,33.19632007572271
75987,58.760168281141844
42511,56.478011564122994
32421,38.736537569719765
81011,49.98589523197755
93456,55.07372401580457
59716,56.243395514795324
43128,45.58995719534892
51145,47.5400447256308
16030,51.6868444004207
84830,58.31054867594581
98658,53.74260567372998
76410,36.50721798348815
28671,62.58832781041547
52318,39.99795231131421
49195,59.761217078610734
68521,60.17562288224849
65028,57.22335826778773
21691,62.59262954203352
42191,45.179789135863025
32366,62.31157043090917
22634,48.0752715081673
77509,47.116525123633544
89983,58.11618183893183
38748,48.28887586712719
1753,49.913786723166055
86389,52.61363816051274
70729,52.274746180743584
86790,57.98285998694645
49385,60.374590908438066
33386,45.47873669307776
9209,41.31181218330451
73090,54.87845281287851
59909,57.800226152725955
28350,57.924105741514516
27182,34.93543129979724
23546,48.358812331819784
34606,29.27222339329833
16463,42.23531854072674
63979,57.9781414180195
58411,47.66656968380459
10561,48.335368853643104
21489,51.36505312326561
1793,55.354932140915615
102587,60.00168638364009
93499,60.181838233270696
60738,62.088161336596585
42299,48.40820376065581
29764,48.01320489619723
79602,60.69435102512247
100353,56.103724203352876
25304,53.91097839536703
72999,53.366312882791775
33538,55.991057018418736
20920,51.42771621653248
31693,56.59282974233508
80002,58.6107954857726
70156,38.550977007677574
17835,35.42385847308677
99779,59.11014257510132
51755,57.25221971085971
5904,53.95171684166071
12987,53.488812682652274
31772,37.2265789542204
72563,34.275277933982274
73204,36.429488243150374
9532,60.09850066574154
37213,52.92066834419312
79040,54.03012432523081
90081,68.24893039736003
49617,25.834756723982313
57170,48.49873238663403
14734,59.66034996880626
53470,57.720352800286314
30808,47.95085461529817
13520,32.129280768918505
9773,41.80636968429763
18951,50.070285503719454
42427,51.90386336248167
64538,57.96400260080313
86985,48.527840233572675
56849,38.90011244378634
56241,49.50285932019847
58116,53.383191477636814
2643,59.875343253280995
97417,50.94213138617634
31221,41.08814028290891
34546,48.08330327643955
92216,52.42126276962571
91847,53.91268268328887
44028,53.44949751904937
55449,49.328228457540575
89400,58.02615619808901
62742,43.447395146215875
12979,57.18482990173639
91869,39.168792520111666
40779,45.63050625178288
87878,52.18768109895922
66711,56.115547726965424
18082,54.63213774260947
84846,46.28224675003679
54054,61.202120047582866
40291,51.16110261650537
13206,27.284159702390088
25631,56.44278769431925
66251,64.29282576451007
4565,57.35043672465689
17675,43.83935524165673
7016,64.4122703848731
4230,60.08512861856104
60109,46.25904288997699
61965,58.259060379499324
49938,61.55577179624087
28237,52.9286105761054
65512,54.090437086007334
42478,44.46645978681145
72730,54.47931575156631
55678,59.793709107847356
64866,51.082751605258395
24865,41.58671922727607
65884,52.009388214630505
68079,51.05917743071291
2379,63.1287069175183
82832,51.35724825636996
27888,58.56029834410974
91853,52.685138647094476
28975,60.168037644474495
14859,63.04464244846659
20778,56.262938633142
68559,57.36495662816114
34988,44.67852962521641
69681,53.61086852939859
76544,27.98891690571485
26044,59.942152432631424
33991,60.87615311365762
70624,44.4552576733375
15580,63.13886570064966
69997,55.6521608833563
42717,39.900336186218766
94929,53.42918214676256
53481,48.83809485926967
91828,55.36863112865168
9357,51.919568023850374
78524,61.666329715890534
99189,47.816453839004026
84320,57.04712422948867
18111,59.1794539192081
43674,41.955840837511815
37622,47.71442742556619
27065,55.112165866329164
93845,36.034535575577024
4048,57.13119839093613
82801,42.96878560825582
30590,42.27682155000929
44887,59.502722323524665
71931,63.20850904785843
85511,54.29137705219132
71120,57.60716173766849
80187,49.83388231761259
28072,44.90520796674901
57893,43.39037673424349
27327,50.59229484815908
45672,62.631885902324804
25757,57.14179868046418
43990,68.24893039736003
31907,55.99037806525784
7524,61.937791030172406
65946,52.565428085181296
10337,55.261218046597065
68029,56.014428137809105
89781,60.22346624284923
44909,60.43228466764093
49930,62.77533532050471
25268,60.294692793045144
65964,54.381886480908584
66862,48.46891762606382
59602,50.304726643940064
3180,57.31751633398184
97863,33.687487699797416
52785,60.156261820725874
52648,55.543973396961526
53429,46.80088076170055
66041,59.25572431961124
87496,36.72584839409426
90596,59.84163041544062
48667,52.67037295064384
83985,51.8113371888638
61768,44.29754231247403
59200,55.185499540063155
28783,57.06269768274235
47183,55.16839795144399
23449,54.01084603666041
76957,50.121214315647535
61016,64.41193849335102
11661,61.513012665595866
88552,56.59282974233508
80106,49.07045845909753
32305,55.30288557499418
67397,56.68099965188263
97379,51.71207547008854
70107,49.58193748006206
81852,59.68431907290902
35013,59.871193594232224
90617,44.27792135414961
92344,62.41694632141709
4284,62.291190215709
1735,51.311492833970796
73836,52.058114062772844
49970,54.10986996816844
50033,43.89629526144439
83566,59.364971684927085
18197,32.24704049644803
72073,57.69505952269151
18798,52.794988288543635
61512,60.28365340075045
13033,55.28161345676931
21991,49.25413775021661
13431,60.934417231561596
89756,45.87310737908839
89853,62.13176910778532
39990,54.362721618883945
72938,44.977812747919785
91855,51.44679619235708
19482,29.857095633260176
55252,50.4877064073471
11267,45.35197849646355
93636,50.55585464628264
40115,41.476667231781676
57582,61.46851909518138
23215,48.97503315668855
98849,56.566248237576225
40400,52.8962756886981
76213,52.00472148392559
19065,59.30134436333577
25379,53.38444115529805
41648,56.49083242889805
2705,26.82389665184389
68841,50.85620765787751
57312,59.44579038345306
1527,48.06467807977247
81179,59.945971214989214
52651,44.15137746665777
37471,54.23620048124221
41913,29.536763097106693
57018,51.33383720981876
16575,39.015510729824406
58845,62.187264866624574
93679,61.08031907548744
94615,57.295058167122676
99494,57.14841813106993
87520,35.915368886670606
61108,60.21899542663243
82658,61.7686555959403
47142,49.896542256429505
5354,53.071916250048396
76261,49.46065784170461
22197,61.50487174391828
96590,58.76884825889315
80312,57.30517156219864
30921,53.03737053048223
3498,58.112880775101786
43151,60.95478941330302
53084,55.95234890551694
67650,61.82667106725657
92788,40.81675248067223
35230,63.39427585299674
74290,50.115934302162394
21191,42.73991523383977
68358,49.58367635508427
80058,62.12738564690733
24121,47.00481628385503
37508,56.11669513154736
5103,61.068025490539135
24765,34.49991389742935
9526,60.365395542442926
14990,60.61719260738556
89512,48.158869864131105
18279,55.55830419925341
19152,54.25185718553257
559,49.551593157492356
92603,58.02264475499645
86670,48.07993703181504
47231,54.98927876531568
73775,50.43132587652364
3965,66.71029833955367
49500,55.67252292517663
27138,59.32534326799041
101685,62.10507560053739
25116,64.59175744723493
11483,54.3299921335297
26201,48.15926782472317
5534,61.78735825563307
35768,53.968583554279626
100976,48.85738553808725
55267,42.049713575598155
56678,54.78757633792766
27878,48.0283777290705
81090,48.132513255904655
67861,60.3740376305919
34802,53.75526298646252
14981,56.20461434079086
20107,39.109966088295174
100399,44.182884480200435
40821,61.243148195461146
75067,39.0887526846665
55950,39.610075511540984
36103,24.26739598325403
85906,60.10135213823443
39192,26.101122111334156
51430,56.54696354305028
99870,53.70147929252782
43538,55.100492312520856
59506,55.541001042510764
57339,57.27438992879852
26813,49.03553908684702
78943,47.815365564981484
24653,60.73341133950556
83323,56.193801000723525
86311,44.43877213087661
73757,59.188262430610976
26007,38.200730302886654
38027,62.27956155034322
49871,62.631109776640926
86257,38.37532838467246
72052,60.964288448882314
43286,59.424932594072985
101092,46.06988497149298
34036,59.987644465839054
97345,55.04639876603477
54613,45.39932230914923
53989,60.82503620777121
79936,52.02983720244698
70468,41.219087856210095
43554,56.156876895347054
23589,54.378155619860856
32156,45.85215663930873
44554,43.573952605980914
13795,53.84269253184136
79677,49.8048013140821
23846,49.01545313596343
91121,37.166253542007226
9352,58.78532619222443
73461,63.94169701823269
53438,41.30711852762157
53166,58.64791950543838
11706,54.539848998572005
81277,56.26187681975033
22772,47.919071436526195
9166,58.94012046309318
277,35.422854435683895
17195,29.40680859189017
74100,39.89258536960091
16781,44.31379034534365
18160,59.856562795427806
77315,54.88063830149207
75266,52.16087373547424
100318,61.682306868078335
98316,60.900043547023714
27689,64.08409533945783
48679,58.72856332959543
45819,59.59782947080637
20275,60.01051783720739
46886,64.68878065178555
102189,48.67007629214016
51576,49.56608797078139
9917,63.10616694061446
86433,37.45481988446039
79096,54.99143290195778
96617,52.268100974854555
66775,50.41659057919942
53308,56.24083980635896
84162,51.516666578857205
92048,53.64698909347396
49062,59.66893726705303
13336,47.47873785469492
90980,53.48609797699443
1390,54.75425090649085
16326,51.75029802776669
31435,52.83483870143285
55197,65.15933329276811
70996,32.8559002278285
96382,60.09439155745162
70140,47.728232406927596
49120,46.01015347089555
50950,52.7512632011349
20680,46.397816660000835
8837,53.9384460084359
24420,54.47437809766996
3956,51.788354575142776
49021,49.65837583108377
48238,59.70605869699817
90803,57.894023840209904
102493,59.37823864321105
55472,48.87464319971246
68130,58.972968467675585
38353,46.84703731988464
36279,48.18101846186975
30660,53.58544115843121
53491,54.179009447131904
83899,53.25569437025437
18784,51.477128901077315
74699,63.88677057974728
25822,55.034401354258975
74452,61.46976227033003
84918,55.524473445822295
8995,39.16144155694835
4783,56.99482319975141
76097,62.07444162035722
87157,59.007774441247136
35219,42.43764008730207
64496,52.57349389475881
58940,61.09872376329508
102401,35.63751636142652
44145,33.84229950894666
101108,57.08738066377422
67992,47.96819759151706
71269,53.23351522348318
36317,28.598243493294422
93357,61.19131683976996
47846,59.35555017324373
101961,53.50496920665107
41890,61.64255996385707
52784,61.393245558716906
16297,50.18221949225403
87542,59.089576017599484
99075,62.79126995159899
30693,62.78442793146622
70105,54.44314527756643
65282,57.13029086207973
92827,52.22793827966274
5408,39.000009885987296
42361,51.728682700149946
52476,58.26948855130338
70009,49.66346460993074
16696,51.941793843370846
70961,55.28347330977974
71255,48.481987363739194
56619,38.59889786758693
41863,48.393249852797034
34726,57.39084836272975
26426,59.118731156137976
23475,51.86134498720724
64815,46.301031828902346
81924,47.27704965030746
45868,56.94030927270322
53869,60.23535479975989
82705,38.050349888877065
36999,59.20657601227943
39301,59.348478468009716
36009,46.15018197021486
74262,57.94481922546973
58230,55.05120677653073
20410,48.37792137946105
91910,47.45410255418726
59582,44.6839338962175
28520,28.572814301230462
69325,59.025865988912045
94605,59.61900041240202
81617,62.51618958521509
27204,47.471814673219896
16090,38.10922824191674
70709,54.00627710238361
44740,44.27044139396619
2338,61.08912691894592
25176,46.84242868871294
15556,63.51065991607902
2721,59.31559398830308
101739,59.91252034498881
1135,59.31572225554102
78636,50.64231334843732
74795,56.630903923854945
52040,65.96438706366251
27821,43.776156689109406
93985,48.677863937682126
55740,48.55430461114541
82382,57.54860166446605
66316,48.69996415113638
10295,60.689007316786245
71182,50.09666845892543
79549,38.85491962406256
85143,54.96694426487214
60919,58.584741006837596
84596,48.06407098247284
74782,32.662749957017496
54452,46.402582720333555
100069,61.16512313591094
83753,45.37908063104584
73255,51.57242616292599
3063,63.074938978392765
53037,58.10914124760035
38909,50.00785076143454
20004,52.20261729078846
62771,58.391453131562166
11234,59.960246393788395
62556,60.64328649635383
53732,55.603979593663446
88760,55.33586939791579
89725,61.47556297261998
91255,57.03997072387108
62237,61.379321508114266
77758,58.999047957299894
46763,55.23160544515219
22904,49.714593721418076
64129,27.898561002154455
68170,62.28003902650474
89900,39.97561091535094
70256,49.874875799328926
57013,56.897836292932176
82206,57.577811024986204
33651,51.806868344337666
84132,55.72502330498365
42669,54.024539044685824
44047,63.42463265337053
45560,51.38242090413261
27579,46.86192445361892
49093,59.66660281565511
98426,46.244842123669756
94566,48.04549763939253
26151,38.61775524424421
31915,58.3698495512782
79720,41.13354862252347
51440,39.892697560552214
22803,58.66450138404741
73826,52.153007414216646
25754,61.03941794139701
97910,31.624846071986212
64451,57.86617892290106
65383,49.25815918627949
1208,52.22478051234677
45517,62.31617270935446
32896,54.78713103899518
41977,60.05613801405357
102624,51.08654745221917
17252,59.803367448567755
24576,48.8288090084051
83129,47.51458822883448
18446,56.50009862344251
63663,49.628487023574074
80909,58.82484841681995
46233,34.476139724549974
75094,47.04215790379104
57754,59.43136421684295
17150,55.81622524263335
2488,59.55511660025938
18472,51.40750940795014
77875,0.0
47245,45.7532281602875
75519,49.94634721273689
71188,60.67246645778383
67049,51.29726807831918
67372,53.19058126554905
66293,47.53562305687693
73095,48.85067228741942
74739,28.742839652686783
91856,46.75743967518218
98115,51.68580143453318
49224,47.076424998671996
94028,52.67904021192935
40125,40.089220353745986
14414,57.74765553602808
63600,46.69465177419405
87770,58.704630205788234
89507,56.16444982999543
94114,31.951679513999792
61745,44.80186810676752
4311,44.72102247040686
98801,28.647529508991724
42415,50.50006772567589
27333,59.96448968959982
9982,30.086853446355878
29632,61.13409846255636
71244,53.705445456329436
43660,50.75879158220634
28545,48.953111373476276
55866,43.48719569254378
23399,48.1771120450095
93114,49.609593527270135
58865,62.04954658733155
18940,45.979672424752195
23849,52.91485186802684
73935,46.1474705607544
43480,48.569588098360015
72658,55.021689332201476
85919,51.496833563101724
35926,47.94398147225162
66472,47.47779522780017
18177,49.16907340309552
93976,54.60846557031064
46994,40.61874013925997
94408,51.71062394391407
96552,50.28796813871211
45404,43.03568165163626
46847,51.69664876892154
29454,59.806847473745286
65458,62.688442630539235
93025,55.194928668041385
17154,51.703898970490165
17812,57.62769042260506
34587,46.76332083749396
81014,41.42275167625706
93284,34.44981372842015
90789,57.06120294677952
20355,41.66137665616894
66795,55.449789473835786
82247,58.63113622827464
81321,55.44684555810992
87055,50.30764093444846
58387,49.61821658108737
26605,48.97631316351573
100313,55.04491069636207
71200,44.241838792754734
41914,52.57737817344977
15748,53.84503940675991
32684,58.67361285737013
67018,60.955536682672005
39060,45.426903971054934
91461,54.63498221942044
66725,51.25654220315363
83740,48.04479154594361
5548,58.084990636023925
33273,40.97335886219285
46076,59.929761612929745
93341,33.28523221238039
73145,49.087359307465164
4157,45.76351793388099
42939,53.34921726919683
31081,45.26023807300007
41194,49.07728123302209
78908,55.210695516914996
92929,57.28290473557506
11095,58.321023743365636
18040,40.79123835098801
74872,58.42276405278497
101476,49.15857787763094
8030,45.253432689263704
49892,45.5801410495383
96806,48.11119244458215
46373,52.82753598319898
1470,62.18784250706143
69342,47.74042150586697
45647,54.333352565454376
46091,56.95904453150486
66647,57.92507668338151
35320,57.30235431629194
18897,49.16774669827722
5037,55.79070986004038
95926,35.870092800020124
22994,53.19593682448378
24418,56.875859979970826
49275,37.12889973576645
2761,41.58787393694969
102111,50.56657933056534
71012,61.008673555269
26333,42.62019905193015
12636,30.2171920422433
1033,53.64431914673282
39354,60.6551801986057
35105,61.66628716430681
26941,53.59899383822551
19406,36.13235557341376
100706,49.65959835981126
5654,66.21252319324847
78564,52.21372808071669
8204,59.64033192870785
14953,44.097345720673346
10745,33.98187490785665
42455,46.9587577522455
3502,40.00379616132949
8919,54.854913190602524
71111,57.66243628705411
54148,50.709118373389686
42778,55.2704018918192
92928,67.5030569654162
83631,51.130017262848014
48835,46.04009407894773
2345,48.99620015789377
65435,52.28761553638329
101224,57.637499629834096
1808,56.725520866902926
19703,45.3080302266589
60924,52.780042709829274
31166,52.06240556882084
58974,34.16476415306248
67377,51.67687842207223
6843,54.68973175311416
49675,59.154523060380896
32810,47.25221025417976
98233,59.94468836204298
66823,55.00453998256279
58434,59.71433820052476
87384,51.803116674834406
29258,59.36339793682522
45243,57.948263671625654
101005,51.137163046602765
77799,56.39229069514175
37281,63.03020026134239
52428,46.50490580561472
28628,45.42698619680578
83658,37.3018493486329
96254,59.58455907157464
61631,59.47139601741472
14893,64.59222330028187
28862,59.36193194004109
39230,56.699506135863885
90711,57.43658563111313
102290,57.38671636788236
49046,53.533262435084914
28327,57.365075799786
5003,52.24920690746006
21821,53.25814977147783
58299,41.10877307244885
60103,59.31284741668975
93461,42.80310519635
15335,62.460970045549075
51729,60.392779505064354
31223,52.52003219763922
31224,37.58635382483172
2170,51.276184392459605
58045,47.26028128885268
58200,48.98650724788136
10984,52.10288148576206
48146,34.124269250751816
54798,51.11046758992362
29205,57.80225474885105
34932,47.763747759281785
98694,36.662409586773464
52160,64.2531019578021
64694,55.688441836789835
66346,63.09793815239912
20168,47.3362154423109
94267,56.00324712089784
97308,43.32850864678327
36582,53.70027776239404
76694,56.98717032969679
80619,50.96535307261718
50916,34.09867740746915
53128,55.31991600483411
94414,59.80599210923158
64905,59.66303863351265
48627,53.79786648708157
96996,45.37508657237991
65849,58.523910820374
87682,57.70028357162687
17034,55.770052229555326
66128,58.19534339390628
59199,49.80909849126647
98573,48.022953088040595
57195,41.29818041634768
35984,46.72469522897045
101267,41.78404100302497
15829,49.70528248563531
37368,49.679737818297156
76206,48.26726488030968
73366,37.98268007458435
89659,55.157227015334875
75945,54.4386457892824
99079,28.110021809519708
44452,53.12007507651386
41984,64.75796762799298
96037,60.78857057236774
7948,59.70687735547709
68689,47.026342433611255
43155,47.880593089307006
8677,59.12847465166849
82042,54.07344468646101
38021,47.26414826743657
41699,55.50038027491887
84125,47.16064501213701
55388,58.98988833413195
23921,51.799109357786264
83533,60.51964860100576
20853,39.89579743414271
70345,38.99904828131549
97797,39.629870432564815
18763,56.190143035523874
5268,56.08541426074955
63857,63.63579295394939
88611,58.09370392620806
6230,48.70131524760757
35963,54.8285481328589
43430,42.78136959455518
19501,60.80087758092912
6534,44.42384527255626
69641,53.17243287034803
6448,56.8211764437678
17240,34.857063543038706
67654,55.83678877205688
97098,53.95171684166071
24985,57.715164971168974
79456,48.77548324677944
102644,58.09015899516271
63756,51.82813824195367
73514,55.43806464215958
82641,53.69230635924291
78290,52.09460120558889
89098,48.64109764887616
33419,57.193234710406415
89809,58.177363984430265
70072,41.61513905127774
99120,47.87007803515089
82689,52.69979560536328
52607,55.54434233251748
19418,51.542852249571624
12915,32.675266643758405
18418,43.48956634831865
49142,68.87291107974785
94393,60.82898888034886
18138,53.36855814224269
93818,57.15837648785512
78585,57.289483221765124
98286,55.19368015962551
71864,71.69875441661357
48575,63.14033261000109
48103,61.28031978952451
98878,49.182812501629556
73133,50.44256210863554
40107,53.0540895352797
95160,61.50797552165401
53350,58.56485273166635
52170,43.012013474871225
55173,54.70020869352401
28656,57.73447507078686
77699,39.588447420940085
37750,61.30684783564929
87774,39.815748372649345
25267,43.17367483372092
71508,35.26940781428605
96329,60.01557649371518
11799,54.88189959518003
41981,67.03539809150931
66134,37.23714588965991
10615,32.950854894906804
39367,59.728308964852296
652,54.62186668445721
48531,54.404830727193925
59116,48.941094789868046
7176,43.052513493726345
97368,56.977853346584865
15933,44.996647808352584
66635,55.2893951842145
27171,54.01334784656659
90752,58.311714187627615
24991,63.16497900853864
21161,48.05900351146226
67365,50.52974190771794
17888,53.09508614395601
9645,50.6363388064847
1153,55.65637836944172
62232,55.29721422468555
91878,51.42545117003996
101381,48.64705983982012
4862,62.28409254012489
68101,56.95104522887734
42267,59.830973417913526
61254,63.69210841072983
70690,54.67871485217857
9881,49.23741747813995
42343,53.70372013133708
100891,43.14549197551341
11145,45.87384296441942
79213,52.706890420904244
83200,53.58428439537121
24431,53.020778677494675
5676,52.601006324732296
62940,59.01911927996839
54035,59.25054732794332
39423,62.32249385567759
26571,49.606782505123995
96670,43.08476508007371
99081,53.89989318502384
29559,47.2700475592991
81259,60.09355643209669
96720,53.576901500107574
54434,52.81119238455846
26900,32.16699804695905
5702,61.13012983191559
2698,50.60133039133156
50864,54.03882751220596
87795,52.45017560660669
51130,42.5244118062726
24419,50.2772478633468
25705,52.34444400389414
10412,55.9798792823126
5499,56.27395739867383
32620,41.17443734774354
16729,51.80013146380488
28406,48.6966340583413
95637,38.407763204952644
76184,60.86558295725213
40593,59.27536184193373
22319,46.02859192574997
63456,35.65649250293545
94931,54.68116360622726
96682,54.06393339645176
102272,57.565471928196445
44379,63.11948747016
30421,54.60425039535981
52575,62.041367136038616
29879,57.48786210018333
5396,46.60295399351844
89640,49.66541868489255
37591,60.888429439167666
40349,59.993182308420955
101232,53.827469242608345
99126,58.92605485481644
2136,51.38079943742179
96614,60.758927777772875
17645,44.07353208339065
73138,52.48661845235747
72826,57.46287869890157
79668,46.24327189485813
46033,59.08193941174446
42158,41.54435562567441
56119,59.70455469473326
10232,50.18124287137843
49742,51.06462655049351
90284,46.1430592096077
43644,60.30971874666811
75664,59.830064982924114
87606,50.71477439372339
38929,51.08776444080618
79147,46.4628270320019
13297,53.020646502880865
93761,64.11950611654794
99202,57.55514974598777
59638,61.85133591965561
86911,36.075308380707966
96035,53.705100316385
26831,40.29986393777016
31089,51.91864258157175
35304,54.16701421431855
68818,59.139299522176714
73048,68.75841525548095
77762,61.19004128161608
24868,62.08706161698545
62820,54.076498755832425
10987,52.73405528353064
95675,53.848511333110324
16033,48.4633903526604
78659,62.56625668320479
64693,60.38423793158345
51626,60.17922965414353
36615,60.21950223067246
33695,46.104797221651395
93389,61.62695190894908
18556,59.64320646647069
94016,46.389676108334456
1272,62.17153752272857
61992,57.27291509485389
7036,57.139416408863724
7494,39.85308112100461
94146,48.700163685762966
50566,50.55155058550989
45451,49.914612132668715
88099,46.07156261030354
43522,53.068043897539575
54473,61.11906315256624
93861,58.95278881745724
9810,49.86047603147227
24204,62.84823821219264
87840,54.176889090742215
86726,42.8207024050336
59453,58.3520429124961
59350,56.77682065744861
34406,54.430036417413575
38126,59.600268862123855
42442,60.87729255818711
4340,61.08981069603629
33527,54.34119254785098
24539,60.59165873285477
85025,44.9959163744023
34945,59.4451646201599
2983,57.21986739681249
68685,51.82982869889655
84852,59.61596929639993
29685,50.96611182900471
3983,66.26083829698281
67680,40.14535592863421
86610,49.90279137031175
62416,61.10455391835597
57478,43.6909695087099
50724,59.99479513170432
101995,59.05526787052126
74172,62.18713094524249
12123,61.61121096171721
51209,44.80500045320229
101610,60.85431960995196
15044,52.43336402146989
61210,33.44528726087238
55584,51.97349373975353
56587,54.17388245177523
11493,60.479409484487135
83498,48.287318170666765
72743,37.090305483172536
44142,55.68239337145134
16485,28.502286189373358
88226,57.45835019191349
41262,46.04180188873028
39461,54.688470634974074
38795,58.35170120794091
55630,46.50895153222898
3032,59.45318374873759
79429,45.311452180110344
51773,57.97935805271538
80543,61.682293820813186
21875,55.63813818512282
76466,43.844045201701626
62283,53.614794556517886
93467,56.713511224404286
42682,56.661926310577826
55878,59.566735733282414
25649,61.96686184012019
78765,49.1262753677669
62364,30.79391362995553
17816,57.34329673263006
98334,58.449788329993694
58816,28.363853557072403
39724,57.77623926898712
95616,59.68475809231644
5047,56.75552449792449
53479,44.41840240974858
84107,66.72295831561581
30096,59.56480413640233
91629,52.30533119031715
55723,52.812317968060825
22032,55.52903547282191
49577,27.327271646887972
58728,58.510942655292446
66256,52.96179576686817
81627,27.569715654796177
9402,52.17392460700603
81841,46.05095945733085
87800,49.92666581033108
49049,43.3294427641724
49083,41.551989563988684
88974,50.364423529890225
54396,51.07480489088445
29264,48.60168949269166
93954,52.20847559021098
98077,58.656381406841604
17963,44.21345329290328
48909,51.00810076679052
48197,23.659224029036952
38647,61.148626715873235
97669,46.46628150313479
71861,58.607257350285394
81384,51.34865002374089
102565,64.55785474417786
28014,43.501916778219424
82656,56.09847435474689
6846,48.54943592461791
56280,53.65279547694218
1075,52.0498737033441
82619,58.80409145592042
17423,58.08108574680824
9333,46.73653728292351
61936,54.96575299039983
43635,27.825145788524413
26742,43.98082966939714
28240,57.32338264509463
96280,24.515930624050164
10130,61.92960710930574
44435,46.15756455646626
85562,53.204961036995776
35256,56.37574180523468
47112,53.782511997859146
37347,59.164705330050545
65944,58.11255652946141
58056,39.17546758755556
46433,56.63954920870169
31074,60.53587472906155
43420,61.96141624131871
45895,53.47832393364195
82663,46.778707668471355
68106,59.81402947629664
59304,57.24728620886157
80838,56.187147831811004
86879,47.94491586857787
3219,44.054597917414846
337,56.60337157212678
93952,65.47549527409116
1693,64.81138726725776
16595,50.30430008851593
37303,47.270452395198944
18241,45.469215441329816
93762,43.93610429537599
32565,61.02187900140555
19654,42.67290849497376
78073,0.0
20516,68.15526871006654
65822,29.312033205404813
8617,55.337698906251546
5854,37.223441788440674
89033,32.297061150988384
22696,48.21772092680327
99950,37.46879696941713
95533,38.238508542082045
97700,50.96850432979601
69487,57.81315732879063
76862,55.85904390605529
25120,54.700543092891934
36762,55.81529643988748
22033,53.76463259461124
74213,49.14423463831649
30169,55.77485395374517
21290,29.440386278365185
79353,55.0655524614983
17352,58.0379622062603
89858,55.091710454655754
84210,59.346819334640614
67198,58.4612630622155
68336,58.34593890424176
51556,59.0662706185919
93686,26.212291643094886
44054,53.52068941682587
1868,53.857311389796244
76921,47.52255004461525
31535,30.829120167345543
66790,57.72189909299054
39000,58.03677998096341
35916,51.76005069573654
50302,58.44203577266794
21024,55.21954254619176
94739,32.86572499901571
101238,59.36193194004109
90929,59.76853123957494
30195,51.10563692802171
63742,52.26591680158108
32056,55.16161179583673
7863,61.23458586828443
5473,55.629860289564434
14288,58.910435260012584
82279,59.1125490239708
76491,55.876049420463104
36828,50.871853116701715
20758,53.781792012103836
100077,50.61565427411408
11135,58.822667577671254
20347,49.831534586838124
24301,53.641059055422645
74400,58.69057394342329
12486,66.88338041946753
101268,28.62309614500211
68609,62.22032272340892
18068,50.644627090554984
98985,58.42814775325198
96233,58.87845874557307
58075,44.13924300142326
18934,60.15221435707913
67754,55.98873634114926
12041,52.20814598606951
87830,58.67398134839263
36602,61.69568398513055
9235,57.03038602104861
23093,64.74842667839769
88484,51.46061574933031
81533,59.896561159488655
9345,32.458814628577684
88403,47.91027247539047
45994,44.78250492198997
77680,47.172099732050995
65200,63.10306538541455
102072,55.12939714018425
77449,50.46054717015458
94184,57.74775999162425
102433,63.03029125776753
21889,54.15986605140849
37607,44.05008544431397
28154,49.82596084232458
84933,46.90899152331389
13289,47.863110822405005
34211,49.82657375152802
27857,62.43579372723635
85612,49.69906779025084
74859,60.57372399171289
98035,67.39407031194607
19351,57.274177162441035
73806,48.86254991538805
76455,52.97696067181585
87225,53.1421790195557
8496,38.951783247984
16403,59.43449647809152
928,33.638894643403844
23571,51.19486549267705
57737,57.543922335520826
63692,51.559193774243084
69593,40.803014430420156
59670,32.790400570327705
43477,30.62014520868201
102179,60.33228515166023
44275,56.0872181162189
89566,62.07364412113043
49206,58.17217669941386
33836,64.18525305700405
14529,56.13555379952446
78052,58.94890806906884
34829,48.937468434631796
64240,59.970105043015046
35479,50.46434225752003
1565,48.075350772263114
22418,45.69933381742207
17326,53.21117229106877
16035,32.92347134043904
44423,54.45836381204767
73991,55.72472378567299
16973,53.67062051378609
86326,50.43788846260092
9045,56.26047595894231
71795,56.080710960475095
60268,61.602451812626406
45236,29.40488300115904
80087,62.69724272300083
94687,50.04762700610245
10540,50.8472819180396
72256,58.820137011262915
81825,58.07453439248924
86490,55.49886640426092
1740,63.36195749533394
29341,55.103434191646784
2172,30.8282505814337
53428,29.67672842348214
70458,46.979835853507694
18464,49.02836753645243
46851,61.322898818776025
54398,62.466199624346686
40660,47.53860205637866
91179,62.19043588474385
75499,58.092183458478935
22671,55.60632085684263
25028,54.97099181001995
15992,61.31427189365649
9201,31.77640704763708
24341,41.45780432730458
42781,60.79589192802957
87866,46.60061029210119
15475,62.37677750057596
48832,42.54602567314191
10765,48.97571293288484
85067,67.34654692506894
82048,63.44525476097699
68830,57.84372729348582
70409,23.926225600209513
98673,52.416175212684294
9480,48.12324856028395
34328,51.36699724320991
77804,46.02315694080044
3202,63.77734683859463
25905,57.632650290646495
79253,58.11366143457721
25877,47.10648548281821
7451,56.976040487405264
27381,57.15829269918302
89997,42.36391660322692
34052,62.943608766698105
37070,40.858311534856526
91542,52.07678327080437
56624,53.12063438728974
13787,51.25654220315363
4537,51.49169820668287
37641,57.89693360279272
50375,50.0604724513023
101303,36.945327171270684
59027,57.07747222250201
17836,29.821245925759776
73045,55.443923570162845
43564,60.795098559616164
75139,56.3485782303834
51269,55.79962793837027
97316,39.95695093651792
18991,55.66155832620288
1573,49.85539395621364
15385,58.06725851236991
68792,58.0518251874626
90440,55.94290651578618
73481,52.878445218389714
76207,32.19345161994224
79,54.78968350722446
3630,63.739859763294476
87005,55.94292578200811
86382,52.61244619899018
59032,47.172401544829654
84729,41.249828885831114
8411,27.76686534382574
20648,56.79332144308955
78829,56.65106437316341
61507,56.930283242136674
17785,58.94525045278059
46457,63.50025203447522
61490,62.2444280399542
98488,58.870048912265894
72430,57.84170742207101
22626,44.90955175102117
99181,56.17012197509625
13407,53.26440233224665
60702,61.83906263103823
96055,53.08092742912387
61404,48.50435845223889
101152,46.84242868871294
29317,65.58933249129993
4347,51.51825544739309
42260,62.6513750354183
79726,58.12708037807866
56759,59.19364235241777
77062,51.919096295117065
22728,56.63008084100754
66217,56.861541860159605
13773,37.4164001184644
22932,59.940196423959804
69771,38.93885733613915
45525,54.3175880598017
41536,37.836944402350895
33481,54.443550165995696
58623,61.05914464948912
81807,59.05799567938439
15500,55.95099266487904
78582,43.30789695290829
47706,57.783212809085605
85706,49.78795187300159
42541,52.21485755488676
1446,66.30756402973437
60093,46.49497547410573
37762,60.910494952853995
3171,62.819735679906756
18959,58.6117476977622
22750,53.52511759688628
11167,50.305214582021314
100772,56.490268942753
4168,61.843915721282904
58206,53.72453573215745
68886,53.179071063647456
13305,63.30945591498552
55674,37.333310132174304
65414,51.501278105116434
50364,54.364538364962776
74072,50.09224037971121
84311,58.09399109263453
49381,42.72298757381985
18133,56.75543208066527
5464,57.071037611843316
52265,35.83532017725898
71567,53.289365480427804
81705,49.34730125420219
73779,50.6709960862615
64105,29.257646898427463
107,56.20509723834268
56033,43.73567585894312
80153,58.336123577044276
92412,42.11796604944551
96904,50.78355013341863
33320,30.40723186443701
620,48.70529417395918
61338,51.73092097843983
77300,53.27620609742632
27721,53.99527743023833
83678,59.182103045881924
26075,48.515017810246825
59411,45.590715859024385
101028,53.879265033419784
32352,62.27227093177423
81704,40.76781441625616
31314,57.50898897306767
48514,53.54019700751728
68897,56.1556835605663
35036,51.33326774924135
35943,58.29975444059704
17351,53.34536661083441
90060,54.2623322544778
1048,56.196252719711595
16140,50.94773631522117
45238,49.14308116878071
58291,55.488447223917994
67354,35.05156038360714
17147,38.21901733083506
30472,46.041597094548464
75331,60.76344496349367
38094,32.55017320852082
82975,46.258252186039684
21225,55.722801296556796
87038,44.45891863147263
11377,61.26759213778122
26516,28.298379092253846
62532,61.432414778956925
49941,51.98299770778013
40531,40.638452686486374
81058,50.26319350996768
57592,47.09604226307661
59455,45.44716307427763
48357,54.5247654482677
4621,53.5390182424307
102235,56.1403051154037
46103,55.274662021313034
3192,48.6091433590249
58894,51.09523578910321
87815,42.798829729051235
630,35.164841147705076
13447,46.10289822220252
7408,59.19556887388932
41377,61.254226869313115
100270,42.28929745830005
62950,41.90391303650556
76020,58.74594503933949
31962,50.12669821967647
99904,51.16111497594741
40902,60.61510967224645
24218,42.3593484121576
77907,60.00848354614347
25048,58.324531953405284
20018,55.666021601353776
66385,42.646043531345654
56477,59.080062745076766
63640,42.15004576860107
66934,55.97248981599002
49586,72.62971644202464
58628,27.842794297442204
101892,56.721535263797286
4138,51.30137820512597
41543,63.27652212359628
13997,55.92100091173621
46116,40.55503773856382
55702,55.00686937557231
9202,47.19020195495301
64473,48.219218975866475
8000,32.00463999650903
8736,60.118566084458934
49322,56.0982543395526
91884,51.21272224820827
61539,58.59445540281892
13934,58.70018837800687
63532,33.549968056631954
22529,57.9880381125165
22726,43.43125319890508
91099,28.195649360768048
96855,50.324873433787246
101285,46.700151117934475
79516,54.9371183510332
64338,57.34279083075584
26573,48.05653935024557
17697,44.849538175301724
95216,49.832660178383534
55136,57.14436222344158
83385,45.10225779998766
32179,58.42025657950245
41293,49.11486423128549
56662,64.55128192266268
17776,50.21174182054659
51551,51.405687728756696
68368,40.373999473807245
61771,58.28076337563087
60212,57.54330909393064
37096,59.67057460243605
63828,52.60579253387481
80094,55.55108103231085
49633,53.85800564236784
64239,57.773893719639084
24945,34.66385297479924
119,57.273006338296376
51512,61.18749859992461
14965,43.77264458913472
1816,25.305093900884895
52493,52.17682101478777
82178,30.311444624419476
92546,34.22447243631203
76555,44.4003814387649
74326,57.260671775519235
54360,60.19291769758577
57695,48.69465704017527
61267,54.99382461753172
52425,63.209390578672725
67966,53.89692599425993
96027,37.341831451937836
43481,59.64794903894763
17236,62.28313280876144
97916,61.857651109213094
101944,55.28228926202466
42248,44.89586148006168
62843,48.95695723646916
22250,58.0222682714094
102666,51.04568407945697
7242,33.55802219427103
86922,50.01299531871532
49015,64.93304176226249
62805,23.174661364194947
85216,65.66856916026877
30488,44.330777240626645
18065,53.6613128478174
36911,56.52625274177222
51305,48.22971117516226
8506,48.706739542716214
93914,39.48704904164071
94243,40.363793001400985
19942,48.61634931895006
42862,62.125345113132674
63613,53.86465009801814
84148,41.01377253277205
26032,57.8252084861365
25959,35.35187254580122
42010,22.98925298532892
38593,52.08434235654414
65301,54.050668216669585
64970,57.6999280420173
55045,55.66525365392049
5438,58.31886272140131
101310,34.438094081597995
88959,53.94557038008871
24202,41.88117332177512
57036,63.76584003633285
54335,54.56276025995377
92458,58.604038344836596
40993,42.5889762012441
31025,50.878359010037954
21009,57.80973906050817
12516,45.039753994371395
92101,51.04880380606692
80695,34.55743540442161
9370,32.43011961529916
10384,53.12031023669509
73753,49.11258124899111
8854,49.890761404678955
80890,49.35954629014516
22067,58.22250061758382
19093,58.36319350172107
3152,57.142219741702334
77025,43.73899285961794
94142,55.17605213049384
23532,61.06023744721496
39100,24.78156816544576
34878,56.51619381484242
30082,54.77172585235703
72515,43.532564531528976
84386,40.52299006477901
33785,37.760586830646645
31682,58.24353935405981
13909,58.872529130284114
18880,61.24392862615646
47502,54.78659434620661
22589,58.04179513361278
49061,55.452840924038235
62225,46.648474371107504
7420,57.028765490072985
44492,64.51158973115852
9845,47.03219236731229
41801,0.0
60540,58.53550305411986
4552,31.829582461904266
22601,49.07058670637744
32512,57.06483674776207
92270,44.06159534376238
29788,60.30879926665838
91278,59.14651862302481
25138,56.28914192518232
35642,50.84322217007651
92049,55.29183751610225
65018,57.249879731485926
28698,61.0686088287333
24188,51.83212933298019
46728,43.568351565371984
98741,61.73629598012081
11954,55.599792820189414
91451,48.81978673523121
2273,28.68867284704147
6327,57.961099065687755
56601,55.53245970007805
35073,48.62671484691953
81363,61.44953025419669
31095,57.475720827340794
90917,37.54940391639137
22657,48.82758554369797
90083,62.936287046867726
39057,47.66021516793875
57782,62.441170697036526
80341,39.926389142484325
35130,59.45186144330286
94301,43.21304317117044
37939,64.26007498295974
12051,60.56049806744403
74391,54.99279523806136
11104,38.44363820420466
11856,37.161953586224755
73238,30.152422600182838
89859,44.3533656927957
16423,44.94371526919884
38032,27.836769178391897
25101,49.544054224480575
2589,41.38614289893514
51768,58.031962253345725
10354,52.578786448854956
34516,58.87303535061792
65149,55.220904405822296
101413,49.34297966683654
82513,49.83808776558242
48237,58.282963673396424
16829,62.7606044939956
34291,60.00108323681583
3121,50.756601172137785
49429,60.775698093063454
22187,56.26811199175679
90223,57.297220139967024
33230,54.186068101050836
84576,62.94226731248561
76996,46.80145543951804
18616,54.20648756164496
51117,55.62830557266431
32382,60.23028986120376
48876,59.40372909169186
53490,33.394428943706195
50309,36.834290972053225
94809,61.05928359427671
80362,55.42585035037569
31844,52.11419671132144
6025,60.442019317032894
33817,48.86842319169446
36123,60.0229177965482
89312,50.19500899466599
45757,61.46291157441612
80056,57.40678445880103
48072,37.41604533981492
3056,40.42689267478043
12233,46.69665627229749
90006,55.875345773056
51280,43.33574068978922
14160,58.05709588419161
33904,53.35079095515703
78650,53.236385760823275
33376,57.40367829344345
29253,53.90730524513008
65821,51.26338304396434
86222,58.27716744459034
31463,41.85874753762481
17686,37.230701317303215
12075,46.60886761777111
7760,60.527148335766626
22580,57.259190257978425
35606,38.670386993055345
84752,58.32570123867024
10664,62.253677137616116
35188,55.11360301563209
10119,48.962037927278715
97328,55.75345075286087
79335,47.73374884428266
99390,47.13880161242174
67482,37.26244545806692
40639,53.43206336973151
82252,56.12027579329272
101342,57.23952141580503
22405,56.692153873902114
95651,43.27466037807748
79342,52.16997359848514
65785,29.79639659378903
43119,47.79361326106261
67885,47.10554073702182
96604,26.55975514269843
10142,57.74598789063535
37708,41.513533270252346
101932,49.188141055436205
74286,51.040766275454075
52543,43.53077390122091
50271,52.39520288701924
15888,47.866027127084486
66675,54.80068078237238
90062,53.00334281131537
47536,33.936471632782336
94487,44.39477415105272
48510,61.11424842095062
34172,55.83610989207898
36645,48.84260916612221
78349,38.10887918633504
81459,54.156539619447685
101577,41.74907607241878
18721,44.44189239475797
77926,56.68052339302902
95958,47.73617833455909
5988,43.161015748343
33549,41.97988462728659
23213,48.48102342782172
76484,59.737498328873315
7901,53.17351586841785
32930,45.257030902726115
90169,62.241821768643845
79957,53.325886306362015
96048,57.66513367575729
24358,51.18828833092381
91048,62.95901657741044
6176,49.91298142852466
32251,52.031526678794414
27883,51.424839588722875
10656,57.561289657146794
72828,61.818340285218945
25486,56.923822101508975
62297,33.90762278662983
11370,48.139204134192155
70659,32.31084590580737
59995,51.74890697483696
27017,54.95734164177228
79444,59.63310871850915
76653,53.49778697881424
93103,51.38697482827891
30774,57.71262393487773
65780,57.83950351435607
6053,47.75556129437949
67717,54.96772950786894
68135,56.42270342994005
45101,54.78491630541202
100825,48.13252565260289
53829,58.995811771275385
100085,60.82050325012058
51814,60.007446616831274
71499,43.21939891716714
5946,37.08617944070983
43756,58.37792199612318
3350,46.333739497090086
7708,53.857624151213706
3396,52.33960969090182
9923,57.89039629416558
57316,59.90336477247118
26077,47.81221809859537
67290,57.41320514195107
36515,39.173255864796275
82608,62.56141594572308
82863,58.824052810427176
72688,60.37476664733596
36816,49.14409992194301
98640,55.627278218458066
90960,38.422828302896136
16117,57.659914390593784
96348,46.37122709979734
60325,68.85017265090644
73829,59.495299009870095
50786,44.04230993905828
76782,62.6970355693672
74555,56.40260051641147
68757,43.07825992343335
27837,47.12349363258621
36811,61.58235042517907
84684,50.915897122095025
65947,41.24700562779884
11728,60.18232725413835
24562,52.6786708457363
35532,59.337581228148515
17463,32.59003153800968
21233,45.47487911578349
38443,57.27651227178956
89672,33.10779236991794
75433,63.45886291797337
40479,55.98859601528028
71934,46.31144804022955
87706,60.71476930083016
64808,41.476786013512225
27256,53.74251144089348
79769,59.83049951001687
46526,42.67304892735685
72086,59.857956553750924
29318,48.13102549249455
8988,51.08729260025778
91758,61.35818691768223
53376,47.93421320714761
55896,55.12828043949646
15395,57.33411639594522
5007,64.02085951692054
33449,48.98849765220565
47011,52.271621035430385
58827,56.100456988837905
36040,59.84169634323726
63975,56.78593877754854
23664,50.55390645033726
42979,53.647813731805925
59472,44.00611978693751
54338,51.73219244512432
97154,54.44702853189415
74370,58.26266826538659
47039,59.84216413758668
98193,60.30338463763273
28438,52.6882863079511
25417,53.612528222973985
73276,35.122677508191984
10176,49.581244100644
24658,48.10270555508095
9882,60.343651202745356
77845,59.090588243246756
79854,57.880072284131224
102409,56.02194692881165
15115,58.91039345782244
22252,50.16221294245855
80969,54.54622842315745
96960,59.46431643168652
101947,53.05216868089676
82080,48.94219267355421
83374,43.368818296353396
49590,58.82960001256595
64938,52.64589681688035
70848,51.57889670198122
80623,50.544678353721885
70900,52.93881576782856
70552,47.04963812354609
74117,43.42254549848895
101603,58.28862874193021
6893,24.69501768811849
75619,56.713699605035714
101210,46.40897452960439
94277,47.95211856447822
79195,57.553300798091264
57099,54.76110645974614
44461,54.8920459990931
83424,60.36979299124372
29904,47.59937237184986
32026,55.59397609900928
93714,45.66873809303547
74314,58.16470393965178
50750,53.93831153708748
50920,58.160415475020926
37861,57.02092171493388
54503,65.0195703830026
68783,49.919768076359496
17009,57.23434328662355
10849,50.807051752640916
67292,50.83252751717529
44859,43.68150612332184
20019,56.91424936252832
268,56.03562784708252
16234,59.61197434505449
67759,35.99410695926262
19740,63.86104628168028
59398,59.52088806374296
101126,64.43931990385049
48498,44.63711903215284
61978,48.680787760506554
77253,53.805495819742745
95635,59.38053997559411
19072,52.96884701508655
4676,58.49149973035777
72872,49.627050949027144
9879,45.13903563980481
14416,59.64842322229116
77653,52.19591438279129
74780,46.99410749355134
35571,54.18157050042951
8433,50.49534651234107
98311,40.01718973896644
74998,57.61257144390533
67428,39.93525886530626
95273,47.644868459109205
69674,50.17277111332881
41360,60.63229541367249
14178,59.093590807450056
20567,36.429681221147604
71051,33.579931213606244
84934,60.699688894659886
19412,55.422325996100774
102274,52.83469805559669
36546,40.70192482812351
80732,33.838031653538735
77838,40.695973296256184
86075,60.958825171004236
75976,28.800703756787023
81027,62.37444789548355
96799,61.96474019194754
94680,52.69745485502193
55067,49.32749184462739
15877,59.03903348849868
23870,52.71376281505374
50853,53.437577930960586
71174,49.24250892459447
77461,62.97443400904191
21362,55.96519682782479
67937,46.351758375768256
94491,33.421060178762204
58379,45.42959374880015
9564,52.02198098050675
44214,63.40850827760558
74491,49.71297400853605
88160,51.26272173509051
83679,52.17498740718895
4360,16.311679201155794
15562,47.95251173546323
28215,52.239461766272434
19154,49.851491355275115
5389,58.49220055499535
74627,65.28238406964797
58357,58.313860351404784
40317,42.04853875457774
40161,45.261474870193446
64553,56.17986290701541
4751,50.45435793347143
3279,55.42955329802705
29794,48.08361931461716
3668,57.7906568866799
20783,36.15986573384191
67099,52.23404171097404
78510,38.88725395263316
7761,43.258503418784606
22364,59.78812900404453
96310,60.75822734291972
66956,48.869829596318795
69147,49.73453557272111
18489,59.58947215457415
42607,48.94980839201577
33335,51.12329251811721
99166,66.32660931450164
102161,47.4609103761356
38913,43.81922292217644
62610,50.6163029286363
21895,60.61263015049596
70320,46.07123537746429
35269,62.18122897248604
13523,49.54256010962049
45600,53.45028399724343
43354,59.292969323966176
65559,60.64225363614466
44702,58.090729834675344
9789,54.85816522256245
57880,32.112892807333516
28143,58.18513468953673
31923,32.09478706982226
72625,60.29316910636895
62695,57.49920017767083
20497,43.23265278138062
59838,54.8490684324363
1223,56.871747928296784
29644,27.65454768990922
41983,51.59349496077144
76164,57.20562405600834
7463,27.432072308500068
65063,65.3592412388468
51865,57.24886894050934
34316,54.35577054825961
18189,51.70031122448479
21794,61.64785302804759
7846,56.338031860225584
78316,56.49078023826202
68698,40.894863802382446
3818,42.2991519019365
68388,43.9614053212711
64821,41.01675831201491
29531,45.115942566534336
28688,34.44934877900738
20039,58.81690038026402
24760,35.76354899549025
19584,67.38082983855244
66781,59.814834489103916
39804,59.41449814724549
1899,55.031527153945824
85495,47.06808520116312
91289,48.95858014290486
27318,50.75790782198963
98881,63.22779408489865
57994,61.701285565572235
60190,53.87012690504194
36940,56.38654248195811
17972,62.457674234517455
72275,38.62198712042004
48243,57.24066232915833
32377,48.32196541283361
32090,56.41372463490626
58600,46.35739851331386
36329,54.3596419718508
59143,46.18775305415095
68243,46.704020211746005
78652,27.0376943440716
2109,61.23093075385043
54978,60.814506386145624
57028,33.46875029195003
30461,47.949837197917724
16773,46.932102035944936
37834,48.28976096942359
19812,46.610669538902314
20435,48.15288774758525
74423,49.41088750130728
17487,62.424055654575106
75850,62.341484954236485
81456,61.83830106558278
56273,62.577809139264616
89266,52.71180152288512
92811,45.27653919617902
26683,58.17006397060231
61097,47.92678637227988
24972,47.12784895617281
79258,52.531479598170456
33559,47.40585861598086
88313,66.04678586019932
99137,53.12135536637663
43369,37.470787448842465
67238,57.322790982954096
9764,41.23445512231467
42788,50.130598164409996
81625,35.96740682236562
95414,57.908789025918836
48051,43.488559329936166
40751,48.84125197904911
34360,51.45775363897751
79130,56.94112040746555
51782,56.59265723261497
84500,50.285233650739414
74559,50.42342825538634
93204,56.815469646932115
53952,29.23707783770784
49713,61.95606889561205
99451,50.404885881312964
68346,56.39403115258893
98448,44.35621894167891
80738,58.718475792285645
12349,57.48105124919956
30045,44.44136023290848
58988,61.714873266528045
85547,63.04607467828054
11775,56.52967227231075
72599,49.052227864613435
1975,27.378260424859842
17145,54.56083360795608
92450,52.88945552440649
11899,57.68453628730383
81622,57.99095683088626
57375,59.027333614579746
47872,53.708458596650495
36732,57.12575822157787
63965,63.303324712390776
100766,51.48027944597666
48100,54.405651258471224
15533,53.63725154407579
75872,62.09976025602903
20425,52.56989764454575
33523,52.328427632582006
70968,49.446240118980526
60631,50.940879672893395
15768,53.87736434779412
35682,59.74993376882596
60521,39.657730756255205
41556,34.18253341109758
12043,56.02464608253891
35643,49.23371384252593
90462,59.025628134294244
25721,56.09477185816332
89631,56.430956571848114
83653,44.95370105923855
47085,45.187075592480625
94557,53.89465272303052
11417,50.27651991014694
91042,53.691869679532594
50027,56.98313238346916
80847,59.27108236254195
73097,54.157527131503294
44264,52.640926591362785
70397,57.96558874794194
65207,58.84569036222509
65117,48.176384209168845
2588,51.084739268549505
57079,48.23419182135243
96745,60.215003472764984
87398,52.16329152110105
35385,51.26501896317849
54042,48.04778789662678
82970,37.077830232890584
36764,47.302437354457915
286,52.57122595195708
33869,56.79390309909083
70216,43.503000394492304
20237,49.110538593756864
51938,53.6024075704731
1567,53.43096761240785
28089,47.34618941277751
43699,61.55281727499347
56144,52.237824814449624
54029,56.48308364415384
29614,53.14776414119896
22503,57.851577751420656
33843,46.55533237470502
20483,46.63513566608708
49009,51.425319420955965
64138,41.29939325904647
38237,49.12758256514032
41200,52.227248605492186
11050,63.01721732463413
65684,62.90473579775587
27397,62.21146393894679
71147,50.09454808870293
66390,45.40727236767368
91995,52.51474876933533
9637,61.226099930771426
66363,45.96988511493161
49002,50.34801244099493
32201,57.714303610729814
20554,57.494263681427284
62680,53.718990760244694
90177,60.3436465336797
58976,53.50581715466291
28005,43.54593570327106
67380,47.823331505570295
24338,49.79288343380374
9669,60.59601392937306
101978,62.30562260518576
86792,62.27141822435208
13251,51.73933273800896
86756,31.261803893965208
79538,54.40424718484655
100217,36.36256906041956
57935,38.87197290334881
24233,43.8237979031065
13086,45.93182707517433
39373,46.43309379622262
5710,55.31514309858926
31281,32.73327913819122
43061,57.0977800189837
86006,46.09960247390768
69259,58.50157510915173
93452,59.99998325535743
51454,32.48751863899192
10445,57.6213948418033
19126,53.5867240629425
100230,54.574967035803944
63555,35.29239191081405
68734,44.318723144115495
69319,44.835048751025276
70385,44.52083395665201
63920,50.01718752087881
40418,60.14565865506438
4162,50.11121116676746
6349,54.79389326194189
59279,48.004015595689125
89628,57.25513572829195
78221,53.54788268980543
56252,52.44299484016266
64886,46.516987988198764
67703,61.40989046245333
18928,51.41125980518607
22956,58.766110202397726
75804,62.77428548555219
81678,52.18158042120518
47692,48.950465866017815
26487,63.208398482631495
58233,55.87429770210514
59133,43.59020824497612
62117,60.796554390910416
44365,54.970182760845134
17096,52.89594429584155
47885,51.153151167457466
84542,56.441030123341555
64736,54.30777084739348
85107,55.7717708396548
56610,47.53203196696525
10218,60.24592906704446
69282,49.02731949888636
22176,41.6566415967088
29710,54.20248252636147
84511,60.669330451522136
25150,56.249543931974486
83175,30.871913776118618
20560,47.85184151820519
33687,62.295660544734645
83770,50.75235373608548
18900,52.41797512169616
41428,61.37395694656074
73065,50.63555739584258
7713,57.386891481271626
18871,57.14909680579366
89860,59.07564759288599
53269,57.67035978829229
16427,58.11241540005667
62957,54.91045230184564
65861,54.35093195354724
12701,62.914956988680245
36863,42.94928115077632
40004,62.3952183533647
41213,62.62208849051126
83471,55.04209800052833
35238,49.79589656663447
26829,47.641949098964474
52324,59.41188552286506
31724,42.1581913879854
10506,42.52132310678419
46086,52.9466678363473
37911,49.3444642474372
66242,50.21481869435352
31037,45.6041597793848
37095,47.882553155013085
38386,47.895764595049464
80459,59.401311762069334
90085,26.519345426612123
78933,53.48071125790537
83841,48.071934375852024
26582,58.28094926176517
46294,30.216369275355394
40888,50.82985939454682
19491,64.32894474487604
60620,54.94710773207436
339,60.363518282565806
525,47.470443354861025
43595,54.1476589119889
43191,58.29257105582175
67328,53.6595432597139
9320,29.928128320211826
10015,49.8538453575041
45877,58.82604497884645
8500,48.38862906959961
83085,50.71784580097187
10602,32.50204324087228
93254,59.02442142210795
101111,37.83541289302237
46670,41.06474885419884
100715,61.16677806034943
84223,58.84017071793752
67447,34.849619552542975
74647,64.42288107075453
61596,60.004194626097465
15133,57.74816159478488
91000,53.40411659254723
7770,51.621718343407146
7002,34.1304068944807
37253,55.66694704052718
77439,48.79606506468285
59356,45.860206811173434
90174,53.725924260405705
17809,59.37170138653072
91535,52.37201411145927
60188,65.11949205551923
4320,48.24623048328417
81591,50.46086091739231
79041,56.31829885639458
83158,53.141828001549655
47677,48.19570795474488
85372,52.90791923978203
20454,60.2923515090403
60853,46.81358156731377
72142,44.902759202177535
48971,53.44723707990836
16183,56.49563361682707
63904,62.04891958684713
73851,60.0262697362127
82533,57.17848836847486
73,60.34190749603862
69074,30.703199936686506
76890,57.15259784209981
1439,53.03737053048223
1455,50.751496490839074
85981,50.47780710235723
95070,55.268030736030255
98698,59.75344037200465
36139,46.55902699025298
69539,57.08727763613199
31028,58.68837041939603
54106,42.09932911357951
81794,52.69844217582861
12218,50.38210993841095
89390,48.01722725910421
611,43.66752841669316
69205,49.44904351215256
38692,49.75155572090668
48075,50.98453298897973
6578,51.483457130241014
12160,59.55744604472428
70382,43.520953920858716
66351,63.887830142999846
4454,25.781499603374524
53569,59.97202198568098
96676,56.843467021568344
44507,53.56243418142287
56152,34.64531804718228
4870,60.926905175927295
61761,51.41092325517212
8621,56.88306760569754
71025,59.23856115845672
3233,38.29649105878718
13834,53.98311149240915
102477,58.12564139145192
97721,33.82938316202122
33452,57.02849765616081
6783,54.702972827130154
18626,55.56301794356898
48823,40.263743371181995
27414,58.043430275304175
49599,51.19413509813228
87247,55.397200780543585
688,55.51881138656523
19520,59.60188556764926
11544,35.4997673972607
77411,55.40100533772106
26318,40.50963642035346
34904,37.74555157701536
94248,61.5363566889922
92395,53.87899668974664
67330,60.33996716624009
50282,59.97077731754145
60461,55.0316872952141
80390,55.56460387553403
58703,62.19982639129205
17617,47.9136944151254
6094,59.84257592432143
17090,59.868276036517386
32136,44.12085665739552
84732,51.81555313593765
98946,57.11876747910217
65052,57.87477336432269
34002,63.9398774466876
26052,45.25965311146874
26806,54.61428162688835
81139,51.38774717759718
63900,47.82483712820913
62823,55.32145140857481
78798,61.76199143473698
21911,51.457162905535284
74723,60.542493004587534
69379,59.72675932954831
85330,50.16648370539821
97766,60.55742628966229
60375,56.639022216950465
51944,60.40661863157287
54919,56.664834613679915
91180,46.48383841134425
42119,45.54459937561514
63605,58.989892442628275
44045,48.75298778012368
64744,49.65877511254176
70722,54.38922105695023
80336,62.00069821277374
30625,54.69539632638005
56048,57.72981115649691
76683,58.71510421424945
57157,61.6875379179192
50303,44.79975711054172
2795,53.07066428174883
57649,56.96982634700282
36364,53.87059576163191
19019,56.198323754898425
28957,30.050270012731275
65439,26.184549597786813
8949,45.622755440648675
8045,53.97504710944386
58122,63.81174892333932
62507,56.45701058218004
90032,52.925635834076125
43622,49.37732250369067
15963,29.789331440974895
99714,47.94685705815445
58315,43.29802268285035
43024,43.38576973470066
26245,26.69422272579207
76580,48.114000877999366
68992,49.894690385627186
43314,51.209740579434026
94352,49.363051071489764
40233,58.69068645105993
70007,59.284643741999474
53406,45.72751074285759
23778,48.17206593387452
77189,48.09009742538385
79704,62.65648102481103
41880,53.478639396767356
87459,48.507065917222775
75820,29.67552791383606
15799,50.7115936268633
46529,54.2721634169751
66085,47.64995519695141
53719,62.90295269630701
94347,54.43351207897633
68328,58.30801241172682
75111,50.50510772907277
50842,52.37706162760213
93361,54.73903226415985
32339,63.05920896038696
25324,53.186039739495584
9838,49.03080961202352
50487,58.38920034697074
70569,62.245066105203705
57919,51.20724328765236
12839,56.690162150043065
74036,52.0235752480655
85896,49.6175674624476
100002,59.84467646089123
54970,28.484996892144117
5976,49.19103642833293
50322,62.60694625965029
18510,48.431140668915205
32579,29.84434637700796
98890,58.83468039090488
40195,46.733461733245086
32535,47.27372526907953
79288,58.161948116326265
30159,56.04135951704603
9704,48.98821187444407
85963,51.594345006102756
60698,46.9085084763671
98969,52.54558268045952
83289,32.44006186520538
41146,45.897422993755654
73677,57.01156728042371
20297,41.0754944861192
16515,28.681417585154005
32967,35.141956320767065
73613,35.58632159303403
32602,63.03621966181022
43447,44.5842701061287
56660,53.74314907710506
32173,59.631801753126595
31888,58.5557206423452
56830,61.690439690503226
33774,41.62955804367337
7216,37.070270746924216
95373,40.15245053627979
17688,51.17141176163699
44801,54.55852555543809
85079,46.45229169797713
99891,57.10560581697477
1212,58.9390121028203
55541,49.179113509149985
77798,57.67488105304038
45732,59.43352637712113
21253,51.1189825525969
93318,38.65270437340217
16176,44.46147599983509
69206,63.74206085813899
58797,49.94367321639263
56080,60.351592380891354
24247,56.73428364756671
35833,47.43818949417995
71428,49.12088195837309
24630,51.01399754377314
97785,24.846690388746243
98058,47.276376633439995
72050,65.5514787023004
60106,59.35537086484216
98523,54.09634450348987
100921,46.516025342830574
28174,44.34911682760546
86738,56.46263209563335
15172,52.893236739155995
71634,52.903849435359014
27779,53.569377113589
27928,60.23831535753961
12778,55.752064080221594
58818,50.07744167571895
16000,58.43371277970532
938,56.05228546798319
99829,54.11262416588248
23342,29.218115869673355
78008,58.91604932396723
36641,42.09853158611466
101276,59.170647948583216
49284,65.80315175277217
41584,58.45765388592762
29073,22.850142892556306
29657,52.4845920013381
7635,60.92725706829179
1601,58.25025340974825
76432,57.29270365765583
55645,33.58914719346085
355,58.12716280001221
93587,51.49043308168132
7886,57.834624126231546
93368,56.81702515656016
67742,66.09181646220142
91466,36.99316188576927
39380,45.750577315937086
46668,61.858067753200174
31475,55.70079376426462
3438,48.461549485070584
75002,56.07925456253745
24645,55.79530605259375
61647,55.81737607326817
64802,55.12691762292451
1511,56.22614618545169
51954,62.76228065196672
101314,48.535009138166586
88079,57.03467921178897
4536,50.77642634830869
5031,35.249060812690075
80885,48.36716456996741
85733,53.88721685709113
61119,48.45083022452561
79758,55.68386770109825
97376,48.89496981991423
57605,50.55536082946082
24524,50.95876857291783
2974,51.06046726647972
11839,57.32768708993019
42679,47.921966494719776
4903,50.60674645535027
99799,65.05172164746494
40992,58.75915858659281
89724,46.861534599419265
26383,49.626422673424194
34984,30.622056748931726
88569,59.39264553815712
74293,52.30154739273828
40879,60.603293498752095
21416,48.931043777097486
101883,59.72555017056332
63844,41.55614654960648
10908,55.76387726177018
22535,31.923064723329958
37628,47.80191285830297
101851,51.40468527118174
65272,56.62196686780196
51121,29.568444175167663
71400,26.83086396617848
55598,53.455419707928584
74995,50.28837634814275
100187,55.20627659407976
46353,54.31746617553545
65251,42.130295193434065
102171,50.38477097095507
17471,53.19322510906849
91838,52.235803535158
34537,54.187615030947164
71216,55.96342669035823
16126,36.17219666530018
71680,49.00134745966321
44530,48.66621863381374
98266,49.32941248775702
40799,49.48887401077171
77675,55.98463578745905
56581,54.948778311866704
67841,60.87194593291679
54315,55.072372628553936
92713,55.880563683780906
30073,53.962627469880836
36893,60.122140796064635
11184,48.85734030363407
90005,47.68498428580978
64147,57.88599142820483
53742,43.753211179932336
11682,57.86721679774415
69283,47.90212733226741
94890,52.66755151576514
98358,59.76235104174302
24285,41.02497152138005
83660,49.95838203524013
65597,56.536547813159245
54446,50.95553761020968
68036,48.60260418927268
56689,59.88774875708993
89532,39.775581512199345
63481,60.27511547589988
20574,55.035573247500366
27620,55.696731196995515
61126,73.63346009516331
88138,40.00936901001221
20248,49.504017366507895
48106,62.686960980967626
81399,63.0562716001035
87933,48.34774706962132
4115,33.19606506869724
23046,51.17256214418583
61244,56.92505772628707
86902,40.80814860848591
24749,55.641129824560096
51044,57.96017125591824
20596,53.18554057116958
60606,42.69346315413394
43747,57.66338163454189
31193,62.39279075078038
85384,51.88458779572351
61896,53.36499110722949
53251,52.14903384144327
79272,53.95440762422604
21218,34.15285000008883
36763,50.808393611513786
74492,40.767364966269504
84571,59.443292067650205
10008,57.175250343424786
87860,40.938086581074266
400,57.75819784770865
81828,49.30367021302844
13432,44.85074039441053
22801,42.29908125345106
3009,49.38767782266109
39695,59.85903152439384
84561,54.00369357064272
69880,60.436207540819325
47714,54.626352729348476
7410,51.90855555055279
71083,56.99578075526205
88361,53.662780602543606
84313,47.80601786288753
65948,38.888265216631396
6060,41.059766009651014
92211,37.858149266607654
21244,53.412984171657634
101988,29.724972825230836
73129,42.485638886797766
85714,58.54767420002491
70595,50.94838463650361
9734,39.48099115279119
59223,57.0181947973699
26082,65.12407399849735
63570,57.64791020677558
81743,61.91836762549983
35709,48.54950754669354
15767,45.12676453408318
91161,56.91988016463928
57736,38.70165395691093
22891,49.753276831495555
49068,58.55639407332818
100862,50.78627495079602
76632,46.9142122484384
47844,55.87629683141335
77713,52.872013534378894
18006,56.343610607715455
99789,56.838300506944236
73178,60.87952681863523
14701,55.73713194271187
101044,51.919970329132106
16738,62.58779109506118
9880,53.23930650472217
64661,57.24310441681314
36013,54.61564064593457
101933,62.03726665309753
72769,59.45760624258634
62308,47.0978303278301
71314,36.14820765745777
96615,49.797679696442074
60915,37.771447043121576
11735,55.96438712180687
71047,59.15555975674535
81112,46.986901231938184
91130,58.453000843509436
39888,59.17102781188846
53610,36.68825273930924
22302,61.85831022958752
71920,64.93669650367434
51747,47.71794462604908
91074,56.465850674807626
44334,50.45044870027205
98443,56.93158249198919
63390,51.40944821939096
15060,53.52129190862088
101178,47.149492650837146
37511,56.125228246593764
81974,52.69522916196138
37983,59.60597449939898
47765,53.611593143101416
89951,51.245521914985
41520,46.25263736466755
93159,52.36890182473637
27476,57.639058491585025
67169,31.870192897170714
19305,35.62289246054118
39123,41.95326467479975
23745,47.194005904961585
65281,55.22955565971772
13550,47.27950908586881
50318,56.86951056850502
39529,52.66141784972593
21248,49.789033069246194
92011,29.694519067740647
22913,37.430877898704566
64263,45.83623305752466
90209,41.956286602701454
61319,48.79271799947079
19594,51.87430744320551
89573,62.60165659955102
48805,62.80334803465553
1505,56.9205328778146
74449,54.517075565507
19629,53.961437496848006
32028,60.4112257797566
1524,47.23278099894765
82109,61.15469606503497
95968,60.5788208441696
24309,63.208549424817406
71407,49.05548153902027
65536,49.666230719059136
75649,40.958093937809984
2441,48.898918654997445
75443,49.316084948998004
14418,58.39728335734997
35814,44.05123515458617
80455,38.026382757836345
45541,60.80518697859513
28627,21.527157854522635
96556,53.140626893174094
15460,49.931991641067164
94108,53.03141002053729
23799,44.94632161382736
40450,58.80563920143031
18157,46.80327023029036
74552,53.302745523246365
95494,42.89105022470447
54577,53.45080799122603
90648,60.85852095459093
94069,60.91292220702721
51955,62.37123958122959
48201,49.89707255820447
55038,59.25164693300114
35869,51.18484690696645
95949,47.17386879002429
53913,43.592344746999835
80364,60.936933975957416
90478,54.269225790502134
3078,60.87443801807339
76815,36.67534832505342
32411,54.16492410690745
39790,61.78458350404707
8022,53.29258042271317
35691,58.08013813878787
71731,48.28593867538092
100176,51.25648449888734
86182,51.64659894438147
81961,57.143628653455245
74156,59.45119239909769
21168,54.620823775449196
58506,63.60664235154888
87695,61.54343883415923
29760,58.43929479325698
98708,57.3042453292707
71559,48.920563115581864
31477,46.47517079005154
45446,55.52656147125505
50638,54.12241713712302
9697,54.27433679013993
31519,53.56783193035971
81815,58.48110115591679
85467,57.93433673318615
23828,58.82628525021424
28246,59.60201152712193
17662,47.21246486879996
87140,46.003417264074336
99024,63.80745113561832
57974,52.730913610225954
95815,59.89883612300583
83979,55.44864618311201
56936,44.940107513209114
86194,51.58253992298675
87321,61.543619145810524
38558,50.115934302162394
48117,46.02086736903708
79518,34.35499804771306
24212,57.9831600094215
40876,52.039586422106
53760,37.4729050836335
40353,61.98019852120616
68053,37.103681138267945
54898,55.27029707643686
84261,56.71371862806089
85606,53.3671853095519
21593,67.25977949529837
21155,51.01195429950942
8562,52.65657843101237
50769,56.962097364330376
12898,43.52863618926044
2271,57.796901419528446
9779,58.84194835647361
55659,66.24025887398491
87127,56.27579745247847
12279,58.24704195335982
21975,39.4420497687106
1095,50.27319388045324
2021,34.93573023161223
37893,61.208658725367215
34820,54.07031443165602
97096,42.51293637059359
93621,60.886722195294496
100328,51.44682775857074
78616,60.4582513624487
19624,61.87145609389405
56200,36.75309898386107
28404,53.08002402980915
84123,41.555460872204286
42882,40.3974727985802
81970,46.20160025440132
74389,40.93322543862598
35582,59.54658136293164
21949,48.35301398488655
62340,57.932759079045
21496,64.18058435159385
25925,40.27723498984054
87750,63.962276655747644
86561,49.31865270814003
3739,54.98639054292184
43743,46.13098763847364
87214,62.21700729306043
61042,42.62876068545153
19809,51.013835999096834
70436,59.071991461013596
66846,61.2656708138137
19515,50.75306375345518
57520,59.20990153802563
37813,54.96925283400252
41759,51.4972615182397
46523,49.657635135509416
16345,61.93853214611865
66430,52.03022157948891
57450,59.086451185571846
20461,60.16770520252743
95261,62.29086194178767
59058,59.961688718477745
55270,66.31571229214711
97936,54.68038583478379
66153,50.34742767792192
47134,60.488424060086636
45041,56.68811198216611
51341,45.250307575388234
78113,34.0234631919114
77820,41.94329972333318
3573,59.32773432251477
46084,52.86847678792093
88637,35.587191470689795
41387,49.84781463549572
36659,59.312062615314446
70263,56.64063575232502
11091,59.24875322413496
9374,57.62935111505962
94455,49.09226282171685
54143,55.35614804155444
98132,59.407854694422134
63162,40.56903573202816
58060,48.45902236568406
63530,51.78044382188189
81977,54.05568798021524
19180,51.91364273301763
92585,34.34860692571194
46918,34.046857400023434
68706,64.0949769198823
1160,47.18047077601256
63393,25.501938107280633
74332,58.80290435500243
76128,53.10100867528958
71495,50.455620469253574
55233,44.049114722702086
22081,45.39615336179355
62595,50.448661794293564
55788,48.14840602502253
55304,60.61594610369352
79396,53.047863059163376
26710,52.332079885690604
71359,48.13579521581585
31842,41.13701350488417
36654,58.07822031125856
42657,51.75503607468378
12326,70.74198479214668
81035,62.24652515411371
94064,53.625092199927764
34533,61.325464783874466
83536,61.71078495248275
29914,50.53741475832826
89129,45.55302778908092
56265,59.607305843850824
64045,53.76138793163393
16863,45.98624175965707
90805,43.127560492263434
83859,60.029176933961125
70084,58.76227220945974
74800,50.309412941490734
27532,22.87651163808706
56376,54.51841162694313
32472,55.12072016588584
28417,58.343555539087404
78721,62.536808363349614
189,54.080331335528925
26989,55.912624352407406
18709,34.9375551289715
48780,45.72025994173684
8859,50.05099331082376
18242,47.861991463095656
20652,60.270829661564
71716,36.045116668328724
18760,48.71015405657113
40532,60.765971997822874
52963,53.84594664965272
92891,61.02795398623604
65857,60.1373358058448
54084,50.22752904739795
27398,48.2279960841259
30265,56.37617490955267
8907,54.88146420278058
9088,42.72172759591805
41571,53.16854350248773
36737,60.766250862843606
96071,59.61466405408541
6855,55.83064929327254
25050,51.592987361586744
88332,59.41562084824507
33236,57.61498936701953
66177,52.739878826216206
57124,51.911721871001234
29684,50.69436045816874
27781,39.15076645074707
94289,57.828057162050584
51678,52.540605794974766
28871,40.28150403827992
66653,51.97902917728383
59176,56.665841349142895
86393,63.6240578215501
32146,60.79722476027113
50106,58.31012698457074
96398,58.843437758995165
59111,55.87001530635528
25723,15.700464431841038
93601,58.33337592295199
50394,57.604012814309705
18815,53.7092862367289
62991,57.4762304173456
102079,41.63730856129533
75541,57.21284152775824
70746,56.3618718988368
39109,58.50632293250462
39948,52.68322878573692
22222,44.32449869260619
19264,61.81623473649243
45396,57.46127914192513
5105,32.212796321767534
49850,59.084091488309014
42450,57.22737449801436
91844,58.448652114561625
69590,55.0157065740731
40669,53.12191933996634
75645,53.61605640788339
59608,47.355398451668194
4716,56.7404003077751
62704,44.48186824761388
99458,57.19052800900839
66562,57.43984413005711
13006,61.45880984924827
44071,37.578620591448086
18298,57.69883959077519
3076,58.422719831944356
60206,35.85120296596191
12021,47.89187358686614
40935,58.04868171078926
44377,57.78895998068667
68523,54.298079789559765
82295,54.709230359300555
25764,50.79451052749052
17385,52.789426199663914
70606,46.84504248053445
58352,55.06818804032255
21757,62.72517483136167
26190,42.41028122277101
28308,61.04078574939788
96838,50.652373808654666
64172,44.43544015854393
30434,56.16849005087266
61307,41.63883569627616
28821,60.889099582987086
81867,59.28640453534146
32586,63.80138489935014
53811,44.36951458290083
50115,63.057812172262445
55223,49.860673000252035
14583,41.02789671115244
74044,56.80076763659859
95754,42.48275106277505
95422,57.68654104148492
62990,59.09373375498393
43590,60.503490577228675
55593,57.58268910384665
88645,59.679192949762374
50954,56.80038573846698
36783,59.732402487817964
61953,58.91806831168667
42187,55.12412347356858
21038,49.27168876532046
4515,59.91204628248238
1430,62.504511371469434
100333,55.316119762447386
82466,49.99879606207453
54382,60.33134140684494
65762,46.07856304957319
74826,61.945254703999325
41936,59.00231402746332
48304,54.58336420404128
19129,46.30931250819868
18332,57.969697358375754
25660,46.30712664841728
12195,50.16356929312262
3765,49.66642703066285
1459,53.589947643748644
59228,62.099425316977296
76850,57.82923164661617
57655,32.54795125578109
31641,36.94657263828384
74057,56.01231473662758
100507,56.14045225976196
1928,55.572880140301486
54030,58.84745461998389
46604,47.72377040115583
83444,55.618651942388794
25648,55.79314177435015
54377,51.66031453563644
30340,48.25805615328285
12957,52.98557321250898
56673,56.07818641237674
36690,57.4601897109776
92396,53.9273555082885
99285,52.0017294608481
26496,56.37326630069245
83367,43.70181360340872
73273,52.09570609376635
20082,46.314718135162245
93704,52.332234347159904
67260,40.972067737725546
87205,59.91970183909969
72689,50.64362093631995
68459,56.86029090669617
72321,55.057708103484295
17660,52.43157700854018
98317,53.759304214759354
83780,50.91426223067825
54107,47.44680077540859
73175,52.43522050083741
45045,60.917536375313624
73577,49.41003522684223
64408,46.16603724452686
49683,54.675306578048
43376,60.099013605663146
60038,56.75347928160479
35359,62.011990216298365
79532,56.24350811370357
70816,55.522917801590154
24649,49.5551763289113
8084,61.78953062305801
102364,59.32703852122634
94023,36.11509390148224
95390,52.98567372505548
21613,46.52483595614205
66599,40.28644392985126
5540,44.29706143224774
34423,48.777154654553314
77056,58.63135202371885
2707,55.531241761795386
102659,54.669063907044645
65037,57.10939343560665
57796,60.41793264787741
59689,48.53427571135944
24690,20.754044934067593
21115,59.119077412788656
36173,60.334575445171296
4652,51.23239778761906
32407,39.02207911288713
32861,45.802372178726
89179,64.48964431852325
92167,57.44945697452584
5423,51.10767504277758
97395,49.81728085856167
22118,39.327153858008415
40809,53.72741554343479
48299,49.89512156454682
32304,52.42526607041235
66553,42.66142690383888
42161,56.42646754222382
46126,58.06100899861923
68156,42.949148711199236
80394,46.52887765535566
83543,57.35921188913244
42093,53.105085478108656
86210,57.22072650534196
22289,41.689135679983956
36992,18.665162839949737
67854,39.86338826302745
33737,59.3905239241378
27207,51.69114509104472
92805,53.97721382608285
23989,59.663705273485
92482,44.37056870689501
52676,54.040066837685856
64580,53.097358355677336
49343,58.96846832720185
58855,56.8733910993254
66443,56.93020927177933
94656,59.98333818623554
73822,44.79430700718576
44358,54.844349220495396
86786,41.317013409771135
76481,38.88985385126203
15188,58.41443694709383
38559,54.07099904410411
22812,52.17437230392521
73017,51.66981230250432
76167,56.30733778225839
39061,60.3014528938236
18656,44.51742330115293
23427,52.35135494555433
94742,54.46399137675648
4989,52.31515156094877
97063,53.21440843851717
72587,52.882749852993555
62037,58.055072716478136
74893,47.92318813583947
71722,53.59016010867823
31586,57.42662289169762
93086,52.54047837303354
52631,54.72074591883731
29106,37.48449548769895
20655,51.105070985495416
48437,44.25509565870688
93903,29.36856447716798
81457,62.90481500885876
38375,41.81729176391163
15471,55.86716866530449
12623,53.30476172205255
24059,64.41060017394948
69014,55.42741671610511
51390,51.12551316378664
97667,60.81761716030963
26725,57.885854718701786
56230,53.59154513206078
12302,52.75105510514273
88554,55.817076102350256
4380,63.06097217722455
2598,53.773157368523826
99076,63.129871564131754
50753,56.34726141133054
77877,56.54949348163542
69497,52.8886155112839
13882,59.48848756768795
74288,54.525584874235214
89708,54.22469433454698
6844,48.6941329641633
31882,45.80513001242378
59550,59.975730371138724
65373,45.51567906416955
90068,58.423323439361845
70175,52.83434846763929
93682,51.85462701649627
72717,56.15953834205634
58438,54.96330511966687
80653,33.184472371604365
22785,60.23344275772261
97419,52.78174188698209
97608,41.2238613501842
72177,53.11971924041637
80612,51.69367570945764
42297,41.48393871679845
50096,59.11793545678166
92250,62.549210310421586
43502,37.40221396153032
75143,27.707401537846952
2747,44.83426252840801
80839,56.61972940171429
44139,56.196905874890994
49352,60.19392771611092
23316,60.63676303617854
20925,49.847001371426316
44498,55.12392408541719
23211,46.15023792234529
82179,55.49167444934112
42062,53.99709939303854
9014,49.41409314638444
53485,54.21948848779382
150,53.441476408990766
44804,30.068415869164546
47364,53.29691464675755
11571,40.474839434939014
85892,56.1876608551475
61889,30.741514817592495
52705,49.467408755197056
476,57.69956683343631
67692,46.49878544300323
62912,57.04586407187288
29570,46.76593945127907
87156,66.91378864695692
27445,43.436004457928625
1738,55.97704034438992
80052,57.93849955331856
92094,57.88673241910772
42038,59.50081567862731
92677,49.22562930814949
75492,48.25619602658506
85171,59.68129226583197
52274,49.917800074604045
48538,31.294002403228827
80307,58.26860296983623
102026,55.8659784747199
34454,33.16197894004412
66861,48.487887164776545
30,52.82469648378289
38169,42.338227041876216
889,61.734224827964326
25480,53.50409766746414
80078,50.95128836888806
86439,53.30172920253156
6735,55.50519849696012
61612,56.945709889234365
69448,26.617296020745037
98414,55.243367777051425
52343,62.98004074086536
14129,45.97717662092545
35950,59.70423978581768
41056,60.044855060560025
80464,59.4960948092116
56875,43.34478791484888
17571,60.47524457899304
7535,29.81407406298488
43890,57.915395973836
40415,57.67603962771203
97743,49.424844400713134
19595,50.1825451326302
19881,54.5634451132114
98872,59.42658852503405
84553,51.36557782564364
93977,54.488285197843325
73793,61.54293488896753
56861,57.27013736707413
28532,60.02266996294482
70128,45.4033604433112
57815,36.750444586211046
76133,61.397766441488976
64099,43.727807073335235
99628,44.154301731160224
778,44.39873809561886
57219,47.52856103248304
99014,60.6586022306664
88729,54.45030703647225
88659,59.18350122306042
101043,44.99454617700525
90847,52.350366798044746
83139,60.63005463498313
77258,53.08162891630453
53614,72.93197683735139
37311,55.677260429426426
49258,49.759497827720544
35957,48.3430966476619
47179,56.72349418864829
95509,68.08071468658812
79102,59.700620125890914
44660,56.099114731758974
68197,44.24981252580985
44137,53.27299023444332
35753,57.35099946712354
63914,66.15874104332234
20460,64.09835725626766
23923,55.500178569847904
63097,41.85749633717791
46820,48.920563115581864
69524,39.82922112279234
42794,38.08768647355226
15059,47.97172433829985
17742,62.3952183533647
88703,54.623376176522555
40515,43.341181700707295
39266,31.386036416760522
82599,49.26989903416319
95742,57.51481059103913
89776,47.35030274436344
40267,50.9958806878029
77923,62.921036088699935
85427,61.93953180865768
880,38.568839428392124
8060,50.01879771760095
43238,60.67794828763185
18550,60.06684711213907
54894,36.884393637823166
100157,50.973628355735556
5804,51.00807464536478
76629,52.79607750090995
90088,56.38082639468208
29236,58.832021477213665
13224,50.16988442367492
84270,58.572193391872716
31466,54.95318661151608
68788,58.356364685072016
96420,57.655209778071224
59255,47.30369246236062
55827,34.432411428013296
24029,61.678760179943204
100956,50.59876525847002
54427,60.43976849463164
53909,51.53013084359857
42891,46.213162221556225
72170,54.68842229738996
47638,57.020433875518165
8877,53.026385563031475
97489,54.0008390374128
49355,62.27404723154132
54592,60.2396151588991
5318,36.427007774218495
15391,53.482485318319846
2717,50.33311877321928
6869,49.566770182559885
5912,50.95184731596372
25428,35.61724323670389
80190,40.923229818332636
67017,53.85969875179418
42631,57.433670783146624
61163,52.769130971283396
80111,62.19426955341012
91385,58.34116830579319
20772,57.6969126502453
58498,56.60378523833212
30544,53.773708356214
76788,30.813168523365757
92338,55.22473559335128
21175,49.709779926629075
53343,61.730210697735856
97270,59.73894887382268
97227,53.9817186212057
101411,54.639858122962494
30431,53.53090793607814
43062,55.49017026521849
14449,41.71012636892836
85824,48.12918604905168
56334,60.008101104908036
58213,53.97017334924536
19976,63.92681991282702
87135,43.970511119410176
85897,50.701051674273124
59711,57.376455569797685
70265,49.16131548139804
88007,42.58915427533347
51805,57.021374455019526
28252,57.13374213406324
26686,60.30453885553423
39121,33.89344537214633
14728,26.571628657708445
125,50.982968930346374
80327,52.38781553090623
63428,48.83726422917092
60302,59.06422295336904
18170,57.88613358964041
39389,59.39651408317628
85716,42.12979804945159
9984,62.01778006835109
68769,38.68863101037607
50982,35.592161372751164
33094,54.873568066058276
77837,57.49663853689551
11107,55.88957920129533
53882,64.36358478188197
69512,36.18056734990982
37619,57.91431415664513
70479,54.75643741078906
1739,54.99385351023589
100303,57.531507969404906
47812,60.02782398144561
10657,48.38330424986094
101515,45.94437402421513
81687,57.90640126968942
60637,47.45255512733445
31846,37.439065023751205
20747,51.44691676803724
16249,55.629256450661934
95377,52.87839945019446
940,53.714310218087896
69302,51.68904223270506
85793,62.92191818747328
7247,62.38908502499068
36958,61.123172362713376
44967,58.554538384365124
37007,50.4026135026983
18635,59.02075895963561
36322,54.095173127145216
100134,38.833060845670325
29430,60.85092626504891
42879,49.19458751261767
54202,48.00514268107079
58557,56.666943288594695
41780,50.52728037588594
54626,59.63888500842518
14918,59.35381973610659
76860,55.60345547989085
68201,34.74360960899938
97616,37.86673928106046
37071,41.90458281672024
67601,59.118731156137976
59341,62.799483857870214
88120,55.753021404531424
28331,54.274910309474954
86381,52.63156584147937
52290,52.06387113965801
66944,45.80740871933402
77736,61.92078738983023
75609,52.37325012417822
7035,40.163832859577326
25105,50.35302834870895
91122,62.23123423101832
97053,31.480399026982884
64986,63.77069143947463
49832,58.9137106941398
38339,35.696171634346044
92956,27.30004277734286
76778,52.74308417717373
100934,53.83056642743914
41113,61.67623836052307
669,58.05044876207036
94979,50.03437448474224
4492,58.88776557707983
82779,57.77075198666129
4034,59.655093907019165
46072,56.06098195761428
76011,53.9068386550837
12978,60.94285157997152
98224,56.02046888367655
57875,61.419810771851914
68982,56.7802805824072
91543,28.494333347765448
53804,50.934573311099214
9066,46.42576248726878
70453,36.33256880072245
36907,57.79197368035575
45197,53.95039892100985
45587,54.39995605624473
91356,53.33748317291955
92198,55.76163677430899
29759,56.11379641403718
43113,24.255252409976748
56762,44.36373230781214
39147,33.50920494256786
5613,59.661690297945654
59980,58.86680868152181
61157,53.65537586755803
34444,51.700625690573304
84754,55.37156730599685
43448,58.923208588791205
100621,51.66294364028538
48790,55.15184647005477
102323,55.47605569341515
71543,60.16546965956779
19912,59.19473262115935
21283,33.93107603207199
96115,60.42838672742569
66872,47.026959620897905
27668,61.95794545271494
87480,59.70153846383336
89686,45.50366904818193
54850,55.68068301175714
44490,60.9770428163601
68082,54.77179945821172
65871,56.84287468684057
89116,51.2767532600041
62166,47.50061907394027
62967,46.65745185783119
59193,44.04165484581138
97890,59.489422341860525
71681,57.101430257593655
74876,57.226175355690216
62213,59.8632239863798
78818,61.66608845728082
70934,42.52745472268233
69704,54.22934786523456
71715,46.79945925022968
87806,40.127083201544075
44540,55.43920385949191
56360,40.668966116850186
36047,58.17299990830618
49543,60.75271978177577
89318,50.46405692819206
38746,50.269623920814986
14119,31.03057754759402
30744,56.93411000731207
44178,59.57257053441847
70509,33.72012105195935
34568,56.54942080236431
37604,46.11578830927246
15076,54.06417639105686
244,57.7244751512335
16931,28.960406456733363
90241,41.847970709180565
19277,51.383860270720795
29485,49.91510143825907
66083,53.748723098687925
2515,61.78391457281923
81376,39.22427217016042
57668,50.00070208454286
66786,41.007037517031165
39498,54.69058617604004
7305,54.45556724288376
58335,44.95505556960262
76,50.0400283897927
93313,56.951639421927155
55397,45.52001632274323
35174,61.10591913116794
58536,55.654856547268636
10442,56.195185951591185
10551,59.80017413927036
69726,49.62919716099572
90341,48.98361842356531
74882,47.77530937831336
80332,45.121674849486446
88365,34.230209408626855
68458,54.32859986017664
54844,50.37563857082864
90736,38.895610968381874
25998,53.013117301746156
33610,53.63376492912169
3041,48.371723413835056
9192,55.574977591262055
68120,55.07375223139461
45842,32.67211699572944
66853,64.09163755273735
43840,55.75823455126676
54983,56.67434093050722
88852,62.24214939614751
34058,58.827155284418836
65728,52.25834070863207
48845,50.77868467811401
46414,46.26082624493138
50474,60.06990901316172
13980,59.1101876462978
23883,38.60745229414296
26865,58.772352515160954
2228,40.836022420466946
85101,60.42840264096597
44830,50.06597484131924
24992,60.33947052693746
2688,48.5874843216699
100868,61.20349357068116
2433,47.01982768257292
29633,64.03101451003043
50386,50.42759962310635
9617,55.75633284387755
31560,41.37394324533885
39961,57.365252412013085
79485,48.02464664678803
28897,62.97546190155027
80463,46.43156272222088
32604,62.0243110335776
62078,58.888423430281165
11466,50.217294908128224
63473,40.14840507148783
42270,43.427022906150945
73809,63.54759654708062
91917,54.86535642443093
28613,54.049994754579025
28299,60.18654198160125
10734,56.9620030694829
55486,50.870881244255884
39632,49.27487519604535
69106,32.40416364592758
22247,37.77038300265233
88200,59.91202321219941
31305,44.13218784092962
102470,35.43053170786559
88408,57.89966256281116
63712,45.42551244593268
3066,60.303842280608244
29131,55.91248040754
44132,62.24555514631927
13245,51.83356271875758
73842,48.06484666337592
25493,60.04380323900491
87949,58.45363455723483
86009,47.99490714825461
85787,59.20812056873236
68366,57.19818199738646
469,52.71141054126019
27583,0.0
20494,51.08956135627482
44436,43.71259683069649
89870,29.18109030082521
12970,43.95923813524949
84187,51.530760241403925
66115,51.83743601245009
65749,61.160225146825006
53046,52.910330595590445
75584,56.084448868629565
49460,46.874068723945435
91711,59.936671654250475
83766,51.58312374337205
6871,46.47431703826367
55683,63.60546149412471
64678,56.651671820174386
38076,54.193488642367996
346,48.68458637802091
32678,52.34582047200241
73578,52.60508881285957
73332,56.06368749635401
44525,41.53608143951134
22462,52.2401011618849
5917,44.36373230781214
49626,43.01172168217858
93978,57.85602729922873
95990,46.606852688202416
6540,58.60993309357909
19433,58.55441142690037
80544,45.94227708754155
79960,59.46487903684961
49954,47.59512459132283
18319,54.123496212708986
12942,52.34414017918578
31496,47.62356819592161
40116,49.63515157262249
6210,36.44573953017007
64969,52.96567531091598
4248,60.43090647476616
1273,58.731163542556
3324,56.19587257310615
5731,59.98272686594825
67934,55.01305072487544
61410,52.44317540723744
98122,56.89702346812181
25416,41.51305163437954
31264,37.62892661204115
77362,58.238840711131274
88331,49.619896096727196
25473,62.18694365145181
8326,52.536348598188965
13530,58.61164518139607
60322,58.30962626450942
2926,55.35931339110469
26202,42.04160259783195
56214,58.00503686085432
58363,60.41072403045841
76678,55.965085604777414
49839,55.48535500368679
33178,47.462923331854775
77149,50.820238948722114
71834,54.599898456858135
6939,51.468250181490866
75562,54.56263566886756
5297,57.01749045865337
17299,64.02295907093487
38367,52.59343395316689
97170,31.424849420426373
31250,51.09741880473913
76943,45.870134801193274
99791,39.164303732582766
100626,48.57141540852918
37654,54.200095112687144
87130,58.24546094802191
90441,62.27992933591801
24469,56.54302533403435
86876,58.129457935540884
38969,51.06853738507505
98547,40.69022098681977
57356,59.94097578738908
76052,61.1356138033151
11760,36.985469242600985
70555,52.98359307148186
52636,48.850869917038956
65557,49.36641238722297
100650,45.563113640483344
37269,47.21008098109747
55581,59.39641066496546
86855,52.60051029766739
30080,54.371672661458895
20562,45.96864599744304
24255,27.81305103172676
19941,48.5199803659087
92519,59.90758665292729
77120,58.385183720983754
11833,55.56569827735139
75544,61.45945999824366
29561,41.5637034480211
52816,60.50800874674509
6873,48.91929820416858
53419,60.52733208674782
27454,43.51394118634282
76500,49.634026767163675
19035,60.576438062965025
84034,60.79431369754158
68252,53.41458897554443
6227,34.82673916916809
4484,45.68243478784562
80183,60.07565425676983
79001,47.83335840293206
92905,54.39922582742744
18687,52.092521287732374
31664,50.711922281920096
6993,50.41488323883939
56052,68.30704307032096
100703,49.735107246514985
41245,40.100726734755234
16941,61.48991380077311
67226,52.242954154461664
43458,57.66819346147834
84578,59.300226353026886
89049,33.68801309797725
13947,59.91977347636073
60021,30.040286656896363
8753,56.969653779428654
83448,47.50627972011924
45686,61.8072957438808
7683,51.26726407380434
8182,47.26468641465044
78043,53.34870848915093
37109,49.083822514069794
93407,49.232442147152646
7227,40.400209193585866
33961,55.300055833260565
64976,54.85638242025159
57376,47.30211948518719
85241,45.93544215584321
71899,43.80226131678686
44359,45.974128367198574
47860,50.664513738658904
89404,49.93022299480915
31750,54.406451490789244
74076,50.81117702695126
35178,57.58364830223206
55137,42.58848198054268
86829,48.9674318804218
3687,57.72653875378559
85538,52.07063178035654
87043,48.29071865908299
19706,44.44256812084399
66945,28.060945092599678
51849,51.19863821101242
22827,53.124213240782964
96578,56.450352422074474
93604,43.09082718256282
40074,58.353367454666014
75096,59.68748460174078
46737,54.15481776804796
67303,58.7263560617237
9639,45.31263357651731
55367,54.46323826739613
6070,41.93493366871068
93933,37.69150639890192
33732,45.72284634955072
41564,50.50454945764523
34027,68.19936913513347
11218,50.815267695109824
1763,60.10980557403718
98913,60.927456488518985
33907,56.09489508155234
85179,61.50209699123551
52378,62.45487511587199
86694,54.76181102962567
45936,45.32113133671055
68986,60.3845650357358
38038,63.98516577674204
91644,33.731042844743335
39338,55.06942310661853
64539,56.48916768506144
80089,49.502527193749316
50555,54.46710235221606
19090,57.8342370057779
99020,49.29847237788988
22182,46.7693965977907
85130,49.81843600328764
73528,48.242796725339275
98352,65.01974790443265
4442,50.67223575024177
96649,48.56826028503881
90518,21.907803976502613
23264,49.00488060759633
44714,49.938274469272535
18978,55.793846563370586
27677,52.01255494758964
39469,50.879148696328315
33257,57.97241130928914
17860,58.02953900004659
9644,44.766861298460604
20556,60.8861533517978
65520,58.152726209884406
53673,40.35755264650322
42293,44.88527087838571
10411,49.71359927852246
33543,38.91112329308558
58869,54.73997709271355
78644,63.24956131088221
29103,61.03050721582372
67949,43.554991737596524
11286,45.00655812912581
82616,54.7617761982492
63171,48.18039708259464
57280,35.16281956695789
55348,37.47967601345397
41709,51.170843364703295
20085,49.688457099405774
18190,59.0353957209263
80315,18.77725075154997
4409,51.41764487373313
92177,46.14996593612186
28489,58.33556501089467
69250,54.42822694602012
66805,84.53394825722754
102289,60.76357688653994
15680,51.366304634162276
43475,57.03732964554327
66023,51.78007372198465
1058,30.224157049813023
61993,48.536690170491134
56859,52.95593216246882
99499,57.98026248038576
23657,60.03501630487935
66921,53.08963637812792
16900,45.17110361477898
98102,45.9235287314405
29647,45.74575413318225
15010,54.19939660924637
91800,57.55976024905363
46578,53.05324430163868
70728,56.239701871395425
97213,50.104550030455584
95567,44.2916697620572
3385,45.977072995757155
59073,44.000248998070354
96042,48.63230858707684
14985,49.78957145956436
16512,55.51741787081163
1659,50.46010863415801
43925,54.38612467175073
70696,44.74317281308904
23916,48.42565660222997
21662,60.70659074122753
4630,63.97412560805458
23348,55.51112939232677
7722,57.69403163153312
95950,46.61453191060829
90283,53.24697983204748
23100,53.87789540879295
100608,57.693102192416674
41210,61.11381053559384
75864,47.59759320131579
14705,60.63583493751124
65664,53.34401826246348
9048,35.25538155765508
23323,55.62161611026344
26281,54.761469186430574
28678,62.63914984146004
19425,55.560806860914575
73612,55.926958711265655
88014,49.08299292956921
90204,63.19508802985274
50820,48.15203934877469
92023,55.43949701730181
40972,58.88769161605819
47770,45.71800889447315
21265,46.44358972557351
56590,58.22710190605483
14579,50.0437466170048
8580,57.43540928623727
84866,57.9377817304309
24007,60.30850480494977
95724,55.12712316107864
67551,44.5954609403792
39364,49.95629402225171
37897,30.87166451669481
19498,41.30983616399824
54259,41.98456532300018
32338,55.60238151200312
85128,55.51334846982602
66350,49.97120546708069
93257,57.55084810694122
35051,56.059015679565356
101414,35.80330569989854
69276,61.657674008796796
14068,50.67666934437034
70676,56.53787429071069
72616,59.2616041036222
38234,58.478864666422105
6929,50.06893577056684
36000,51.32111990774918
77310,52.676007303092646
29409,52.22466793242994
76204,58.1244818161884
93121,56.42464817265327
46346,56.58288496263988
76348,50.19446218569651
36243,45.80415226738195
83302,54.97717882254423
19220,50.852976834979366
55490,34.0774086871038
67811,60.79900129125295
26639,46.802793834710435
65094,48.02307696405471
10343,54.04925663111436
67723,58.861460393825475
11223,48.18152709920875
78596,46.80443141898524
13209,62.1423497394599
102463,58.178250477508946
23594,44.47812303301316
50434,47.14368268453714
42115,49.111762339179734
78045,35.20865182251304
90788,39.58025948652934
86261,52.51561205814844
32887,58.13829083906774
20013,57.974392284498165
96333,48.53845548996519
87353,45.54718247041828
84741,55.81987251945388
65287,43.120702805982546
8590,57.44563062420431
78664,65.61093136505728
23307,62.34844562736275
34186,57.97612503354222
74137,56.016915796080696
52391,51.96356186167496
46809,55.915541001348224
96158,33.5868164526171
15215,52.40027238290401
62775,58.20527299005215
82671,45.724408977485396
25858,43.89062823617103
96360,57.906394901162294
39196,33.03124304453099
51787,57.18981344213326
47612,51.89356895699958
10906,28.036970900085166
97989,46.5520498025163
90757,57.14696891505643
63889,45.43534067891355
100763,61.08821699693786
99252,48.695944194330316
14180,54.63011364424176
45972,48.90157838833896
20398,61.06311701141105
50208,58.5487365017887
19049,59.78931714169818
25110,47.50017081423705
72928,58.914554899975606
37595,60.952044538730846
47353,52.935402651791684
34604,39.47300276138192
43091,59.184876718484034
63954,56.43259944284247
59122,43.82657939069558
41081,30.160020588596307
23679,54.85901508275006
49140,46.37801463032102
24953,46.113909321345695
24332,54.49576753888224
89451,60.61380613774694
36854,27.96246371999371
69234,60.6360479481624
83920,34.24529163191629
69977,47.71917882845006
56983,49.55540405750955
85380,58.93239926264942
54131,55.03082959811166
49718,49.494620030919926
73085,59.32774275791637
63319,55.84560102713627
81729,44.983717014886665
7532,66.12007627366062
31058,52.19989126014354
50002,56.6697626981761
64502,46.38175480018698
15707,39.78269521062835
78362,57.92791277179285
42475,54.68781194968021
80506,54.41149651636686
85641,47.362629238543605
97472,26.135077376695953
97039,55.34884649246651
84985,65.34987044648435
78426,60.21252899417455
89766,50.62587335006951
30036,61.75204739734532
14530,38.97758679760217
66328,43.96098308956195
38655,37.03040311729086
23415,51.66780366463957
53986,53.91754896602928
80149,43.957389086596784
85794,57.62562561088695
46385,48.67499322992041
26418,61.47913024832045
69806,61.08217782314218
55617,45.096592081051625
40601,43.520218063056056
81932,51.43373162983347
51577,59.58825087559862
44730,64.50645941478551
100267,37.544779670561866
4646,56.81942598524247
45999,47.98156287708553
62642,58.27841718587881
17438,53.50927485773518
97205,49.39922493898579
40355,48.072275107547355
16429,62.915684129029984
85696,48.14863317452211
8126,64.29090161982444
2759,62.20172210692324
19969,52.666100274787695
80792,61.82555793793525
22166,53.29542238528155
14839,47.64265509697256
98325,60.91558353828794
57799,53.09054376138499
33857,42.41306626616996
63132,58.954073146744676
41582,48.71460996395287
19795,62.69095093683584
45037,52.837765048039074
27997,45.29855723090746
44138,54.697597119436715
82106,58.61338278221094
13626,61.53102063364079
13806,52.97647018705834
80718,59.78280208680495
76825,34.22803219097061
1504,52.274910477748215
75420,50.49238737577118
55686,53.67939567361135
35444,58.40600101842365
98442,55.91710363697333
83049,56.76279613949097
73409,48.13951135208052
36929,61.34497499875108
3212,50.78534732836943
16638,47.358559397827094
100115,55.38329710398661
31484,52.266574786204636
5774,59.5656761080257
35099,51.58528856113634
94855,29.87438939103768
327,47.64189688967271
100988,44.183867327764695
21432,47.61328263000908
53386,57.33613557116833
48605,48.817363413727826
13259,61.332188333394
73673,48.01536838897891
72105,60.78744132819327
74032,49.560904130508824
62057,55.59715753568211
66190,62.41117090480243
59321,41.95072935674792
28914,55.62208121959267
7838,68.44677553459476
87608,64.24170686980783
44075,60.462162516870364
24667,57.41820903459096
90584,48.28454595284008
78773,58.73640107533217
70885,45.13591166016751
100113,47.03876941900915
29372,58.138280384741066
22631,55.98888320403553
1472,57.29944593798356
84278,50.88125209072819
100848,56.125839211558436
97294,54.792433130103866
83333,47.878781875084584
1829,56.90445848048758
78654,55.52038352662748
11499,55.45478418537759
43038,53.97223123280995
78299,58.039780487907876
97747,55.157044663435975
12816,54.01935566496518
32821,52.4624478939074
75781,57.476220767372226
21076,53.11584605910526
10621,50.16681453031343
50696,39.445449365685114
68103,58.23843002526761
34616,57.06652057452204
36809,49.007763181659705
38160,59.72160010215016
68552,54.229137245069936
64157,39.78901926960977
95327,58.019717647957876
46534,57.42393458851531
95053,57.186550702165604
17041,56.994671270008766
47599,35.06209335211259
43788,49.05306498767419
76458,60.214813504611094
44339,48.772957097622026
90646,52.584745194482494
8434,48.65814687625178
60014,41.4941487121171
89922,53.1241754122522
89653,58.004697825500934
89606,29.72001704672915
11522,60.694556641672584
71518,54.2729733637107
80359,58.94975997055143
77600,52.238316679241684
96269,57.006434940160744
41469,39.568532235476674
68389,56.700622181034724
90393,35.35481618015282
32949,52.06722782512932
83334,47.653061852756764
26682,50.38041602074956
87888,56.069067215570534
31036,53.085865101038145
55288,60.374902697542
31815,35.11986335272369
23965,60.24210002579442
48693,45.56283200744609
87091,47.421945034732694
69847,51.53454452675205
74736,55.075213044925135
47234,59.74260168510214
87513,63.427932683949464
88449,49.900354560780684
34887,59.093792941958974
67843,61.1376581497536
65540,47.244448590472096
31900,62.0338861585198
16398,63.9133728408297
33450,32.875226402851624
73729,56.82932335681246
88011,53.83400836655543
32852,54.5396228630188
246,63.97845347246935
16029,53.33237162805949
21343,60.305130339819655
20528,53.094569572702525
64760,58.345684811347226
92770,60.45924222126083
46198,62.64647332826769
97818,41.33568969862857
58238,61.055706320721384
99915,62.58295852508614
89002,50.13704911064332
41962,37.859109443149016
19445,55.672977177734296
31478,47.2483300581913
73641,41.848784555303226
76975,61.55329625112027
70401,54.29752995913018
89622,56.14641582951938
28106,53.48816500884501
70333,46.531030564510544
60295,40.0780805288908
84296,35.953150258030696
14646,46.91218753585165
53147,49.66339637316378
94044,60.26883363171769
22623,60.18772420324815
39112,49.394969261550756
2294,60.296124119384174
4929,55.50823186386655
3786,55.67889339853378
21180,54.78957701736358
101782,61.410360164747146
66398,53.74607350569314
90014,50.09698689372059
40461,55.79980468331516
91034,55.41165083789787
59134,47.46984573605396
35961,49.38276144184119
18184,41.57802516665792
51823,35.409365659231575
79457,59.483464454245414
37582,29.33138217552493
93381,36.20027464223395
54948,41.949078808271246
35097,51.69355468709187
70328,56.443565677632904
101123,48.44127021387293
34416,44.04789435463698
40839,64.83847916132365
3014,58.20867873261434
91218,48.04706340464198
77314,48.45730257907647
82027,49.52985427067669
48134,47.2068222920038
100757,53.2921471415777
1484,51.636070221633574
48231,54.75230080923343
40538,41.769413932755675
78526,58.65636177987777
45564,54.519660013124756
94153,49.09306287856057
3452,64.1007024167485
38522,58.97062077185948
39517,52.654107145189776
42526,57.300740914096025
46395,27.331549793604122
58781,52.80754993076421
85410,57.098492693120214
29498,56.651852730550665
50826,45.92778605744363
47562,50.69809443825508
27517,49.00564018007388
50867,57.61244405363303
17588,53.773708356214
19200,43.16889158436381
82163,54.14178843707657
63731,65.30803399160192
6668,56.17014068417227
23139,56.596672979693416
47679,54.33779907031751
95844,63.59162283476982
94717,46.594318139180686
99780,62.79079374253568
61441,61.884108726666675
96425,49.35494750033134
64749,46.47300819696962
40300,55.5713652431156
77936,47.10025004210033
3995,48.76384550625622
45412,35.90599431415373
36418,31.938595627198403
3403,52.04477256746111
98183,46.08557370995025
95063,51.29602052067632
87883,42.26426387492554
55343,48.218809178917766
58113,50.22979805540512
97200,43.29624124315321
70556,51.4775759749644
19811,48.24586397570727
94332,51.02022088730179
8178,54.028626106953304
96497,51.26711149875947
71103,50.86507234462869
76066,46.21937124598405
28591,57.199529014405215
24545,61.02158950396672
39304,57.813405837923014
71913,24.39684279618019
40620,54.654554663439214
77429,35.54112867806481
64004,54.73147452950228
60798,61.16542770303032
57282,42.884283134278306
70122,49.99730693536215
88956,55.63597971786578
41212,60.5594073941389
9589,50.39361630280337
101251,39.45218832943756
23937,60.10409545300468
49403,56.439417222564316
55027,45.39814438327292
85232,49.15005825018569
55240,52.70877400710438
62311,42.15046702151031
82990,56.53067127029511
31207,53.542775098547345
16,58.526538769038424
92016,57.492032250117845
30029,55.640196723384065
95263,53.315266471903065
94473,38.90112847833725
57153,33.34760983722704
85500,50.619132993885266
95279,43.640509513056124
31131,47.429144006529
81911,50.393410601469235
102548,56.761842173903624
70504,42.68652970815911
62104,51.9680821845327
67190,61.19058142865781
6709,40.9154341477676
6350,48.98995292115434
61491,48.42836732243494
9297,62.772669660577044
38804,58.339806684585
50460,44.13108859160354
37855,57.0871651144566
92671,45.62726507310142
22460,60.21850182905159
47324,60.47992704126188
58290,59.01091775570254
36310,54.89350424614025
49873,62.3089412483118
78657,33.535913546917264
48788,53.10981361957618
84177,50.65431232293303
67746,52.0358525025072
9155,38.83707404983099
5060,45.22421236552766
20126,49.43819625511048
19135,32.67948990961505
22528,63.62569123347473
90192,44.22598464273126
15189,48.38991099000924
88938,59.77883812164129
32889,63.769188177668056
76121,53.932954791694186
40328,36.767811955195995
78051,55.35141128337809
27471,61.209234688270655
25492,59.13917262821446
21329,55.85001802178557
20501,40.38868095505906
81527,59.60700927510511
27682,54.279396753947495
100794,59.07330150004272
48672,61.491683969324136
52261,39.069033695137875
90067,68.51112725137993
49240,29.804138029215707
67106,49.71111158595458
73080,50.389932130816014
26580,58.94526816385269
38337,53.92095745078778
87191,48.512330320101505
23684,52.75446596018165
40546,50.34609394857747
72123,44.754031526661464
85922,54.76251759841021
34439,27.597315194642096
30936,38.2502755400179
99837,56.413903226126365
47778,55.77047545365488
95497,56.97570471439532
95942,51.70714170379628
15546,62.90331190795637
75978,57.89132510770671
89627,49.36104722023128
32050,60.77981714837783
52126,57.06453268404183
25715,63.24688002948177
56513,61.687131335298
14741,57.17325187983209
80742,57.86527365704624
97780,58.52586974006411
101665,48.05417709614384
75244,57.67218822073431
1123,51.748284144888075
1514,47.37126503292821
26557,59.805832432679054
68561,55.13725775586245
16840,51.68720449093425
87131,50.862484994306634
59791,48.45975576016256
73950,51.610817246366835
6547,51.414007600857474
79961,47.07271867843489
59914,55.82967840655465
46372,46.86590894889956
10262,52.37966615417013
39035,29.69886047342084
41688,40.609791344899676
42594,31.149133291212454
9189,29.763199708826363
14468,54.50876088010565
67641,52.739027857218275
31925,62.421069209583436
263,52.99836939371467
4247,65.02525383237908
79761,60.498926054681746
7371,49.331085135081395
5839,58.92772712663884
68913,53.62410166556663
28447,59.53569937472947
1889,49.904812405630814
4142,50.67133024757805
15012,51.93608293195968
47114,65.392872873844
4152,49.10139775677066
74458,56.7623111905159
9512,41.994144174224985
37606,59.103542808482146
64121,58.101438650149646
74485,55.362031050461354
16272,58.176998036741594
16344,63.315021508513254
49184,55.44268981350875
1710,51.808496591294926
2627,65.88404106606086
37310,60.90786690009087
66626,55.02747974935707
37864,32.266351223671904
70541,43.52524681515745
23725,48.29691145121275
65595,61.301854569726814
55375,59.83513678285458
46564,39.297770725534136
31465,28.655685985306256
79355,56.12536109120775
62649,54.873621446970425
34077,45.23443647176058
76930,48.262099556273085
94599,59.17275991507948
13175,53.71161841333936
65418,59.3198625373671
38838,54.14475111805653
24103,50.876533749459234
44687,21.79449136551546
26919,59.00476930888662
32236,52.79718994251699
9141,43.477878305105975
4981,49.40137226064995
78545,56.25052699605986
99179,48.450803050668696
49870,57.76673448273631
44098,55.65448303779165
52735,24.289994030520177
58738,46.75963466281382
92386,60.884504607985704
95691,62.000555030802076
8906,60.7515359307679
51338,57.91804920777103
23045,35.78597947695945
67402,28.03622169765082
50293,57.96968770176355
9054,51.61118249363218
54233,55.877961402009696
16960,45.92446422230608
93607,43.661598991847164
67972,54.54711760042052
43259,45.799976914603874
38068,49.554164587225216
69808,47.836946726849064
61632,43.97916917522932
11804,51.66189242198224
93306,52.65853625383146
47291,51.78860459685127
32284,45.99514864209017
98079,52.61814020496575
3150,48.38989747780184
5524,56.60358370256652
28859,53.32639069277353
65354,46.145776250650954
68602,48.73709655305678
27898,38.61998484131456
68365,54.45220566162629
23633,55.12413638253189
100963,47.02012741543005
8425,47.7434433780693
60893,57.20898682026389
95789,52.27265650857146
97,41.41912201940675
86928,61.69824578958223
72613,53.608496254889246
10776,55.51017570175239
32388,50.54048921893167
24025,59.3449450331228
99521,55.669056999231465
5099,55.291491840909345
64583,62.102449956503776
26909,36.030576876550136
40360,50.73643269428734
13929,49.31992403086818
48858,53.7131326373687
7123,48.96872443014808
30234,55.465112042075305
86399,41.414160367302
52643,55.43664383147376
74138,64.63990186055909
99224,60.62584193855717
56967,51.188229026016494
52269,56.88993641044125
53836,50.75358392519959
34867,57.94062882832265
24359,53.4257726319086
50871,50.88013329274457
98922,50.32441562239914
13261,37.9804822421603
18750,46.31396439242294
36003,34.87462207919964
1563,53.39025842451699
22451,53.27341711512802
51351,33.39210437964177
16324,56.79361647209196
1615,60.69344373970637
89604,55.137845238389765
4810,60.096559622700504
11742,59.52348647778749
63179,53.41921442790217
37345,45.581120272080334
86067,47.950967002886
52492,31.406676233966472
87730,63.83137125327728
27988,61.355582629386895
89700,51.92415731578164
59337,44.78384799477401
88305,42.96256763193657
11585,54.7428206049575
25228,62.143801586293065
47150,54.30325817126313
14982,57.1125125949016
43126,60.96571441380794
35684,49.34723909943692
18031,51.880869820136574
88547,48.99415331999528
23714,47.89010369679297
15342,43.53140859614165
17781,54.90170137594048
52220,61.108350664283506
67639,53.05808155249794
1822,46.66034766419161
14966,48.60236215068993
39046,59.66894831544958
22256,57.89285724890151
69823,61.70591316547836
57255,55.231216151645484
47880,62.52453448890044
28125,48.03317541152627
2264,40.399908975835096
12063,61.408772567054136
34165,51.05919218271075
4719,48.76349095524718
69978,47.50596011399525
14548,65.7539297358964
65226,53.518569466433306
91261,45.53308604240149
64302,59.43405444918294
29557,59.83708718635144
16157,59.34223621472982
20377,62.658483698191986
27655,55.82773714577297
44136,48.530290459519144
86763,49.114461027076715
8321,49.94817379749895
98566,51.00243714057347
96825,30.578991989659134
91132,60.24419284518271
59035,57.01399425451625
70376,47.77439049365845
101025,57.03184387753247
101201,57.91479251610582
7503,33.56151394903209
78576,55.82114926148709
78611,52.40887513064456
15006,48.14794655705704
61934,38.005239470159985
99590,55.42349923449565
38147,58.27702478418704
82392,49.64815789292001
35281,56.523451018376534
46201,55.527034576041345
48345,48.685606903065164
18540,46.553114960253396
77899,52.42962071671651
14124,48.57681839560503
31171,51.03761072054935
35165,47.04707341964367
21918,54.580044137025816
11481,57.76371556819085
38486,51.03999961229611
72624,55.493092948688705
38100,36.28430747143493
49323,57.54948747653533
54319,39.287604259933744
44884,48.99776615401221
65916,58.83180335048549
7498,53.368126315504774
5027,52.20358321706381
2596,29.645008526766645
86003,49.86310863056648
80818,53.27604297151221
24409,39.62587761442222
82607,49.791899716702076
75534,58.856275617793514
77749,47.458772042321954
66029,61.037232758503976
63919,61.23093075385043
70851,55.45976546223144
58121,44.518081150210485
2605,55.1005106341072
76837,57.64640942788665
98552,51.35502916472844
22633,49.77541772870424
65880,51.08670650560427
34970,47.32011929083998
66462,55.759132609833244
8128,55.96824681555609
67203,47.3789348570496
37222,48.961731377090906
83360,10.647059810733921
25462,45.246817749234815
64774,55.67495593334722
78641,47.22048740939927
17508,49.38000629170943
8990,54.21608000062432
72138,43.46085531458338
41001,37.65450236005976
17367,65.87270003470857
2998,48.429194357088996
72564,52.408689568401236
38349,49.02576465049685
53335,50.33620301609589
18488,53.48826866891851
67586,63.96367771400041
44332,57.61147631487265
48836,61.31965679031139
91576,43.90496839561757
93797,60.10908512270662
1013,60.07480720200036
90891,53.668452036223584
96791,41.580629027088634
72004,47.34362069249326
55064,64.5810824027496
50408,47.38715893791274
30495,43.22647176360611
9474,61.44812077618954
64314,52.421010304645506
9454,38.61775524424421
62494,58.44972558142318
27541,50.1910140147892
90486,38.277798209480515
88147,44.99029275532909
3761,45.08048586635961
44180,33.64363593965167
44014,28.227191736372742
99511,34.87179121784386
8785,38.02578755758921
65594,59.59967815079705
47062,53.14048575781993
89866,49.470283695038255
17988,55.37860597278574
49292,54.28701716535628
32006,44.278358988584905
79606,50.62355329564356
1920,51.25503236050551
98757,62.41620734592677
91162,43.29243979207245
15902,42.83528560415245
84070,51.47293808838149
72389,48.37615482106689
48142,48.555378491285275
80698,54.82699431751851
4211,50.086462572710396
62328,61.107518944773695
83137,61.24246689322802
73447,48.854934922499965
22730,49.641633522457205
87009,57.40707249412263
31537,47.09840014904104
4246,29.085674031250424
38347,50.674080625615154
60865,27.86423982282359
30459,52.19596113930699
45897,57.93626009247839
42625,57.75028208886082
74801,42.937244115149966
56029,37.16787245309205
78499,48.1659220051133
19207,57.184280796016466
25171,60.93011852793284
46392,53.67161030308956
9509,53.938964082447995
50334,50.0737379465299
80422,64.29423679349834
11582,58.26735354947293
29650,59.0045435326612
1151,52.51566434029249
12052,32.7670582757201
89457,42.139842612401296
76577,62.97656157797844
46585,56.07724800858945
22331,55.84019110680494
93581,59.239160045404944
101032,54.759137117854614
80329,57.78824928224823
87661,53.56331239379936
66045,57.108840631470834
65203,43.6798576563023
94306,57.87931511185511
62332,52.12448731169848
51439,57.6194337775175
91885,52.8641293920913
65176,34.08093426747291
87364,62.94523515171025
84965,40.89786649816344
57821,45.288210191194416
97355,38.90997084993527
59224,54.28310106358629
8441,42.34401770867163
28839,59.318488022148955
11182,47.672775383248066
41995,44.02650346270071
92542,48.461048198901345
29639,36.755138855561704
61659,45.26641014969949
80386,49.55021665652115
94467,45.799567914936624
30046,58.777922928508644
32047,49.37047337062899
62827,50.92610148036278
46205,47.72350189768405
43152,59.05269088390356
12655,56.17572298133687
76084,46.519576050560225
42933,56.10274787774867
77974,54.16471558618741
98105,51.68182064468015
25778,55.93693162910279
20517,31.78341291503289
75907,46.88070026583869
43582,62.12760849439532
61536,51.68273173361583
19002,53.92095745078778
99196,54.98347875565303
28729,53.05710299102112
67424,57.80916475823159
93744,50.49601085220666
28311,50.94816713390668
55711,49.28204979356362
47574,63.162247194549856
56367,44.63039675774543
58667,53.12410725164446
28814,37.448121002363465
55478,58.41136165183117
62617,55.151209099768394
76263,53.02585367273452
47321,47.45562955917704
78280,39.60055613106434
91152,54.95755038437113
30573,52.385995309988424
61176,48.036497261329075
42395,63.299202794206664
19922,61.15888397152965
72263,59.85992221200439
27357,52.87078381686638
68147,30.85680935326351
5561,54.34933282064732
59132,59.56015621547242
49993,56.00039299418519
97642,49.11800646352698
91561,36.878944264737434
8884,31.742989982144255
79925,53.58620688943239
13925,62.94245507028339
17452,32.11418524823521
51810,38.540671043517804
21701,37.001215012068705
50999,57.588172067820594
59336,52.934808310203856
89097,56.442080988160676
76000,59.259097740027734
7433,53.314197052879344
5514,42.757548828393595
79599,45.32778251474709
47887,27.4858712511893
29009,62.15864288923618
57844,51.75336081847301
25801,56.12370255132116
50341,62.478789125267994
13170,58.907476670479355
68683,61.36783271682848
4874,56.9756636344642
22690,58.40669066035083
34562,58.23307898498038
63346,53.610303061750706
3181,53.35123226435523
32950,55.83410818547396
83842,57.56353898405724
63335,56.38639938728098
41560,54.73870266872429
48573,62.31458705095464
74649,57.594961275942595
102306,58.35042237259852
83714,53.245216559790755
70905,62.99300521134275
67408,54.23102752677916
42053,54.016304302203636
98957,63.42734039641131
35783,55.01463569988439
51795,45.18872385730704
22635,60.365028830685404
87280,62.6230944956088
71762,50.76276596755476
35233,51.565962531409156
12594,50.282347146263454
85027,35.683607790985114
58871,66.60259244425194
74756,61.9989573200332
41712,29.19190321555208
28955,62.06971300561221
100377,47.68811581528513
92310,55.35760886570726
57014,54.948403359473545
19932,55.16580121999595
27482,56.63673939816858
60953,53.61216310745581
47787,36.08278559740389
92727,58.395688624193106
99327,59.104349251286884
71225,44.519709536321095
5605,46.11991798228096
86532,56.08488236310599
77614,38.95068948222334
19819,52.14660976903362
18929,53.08456821098011
7051,49.1148211236926
100479,51.2933065815627
19622,44.61974072809035
46176,51.10926587694214
29950,57.16121656402745
12749,48.63968571118512
70969,59.81139768000842
74268,50.233036269512645
23263,35.04797943362907
93710,56.291274772192445
17283,61.4083775393107
23744,56.50671183020276
31801,58.59840648240558
95179,50.82377277530048
53724,61.843501946391086
21826,52.86429909652355
87151,44.77069286741379
25970,41.92123186196144
79919,52.13491297798832
85809,60.58674291111276
64127,40.44113016976235
65452,55.19272798532099
73516,52.552126537277516
56113,43.76982335617217
25216,63.4349140093113
92878,45.674243813777046
35084,35.62710768719199
90609,54.948617932784
69877,65.11590162843379
16200,58.78653589991045
26811,50.010066492422986
72293,55.65783746892829
12026,59.370650332438395
22052,51.69154079381187
2304,45.08103455375241
93163,48.63623822029018
85985,67.36531639148461
4970,55.27359717236792
5586,59.38849054594726
57166,47.206566360490825
30145,61.32416234425054
56456,57.13141818164543
86849,51.058127779260175
25086,49.88622193128928
16173,63.524231558863846
92803,67.45285745625736
82263,60.749317769497544
37414,44.06095949619552
93252,56.935216094335885
48725,54.24256963455948
17183,45.66126829284875
84850,31.488027073144387
15917,36.33919759983457
36578,56.65814418746044
68998,55.04581804025857
100049,37.26564928785977
29781,53.67359539151423
7795,59.732305184417555
72157,51.80537404853611
82337,48.85913637360717
35299,49.847896335549216
89501,59.76577963898798
61871,51.245676526528236
96815,54.48372878532434
82800,61.85862902911061
63905,53.641397319597964
5950,57.753313297494
9391,55.2520319533691
48711,51.25480642073687
20225,42.19117441567571
38927,59.850886840479475
94746,59.58128037844821
91313,57.979071949797635
70502,61.06291381734657
92591,40.48106710633239
38225,45.20974625411448
453,55.41675437376649
58866,32.310966631995875
101041,53.75146884316159
93898,53.45608307801902
79374,49.65198279715102
75210,61.0428650923045
27222,34.559223526174776
87565,52.259037855801566
10389,55.80244597837068
80096,58.698302502793176
60387,59.946603473967315
79320,48.01057150391835
19543,39.99805888191918
46154,52.70262829197586
9655,57.86880309106698
45680,56.70996594792547
21490,58.99331807141241
49614,57.78203047245393
32591,59.852881819939235
4990,57.815867625822754
67995,28.63809842841856
48795,53.47131315108285
74129,58.10243010681142
94012,34.39880313412221
16364,44.526039098633376
19534,52.20375973506421
102392,52.51540911317081
71660,45.77368004712947
16937,32.588830383174674
83135,58.76464575602152
93426,51.65896167154658
95586,27.442948368223103
10386,45.561678227011015
69029,37.067599176048816
69383,53.230178769271596
55108,52.5724275625213
67913,59.87974035588765
82884,52.65453186520959
4860,61.2470018844149
81795,51.74096331182712
91909,54.929165439538835
91907,65.07772791791493
17,58.67989351175443
100054,44.64447905444897
8570,36.829228950508735
23680,66.87564810085829
7561,49.73820107709079
98535,54.942985251859135
33044,64.40525364948002
57046,61.49969254687958
30262,61.629482644426105
31695,52.28014144181674
73619,53.77472479575674
52287,49.336549068376975
26679,52.611911694265196
31472,31.066810833938973
63039,51.053805371684476
18992,55.32197189166949
81153,48.24320644455011
44639,58.02939958670691
38744,58.39587429148812
11393,56.443349729387066
80032,61.44169435989821
18557,57.77557405215731
21686,59.47877312432111
7688,47.475303581290355
21796,38.89389806583606
7627,55.681052196424105
59817,51.9810084517265
82644,47.717883785674765
31274,44.861324162378374
77693,55.073057572947754
15054,37.582905207374594
64224,54.443040457245395
48924,59.71759942615166
66265,47.79316701968891
53064,44.803685827360646
25435,50.51604059682245
99771,55.78053149074738
60312,44.49512689523771
5397,57.44151770367118
70796,50.793615612127255
6296,37.09734735664844
15143,52.494933508322816
98629,47.17933729154115
71326,54.64810314871244
23324,36.103461443387715
49285,63.732235655793914
49326,57.163447856365785
28064,57.27445253715479
53623,63.471886570508374
12456,60.20620567616609
30052,51.88764818087487
83080,61.216814982983
21641,65.84288187046819
27859,54.844016250137955
41763,56.115694879527965
10934,57.27399156483586
50571,57.52098080048383
75921,56.4070225110996
50583,59.49058882945339
90682,48.652849379732714
96881,52.66604128430987
66260,58.21615672703135
90905,59.86149982354077
17436,48.43064187501532
18716,48.50940076794917
99698,47.61451537802154
9006,58.32496117213667
2783,57.609651943919296
83157,46.630972504980086
49475,43.462433170952586
3532,60.426159934193514
48637,55.215445344943376
3541,44.49639107569605
33531,28.00087424338806
13310,51.88667946483787
47091,49.659988393875814
29082,56.02454674440505
15700,60.05634631729443
30942,46.83435909117987
92553,57.54141565026156
76087,50.8476129122734
87511,54.86725466833378
82074,47.12480195797033
82883,51.24169879748672
36923,58.56857209375261
98790,52.73849724360392
37231,52.74162006302025
38875,55.5898311321183
28963,52.2022211774751
10504,51.1991025510584
45047,57.70257997216292
58575,54.46110445279223
58962,42.058826384337415
10917,50.55527265503366
59346,56.74054623920122
29348,49.80354114899911
9280,65.22403316630754
28616,50.32679413106114
92863,53.24664912735482
8015,47.28354295477959
42488,49.73358050485154
11150,38.51022242520983
48019,54.132224321589185
46393,36.42493594466045
12386,60.73536374138016
1451,55.52526400762355
92111,54.449455779690524
95813,57.05051116657723
41211,60.55039394953363
64595,35.278300058196734
11197,55.45488516831086
83430,63.346054958402235
90884,53.91941916349432
93641,36.1320686182151
21298,55.053785836931425
23852,41.20511414192591
84654,47.22109805859006
36538,55.01770498265622
54969,57.99145561710128
4400,34.13995503120085
80796,36.48293706960777
55349,56.13080782115315
79982,33.79685103664512
50349,53.29359646705743
60704,62.14298674749607
88634,56.173930546435756
18275,50.30890449757215
89349,40.020173038077075
60715,48.59953084199633
26547,52.984285710360275
23166,62.90581589820252
7042,61.09365443526674
22637,55.62720183769778
2091,32.720525600259336
41485,63.221952398477455
7904,55.37210507123425
17148,37.183491011530634
44066,60.47275766432047
69438,48.97695051020453
35454,61.05934185575406
34976,59.446427635384026
7282,48.67061919161954
27615,49.7498768663726
67005,57.552552594173136
14930,53.4103931644126
39126,37.190166913137055
34552,61.17980918522037
50128,58.96686974924553
86955,57.91149754453106
40991,56.72008421925515
11296,56.218602422450225
91107,54.200731904222785
95752,35.806084632242346
8146,57.80880980687432
75078,34.07789773788373
25328,51.53117365225985
27608,56.25308408072025
58921,43.909697638025065
60501,17.415115520584088
82463,46.436162155200094
91837,60.263964327865295
35122,52.742311208031325
23881,54.153040160969404
13108,54.74204758902876
38161,60.799942172577715
21814,61.66322621579981
34399,56.129193994420035
15823,54.95773588563892
64933,60.81459612947747
40969,45.3456111798654
63807,49.18100702745001
43958,48.20027858317434
36305,51.118464002786915
32794,51.56345050576826
82398,48.31578107642605
444,50.808470310462866
48867,57.969697358375754
37935,52.229919876010285
28038,48.74959763460329
36897,66.69832236138956
34918,50.6765059657006
87746,59.744376464539535
48962,50.65958423723431
78951,53.01444167155708
8737,49.69650547838414
87971,55.30931946080625
57253,41.18901958621683
34594,64.73482342833796
61249,55.162374024395994
95911,56.5190529816483
36213,50.309636256203
31863,53.0364005660587
38728,31.602431271195638
72792,54.1456206297177
55873,60.64159165478751
28756,33.70248803443913
49033,47.35221837574262
62451,54.45490572216369
18910,58.66912468825167
48859,54.93695922539923
99519,61.663872744619695
102236,49.255922340413946
38429,58.52454173028741
101418,47.2440871001066
25488,53.76772467054014
14038,59.47463458879844
48061,58.09693757125646
70119,59.03306724872796
64273,51.29314149306886
11917,61.13037658396677
78212,49.367088894402684
63922,44.63243198794917
65592,58.89085261052412
41065,51.778721200284664
87256,52.79017707120105
52190,53.5234296477941
77681,47.53979850426263
41761,59.86445441096279
2116,61.311664401546935
75903,61.4097825732856
28170,61.61140527889453
43833,59.55247250599675
41329,54.8015332998777
46380,58.1056040228983
61466,52.35909966968507
45487,59.523318008347154
82840,39.2382713337699
56995,27.117977193059314
4493,53.40527033064991
93315,61.17835287868628
34348,58.73264388363285
51831,52.0825242742679
91665,56.710713955515565
19562,54.167336059644455
97351,60.32188322373863
82710,53.19316097349432
88924,55.003605923445846
61034,33.191269215954044
8484,35.20900282471388
30821,37.28816857828147
12364,60.76702139394957
5303,34.972428357184036
25458,56.65899673484811
12974,54.755766133034875
48452,54.116891505341044
50528,40.16384587236905
91975,58.628243387850844
44603,49.96474395058479
60408,55.698272148009
82448,48.21933873226353
45288,44.71291921265261
9373,56.34635019388702
101847,50.521490513841364
39694,54.41991093462454
35176,54.17311330682102
50237,66.39404087078081
84448,52.84181202250232
16058,57.7383374379714
60274,53.74016481180332
51507,29.01070462037768
22933,55.25807068363052
41515,52.61680296843108
88501,57.00029495871523
19084,42.81972424718261
81908,41.99738017641272
82130,57.06982408059673
84680,57.1638439575564
31129,55.9431859943033
89083,60.98060481352877
25809,58.98340412577515
88418,54.69743191267655
9422,57.06045309291764
17973,60.85989474042438
43978,50.08908278935296
36422,30.286140114533342
14599,45.40123363861813
97727,48.33723542253906
84423,58.99528569109059
25638,58.85227769097175
66951,57.8649516780645
48686,58.47468535721049
22007,58.38846059340443
2799,63.95839211161723
82774,50.15299430720314
80353,62.509925610166974
7445,59.13151218588373
45476,51.73184947441592
16580,54.95581301774875
30925,36.52939237718144
99907,59.790665276267035
51623,54.74167589007965
86470,49.44655737704146
39610,26.19405309992196
14275,51.033234787016404
102655,27.870738636203683
45555,46.852709486613264
73119,56.34745039366648
9011,48.57640393017244
89496,55.41301517800873
88481,59.12276431706357
49908,49.84759897484737
27562,58.522036370456775
79438,55.50974839291118
31527,27.727596761463705
28234,57.589327372892406
64506,65.03258703164727
95259,49.706763962155776
94365,57.495194742718546
45556,46.1299992226752
3517,55.9564572176307
65351,60.05381071727866
38432,60.97506472680189
95505,58.985348330550906
78156,61.6195298798127
77105,47.403221377300056
41266,47.34937933719932
46840,46.06891185398256
57910,51.76533844277649
41809,54.46520672644815
94533,56.45726612549842
49568,58.0495210045516
50910,51.76948201871537
30253,57.633024559106055
22158,60.965637068280174
41731,38.38082142604661
78269,48.391136024890635
75670,55.149667191366056
92816,56.601308496677234
60004,57.25374834570949
62167,60.68773665543906
73727,49.257123988533415
61954,54.32722401433212
38148,57.96677552643894
82854,44.62228494073228
62665,67.97803869232098
72875,53.04400669777565
26143,53.69451942286317
71717,55.23126056752239
76753,62.47126314825784
42182,55.09249329398461
55006,49.45565511631158
21673,29.448438021994804
87664,62.9414207960654
49244,53.29255172556013
6192,51.99747885653509
45550,59.695883445192536
42986,58.852346964402535
69886,48.03321938173091
88373,44.13540021263502
99456,50.43851185648493
14890,49.08685397059184
42054,49.14867491928777
74656,49.77816626849109
92516,32.861966985526045
42025,46.7801345616135
43557,45.166265853920066
73284,25.72450459317883
66268,62.83025693042384
9967,58.03924479988274
26105,56.33871938931043
13802,57.79770929917484
92734,54.068699393668524
88999,62.98050583525672
66461,57.90626447188359
30696,50.67259787211297
38109,60.191801023353705
64008,59.45003642630558
98686,62.35099221514689
100867,61.343197764232734
79552,56.29460095583122
92875,62.258389583172416
24952,53.525124025082576
10578,46.700497124199345
3118,45.38502193854178
75482,49.13062738025085
63589,59.29483890807783
7876,58.058507801773516
45916,54.39538588298799
78979,54.630440389933256
7486,70.39541778362725
3729,65.08185929571488
61690,51.619423027745434
21276,51.28210652078322
32053,54.987647486852126
17792,56.44075897954438
54267,65.01990382513925
27952,50.76746593401812
82810,47.42729368420271
42104,53.806662615774215
29224,41.285678522276186
29153,53.51191918945827
3963,54.413795621724724
64356,44.54086905425213
75134,51.15255135579201
82985,46.263716126679704
68786,49.58091505908343
88911,49.96203562239802
79267,60.36630722903868
1214,54.87512307573478
1025,58.30078771648606
19375,57.95980970123347
48548,48.771903696963605
58267,60.60646037056017
51293,57.585207174885795
8910,51.394042574179124
72526,64.50678718897802
12070,44.920462127426944
18746,54.61634180690684
46749,51.13448698753557
16889,49.448037266476554
70581,45.65809130553369
27344,59.30756950505185
36411,49.68975494060173
70199,49.47869835440118
17971,57.894607420543835
21578,55.44746491820706
9944,54.16765797392179
26148,47.36414034672472
97326,57.414951107098275
42061,58.44718994055036
83091,48.982240106612366
6518,50.00059105181795
5418,42.66942584835374
19656,48.46151993298905
3888,60.27724201765984
5102,59.994805614160754
44219,57.146806602776124
85746,55.77132144537143
80399,47.708204162518825
14925,31.51236978267642
61099,51.817827902186664
17832,60.51308317516365
73917,58.793913929905216
46253,60.21199955675702
31486,60.007446616831274
36623,57.65393913566377
32350,39.67526852214917
101904,32.46585269890096
24055,58.24830178922037
53053,55.19478856588275
21953,51.70347630545207
80474,60.659073644618246
27141,50.65985875026537
88435,45.885052705375756
83348,62.850058600105356
87926,59.386768153256504
93274,42.47969156430147
86013,37.60943153820138
66710,45.15013396526936
39480,41.580236081999914
54961,47.58424741681424
10062,47.22451313585559
77215,27.25385107124007
24078,39.85074674480328
62640,56.750431237345666
74923,49.133575983179114
97770,52.85103228944029
8686,24.400516463718148
29897,57.46173885627859
3832,53.00098267630071
53889,52.57021286471288
79153,50.39441615517137
28908,49.41198989064405
19597,56.9202403222265
89970,47.73591066960197
69692,51.888233805506125
88970,58.81960379942855
4203,50.69286066985893
34629,58.83244421804943
78766,46.74313084174
26499,60.01557937560557
96223,47.8489321073184
12887,60.20597683434712
86625,62.2822207202881
96498,57.541824904991095
101186,59.69106213978869
59128,58.046320746817
19096,49.77522956524891
37390,53.18437419635484
18265,66.16592957358716
20479,44.220987168686975
27942,56.961280052769894
39562,57.83089193795438
57440,45.583488302586055
88747,58.15913991462611
39651,58.68185326242692
11545,55.91784680776951
30353,53.44434416380192
24051,51.90231704869467
54758,60.801041996178675
11056,59.91755402496423
96072,55.86791038504626
90824,52.00757869841617
28186,55.11562874763829
1682,55.84852848089583
92945,37.867930880779426
49928,45.15798921741462
51245,43.625237099959996
18762,51.74876387828354
60518,59.354490127527896
22849,49.87855511953482
91279,47.670160594471184
80874,48.09980541219221
64855,45.054586675008984
36844,59.225750455187345
50624,66.26561967130225
90318,56.6114942485117
22892,46.351758375768256
14957,59.53649258030684
67856,46.720321757705726
92041,47.84956177160122
95891,50.65075685039551
24430,60.73242054414581
78692,55.0594865557182
43184,45.21378264745842
49708,34.21465461787949
31585,49.253278105640995
5560,59.916375214398734
30926,58.66814887142296
35355,57.70459462964801
20448,64.49098523690938
61637,53.99635789493386
16581,44.65589001913937
21728,39.70507437346375
96641,50.57715832518024
33242,63.15002174818143
14214,63.377423808568
19966,35.690325368557026
70229,36.50422109041581
5783,54.4099496607498
83944,56.0246050817301
4304,55.76548633767947
101526,49.40208993381447
33413,34.295732731937434
98540,58.94325344065774
24965,46.448718135065775
10961,56.001411688667
75640,60.20639008575593
21085,54.89925654392526
59697,45.974912891114265
59807,47.0336936709562
33416,51.74986176331918
101895,50.017873585100524
45511,57.34569413679177
42559,42.37756894591041
23625,54.858498386234196
97966,60.88141584374662
79295,45.12481441064048
94008,59.881021096761515
62769,56.92619296648455
14820,47.08495874945749
77277,51.37008188713002
6377,44.04564367493551
13189,44.24982510741336
63288,61.89415358435333
34957,60.00510779251165
71168,48.03817089190155
34814,51.92711406298915
24521,55.69853597851187
98074,60.106534055499154
98926,56.07235765829986
22605,55.67900557083544
80687,65.6278360431245
52132,37.23330137976485
2152,48.23132780233653
93398,54.3788647549174
61162,48.78615789464033
35764,57.32982646894409
14719,64.01043865996347
99251,62.73426927840838
7303,34.820946003714646
41610,59.542585439418765
67973,40.35694343368941
46767,61.8357802383815
10494,62.78243448217489
56726,52.10645498177742
36001,42.13459495374331
37076,24.745289520933014
85994,51.621117070884374
91016,50.585587206488434
16634,54.237067198877675
70870,49.620397541990954
31972,39.32263045155925
4672,53.52110944940233
69729,53.25109210054788
88496,62.03292497192548
52206,51.97466313722269
33986,58.2243329037876
18646,52.95573717835835
86428,60.489465435922405
38614,58.49656839768635
96226,59.32870782862351
19707,57.18234820580824
51012,47.63327681575816
52601,54.34838864341537
79836,48.494370063094685
78726,47.60966880128498
22210,59.575812822669114
71208,60.30027323636537
54075,59.527759173572264
70627,50.69105897671048
32213,65.6248859835298
90460,60.52781067975772
24090,44.90919867098922
92130,47.542465318730024
43580,67.37056819296916
26848,49.07593056362812
85966,57.58141312470008
81830,56.19133465167004
60565,59.954856834432114
45841,60.55635509824354
7621,57.79506156573957
98425,55.89262764068711
69740,50.894107849396946
31262,56.152625147063404
39080,58.43618042839446
66018,45.09503257522992
25187,51.35345930410177
12298,55.534182375448665
44727,55.98234011334776
94381,57.831627867972514
1869,29.293122407288777
11437,39.88829259430803
100992,56.72561238356529
78730,56.353013536471686
10319,56.6395654258691
22958,55.07534380345358
102680,56.05538351894105
9515,58.16346616359442
78705,47.33615708175354
22030,45.15069591029847
6878,59.32994033828339
91841,48.268678657480685
49342,45.172424804823486
92131,33.86058624807472
32989,53.80281455653667
74925,57.1805501733555
57740,59.045370625611085
98621,64.22327783008424
6767,28.14642603363761
72059,45.51278095425654
65634,53.55453883551367
62352,52.95426525040999
7529,50.67958025793186
62602,34.799392685288964
68411,56.22006091215094
82285,54.84250553761975
35675,26.234709591939975
14356,60.90978440367395
10194,62.210689670517226
31114,52.21603730990716
51122,38.52358200801639
97860,58.85095303107838
2889,55.61902196194443
52136,52.89539567445361
18372,64.05098298032938
56473,57.86842488808487
8409,47.72489835227567
78446,51.198530924032895
101202,55.62892876553387
26152,48.724303804504764
49690,48.276294223787666
62264,50.56802635108493
15297,46.82251899413007
50107,49.90162042361751
24384,54.67562601865408
98133,57.506887530214044
63840,60.007107867052845
78407,33.11932972916844
100449,50.34840524188458
38035,63.59854864969846
66819,57.62269229802912
12309,62.54109293154635
29536,61.068112543951706
64834,54.641819577357005
47327,57.64706574859308
90063,61.28127220655985
52382,57.20311039183534
63228,46.394507058352424
59631,47.8519127740668
29984,60.506267536900566
20031,47.69407443519389
100258,51.855414102830444
59558,56.52029287560498
5184,45.88040730647465
77353,52.11895698289138
16503,51.40206139895146
57652,61.94523166746585
51924,51.96908633020976
42761,50.557530471485386
83532,48.96564436888189
32561,55.46562546526235
20896,65.6790527300995
15875,61.01936611872004
97554,50.52344011379004
101568,46.217764763223606
70743,59.88166285844791
55602,58.5651469713373
82842,56.677106236051856
32453,43.32703139958623
93981,54.30862717053689
77000,48.963918948401314
100526,60.66234895369256
81355,53.35780566051194
1338,63.80018831060568
57732,45.25064251270097
8659,48.41983134705378
58817,51.28755317987412
27938,56.093334229457696
68607,45.91270346945219
35497,44.95370105923855
102412,53.208688244666796
60458,51.347564973610105
100762,52.8140564286635
86553,22.981552360955003
2842,59.6201034376413
49519,57.31723334209053
94774,41.267653229724615
92445,50.192274849985345
7185,50.826119290202136
36888,50.51257927533037
53877,56.2180359093808
69530,53.792233828690016
95969,56.671978413331814
8571,57.18334983352221
71602,51.811684560542815
64777,46.40690415491832
15015,50.96591799422216
21914,49.95871578939783
85291,32.84892566836841
77705,37.764294832061765
100737,62.90462512571413
86602,41.8573439871579
64051,59.162396686196324
81413,65.64018337602623
50588,49.393218470722076
84740,47.673398891675916
88512,58.98528939913507
75718,55.492264440896264
65330,45.41491299095654
76463,38.298444195628896
74187,56.04147891649368
9486,58.62350686627784
63771,51.253041492365824
81244,46.12152836370022
30784,51.34795018805284
36703,51.1606408163705
30662,49.14212335486381
83748,61.61153036632611
99242,63.103249484759715
84333,52.75972885417836
10263,56.85798631278832
582,58.730040794593975
84681,48.79914981811876
16057,35.50752907409875
47458,56.474852007179315
87708,56.03688375118818
88981,54.65022298199787
29612,48.80166689751996
20632,54.990079532501255
44678,51.60958209245001
94284,66.23915257973493
40699,41.699691450070105
56903,43.1474090199541
37849,54.142200622739445
97192,56.87658644446375
2616,48.52460173794279
10512,53.713650254245024
14555,47.51215376921668
31580,38.7112428759264
92420,35.71372130668323
16699,62.271132305678755
62191,59.295530495620696
63224,57.86643798393719
76514,52.83215478723205
95508,58.28324504861823
96281,46.897721979112845
54402,56.92641669055822
62929,53.79926596665038
21507,26.499150052391517
60019,62.62216844029042
77952,54.14699759031365
70935,44.71265377900893
40689,50.37458502853924
16020,45.12505114351132
91691,46.376924952770594
3331,53.57204577525764
98158,60.42885500266575
70791,55.294195167849345
213,54.04169531300934
77491,45.64550143739494
29164,60.55783056610582
97934,62.005242205180615
25039,55.13896417722118
61217,57.81935657790575
99750,54.662911600843756
50687,39.54187379123333
33667,48.97341233575846
35001,52.81975545126914
91006,54.2947486139442
57583,56.17319793010917
10474,49.33611964810283
100158,46.67991402932042
94308,52.72454454498202
62326,54.99026356156705
55505,61.66453574687469
46435,51.301567776150925
39912,54.33664368753845
98393,55.295134258245
35398,60.57275977851415
299,37.369036535899745
44181,60.499208861525815
45901,59.06483885995739
18606,59.02789084191442
35241,58.53263000996876
22040,58.23602007680991
82127,47.56003263070133
68758,48.10525464033013
57538,45.648525477997524
68650,51.37321093123836
34827,58.736781046675425
101854,49.63684153505558
29386,60.31379717333952
34947,49.83334448659212
47367,57.86371052517386
54557,60.91523687851425
96699,60.00128755724722
16369,53.68986534274278
42318,61.805696070596106
14945,58.27638971806507
33612,64.24472654713223
52330,53.19578841899422
67708,59.8699392197825
89345,46.236897489499725
56010,47.56010471077661
68973,51.743655904130826
73474,38.77619902542258
68963,61.80286441793316
53142,46.919661164823445
65655,57.507755424546765
24535,29.88195518277133
38242,47.90144607705047
20492,32.490837235791275
43423,41.65658584454958
42236,67.12224044381168
56127,66.0079997468259
22662,44.754663720095444
45536,60.12136914928781
83425,50.685058579886395
69623,45.81329236147625
70273,59.11769264193438
48234,60.63460125780149
74994,60.43905826671639
13223,56.24595851896055
62761,54.285165301266254
3222,37.26390355252049
23949,53.04387757999345
78240,21.548477900927608
20392,36.97713356611264
27905,61.85835472110852
26689,52.67165956958328
78443,46.422423021804654
6103,34.3956278050105
21562,46.019441311347215
4316,55.59521267174519
96404,61.714873266528045
1759,55.76727080454125
102321,51.24617769799354
9339,45.715142267639415
34451,51.65602118657873
96338,35.73407981443067
51801,13.558960280341722
99925,56.45528973163523
47709,42.42566912075894
45522,56.6459879330814
40331,49.5885318572677
96088,43.88428248095748
33022,58.98993519472563
63263,47.886285844679065
11480,60.73180849420188
51197,59.15018358887539
60860,50.472190751799964
53744,51.047507104586195
63601,52.552058038114566
33851,68.48943964660506
73227,41.481708842481574
41246,58.46442454145929
82747,47.12710715025338
18658,57.82562152117071
62845,55.11340872288861
94526,47.71988855558322
43095,62.539042807478296
80837,58.667257241668004
57402,50.59994019115494
87200,52.26977249311436
101466,55.9521956609807
79399,54.99026356156705
3905,54.57971849228925
97811,61.75443430583049
13518,36.32427918320471
93822,54.03149989922858
84701,50.896979125527906
29342,54.90077163695808
26777,47.823715389891646
86947,59.27229323321009
745,38.74900795673329
48733,58.96439773784822
25422,60.7278524587011
31566,47.10519012142787
8118,51.75559058102049
50392,38.31562860348803
100488,44.85021828988512
82678,48.7180879625029
78756,54.99382461753172
30161,64.05862709342053
28394,57.94037936792437
70723,63.6771534985232
67623,45.25466094257711
61700,61.296844638564096
44809,56.42911795389243
86485,60.117294451735646
90850,59.01303198971164
95652,49.19054053278622
35886,40.17912305737161
716,53.36664309826451
34149,50.66312284478818
64836,47.171611660959094
22804,60.274945587935484
51368,51.92592647377187
84943,56.06638382966629
62777,60.372945910729996
42466,62.43673715866155
56272,60.37776641226713
2361,62.00262695674872
73312,44.24116002872914
34824,57.46346264003587
80803,40.574399836604975
40912,62.56296882632863
34109,56.03049035864469
4925,25.328767773383337
16264,53.14871336277173
16893,57.79006225447448
30851,52.4864989624963
29838,53.129967099594744
34849,60.403175418176744
21575,52.58742486656533
30920,32.24539806740009
100408,60.37294703171257
22436,69.35320807650801
6584,59.36193194004109
94453,57.840522327099336
84771,58.26879539152559
47342,56.18467922842615
54359,56.08564912306341
19773,60.554624987477936
11287,65.29875426011863
80960,58.34528092380906
21819,28.72534513768091
89601,55.38501132826561
31741,45.04273376797664
86616,51.078088108181035
96294,50.28650296062722
68352,40.8788565669274
83288,53.95370237724585
94261,39.534831777836
83849,46.915629484891795
94062,58.57735221906958
74816,59.62504914887413
38291,49.16790090240214
27019,57.00743757893234
17226,55.05912691349191
48492,60.66596879854396
4644,55.469731510420885
84864,52.34959728598605
8199,49.109580482121196
97686,44.5207132203109
18478,40.97880591483236
82363,50.673041898135
35734,47.57371897023692
58571,64.15527587867429
10968,51.59963360105396
43010,49.8116789893363
20749,30.672754198823363
66549,58.053210700523906
1028,33.695872701760976
94532,54.49738891814299
66990,47.94598312738652
41921,50.04013653359114
17404,56.20004932461715
75182,53.38934101586529
92489,59.45999746546929
31452,63.66095014744002
93849,54.75852262448485
45176,65.66880202841504
22015,36.90859988613001
81024,59.71264551349766
99600,51.790386297213345
71454,63.91080059191201
58064,50.89975222485249
29043,52.324920293549475
77065,28.539660960618217
49596,33.37737577419683
84022,47.499858133095685
54048,38.721803691282965
89370,46.24476732012314
44446,57.214758147134475
64541,53.56817740628254
97405,52.79689259776953
61412,38.578222761315644
80343,41.08799908917271
56025,61.27044826892489
60369,52.019693963491875
81134,61.16984669328535
64507,52.99240141550015
62976,37.36885074059285
24751,50.498944083506146
58194,35.61032396222244
52002,61.091299010137575
25530,53.74661041213
61221,50.132843217831486
22846,59.04474838058604
55633,54.425942323524495
55094,57.91917497408809
87169,55.50625054412505
71340,53.556015643617535
96218,54.461459312588005
66664,53.279153861284776
84738,53.37378256627396
101747,65.73947661267869
7938,61.57075310560984
42124,36.03535358088457
31045,49.72265846379861
16240,49.90898591618617
65645,54.837092240689515
21923,53.02318180184676
38518,51.99851616592813
21705,53.61460688592682
41413,58.827049569077175
85801,45.42849907776084
96731,57.25758427706025
58220,27.385098076546956
30112,61.98997142197729
32074,38.700589202728146
94506,49.46347525962268
12714,56.98862338914238
4416,56.352075377530824
74786,33.40002336126175
36677,45.00026041457491
28994,51.69622119674828
90077,50.90797298713831
58331,39.18603929320609
45393,54.17002088160834
48080,58.112255385996
1695,45.23362470485616
11457,51.8700435784006
96579,50.6740199186159
6560,52.414737717957365
66337,52.73182321344615
91081,55.65952883838438
26061,45.533738968703055
29804,63.879549051088276
78769,52.887130071339925
60454,40.781124482950446
25440,55.44262058585977
62031,50.82890186971006
72489,47.107788323405636
94290,58.50538288779332
35504,54.72591033939916
2680,48.2027995413227
1665,52.914740456219896
73022,52.966752339287304
32941,38.959199270597104
30476,63.384200228446346
84938,58.38602946029446
95631,42.659999302550254
95532,44.64567286834462
90919,54.813539436030815
52561,60.123616655613574
50257,53.371080442210854
59190,53.69019516002293
90210,55.4026605215694
84081,49.027841969188415
41023,53.47329774167748
95280,46.21916837585707
18615,58.010068189423606
61671,34.008709150802844
12312,59.41135417898397
28387,45.07869450605901
70485,54.73708414159734
98302,49.259772033964396
97392,49.36248342969661
74154,46.85431212634932
57836,46.821895907772145
10396,56.01008713574115
7721,66.0932838473584
31912,37.226085493201396
45911,47.95474133664376
69812,53.516116610536486
65406,44.74785318001142
75129,47.225631590328156
36568,60.00915323369826
82436,53.72684693401315
74012,47.732417044759764
66171,53.35628635463046
55763,50.97852410712602
77466,60.937560642222145
196,60.082903359740115
68449,61.16213695029966
8429,58.842448285383
81458,60.854442462592004
7235,52.26235370345068
14475,55.979274864264084
73246,57.66254434148542
48227,57.3631256736289
87164,52.247411627697794
50346,49.93414930552956
39572,53.162444281602546
68063,45.10739474212179
26101,53.672367074905765
58006,54.25282420376879
19593,59.49102322323074
9828,43.544152438105776
11110,53.08333261057463
64544,43.188281394471645
13119,51.61312468340959
31598,57.23101887614185
51591,54.99703505475582
73955,62.265052976932
51858,40.58723830378686
33204,56.38313245675012
55443,53.31993127640723
74861,60.93041477157166
77382,42.65472809392316
43467,54.342367757541545
37767,57.472976851636055
58351,50.260812788516525
41479,56.26203528139274
26550,27.141081567589733
16726,59.45118992089418
9109,50.46117590690687
90870,58.82916358353139
93392,39.542896600864836
55432,45.27791401112142
42566,59.475974461419725
699,58.66890671794367
67412,50.990513278327775
12722,53.94756683917314
81878,51.8088352587816
94431,55.94164641043341
22835,48.98472059289398
5970,50.91448099359713
65647,52.03897171395742
61127,47.054783846537966
20424,38.63331172368829
13005,51.276483110830135
59294,52.57600826739899
24888,58.49815462499201
75449,63.174469820242486
2897,51.021578959551334
76407,40.439737489153075
43531,60.780747902693406
11512,47.953936906308876
78149,54.30257908713193
19711,56.942774397938464
12645,47.90433297909558
82558,52.97051682634245
42031,49.08557674297627
6449,60.63467415551634
58720,57.09874155222704
37094,41.89281628453173
3352,66.42920407265906
70936,13.577500957652731
4214,32.72900888443034
73487,59.30063081093209
32539,55.569041892234296
27165,51.61459364347364
54932,46.807366691186886
9108,64.18529824050304
74940,59.41446747605451
8789,44.17752060645537
58095,50.14703450168111
96044,38.24720352200402
11485,55.3344473229701
70260,46.66293741980607
98176,51.46455185421214
87646,55.177376010037634
19592,39.100960044168325
57599,57.711979247555405
91812,61.80670137811368
5787,44.30959166189092
18571,53.31205565374423
56772,57.64761624917817
12044,58.01428959961295
42209,49.46429527844218
95487,50.60936577302941
35011,48.99595297667346
102326,28.95282157397689
56204,52.460173009203764
65683,50.51670228497204
67489,54.66675556420551
74794,44.939454461721866
34303,58.55544421174996
50207,41.57753679140062
3260,38.732620767202306
61701,56.42114432521241
75894,43.96152063903446
83465,56.19385201813288
44440,61.22366374507716
89950,55.921056127425686
36687,28.702026209727656
90052,49.15071643095698
76786,38.95109986413179
44808,55.44476476585824
84875,26.08511073847764
30257,54.136323569193586
78821,54.20991367761708
44505,54.900536131346904
60809,44.97492851700415
8364,54.846255691455234
64221,47.535784090015426
30063,39.573155458671096
11738,57.94219025133456
64440,50.827525275021735
56643,55.78165453862814
26454,47.01863122513041
53693,66.94231863655108
16289,61.02517164962893
92846,42.93891820189556
85266,28.198589793723894
1877,58.53164498736069
8779,46.45602620690314
67890,50.75758207688631
22952,53.262897714254734
106,58.72965452595345
13705,55.49379125705065
84492,43.824822733831056
62455,44.876258102803206
59898,44.233866535962136
57320,56.49500621137011
31358,52.588797698872995
2713,53.3425369095116
14222,62.72869883034101
12703,45.80717694260388
35401,45.24409180782154
54135,60.555547462369155
58518,52.433755774775435
9260,58.93056851463253
12322,45.90792605309444
43030,52.48062968172267
81197,56.09303888954799
56594,55.031447812755324
98088,54.00907258699358
97413,51.41117955422237
51060,54.88180783983367
35524,39.16928196577747
14433,55.30118264851989
45852,59.52789445275528
53171,62.493610509453056
87090,62.38113605699287
63325,59.50585901189466
21646,58.756517274309246
48039,56.42268196829555
13939,43.281682059183794
91442,58.341410964852685
54194,61.58860714296134
6438,59.73020697749068
44516,58.64814030322878
19120,51.744997719454254
41398,55.94798826610398
40470,56.21398304750124
98874,58.771358393636895
89665,67.59318682752188
96375,69.08886640903827
60370,65.61128923606657
48700,49.43644952875827
72884,49.90713281032455
76936,50.60755886775186
71999,54.65459896119624
49639,58.7076647957322
85317,56.913275694432336
62246,53.71648178343752
8946,53.85032485430639
56134,55.47895875713412
30398,29.406965361076505
59901,56.1303031603218
12822,55.433247006563896
61841,46.12656481678091
80009,51.05047596234646
45209,56.34229386441652
61387,55.38083955184709
32334,63.67265237474098
47350,59.09287888382855
797,62.15874819142341
44352,49.295825547551075
63959,65.17557819440978
87124,59.720909455096404
47127,53.68775888082786
28441,51.31258050794314
83857,55.77625628316744
83372,59.03793400505826
79155,44.35225101702545
50937,34.55140004171329
89516,61.57062209268359
46491,54.03038561405022
29095,49.35929776950076
40544,54.05158774665391
24775,50.96939324184552
74037,48.11899295173685
29345,57.099201029716355
100497,46.72825099235317
27591,58.54316032684527
96268,63.06639283349647
84420,51.37781878791056
88986,46.86110916559529
12886,32.25385516911841
8860,40.874278767224375
4385,51.32226519726258
35548,46.47706888349961
17583,57.03972815955643
13419,51.22853105224139
43628,58.83316029679017
30150,48.901905120891136
31115,48.68200429679608
57814,57.55913689813034
75938,53.00693049639992
27974,56.495099638677516
5048,65.22116481211981
23894,40.88955628108603
14941,38.749922380370094
79123,62.138688491760746
76874,54.787385717110546
319,59.31666057227777
93105,59.55628132917588
30713,39.33238856024173
19105,60.51232703489476
88972,51.85786769375944
9491,58.31907724830856
99010,45.62788658087788
68008,58.85257875392699
38456,44.58264574108138
85437,58.330076752490534
90264,47.32218955571753
52617,58.80282674566512
22357,49.86121020916225
39594,50.60284547879237
43351,58.25059373835054
22162,47.75554798737211
41214,60.26282920009949
99238,57.420943559717166
96898,57.8242924218154
6611,63.416963632477476
63354,57.283006737002864
56408,47.45227022806241
13573,63.69631192280052
1550,53.092570743545785
47304,57.06491251784552
57442,47.42916685319214
2335,54.28081303542954
3191,54.960125344484496
65925,56.89184946094411
63485,49.242799852836846
23959,57.923454448532574
88364,41.76425194031791
27249,54.77876003195487
81736,56.83809919466203
37315,50.428306823204935
26874,46.453840701751616
72851,48.73300541880937
23601,52.88863165663899
88271,44.53931169815605
3246,29.462898522644924
77750,65.26439445517765
50578,28.04739135009745
11727,48.29447925447231
93298,38.74294912353898
43449,50.72907468610672
71179,54.850818359673106
10265,56.74451893665953
70637,54.11904254180343
85341,45.86457708360575
68700,61.5458783992289
15164,55.10465069548799
44798,57.05223759624066
68151,46.98082846137386
63120,59.043811095338114
91832,28.07832796287387
2414,58.899794831734944
31956,56.36658298959324
81930,60.23594607660232
13761,27.06516838687836
45658,48.17944805065054
42752,50.23705428872993
53703,53.9129231051299
3006,51.00056007439661
35158,50.65407018824967
51981,50.38383253735527
68657,54.71468400618407
85850,62.075222354627186
102656,56.0251842553474
67767,58.42582936569189
98073,60.67754978836669
90339,35.098300082493694
44304,45.30891609401943
100907,55.11823993123969
100501,68.82436052536585
63149,38.136360166534445
92400,29.931351681549003
94312,47.69690877516938
65525,47.44342582652598
49444,62.21612155132843
7447,58.55412856038842
73804,50.484231295873535
56453,54.39152606331363
41601,53.06004633728841
35210,57.33980478470073
61357,35.19398308520092
26404,58.6559542797164
83615,56.71943163142083
27760,56.63442046568699
20340,36.394126249072684
62409,59.83852711551537
31934,49.78249165799967
34029,56.425418156123214
2046,46.46243424117655
20105,49.32224824003715
18343,67.3016590493195
12679,63.36179693732572
3151,58.39282150693198
88428,44.19971272854547
79831,37.643526992230214
20265,48.1769172882473
54629,59.712236875671614
92218,36.28216891799687
54945,56.75523029829488
99537,58.41443694709383
25499,34.091819764181174
15692,55.60748743270344
48391,57.62485426038997
48785,57.38118970299567
24779,37.07714660133
41439,57.91492544485121
34028,52.99886248834598
34765,60.926278615829105
70999,54.498151766178225
101534,51.81409973525269
17222,27.977212681843792
60227,26.229720603509996
17639,46.91875091359558
87517,54.23958026887964
56216,60.44141607156185
28182,43.05715669206179
102432,59.40906010197763
60241,52.97627576608276
70391,53.5903514930694
30154,50.31121587090206
69101,54.85077793424534
21433,49.78721911015872
56158,50.22756240314822
90101,47.709103457769714
101076,50.15094547924362
88709,62.54200589291658
10032,48.88694862674997
47497,56.97501761452458
3833,62.93123708987299
32363,50.58727946360685
9428,56.775657786579586
22652,56.52892037224182
21073,52.85256814078999
15440,52.05896395598115
57791,59.23215360236991
37895,60.64853549765682
69570,50.838450622387164
62080,54.45264090900782
14218,51.316410035011266
24333,56.903305550787366
64139,54.15181809195742
60005,48.83386319646706
62821,52.81074893976505
63352,45.44129106394725
91481,50.50445932746613
49189,48.08829437345305
77649,61.62938160037477
24074,59.93765695659954
49797,49.36082280511102
6261,52.58261393826429
68632,51.87242583997789
29239,53.94304023201913
47077,60.93811843730202
14848,61.76687157220672
75644,48.833301409814275
11113,60.20186443391035
85086,56.7000146083865
61614,48.10794119249804
30269,59.25471216924958
25310,47.12398426604589
48411,62.76839604370326
94640,49.72426961758305
83779,43.055050888129706
8892,50.53988494777761
74829,59.923184661088925
70616,54.532367275146264
40959,57.45318283473483
2967,52.547368920086626
83667,43.917751816237185
14429,61.8366082210695
50590,40.48547772117477
44383,59.766965266514184
49227,58.21087040899116
87676,60.26221396752747
73690,35.15177353369355
14491,40.3652188494173
16525,59.185292217089184
67352,62.51090156693021
41176,50.933404021201795
66295,39.57404020781346
87000,47.65844933450473
10092,56.943723534309676
31052,44.65808466157975
45039,59.33510622080205
40474,53.059173781461155
13529,52.8748966962688
7518,57.699906194078736
8158,54.974569399263515
61076,55.40427092047476
73011,60.35734262819498
56599,48.93954602197723
100657,65.30926920244639
83036,30.383569881855124
30685,39.888164318756616
3991,64.43203438685151
45554,55.56126061907029
28646,28.97233475638783
15665,61.89509096479944
58998,47.914979412850585
99809,58.396107802957836
44053,41.84958607343665
45372,45.84991213049842
26328,61.30391724229531
41579,59.04502036685774
35609,47.24249140634792
29367,61.610320887690044
81851,53.9715669472907
91446,56.89076355446903
48010,60.885739983441674
32648,60.62635567034059
65357,54.529168213744114
9701,49.488323210343836
4778,58.50270464056044
47694,52.2924019805392
32655,41.78532494553462
12263,57.53402234791608
10335,52.310044391899126
75734,60.9862588082204
40025,62.38483237641698
2915,54.54514911614172
26680,59.92164392654331
93618,53.73454647601577
27213,60.214513151361906
74028,47.42951605463891
24406,51.72014330711247
58030,56.34127912525115
91206,51.98985089174638
77507,48.38504191003148
56842,53.30115297524102
42624,53.92112838760416
54142,36.24355356867866
78098,41.67740069005453
92321,49.79751567522192
86551,47.51987884108121
43129,45.05116521258211
61737,63.17733823852226
18759,40.971328397072476
11015,49.57592112746667
84928,63.61978615547662
58173,52.15785635710192
67053,58.0540769846775
11904,52.0711873653993
66841,51.72275768502262
59652,62.636390925826646
18737,48.86612391280392
61514,34.5332422207763
54039,49.941928292352436
39091,51.4018643134072
8257,56.360395673636376
64584,56.612258100132316
57096,64.08435848440833
100491,61.097996684218295
4922,64.36774902719797
84692,25.877097784330495
84427,49.642854333295524
42689,60.584320726766094
92821,55.839852383643645
99123,45.15921194704508
11177,58.730072008851444
7774,56.102088124321035
91274,47.90370665845832
24252,43.24956022436223
90654,55.04822827861909
33541,61.68458411853425
34521,57.60439521334065
93371,54.59934841123675
87463,61.40844191214808
55514,54.192400775015884
41637,29.611356736065026
5172,57.13464262390644
14733,50.58734669727739
75254,54.25842816361826
16228,61.76207470542112
33943,30.486805324465927
74538,53.11002644776961
45335,44.06219423570319
16225,58.212091883482636
7752,56.80978347901956
39305,38.35446820348839
21262,51.371242399397616
82189,49.79883217093592
61411,52.304421349964244
4006,47.5119755760659
91357,48.45606822678632
101437,40.457055824501815
43904,49.67294377260593
67381,55.786009298213614
6932,49.04176907659748
80008,52.48886089764391
9920,59.14855693329635
70288,45.25349759940893
71838,59.12191905278526
36200,59.801926871031256
80458,62.71861588906481
43406,50.71803610348768
50754,64.1078666504368
97789,37.072119800489396
49415,47.10047260592013
31947,40.562474254299865
89594,57.937916534302886
21986,39.40870524025977
13869,45.869516354517
42818,51.262183897576676
81669,52.68327173676505
97781,50.148643862635836
42242,56.83387934908099
63834,61.21476754210462
94223,51.10071081545058
47495,52.59493963450189
101213,55.99020245688373
10542,58.34030072389447
47036,58.3127082854507
42942,60.533684142123676
2781,50.62506152531746
71496,60.976744750397614
51644,59.509482674266835
91120,64.00574550563087
81223,55.631514535125305
39182,38.50010064161192
83725,48.01330820624611
40819,36.716153326519645
59062,55.27639741142336
75876,57.46428336279473
64260,45.6352477148606
14657,52.21133131057695
102262,48.588742770128256
12198,50.73261918158637
48034,58.97463851957386
28070,50.36202820100517
43221,53.622864086723865
52942,49.4780938982134
94977,53.48371835192966
8163,39.36378920238292
41225,60.03133443667144
83365,48.77637962573058
24015,59.51490306691085
96172,57.78172799301697
81121,47.56168954690288
40199,43.45800684152232
73581,53.50114103295131
52031,47.369878660929665
36424,58.744654697165366
55289,60.32148443187429
34479,54.04370063029472
89712,48.71002366922616
83852,72.50686297912964
69495,53.14457224649845
66393,59.70006807989957
6036,51.993847854012394
47374,58.999401141152276
931,60.05836194627244
60243,52.67539245464001
48161,61.64245278472634
64270,53.96331566683585
78468,51.41612792387681
3232,58.75517368821856
14207,59.214826699501565
34770,37.20299946076285
252,55.11202403412025
13219,51.747635723251726
13017,61.04820221364197
84370,54.85280569303549
90720,33.278304606475196
69852,51.2159997816193
5632,63.90709609503723
80508,52.83155370294172
24814,55.409765305472725
89842,57.13749488655875
43559,51.775964538518636
21621,54.66887131470907
101177,56.09166811443066
56401,51.2684396300677
88965,62.77990571312829
84745,54.69508145647467
72203,36.2406652285005
29722,60.291775859263666
39909,61.06063781918964
33459,59.28560965989895
101885,57.94676471187765
80767,42.40302259185985
12661,59.02880567791856
87942,60.71337150547243
92587,40.412286426893736
16811,48.824028422936685
63606,53.785868314367335
54842,56.12598853081029
60428,42.249849483391785
63660,40.662857358169404
41614,58.87837599963372
10020,63.91342150000467
67442,30.123295188216243
25285,55.77076498187641
21097,61.179827337094636
26603,60.69932549040391
71769,55.53381977098981
64640,47.33674033291676
53047,46.80154619151212
77346,58.718484060830505
28046,58.98914217315307
73801,58.52163577253117
24516,47.279653463866055
19005,55.001365153120744
78230,55.85548632549581
52023,57.7496012740722
101423,60.88104245933946
76534,54.491950707566744
4202,63.21196030088815
69309,57.25592813571792
2997,41.920783035354205
99597,33.374130070053255
13682,56.49268432842105
29389,51.615338182085075
24113,61.17195137771053
99072,49.341411605761444
47124,56.100402398389576
87577,41.723072924144425
72849,52.4959153375448
8286,40.74018117147236
101886,53.469425057321885
14391,58.48503729610548
13531,31.56657317112861
41392,54.619800331724704
93614,39.58168544409419
69944,66.77731205565713
88471,84.66966562234835
91636,52.99159781249942
94502,58.484623230762004
96569,58.86433965473053
67853,53.56827676625826
9116,56.36172852402827
55548,53.04075357027753
17717,22.262980149437773
75655,53.39374728351151
92279,50.78029087226684
12448,51.21125526521156
30560,51.41130677771931
69787,59.757494510903115
3792,56.13808051846817
94034,46.94116953929781
57294,46.131649493202495
83794,52.94168297809822
98653,50.57727798122938
98986,57.14406818240436
17589,43.19006498208162
30018,56.96983806533707
34440,43.50583186010632
42562,55.5423737572189
17285,58.42312201215299
102185,58.20670523385674
57598,31.109014033817928
25444,50.72805824360665
84898,56.31905182607321
6612,56.311427781256846
39153,59.47414799120426
37244,51.22263322941157
99856,63.59298562284723
74579,30.31936284140527
78555,34.325872609800356
50120,53.046621496878686
24171,51.15645111417113
33076,32.0029005820742
77259,54.71713952553729
99650,61.41756199034549
33225,70.41346700107981
57186,43.106804197203175
69784,57.00941077482291
95638,61.50979348125076
55407,52.225305167476485
50631,59.86460701740735
25763,65.01377014525991
206,52.95465106190513
43013,51.61119573001436
52739,55.42532960402719
26485,32.38629061213236
19057,55.586737214452626
24299,61.53149663498449
5551,59.79520687014866
101934,52.95817018082364
59426,48.814739048592386
25470,56.85906229905129
16045,32.09242057015426
94376,50.221553559661295
14969,51.60609991047073
9250,49.5103141669253
26611,59.30695751123494
59731,64.29105048821133
69971,54.317095955842184
53250,46.44922116319608
85899,57.940273887790724
34754,58.092357842920705
42718,53.01112428349701
34925,51.046811685672594
7399,52.877376840219895
90273,59.68613923576477
17059,48.72247225965014
74181,54.43845777217754
35751,68.15526871006654
66856,59.3485597276453
9272,57.878065593316244
48426,48.84784427299436
35846,49.09839751181128
14785,61.37600968143373
69295,45.30785781635579
68467,62.98710665438243
29357,57.38105773670558
78820,31.16091893599089
63118,60.97627399696726
31994,54.90101581964153
54343,45.69470181847585
22553,61.96725789765282
11826,55.65432984644062
82118,49.457791856085294
14517,55.39547835760254
83537,52.44642675729919
9985,55.1417341302512
53842,53.37925424339838
79512,48.83271165112951
4444,59.50102394331624
97553,43.12831025967641
87201,61.99218482662184
83509,55.645516494009755
95685,38.83102234674092
92964,55.23088145184855
99401,43.049112321332096
47822,53.183068855167065
47331,56.96021138157126
67970,41.00003645911523
29680,53.384265962942735
102147,45.79908310597542
94539,54.526779201868
32415,45.44397942122954
82442,56.13884074571163
6947,41.78527936675601
14349,55.27439697945375
64294,54.926503179998576
24893,50.9334720464205
60744,58.07868504149296
51548,50.31382046638534
13332,59.07662531108213
44662,54.5428107859118
4865,49.14750733320889
69314,55.789733639981726
50556,55.34069577270359
44915,62.72382926710723
93329,54.422448397291376
67668,35.085320231579985
12376,50.84401822269671
53065,58.268859550125505
5239,48.964123052326556
4784,47.69664839674991
55971,55.650620386495625
20511,58.814774272125625
94764,52.11652365746081
44354,65.61093136505728
90652,34.00826901117978
87636,59.21890014420781
37139,60.10708741684273
34565,46.52881199083562
10758,52.71078467700169
56665,26.689231312854197
65415,40.17238754154491
6164,54.36833494553113
97654,47.23476446705792
52375,60.900547861278696
19745,51.28019862306047
25385,55.97070325680093
36045,54.806141941705704
88193,35.84452458302789
2149,61.59937484850673
56131,54.819004921911976
59030,34.338113423688355
49210,43.355081981572155
1960,51.02825038847164
95433,32.26857267547376
57391,53.0911235879335
44457,52.64136006940772
39815,51.83630212941579
98955,50.50310736641308
61881,60.90693481926621
48595,63.52581864176421
22754,65.92963674218038
19512,49.6800228613474
69450,57.109231756248406
13216,54.07708281430346
20926,54.959086795424895
24257,55.07333747491311
13970,52.203859729142835
61508,43.26200264313457
62371,53.2194192522164
47270,55.843275134281946
74935,58.46908678121846
48984,44.619942968702354
76835,49.67967750409943
64321,60.795614685971515
9666,51.751899122061815
55792,59.98995678726757
7992,60.83057217194987
16887,59.676927017832256
80679,47.66428346871988
61339,48.16504426717789
75852,55.59356886761644
46141,44.963420801591276
18634,68.53277017204474
66449,55.41759985815978
7067,55.64725026283638
19414,30.02066809525005
63267,45.460587279153536
12301,48.76837082229653
11225,45.32346983356122
10785,55.6732697560028
27126,34.042772657446186
53664,48.46773090040438
88439,47.386973258106266
21216,62.10069498044618
67967,26.443062618405897
10451,55.23692436633121
31271,53.01301418091812
12479,34.91824644281138
47308,50.87831336441697
54739,62.49794611290595
35662,57.9955932448477
33936,54.70646845287492
26986,50.378676496139725
32032,61.28185667353113
14454,58.32533553524552
63367,33.45232934618414
916,53.683554272020146
911,55.68352280550003
73519,55.279499604141925
64819,48.45668793312784
35043,51.215109907320205
8905,45.32479419252024
62888,42.16722955823432
29766,60.28358838928969
8373,47.721725337496764
63996,57.92756066693961
49789,60.02973305531749
63373,52.83619847367451
59730,60.70101318362212
83222,62.04420179190875
41874,44.92843380785865
83259,58.7846094678045
36326,40.01324206750604
73026,48.39856423382374
92775,59.38568171553058
17643,30.13444398489149
62470,40.77573224672928
37589,52.78149704872045
33725,49.65043933328028
57766,52.9622364340393
39346,50.9743152824102
70400,58.86719534966748
27671,58.51430006938722
40697,50.37750385505122
90551,54.83248917368484
45904,61.10259464426154
43469,55.82893621474645
5772,35.23534839480698
83390,47.71754842421547
54256,51.04611505126556
47928,59.662192264403814
66750,55.0487344023163
87940,23.74118961365381
43223,58.18972218876489
91240,55.75092547942728
81078,39.64475955648329
56667,45.59586087428646
9016,54.18553299176152
49265,54.45689614731849
5111,54.87465974052388
80754,45.48805765562295
27356,55.35699414492216
47217,50.24171777583003
78751,55.96344046535459
96073,61.23338259054147
6724,59.8630249453456
53624,60.856725321544076
11773,63.04688755216097
4593,59.37739173618027
32274,59.321138195528405
72525,30.103390873578537
31080,58.03930112146026
85499,60.38515916591374
84190,35.37422074523732
30768,52.55246148547002
83584,51.28105586047931
59242,62.02622120639761
70351,46.704543792469536
92847,48.47131311196074
57150,49.12324219237959
12776,52.52907018932462
65013,33.13425548329535
72889,47.08477082105807
87825,51.41223234520492
93557,60.33741717155931
23302,58.66562850653743
63366,51.12316371091019
73994,41.700563976441686
90170,50.75621129336853
32977,39.45982069631217
26095,61.76779303985523
34269,43.967995526243875
39343,56.580796445493284
34527,61.23878831748792
18609,34.91521502604327
95999,62.328692807966746
65206,50.42412975271865
12210,55.86766049743378
99380,44.0658274043559
18442,58.744979821681696
66696,34.35412062910724
37092,42.56568613707049
78329,54.291404578246784
5880,55.74956180615935
81415,53.391356632262436
7959,49.52912039570413
98717,45.71375920738719
1622,58.38920034697074
46766,60.91798733029767
60717,54.222211750411
66321,40.27448833880314
79082,49.71872073506449
56982,47.09314538591967
27727,41.283976493615825
73253,48.145772207303764
102225,43.56452144112463
80795,60.15110506976439
88565,58.48518965767586
63489,56.95901668747444
5463,59.959280163300846
100062,56.63326533582868
35590,49.249298142343264
13977,57.292438813127404
608,62.41785130932789
44067,69.10845275214504
19673,36.185253841848294
4494,45.470941998914384
64367,51.56598495304448
30933,52.82826971534189
83369,58.64740985968312
65593,32.45743410486199
73456,55.23267037721047
53668,61.50202469014015
57733,61.712285381210705
93678,42.6055958944368
709,37.10034364169303
15730,53.535175255699514
54686,53.57876096034285
8762,53.695644272655834
60630,59.34190849734855
78861,38.31003727728664
91049,32.84361561402553
77664,31.714597201806264
41818,51.80768108160826
96001,49.932889017611444
75575,57.56869523426234
75253,52.764132678199296
80481,56.30131824012395
59313,59.32791973321168
265,53.120122269936054
60069,58.02825441176974
55209,62.603579037752255
64227,57.175984245618146
87566,44.62448401948422
55430,55.64896140223143
40922,55.638902013197985
29895,60.7569667045464
31810,51.489910740179
19017,62.97655484627768
52697,50.106513518951964
24114,25.10085427193169
18611,35.133388385483826
58521,62.12905178527346
35487,52.79786211275987
49648,51.97389149102696
23896,58.4052590354652
5150,51.41380687416167
47616,52.38589302940393
100920,59.744235736353225
8203,50.6277659036362
32076,46.93206991630048
48050,34.97600372306549
7382,55.00311337843887
17536,53.54204948180945
34617,53.223254957170916
96262,49.169305821295225
11270,46.794394840367566
33286,50.1159465258954
49359,42.9488939905979
69285,30.13103132196771
6442,47.14824490785767
93011,56.78430052311784
19121,57.67057179475563
43742,60.217823052541235
85655,48.19574754401734
101406,51.36719346279839
95282,57.924336778112846
95848,57.081050410311164
69196,52.93111612211165
98851,58.36016112324062
68367,59.92566218214886
43684,56.678328617555316
21795,41.464451023787305
77550,50.08238409113389
5022,59.89667991445822
96690,58.8867701803814
23692,58.222164754538355
50979,41.39198204308593
18502,43.67601833840062
13312,57.816297602244234
100248,30.726719684309654
99932,62.317031204067305
95183,58.03772720860026
8701,69.56250385303795
31503,57.04144182875261
6604,42.38480337087547
45949,55.45217726865862
40984,46.02925131888009
49565,60.67566059825348
89764,49.50304418708299
57336,46.070801878638505
54444,45.32918879383653
67478,59.92116277884976
60589,48.775317616190286
76579,40.21209056510863
31087,38.26589103343744
30702,58.715160713570384
100975,55.60247155348865
70299,47.3583799727097
92584,62.51639482370727
52853,55.23692436633121
82116,46.9362729457993
4518,58.84495523545101
39270,58.300236192681766
92153,51.27595125838373
59951,55.56980352089155
56787,57.35295801224886
66273,41.216051928110204
9947,39.84705862333798
51965,56.86814058797681
58750,48.672001656239324
10596,41.392341678038264
68364,29.948955314735475
31928,52.618767567816334
73327,57.631962323535525
87236,31.148991404104596
20934,48.8607530660402
47225,50.830087555356094
14503,48.128362448309524
55272,58.25506718655153
4174,57.76758740207836
18390,38.335568646909685
7179,56.42392794568964
35160,62.40890255365421
22365,52.23696265810427
51234,50.40914647664248
46826,53.57297889418767
32927,58.04418797002812
61516,35.4831141637936
25426,49.52315748110668
18649,50.94763561124619
71777,55.987022618265016
62112,42.76138344329419
70185,40.42155768419525
33832,57.93447049724357
63049,56.77666782910413
75247,58.6286859153584
20938,57.973140133705996
72388,58.238897227945365
25738,47.58407245069631
23955,58.709881428967556
52787,51.858182604405336
71990,44.79070430430923
40264,61.06323357900368
8290,60.50982336139184
49536,47.54197381742521
47721,52.00726821154565
7595,48.85987244350983
92551,57.444546585190494
82556,46.10419736748254
31601,47.06000246834608
66681,40.4331274165921
28807,63.59436391279319
33988,29.729122818894684
57778,59.04889622273653
40405,37.56672409913572
71780,57.67292115327357
49623,37.657115690836996
43671,55.429509431392376
30539,56.65997979264964
44676,59.91617198756239
32303,56.891285023082304
5412,50.25964397141319
26711,63.925794518956394
28420,59.35378387108952
100770,43.23763533613082
16791,57.53021020221034
8106,59.265325496497084
75875,51.32389745278458
84917,29.793556430069653
61989,53.249464129635456
44888,54.18655797131564
5729,53.88284831730691
696,48.82081562002392
29019,54.12407147154319
80016,59.95651533356376
40980,52.38811814596433
101663,54.64529428886309
101170,48.22989925208532
16843,48.990741898770025
20148,58.90878588710966
77597,60.00091146581578
67979,46.586714915573495
44867,50.688851908466454
100803,59.53083220167812
83160,54.272462915370795
77301,53.44489633429836
29077,50.26590059701464
9198,61.90430632491
88434,49.5493343802897
16049,49.381184198283755
90587,57.2918516336222
89765,61.22621226139418
12268,42.14171757724519
37961,48.43180626751283
2727,57.552698854817116
4086,47.151494530128325
90579,47.81909680827263
57199,49.48975443449295
16405,37.7946032043448
53114,31.232553752113446
24205,61.18484333398204
97948,48.45211282078247
3840,44.528213384535796
97189,45.425744884703825
27956,64.00899545165429
48233,50.89975222485249
29156,54.41289269798361
23951,61.326186533076964
10368,57.95526079988304
46025,62.95873441341127
85548,48.95832774201672
36850,56.25962295002397
55203,53.522709004803446
73089,56.07937773351288
94761,47.89322127780922
48335,55.54899244337534
8805,51.26865140488043
33218,50.383461859717066
17357,54.41306397796792
9741,54.1019643593704
91964,55.88993621932452
90675,47.72822434844086
58174,31.06777201083335
38483,50.230515519355336
32551,54.878786899204364
72068,61.821023861551296
39570,57.921271671774136
73466,55.38444992619259
6896,53.865117957546495
101159,50.772725663022754
8916,55.79541855421594
53281,54.91986161474051
64067,49.88741683083007
30902,50.965594332935744
46953,43.28106673073449
88039,62.97892607196137
29801,41.647641399171164
28254,57.11450292772317
81856,62.98670203531408
92106,50.39117353029226
73899,38.790146793589756
27850,59.42538193721333
19665,46.84348700954308
99712,33.35144933219344
24685,58.87888882142864
73831,47.9318539632641
37468,55.6732236152227
49646,58.023787592177584
61120,53.743847044635274
98645,62.18694365145181
90771,48.69528721728722
22168,46.38914931019068
3834,44.93827203293766
81420,54.76787256645945
19684,48.57323437158928
45567,43.879482998316966
84006,58.88345510463277
17545,54.321898428274785
2499,50.16302847815178
51306,64.48824864619567
92087,39.92380926542339
69012,37.129755205723555
16145,60.73790647509669
96874,50.28767745841506
68929,61.6632273438145
56753,63.14633560614031
22949,57.319152272515495
33759,48.763067297595406
25414,55.12885577444554
47979,30.998208649873646
85742,61.02546041387573
10184,54.98705601456592
68250,54.17862492382733
99969,50.60815751225744
40058,49.19318643765033
40885,53.66732379878001
23319,51.12308879751222
95674,55.48208975771688
98205,61.14408717945995
34099,40.10374399798921
39386,50.243426463431454
28514,58.63676499532497
36612,49.80095026604937
49530,0.28832409413139715
7272,56.362487564499475
30541,49.36637793340944
99536,55.59806201836939
45316,37.46621021447348
46442,55.958675232452336
102221,48.855517097896644
16991,59.57968446566979
74082,45.888286942392085
16469,57.736690377414526
28499,54.102741604373314
6925,55.41705099443203
40113,58.495098831318295
79755,51.31725850901969
34764,52.45454038924421
32741,56.11754282820352
71322,43.50967320021805
5609,39.129788092121515
6425,39.40861996838678
90815,63.09479860248145
41705,54.78575320434966
46293,35.63418842381577
18449,57.43313496684468
70567,52.70057995607306
74823,57.312426157174144
95629,51.48849443036752
92548,56.80729544290334
55232,29.780891444763316
56161,60.216014053107145
37120,51.29094085102681
51664,60.69730926886167
37328,42.54602567314191
18379,57.705563546604395
48043,55.87148504702028
60787,52.39312208859447
82749,58.9766092469297
74139,59.62491169160276
45266,52.367844578930075
10182,60.681602788142676
29583,52.56265425878087
1436,54.31918519638004
62228,54.318527996179824
62257,53.870254828593275
50593,48.11140340477586
20221,53.555172519040376
62948,46.630225481037314
36977,52.89720417196788
51,26.777510195659183
38425,57.42827682836261
30950,57.243355933098215
1347,54.70124720284658
98458,59.665197123794734
78326,53.667534112330316
87805,40.12704732154559
45992,59.12236330368296
70319,57.445477358190004
79098,45.98550563606459
14190,58.7331657602103
73938,61.47449291067478
3734,54.70612262924176
60610,55.149313355274096
1653,54.680639759956385
101542,47.30869188168033
26925,52.332114775823236
36367,35.860505138045845
50628,33.11017712946054
90417,52.19661658014525
10394,59.259622351962015
49010,48.64398961704796
2777,59.14948949852023
44224,32.862163902781546
100300,44.36690138569304
58849,67.9881818484286
51505,53.24528125702737
18383,52.82707257747603
74796,59.5104600319225
82645,59.43634330685216
40411,52.22410825610883
69911,56.19033762819084
69304,56.12215097125576
89701,44.216815262930396
72325,45.71570924666058
68748,52.3681327831731
11148,55.86552905789673
57388,61.70726607541502
13808,48.20262903967562
44060,55.388243579599425
14053,49.223313974712674
71343,50.63355334277084
27535,59.53673538853002
21014,51.64671842454892
66957,43.90702525713263
31060,49.70387865414972
10466,63.210181452987854
26502,61.758192493424716
39117,53.72863548254612
60588,57.39702789136652
82105,53.83146257664536
77945,32.120210963574124
14802,55.86561493553906
58193,57.625046123415586
17027,56.67275064827669
70133,56.332288180007
33139,60.487998458001876
95555,41.93550333183857
85949,53.68203913691238
92616,54.47112354016123
66148,54.62934751551613
19218,56.0289898422287
84298,69.48444098294902
17698,50.79121318145551
8103,51.49418942601395
84336,59.814505936392685
28619,58.549405604870074
66799,55.585074882131096
94956,28.803687467826297
5619,41.524478486247645
55475,53.66102225054931
27809,54.50676273333072
68360,49.288271806793716
94214,46.55027707320071
92159,41.93445855276223
68961,29.892882217495174
72159,45.45423415104536
84557,46.771580446240485
73558,58.247740211420854
83972,57.9367636466988
18277,59.25356348178478
60797,61.45490726899973
84428,61.91847550010787
64549,41.42719716104372
50295,49.11400063146382
74087,58.76637636071297
42799,29.36856447716798
32619,52.86519071500312
41199,44.9721328395629
33755,46.8690965663532
51509,59.08914806598963
70161,43.77310669146679
1107,58.38920034697074
69505,54.69995527415972
91182,46.43830528501617
54163,58.58764289719695
39447,59.14335387173458
57659,55.33653028856911
84354,31.467293613607918
48899,52.6314029354806
86287,51.65256734143519
1045,57.63451213948241
39356,48.88373689370264
52530,55.44390876748311
4683,58.49551660824048
82957,47.49498069487065
99586,55.864879009188044
48599,53.21970959135597
17007,57.25002991416954
96784,63.345700841251855
30521,61.77855082579536
40917,57.55627274373043
26216,33.8505471478811
55096,43.67846178692854
40,48.648869084360875
52969,58.948107439288734
19053,48.959388298653444
48537,54.80302305235102
41060,32.97256806455559
50963,48.75526521307284
1187,48.60369107923719
3756,52.55533887486
45279,58.89909877853023
16594,60.31293640335316
92477,54.80093935524719
81337,37.60195317858874
93900,55.62446578768648
80895,31.306437443913197
37974,56.112128924726086
88608,51.25150781963698
80295,37.96517637723701
48066,59.41161579140295
82653,60.5829134733127
73724,56.90776503773811
44745,27.815631847417027
101042,52.30741593811631
2055,54.83994074190873
27918,54.505050908739086
15862,49.19585439511293
64372,36.3362426015951
53030,52.44780937251102
6774,67.84845555942911
192,48.22667705499936
7278,64.53298730932718
87087,59.553039705157175
12855,56.02378644314554
75946,59.16203291351938
49554,49.42630424198599
92531,59.545089936815216
25129,50.964672071598514
17937,52.78206710105627
9605,48.6069657672768
30252,50.52120016642876
6740,61.70653012092949
67792,56.35866209262096
4447,50.70787176270981
62686,53.70867410111552
75725,53.037671851969364
10052,54.59814984785117
60653,50.1672893949138
18651,29.92574501812551
54403,60.20508949315681
52159,26.53851686362709
43810,48.86464463983342
81768,46.35842149820792
18657,37.451535076616345
57559,56.44565125429112
101839,42.96878560825582
75017,55.17623958719852
12492,40.71983271492433
39352,35.44751561248182
3077,55.42717170167505
85590,58.125428460209456
40487,56.482521309443925
80381,38.81256912602614
88478,58.59702745201677
53106,53.58071018077504
42092,61.3992053409937
41454,52.21915219610773
48543,58.276673044868254
53488,27.066292632964938
16380,48.97976452309165
76557,53.846705462026065
99794,64.40218101948479
22687,62.673044557239876
87326,49.89210826169533
18765,52.630768401473226
2575,38.505543350112134
60459,62.49925248364535
89784,45.283112078032524
45590,38.65807720266245
67810,58.599946908532516
658,62.00682961591875
6994,49.88954439008514
49060,53.402051935084714
14964,52.61842804957791
3168,24.408000507536176
15780,55.33473109699801
49550,60.54252400914846
96127,43.909434034042626
44069,50.516878722992416
99053,27.261121994875214
74988,48.84964888652299
72791,63.80569602179011
102650,40.740251403225685
1312,60.550364741935745
102211,59.549604352099166
75667,59.48692423972841
94262,61.69656373984718
22495,57.397490571210476
69789,53.15424818799663
85296,55.88903783055342
92814,57.466079963248646
13851,34.14803089465102
100511,47.41098493218626
72598,51.57899543187544
26591,38.754822214297356
28734,48.614539267694134
40410,55.435594028202686
13256,53.299216309914726
269,52.98064165748836
85134,51.841097111908034
81573,60.70101318362212
48442,59.04668117855291
6005,40.40079226824696
83172,56.82923638109112
90932,57.277585812107176
93926,65.31639380380398
85887,53.9770363504382
36185,28.589302937979152
13135,34.492031546137554
76684,52.06290425284436
70303,53.64869687406845
11206,56.11488337011146
77721,59.53201588612882
11913,58.81657818033431
34485,53.46932004195048
79453,53.05214420602749
36699,55.890514069573676
3185,59.63449709336739
47424,49.632530756549535
72540,58.33605972010266
76048,28.596674175360768
90355,59.39781568289987
83380,58.60225320574266
97445,57.74120002461442
69526,60.49594786166628
95749,46.183648501687145
92343,55.61003056865441
14167,60.3449797859941
66065,53.04824080577668
11070,54.044747021267355
18569,49.524554649173545
81377,37.32444204597995
100959,55.21969005414533
89678,45.02670098394242
96388,56.28302490801718
55175,35.22530834145003
85029,64.45256729665603
59755,59.900192715864094
85734,44.582325069252974
4406,45.43826633564736
48017,56.6412842681798
2015,47.63373629798314
3645,54.00977497094384
11266,46.09174798028581
50452,49.79308782803907
31438,59.568543071058706
34126,42.47678321021178
87911,45.563761421517164
73517,39.77122730780096
52336,62.361694282147596
92398,51.749303267171975
60567,54.46728726541876
58879,44.212652103308955
65227,42.69341041885173
57771,56.87896973152687
87242,57.897516778799655
69633,58.533680659347915
33965,51.20702512647435
6680,61.165237302971214
101827,52.67610863885606
55497,61.154355320700134
76810,57.14523416829209
50603,61.72350496543069
75389,59.86894432609245
13192,65.73902214690551
35809,40.88251354346362
1171,60.94936320722296
78047,42.30188058196538
25708,61.390618988109935
30993,53.14684781915801
66098,63.00838971623242
33268,55.509388464973554
40302,50.85135235919478
25663,47.73064584053073
45666,51.760151388754096
20592,51.69467529272174
12777,57.260464476359076
32932,52.74749577683666
57578,58.67767195218184
71242,58.69766345146638
28322,61.61013912458451
50529,35.098702802612074
72969,60.06239622629155
80405,56.9274952155864
82186,55.824833853976045
76320,48.42840262238908
65607,47.246461022745116
41381,51.130458496828986
51700,49.69903281692432
75402,60.392537144612064
52863,54.214713819716934
47068,24.60266315424722
41812,45.12103469569489
84163,59.8659790681631
46007,48.63447260448615
18186,47.720507491928096
22214,55.8743110003926
95818,38.89729982800288
68163,56.89180496644684
54179,57.26615415507533
44822,45.440390244244135
73007,55.398331655023355
100053,53.04601860794946
12108,50.145756887598104
42507,59.17049791633319
20093,61.19094885047738
42614,52.938296604990526
16258,56.352259183748984
47975,56.617303746846986
42423,43.46022220070528
67697,59.48746045214846
52927,57.98410390966387
1034,61.57910350324423
13139,58.1378582047622
31817,56.27539186891835
98833,48.13407675657016
29638,59.17891018968707
55377,64.64783310964982
15755,55.547699429495474
81480,60.07388119217826
81897,27.71841161273341
4102,56.46787716180877
55084,48.734673731111684
33917,53.971646434119606
89920,61.649850666520194
57247,56.399784102578806
4352,57.95474808031102
63568,35.24730038519099
58779,29.555707800410808
72371,51.29964034639794
2907,51.70187699980316
36393,59.43535486823338
31109,48.49878011105716
61384,60.069861785579434
87448,57.50814155599113
18684,52.60687279192871
94256,49.103450405963095
51847,62.69556273914388
91223,53.91461304704917
7881,55.64812641344459
84405,54.098115650227456
83215,40.35362547485508
35399,49.16211906778656
86403,48.52464719391027
83438,56.972248850222684
83353,46.27584727558418
86411,61.06693917740864
17138,53.87768565896871
88829,53.73682457206677
53038,54.24938950189267
31409,25.056944233717537
101552,47.88029374800457
41157,55.43800061780064
71978,49.87533246427477
24031,35.27862227598087
67063,37.448175603323506
32369,56.601478391976656
75418,51.02336138844538
88768,54.429902398051
41242,45.60504091901088
27731,48.07790085945464
36430,60.97224440371642
5553,44.52942526320216
87831,55.38071697672642
55850,56.84006935415317
49081,58.17292110233791
670,53.90853445757766
59591,48.742790653879766
65711,61.91334206274791
92953,53.991180027788076
26512,54.34124272678799
53604,33.29438587467993
96024,50.30358428069055
57923,42.784932638748366
66370,54.50751788259159
95831,53.823294710576825
97391,34.33803705840217
76601,38.47182689760274
13062,51.95900330544459
96018,62.14836300190699
23170,62.70378171008853
88506,51.26997190588276
32555,54.16144858460967
86505,45.3643564645599
26999,38.159136959113056
55924,52.67001474455104
17291,60.21708759871504
45184,61.62390327645207
36380,55.84427263141674
34463,57.47478135802231
25599,60.36200711193692
99814,61.16217106025078
52615,59.2914710264493
7667,58.59721319493758
51289,60.281369646530024
88041,60.79645491794988
81845,28.313285545784137
75704,58.92334618416823
13309,55.09547740105375
44166,60.39689513650468
20824,45.57988164199868
38025,57.78802591403749
102475,49.88005723825169
73005,59.3553343063777
44960,59.06940379134841
34696,59.69445053166931
11304,52.217320324895105
102117,48.89951899464325
70683,55.726896937641094
32286,61.47707575469765
76229,56.18004305966142
53741,31.64514860955669
10938,52.00735110777851
9823,57.00101732232538
10190,57.69991363882111
7404,30.820601889094167
86245,47.04158506629643
91839,35.91719233336957
58211,51.30080642211031
3822,57.841113273973896
69387,58.876876753933104
84073,37.84546557798198
93449,49.80980148507629
51890,53.426557387221145
57906,40.45134675506426
63562,59.68856770541841
85875,57.83036385555548
69086,55.71115299328365
82876,59.920662046430714
16205,63.58578024919201
18399,48.405698783590836
100042,54.47030976625511
65364,57.70701423288401
98408,43.50006309805277
30825,59.22644966414741
59119,48.098264219405635
44380,40.26448841269638
47044,49.12098544347538
13270,53.989801695078846
94007,55.24775861189204
79566,56.07314758961854
78688,51.79217485983151
57427,51.2641308799606
88815,46.69465177419405
91597,55.34714350369663
21840,52.22008804913146
49399,61.47993655265939
88866,46.45208090778512
5531,40.73067141322333
101257,62.731910819537504
85882,51.113957666467755
53987,54.742550129969395
97680,61.20749145109709
4927,31.812439001408656
98524,52.69539300102752
6537,59.48105554333762
26934,41.0414649233346
65129,63.21144376665579
30290,46.90809961361114
8768,54.1409729182205
72546,42.36103247461861
75045,62.21713875702477
3397,58.128715379950805
49893,58.25891217964628
81059,30.427415381552613
53770,58.66351842459563
3955,46.761627004964424
49250,53.299697394670105
12666,50.7588230240664
11459,47.563910114454025
98386,58.88980593911936
10570,54.21121209019001
32790,54.582207207302616
93852,57.86674619451145
74222,56.063046615095104
72830,49.05930040729719
56879,38.893621710843505
79451,60.343272914593825
82986,60.24112951986363
65275,49.757899315577134
58483,49.87377005013463
81574,62.005242205180615
70990,36.31343493302241
29877,54.01610379178741
23446,42.64771575527685
371,50.76939835020327
65505,54.95510013193406
85238,49.41703282915867
91448,49.262462946739014
24173,30.643474258234278
92535,61.69849655723618
63446,33.79685103664512
66520,53.851053329555725
15139,58.40988246700711
35979,55.4520895106848
32002,57.681210176140425
34999,54.75230080923343
51651,43.680407353797875
25096,48.61101739175473
31644,59.17152666895583
61875,32.88875025225155
57000,63.46985750812992
18324,51.93996076162021
28074,43.276087049036676
33250,59.881001604948985
47132,54.259874745438125
12504,34.02975997582665
44631,59.853686833529785
17091,54.139289429869905
76705,44.99887247068267
8239,45.36835916072706
82304,47.08292102187999
28091,55.4565857689254
50783,59.09358935785942
27761,55.591417435778354
49644,53.84444056930426
3667,51.05015793048269
96133,33.956871156171346
46428,49.59185438399699
49559,51.50583410955732
7218,57.51628978149698
76668,52.139387021675375
82344,37.858465869315495
30760,59.68291302699782
20257,62.6540965337403
38341,44.74175108883768
70669,52.40442979647755
51406,45.60492442843013
34608,55.57162989815405
68033,52.39398602753562
97601,54.7524154911626
76628,53.14343841331888
64576,49.8529051875422
5790,54.36550937935504
84364,54.006297933661486
61419,55.962888544275515
6466,61.08810898332935
68546,48.504584074786145
41677,54.899113002520764
18640,39.60600753023617
99977,50.23556451556094
95570,37.42989686176661
74273,58.6093409661755
27806,54.949449919625415
77123,55.435598532271825
89207,65.87104636234298
48307,37.611523922582194
50443,55.456780627679315
24783,59.313668109766496
26614,55.089439722505766
56862,65.67649092500623
95610,50.684248199407946
74091,54.86747391436309
35363,52.33197063256339
84883,59.73035063881686
56592,46.742152489705944
9466,38.27243161195532
54924,43.370970700618194
78922,38.61971828897785
24150,27.154736233072157
54248,42.449508622198174
24943,49.50140575510481
26804,63.96680599362723
87921,58.36485856915769
24903,55.83716322473387
49208,57.32097253451941
55915,50.12875819653492
12926,58.18467929511407
58240,44.95502105564268
4923,45.42973387115926
6197,39.733713390034595
69449,66.48846085355962
101421,31.608100016145713
97632,62.379393211507946
79089,39.885670632149676
293,49.550851884716906
52054,68.66795032701154
58697,48.946416187819224
82597,61.13714071807777
79036,58.48847878882849
25547,52.63886588671577
79994,58.81211981205186
63258,58.343295564017616
18467,44.254405359376925
138,43.009133923579505
64927,43.004734929198634
38613,56.58904481745883
26610,48.9194464584346
50045,60.124517417080554
30814,39.76636176506359
326,51.34596100621768
13253,50.036970310888755
57571,60.23730200681531
91519,55.60671386879893
44876,49.034166342771336
98009,45.76272355262972
40050,61.38304587537483
101875,57.90964281764909
25851,47.399800848641156
42961,50.2982618120052
89109,45.77365313730129
97446,58.87821376149428
24666,62.28791385248526
92300,61.155105659069534
94959,57.063485912389474
54206,45.86843484166142
88059,61.14357264258599
56794,57.05277595471573
59232,56.45483009229313
13637,62.29243286451015
15873,31.015565020338784
68416,47.43695190356304
76158,48.97307125477795
56775,59.161287701866506
8212,51.61701811577346
65638,52.5908852405194
60701,62.40893255596596
9796,61.61241941018426
89999,53.27373881985455
36129,41.408068414706264
66118,58.26352482418222
101741,44.91274628977315
17394,50.24213653673425
63064,57.63389147749674
2074,34.67668059220371
47214,36.26298573044623
96012,48.40940721800132
102311,50.91193100121903
2059,60.10281317962019
38517,51.290221203127025
78460,55.79383044352944
77412,54.93438211244323
20260,45.60408229097284
45724,51.910085799931096
96264,44.154614603057794
11325,58.682389602320356
92346,59.56945248063073
21084,47.274656476280825
95126,48.50172457894265
66152,57.1880154736745
30957,58.44402112703518
86371,32.08300252629442
82096,50.33792361908488
32114,58.27958063654763
26613,55.09032476974979
14577,46.81418975022733
52168,32.565749318404514
30571,52.970678165892046
39910,60.557343147113855
51734,56.01816575893095
78195,48.65752333687225
86247,60.67892971380218
33748,39.33419194063318
60015,52.209524221728586
23501,59.835107913482204
35664,46.423531331879786
43149,50.10840879584095
85182,52.06026125958247
54938,58.26083604000979
10694,27.093836609761997
8190,58.00483617026452
44646,49.35110862830531
100906,43.15632940510574
51237,63.55030397118202
50103,49.73804120660257
28916,48.37638945611619
22506,59.41435305409435
70620,55.2881978187988
63023,48.829658850053185
8096,52.824470816637714
48180,58.77458033029598
2928,52.83418178855543
9575,59.73651540540411
34623,52.86596611467192
77092,54.27001410172425
61626,53.66674224896128
24996,52.44750815936318
71525,54.79703795294344
9855,21.839659208355087
91863,53.77141929525205
7706,59.00189946693997
47866,58.93391751149027
33802,56.686099167420515
11710,59.46675656784723
15469,57.29824570872313
59137,48.15943203134852
53274,51.525692510133716
86142,47.286099765046444
88518,47.03802871929726
75504,59.526560355835116
80618,51.62129654210104
78257,52.11407870709949
100214,58.894200618233555
5823,58.016108234177345
64947,54.09595434509321
23168,66.17821149689398
54771,57.66243628705411
59935,59.55056660994868
25181,45.73156259266332
68833,55.82593370114226
33205,56.27181511214284
50467,58.107071421756565
31106,59.76624889573125
22781,46.161959689908244
75318,54.411596102283774
27022,47.29398558873365
84608,58.89720773311228
28019,59.27310618219231
81068,44.238623570006155
27107,60.84581236292055
16069,57.56564043136065
56443,62.44458543242989
72901,56.482082239653685
74745,37.075301989942794
8625,34.384858000549826
49100,52.27127922259731
64750,62.53469810792801
52472,58.51898805175226
29467,63.36203028248447
93346,56.35017835920308
84739,46.79854041321271
42257,48.58856570923705
11319,54.45765390902423
78065,58.07537101764558
41158,56.364397940043865
15449,34.286449967798895
57477,30.874896755643253
87333,43.913680810461976
80404,50.028545041893565
91616,19.84790533612478
91881,59.743859667552215
50092,53.52232159203977
77913,48.441589762376374
55700,50.324161315916975
1004,46.678003199879484
45919,56.85960746607471
77808,48.69704135804278
13779,44.838592698761914
33966,55.68353823097077
94139,41.26107731065335
28427,59.16116801729876
65043,63.4623310730746
11549,59.06813066877235
71072,56.96775902112771
95467,57.100561240686744
42300,58.466901659968315
79984,46.739981767548834
62009,47.57724979856549
21847,34.23386333232864
76648,43.7406410288438
42851,54.088801974282646
13355,59.465043788598486
47710,54.2019663931628
28366,51.33714237039709
43292,61.74861638360687
10564,58.978201114721536
70300,49.572303369242285
9760,44.77568698440385
85290,59.63271346548799
65005,48.84723924501048
574,56.76473003074858
16771,57.10941124659031
93345,45.87900634698215
13933,58.556858817475764
82568,53.72682044861406
27652,55.496417734705645
43322,61.445862250854375
3135,48.29671564223238
55249,53.78534192209756
65556,58.52013871440067
85857,56.85313833396229
86789,34.52843116444846
68448,53.56362715809223
96866,36.655869815906925
5770,54.17685506900777
55614,58.92246380247501
77677,57.32677760688223
31636,57.715716071862495
70916,60.114021642709794
42139,57.19455537674608
2261,55.59953332527505
63449,51.71114431590155
10733,47.85821017436973
26158,53.17537174799634
15540,35.31832637082148
76056,58.799024181030624
94877,54.85348308687941
54768,49.45606409800072
84923,61.19205924888133
68396,52.510808376485315
20098,52.04911464902827
38527,54.88114179302933
98526,53.53446783046333
7639,47.71026908219565
75391,53.55133849516103
60248,56.81289996732604
41639,57.100747232008445
45471,36.085517769213524
5567,45.26565466224142
71635,27.572912693805485
17354,41.99279592330473
41257,57.77008567834192
36125,50.50420729204123
18757,58.08668671927329
24559,55.609572577797955
58995,46.869995328250006
6513,60.80962820382757
46863,52.48478692797647
73776,60.531702172733674
49423,62.61343701557986
66620,55.33520793660817
98175,45.470791345824956
85968,56.15764216467473
27033,50.308082640408784
77896,34.74992906402642
21632,55.97172701876773
67652,47.46811870036005
5252,48.46348949753965
70004,59.49916129814209
53072,57.91062300806662
70251,42.291700892150935
54514,55.31134663951889
5356,45.161385246100956
51381,30.21560804689398
7557,43.38807337085883
98555,60.679193634305825
80779,46.019067301350766
83947,24.541335118756106
45874,50.53560532945393
99865,57.08430508184437
39042,57.36277954208275
42100,49.01674704886095
65740,63.88516750477706
49653,48.394121384792555
11630,62.04345760457727
59186,52.24615295119011
19894,58.92565479342349
68112,47.15272364083885
8294,50.812639030679286
49320,47.63759057722026
31588,56.272265876846426
14809,60.3307246452256
51754,60.03861534953527
32318,59.191859292168026
28997,43.617700558511956
26386,59.67170769796079
25160,50.67039632185878
62453,54.3002243647736
49467,28.00122035354456
33973,49.640422286970114
22663,37.01861283165053
37520,49.95716912001338
45800,53.084347064305554
97715,55.49430940034321
56768,45.44809665011593
35088,52.67623241853243
47387,54.10972317194193
18061,48.77324427683961
6606,48.43511423373047
989,63.06647778697934
39680,58.58194340522495
28763,41.21928361805191
97306,54.87842609626213
80626,49.06002995433384
82796,48.76711435365712
31540,51.72311096793302
94357,47.61167920232454
34159,60.92850977976979
17770,59.730934758787555
66202,56.74134349894521
3583,55.02748512460321
39135,52.68923506387377
19371,49.96917600170244
77183,56.1154355517562
94752,55.91659134694365
37528,53.25594827517638
74440,58.1763600654424
55823,54.62924998939108
20389,57.025076577380595
63004,47.32850319863689
69639,43.31364220571783
49225,57.59577413514925
32402,54.78297359545355
7572,57.05178769950536
43760,60.124547823616
100643,53.44489633429836
38735,50.05828757412953
98932,62.851395862189875
11065,59.186015282656555
64480,59.41430829796951
52045,53.18735417428201
76211,45.82463836103933
35044,49.99357449938247
55980,63.21015120043258
3544,47.742708781583616
13776,65.21946729770079
12912,50.009632440508994
53133,54.19412342051326
39448,57.276683075460426
88503,61.459585324771794
73084,41.44708324914213
94707,51.32487572055003
82016,54.18128263389991
22374,27.481146063276537
44591,51.9313338770978
16484,61.88317253544975
65977,66.94231065749952
2833,51.28568622704931
14357,54.42595776164832
25611,27.49047780382555
57136,47.678318978695906
75262,60.836314133240506
86289,66.61143667813863
89855,61.96325363111007
17843,38.17754305947671
34378,46.25349148923371
99772,60.47280639555272
93965,55.65432984644062
65603,58.71799665808311
97113,60.19519509948129
85545,58.77795335784095
89160,39.476717114144584
91615,51.34414936089623
44558,54.41626989483651
56895,62.48382120253457
61308,63.02659111820324
60105,30.96651137245031
30822,58.19500335677304
31615,50.416466052846026
2937,40.40102363933414
17345,54.71200858360121
60623,57.98239638968542
24263,43.48509019088934
46672,60.28306700065097
22424,54.009621989535084
26822,31.325644631622158
81536,53.80967313367558
8835,52.52358340219568
58104,50.15188443322612
85423,59.567253856420464
94440,53.13938288476733
3412,48.24926523624316
80613,53.832278120497406
27576,61.58431950765586
78718,37.14253831456937
15150,56.59914104966857
61698,54.579741329213476
39616,55.04071091595299
88632,57.06062749723894
67457,62.286599301794375
8680,54.57817907388503
14383,44.86828923239239
73841,51.975180038518
43042,38.73452743523864
2253,42.48758135213448
91760,56.59196180524289
36308,60.3808228268706
2944,51.67069595594982
11851,57.43633252963315
99926,55.366183602456395
1531,45.48242986146837
90799,54.758510780190406
78001,58.45452440046746
59778,58.653659072898215
84813,52.86108331175638
14541,56.682340224035265
23592,62.61486914631766
98374,62.53758994302754
32862,58.5512267882215
88811,58.260306078965726
57464,44.71179839480513
21672,52.664099160799125
72364,45.7797370815
63999,46.65436822450106
100351,60.754222657036046
61549,55.211516668575314
14592,59.00945734853153
12751,54.40711384432487
94206,52.32882033422479
11747,55.71559309177687
5515,58.788268829828425
84216,59.55489681794066
32260,31.542740913734207
77729,60.21363913035423
78792,56.28199962875433
92716,42.01751473871665
54292,47.91082901012954
62061,48.46439479532451
49904,57.921960337463524
22106,55.53072102090596
90303,44.06514820154107
79979,60.01783059334831
759,60.51120261454678
45898,51.80647166556782
47826,61.25276051381715
19068,67.07614039988508
59904,61.35853792215697
39249,55.10899815737368
96490,54.11353979118783
1656,54.33256558215722
55615,51.40333100932436
45074,37.46836165970288
43047,60.937254984377105
70512,39.149656068348115
57161,59.543201743015224
42902,50.799410968162036
79517,62.12182814278623
97469,35.04530071380445
73730,54.64174024686435
18693,55.81070916141799
86609,54.77545488396837
88311,48.35095838193257
6859,49.8050559323371
28842,58.049500754630266
15129,29.297144834592572
13578,43.807016702853375
31897,53.42054645014348
37536,57.46796403435944
52398,56.18423365724377
35881,56.5792652692444
100142,23.355858062424915
42373,35.28736127711886
22396,55.93480124812489
26697,54.92953797954927
98387,54.00483004326925
15824,47.499588046858925
17085,45.406530005042455
2610,58.51235205937081
3115,51.71935430934403
503,48.632520245468804
95695,52.52779476527714
29294,61.911632028085684
67765,55.44595300922497
66412,42.449389416968636
58729,60.83080892770631
22793,51.4466843904185
16231,64.10272644173872
42785,49.98077382681575
3021,61.76425622045481
32706,48.52601089077801
79920,55.42765598525898
8999,37.94015449297044
80177,58.82253294358245
32195,66.29993436202622
64411,53.596445099160974
86573,53.96874954711197
29322,53.58604099046669
66888,55.64398272517984
22844,49.33143120980845
27834,44.9861827813338
33266,60.15449191241025
19153,52.80982416471745
31667,50.96295095946763
30440,56.23772858176697
2346,46.532678122957876
75708,46.89681907197258
45018,60.08252482779897
65726,49.10283849849501
38122,61.324373637815086
82241,58.420830301942644
1296,57.22843296304347
101197,60.895221752018756
55154,61.16044534121692
6587,59.40546137126119
71124,58.548476177761785
82909,58.24402378451532
62636,24.205492065537854
100254,54.54764173924225
46872,60.42706055013659
5610,61.17320135518499
95223,40.352556551682
78372,47.65308692745113
6152,56.587334021754664
53875,47.07947903591202
14871,62.37262534520472
26685,59.258591566160824
45736,62.282368058153196
21570,0.0
92359,58.62350686627784
262,59.08408530470764
30971,56.300704308596764
86977,46.70891859071872
33613,37.51477001425348
81470,59.85755652543578
83525,43.057215786205006
51579,60.986729054735804
86716,62.75911803574557
61311,61.99755799271237
30240,48.20932872256713
64110,49.63608536662042
90154,29.515974597301817
77516,47.92290803078896
73554,64.8552248257877
4394,55.8780604180106
55427,47.54605044250413
93322,59.93972478849431
34129,41.104760989028755
32361,50.5402187916454
98093,20.022963859019782
48101,44.63711903215284
60319,35.12599599033098
30373,63.18008081327987
2611,55.684283759664794
90999,59.119007887045385
5373,34.55472424015156
97092,53.1237734281089
66088,54.601118846708445
24164,49.20535409035893
60996,55.98093938116451
75771,59.45369678700529
84233,57.73772541613242
24195,51.31102406028495
7558,58.37002954224122
73256,57.08486491234846
58399,53.37955838845884
73169,60.207509367472625
32143,48.403541797337375
32831,49.12693306346826
30423,44.9179331122968
70837,43.720017753666674
97758,45.43445451405403
10560,46.1670013282618
23048,47.47149505087809
48183,38.26668889462968
65211,57.243817048214495
63812,55.89111567143592
39208,55.0565919357753
61986,49.834669332784216
37053,59.64558733021217
78068,62.292773173133185
52868,52.41584463359337
36745,64.02260430526049
25246,53.00336805039373
96472,57.90489432120849
51996,49.84469306982251
43272,47.4065202662435
70847,46.96437672901
37559,54.03237242801791
95758,47.89435583285343
94120,42.61582647242448
10274,59.67938228384343
93516,63.043756342410276
36991,60.12678223183521
97845,51.794857159640024
22391,50.52388203511819
71724,62.42060016912827
91349,59.63484121885391
44563,66.69321513469629
33313,63.9666412136361
79470,58.61105774845389
101103,53.29070091761389
73462,49.5910239730326
99627,53.77256979029779
60829,55.82889707603408
23770,51.44036839997612
54735,35.99407067897126
9040,66.13136785226772
38938,57.64119200133051
59192,51.01703010581865
36107,55.09466484453916
69915,61.848270007506684
74804,52.93735732136757
616,33.46875029195003
23304,42.438131349326405
18098,58.021176173967845
102486,65.85351244284033
18216,48.24484158722791
9421,42.56549354021204
88524,60.346486848149866
21211,52.21046045605108
41925,43.82865775411792
73927,48.56187694377481
50549,52.27061561578398
3806,55.12001035844113
100478,56.26754944806518
64296,49.74586545250184
39983,48.45363746637281
42375,61.55537542369288
32541,59.17909505182495
22336,57.71556532352513
16375,47.458940352926795
29518,49.14444737090411
33979,60.29016254134859
33477,49.15773480617608
19436,40.87527531412014
44215,49.62594134497143
63280,56.071950274268765
18764,61.95682728938577
64881,43.51071837289313
7190,40.69175089450284
21832,60.1831588012197
61501,57.03225819633091
53370,56.28146262194221
59289,66.4301315345462
96322,41.13726047867578
52471,28.771345955571693
47034,58.20033726382296
11315,56.46740353240817
17069,51.072833476460126
11921,52.530726287587385
69884,53.401402874304246
52001,51.219453512893764
97768,53.310999773830325
52093,50.258673458182926
13160,57.07970908985832
61697,50.39013281693485
14336,58.91013025568867
61234,40.207396199789166
67894,57.124449395474876
49674,62.16874096531956
50613,56.27152618341722
50913,53.04260165104183
88817,48.725513467978196
29745,48.75540222559843
54061,61.16573549107292
4093,57.84822753850656
7755,59.71826047146974
3417,50.98344344958723
102024,47.64118619021558
38209,62.7597774545663
72707,65.80658597433533
52352,42.50601714854255
11281,60.305315563524594
53236,51.52242883580831
90726,51.38011887763688
36464,47.81959166010652
72989,57.71348144301431
66216,55.23756124441018
51231,56.873775452107076
14509,53.553788415111796
20401,42.71139163478067
101183,57.34470325013734
96110,35.72905387179787
32013,58.86619440635134
4695,40.11158589856632
24314,35.22107288693313
97726,59.647728522799056
17989,48.10510845494044
87023,61.520047722744934
81928,45.890276634527694
96103,33.458193469184785
77730,54.85958338691269
10034,62.42106030664186
42994,57.44029907826557
36192,53.430614247423684
9138,48.73103799782478
10110,52.62162942876803
21539,60.60277840507813
96982,43.84689240697335
80749,62.67870090378152
21202,58.56312472172168
73236,37.108412306310036
96572,57.878939533386024
62274,47.28562250329299
82524,56.4156567967739
91769,47.1477389788946
44416,54.50763017529017
27921,59.08067205895466
15106,58.29635900070231
45024,49.373107184884276
131,57.71522781921924
86664,43.380067393593265
63519,34.925588339697136
29509,68.62342915398635
21487,47.82289949141444
23459,48.93300913543607
79127,54.76191748318825
91426,56.5120105581898
7569,53.730808292854455
50881,40.39065452530532
57437,65.62802818168751
2217,62.033133848359434
101557,54.398250300889146
77659,56.07609046848761
24311,47.91825418146897
1287,44.73825840434694
59789,58.305332228958115
39239,53.97198269584648
2882,60.08722460342016
76675,55.984585884677614
95265,58.59657438333951
92406,60.37027767969393
20079,34.44740516817254
48755,55.55501354471851
71458,50.678476591328796
30099,47.84054053332058
33676,62.72879803977347
3725,55.707198045995426
10446,64.75767657278746
77138,57.295253238301925
17582,38.26245064527629
31508,37.875393262030585
72490,53.249827032138484
51036,56.3737945702741
59788,62.97346889966494
14887,53.90554186114974
80662,48.18167815552917
47577,56.16418749569167
43585,71.05656460790289
34863,60.02278091624463
785,55.45332333324234
61627,45.04454574581838
48512,50.40816847626408
14305,60.656684886039585
100061,55.94621315089424
74984,65.98731346159653
1096,55.36754612315979
46358,58.843286350599115
97477,68.50854377774287
60121,53.081170520134215
100677,62.997733474686385
39297,54.76488436360848
6040,58.12742757402029
23218,60.204714156687814
58793,53.234635874663454
6689,52.53206891464062
2577,50.795026858789576
15798,53.3805465738769
34182,61.520670634517
6065,62.219282627180505
78786,47.10628926925708
48269,60.411857156742485
47483,56.78405811044854
33510,61.2602148315426
16036,49.06934390766219
32154,53.56424152349219
34826,43.797372056189765
98996,59.07530442072723
71369,57.42772367725302
65917,43.56636951274203
53810,44.90051196234073
86360,61.59981840197884
79314,56.323855469212276
90231,58.72428122867397
20179,62.31261228651314
96146,59.03810126735273
55832,53.86519449510703
23912,31.167748655413774
51108,48.52329471918408
83261,54.10179461879597
19374,32.88880981153638
48850,59.155590542946754
56964,55.23415736583027
76101,44.95085203050898
24392,49.9596698979711
66866,48.43593165002589
64829,37.12174345702999
52141,52.821532452944645
100997,45.188003068724036
29066,50.86769684789178
626,26.72786109763998
71095,59.258059197057754
30679,47.641378619582525
98166,51.24937603545931
54372,53.580324490385294
101843,52.91630302906027
38441,62.483034307446246
77997,62.946624347406214
78109,48.64017429225376
80077,43.3359860550931
65752,46.383142896111856
43549,54.534722203787595
87610,43.263709018288196
92367,47.64883400811957
77195,59.757487238746336
89563,63.648497614292815
2450,51.02825038847164
11591,61.01595509096259
82332,59.058829235045806
3484,48.1023620166057
18718,49.574177778061355
70880,62.42211539530509
92843,58.283431519209316
100178,38.73594829127313
3318,56.59298390625349
23185,62.49992231974074
23869,44.52542706111543
40647,53.78236697881052
101806,51.29305228594069
11602,57.65633711741022
6251,60.46610166995016
40878,56.50148856546354
46967,37.72962475614813
20026,53.65169569069202
43797,46.03333830306021
42527,24.796199858545634
93561,51.9968960415639
46701,52.07311362073677
81658,58.44316483120812
51337,39.02838169271413
44005,34.84560854222579
24435,49.759923806756895
88198,58.77159840816341
75801,55.77852385758797
31458,53.90564185229027
65874,59.4626474062914
40518,46.71557411824394
43708,58.78139133436823
2312,45.26816432045141
34253,57.96255161653683
3717,47.672686622895895
11320,58.28205380772351
98880,46.94863783036548
68527,60.68935977178708
65533,57.478036060832174
67229,58.70132006215492
16246,48.737554195303154
70753,34.564414539932606
4090,55.7635529173963
12444,59.51954992298201
15341,39.38219036908995
1783,61.719716529670535
82518,59.41964817808317
23560,58.965131163050934
971,51.07742472705777
74895,48.154276203818476
16813,63.722758263902904
16814,50.167244755237576
62860,59.9888217325097
9031,46.4412251400456
89206,57.53816314168712
901,47.03336711242005
6354,47.64402326615405
74956,61.45936940819082
16223,56.036423799341335
99288,46.928518923561676
47569,47.113710330937685
65688,51.816240330700865
4983,57.4600094244836
14313,58.780109252169844
53044,49.820961398811825
62690,49.455095956422475
89044,58.04594111345413
73047,54.238101833166404
86319,57.29944593798356
82894,57.289483221765124
53150,46.24772346128671
11488,49.21322259811661
25190,59.4357905334897
82335,24.835887632304267
77175,57.947734980320504
78695,62.327047599884665
5167,59.84931382797921
54155,30.457209121944413
64021,62.71351074473875
2764,40.96879796743444
48730,56.08835630457034
99700,57.66259483770411
25870,61.93521625826885
21078,53.534640272638455
84532,52.54619356444594
79496,50.19361338684108
3386,46.96381989289392
84774,46.747019664334225
27093,55.37776806382697
102581,48.25236725103739
91737,62.835127523398626
24987,57.614040893978355
49601,42.6952526197112
97906,51.86168781664662
90875,44.74908343309238
98504,56.95156066146071
17097,61.547593572092595
19810,59.10236701799616
18860,61.236540131598545
53309,63.247680647257916
46762,32.513269511959074
99681,41.842846165569284
77631,56.241101075969326
43443,51.181884980299614
88397,50.65389562678048
27979,52.1251409985298
13334,56.76305939442221
38051,59.41974115170482
52590,56.400999862924834
63184,56.72266081354895
82756,47.84848045939802
7612,66.68468323470374
61414,55.23766325225006
53906,57.7496187155416
20227,46.8667875410412
62664,53.020070858680754
30726,59.52641417223883
60270,50.91277062687828
93608,53.50818545566291
39287,60.544319021768544
3898,44.79524954257567
94438,59.96138442656372
7464,58.95285232233953
38712,52.98418694143819
69642,49.662083076285455
70819,49.96031478305731
74436,47.460796142837594
101249,56.7376265155773
86375,50.64208000952739
60500,52.32850344101911
75788,52.60756004677569
84321,61.27921166447125
78277,59.994520705272826
1238,52.41101076608579
71812,29.92095799218931
43758,54.97250203018281
10173,58.553214163157946
86095,46.31068064148391
69109,59.53129245322191
61023,24.839425984408525
93478,45.30200850897314
54927,67.14060349590767
17900,56.43105509298957
96717,60.6222946447739
32138,52.59150665603291
90769,55.095279368158806
22586,42.92345490964775
27392,52.23564469816059
48153,45.36308636818098
48787,49.57786338665902
65143,45.82284380548124
39923,60.645709593329464
64299,48.14617361537894
75912,46.92111972932452
10344,50.36968608327756
96249,55.03727491789795
53667,40.7455286296794
2571,60.53175379095575
9877,62.84636074733622
47897,26.845870896923763
95440,54.73576853689423
94449,59.129956801541546
50010,54.771203388926395
60560,29.92574501812551
78163,58.55412856038842
12204,65.24770313038243
24379,45.32899774084865
80936,36.74312252913918
19256,62.59244927370274
55998,54.662368004047025
25983,61.3509914599353
71292,54.83020928646891
74463,59.605037922890176
14154,58.50749312278205
100461,45.632813536204274
90073,60.144852675286224
29227,48.14929545370882
80441,59.925584763130686
95491,57.169802217544856
89323,55.26825689078122
43816,57.974593515538096
91971,62.23142101362611
5286,59.89432004597714
15318,49.861038819775324
66334,45.630936902055915
11980,39.386664592786474
83198,52.75440184191669
51389,59.69817716645291
27512,60.78426026579128
61418,45.514804668947555
88983,61.54590675097691
33962,49.98974603721413
23871,49.999123500572225
7430,58.481836577710695
101371,54.531494383669425
69334,54.76537363819264
30053,60.4213269223493
16004,56.03192832968867
16563,65.49843164157492
46241,32.717718405097344
26478,44.55202816901692
4414,62.32731308953558
69557,59.31671868918599
28184,54.924122797036766
71561,48.37392223232561
70272,58.01760010778237
48808,60.53773019922583
102110,57.70598195630322
89275,57.993547818227384
97646,60.71957277194114
59444,62.13427008276855
101666,45.613630473390984
37513,50.27766268647564
100297,53.32949037707392
42768,46.1698523576809
76713,54.60448996616053
46102,45.92697834692085
14096,54.70883102552787
72051,43.81300938597707
72891,58.103231048789624
62452,60.621584104637535
73766,46.38127550429419
55523,53.58579836386701
23711,48.8238879343835
43710,55.49196658266898
3316,52.62286112630238
56564,60.13758073095042
12014,65.019446655378
56780,50.58019882216384
58268,53.121471619586025
88861,58.2637833187426
98312,44.65114382618057
45077,54.34374066585178
64444,49.7110216693252
62303,46.179483957574185
93321,57.14893444778212
9220,58.49229565856208
81219,57.95682785597931
64185,57.16738286972681
32228,53.79638711043485
85537,51.374921230232154
90266,53.961351088939566
68500,55.31661882150324
9255,39.35664419893622
59883,58.58873296207615
69375,47.85444031047499
64707,55.103785437484696
28891,45.30907910144813
49446,58.840343170230156
28377,37.57322122987437
96640,54.08303387045281
52329,57.91862681151849
98069,47.91126750980009
85378,63.234085750465795
84764,43.16021376817629
38928,49.076861723729394
36614,61.711409189629585
101279,50.92012118463212
62955,49.41433811312689
44787,58.856840539653774
54424,40.38382315268526
66252,64.71100971516792
10911,55.87278060802805
66772,56.591274102922824
37127,52.95227298941968
19280,57.67381204578954
32605,59.02181184345433
33318,57.30250064475428
64984,50.69124835340505
54031,36.52067625083666
5234,62.4148827763517
34264,28.150895664175696
54432,57.55268650703729
16788,48.578771206644845
75654,50.18329700077211
26939,48.17962487105603
64590,52.266356215093616
96318,50.50740622173951
86409,62.58845834609261
86316,53.91609480520268
31876,61.42331251861092
57858,57.585705409492455
53477,59.36207456221841
4456,48.0635644298198
14250,63.077341751164276
18474,53.64814636435685
8939,60.34949954691521
9763,52.50851140542925
16776,49.931991641067164
59123,63.88183225471342
86940,59.23741888670636
33978,59.619827244825075
60473,55.32790361934932
67384,34.823619272406276
96897,56.362165828958204
19981,32.31073411424103
45743,59.910241598670694
50897,54.53863855571545
85498,23.13483242637699
100278,37.27887816327627
9375,56.89114312157344
77493,41.0611998184446
78011,56.73592102107585
23276,52.24052454195436
30011,46.92004822674913
59542,54.85639878262553
84575,55.30354696674721
78910,45.16882898738126
102547,49.674798015068546
90278,43.798691677667584
79782,62.31491169649405
85984,58.28777246859416
20847,63.90600664037186
39244,55.91554215287316
16620,54.153836633774176
75050,46.3719822601757
28587,58.303828164530515
10732,55.34108061787356
69436,56.34992999144644
37122,39.339648182924215
68814,49.9283122690419
88422,43.807016702853375
44759,52.68226339528461
42239,66.10842624786929
44340,55.03722054459447
86005,42.78957391964362
89499,55.86138561994271
14196,58.98132494133213
28098,54.245555736478764
56799,41.25164610308613
66946,44.26685932215588
98411,57.100336366387964
42904,53.32639069277353
34338,54.1622711794423
95341,55.17611830420657
69046,62.050722158754226
29448,53.376292028882254
28664,50.202299950707165
78150,61.116873493244796
76722,46.33614706693058
53740,44.62331218612864
18057,29.74581670553613
11949,59.72911509771301
27220,47.50968690236344
23663,47.2799775027719
53720,49.32749184462739
73790,60.82663722977906
22664,49.81522283130871
12363,57.081770263131524
64269,56.951639421927155
79833,59.77779472214222
12016,54.028491515476944
62945,64.17617179092312
61846,62.44999123362629
99269,61.5044408106679
11676,60.67205548633695
61838,47.95355014389034
72356,42.42485754791736
27618,52.253860100893405
16585,47.28797793886258
82898,51.089817700488645
97440,33.970015917395855
62920,54.89333106753645
51460,45.502294954934904
60207,54.01738637916498
72951,52.50201486913582
18417,53.084329310224966
37699,48.17010055621267
62898,54.71312711538625
29892,57.6234931474208
85942,56.72925554624284
55566,55.30703296031845
76652,61.253382458016276
69743,29.792662347430152
92765,53.648699240337145
64191,59.34530673981051
120,58.67854188023372
5580,42.18148340554945
78739,51.2167126977975
88127,62.09717340957537
27096,59.61578447314612
11634,48.961691519432215
73479,46.34933011348886
69765,44.13492399967839
99479,59.165271347332755
4945,49.40353011336897
54856,54.54106352144136
95894,36.05622547479965
95233,48.76568182802982
58505,61.1999950047446
31782,60.164395432867714
65130,62.86924206015686
27371,58.49231140565368
70645,54.21299028778445
73607,62.42803151702562
102251,57.70469418759738
34971,61.303922197950556
62265,47.65927031456637
35578,58.88520677030582
11883,60.455008702814844
89384,50.20153766623588
12471,60.20983732384133
65448,58.14295914036949
82527,51.69721772227454
58305,44.50821374887043
31579,57.45184810702206
52475,31.039791257244495
88941,54.55726645508002
7676,59.199851812511525
70426,43.88331797690768
69270,60.567689469245366
9746,52.794583461083306
54731,48.43702163980752
68612,57.580273771331775
9292,52.91835971448445
77813,57.19073158310322
102207,56.280209418961945
8054,45.40310689963295
95578,43.089364905177135
74903,54.668809859942264
48852,48.12165834369338
1751,59.36706514020497
69869,51.69706388821838
49787,51.34795018805284
36285,48.74660308120447
7412,60.42388406792633
78120,55.63881651082337
75830,58.720774690788744
49695,61.61554001510858
10330,44.586100217855154
90998,44.902924176599925
99060,56.454248893325754
62938,42.14293795802658
59514,54.22783805186567
97516,56.92641669055822
8803,53.75015341861009
8733,56.1101176689957
33328,45.4655659229855
27922,48.8203361890647
23610,54.96774731166765
94888,53.71698888499039
29242,62.26775183571834
11890,56.569221016139025
98507,59.924593816934845
314,30.88912971744899
75597,51.708256458347215
98125,44.447001074313455
20138,48.55314771323521
92735,57.02368329096052
16401,50.83963824175336
55736,59.52592662183092
41482,61.59125229806601
47475,56.561876982344295
19310,41.78101144983831
42676,46.23568791756176
47746,55.828717374728775
59024,52.16843987758598
68857,55.740157083170516
99603,39.73752588158379
66368,54.21067513503718
16935,54.60698659185174
49256,52.23005689664147
71397,52.23361100333581
59704,59.000496004704104
68232,45.986021824099424
62281,56.053772307107124
62450,46.075366874968246
18087,48.52361666244148
10377,45.57641015716899
748,60.189464755893944
181,54.458144069446504
24375,52.79017707120105
93212,50.94177789379941
89290,47.83738891471649
35123,54.24082855847605
14613,44.4278780186105
20769,52.126055860137534
51834,51.323917215623
100816,61.14098401559937
40357,49.15619134373661
57963,57.682388679030566
15218,49.656392369512886
69459,55.212476942072534
63987,56.68866736924153
12378,62.441170697036526
20502,34.47590997880157
47385,60.8699778544939
58812,41.8174550294756
78714,59.36137360758718
24467,26.435484489688378
45907,50.56293644719464
61078,49.33032209567557
60292,54.036424640637954
88576,51.94593400309381
58999,54.20439628707119
77647,43.88653659779505
51092,60.015660609977644
26337,38.88592726703888
81076,51.16392788056043
58532,45.762544744278784
39817,53.97455174141865
834,46.6000440647074
79052,54.034844417861436
49894,55.56035762357604
73877,45.87386482931358
72617,63.40746113288606
20861,60.086194454931004
97398,47.85858868183733
79265,54.6085427807555
39900,66.47494649352967
73925,53.513866151868456
56324,58.036950581431526
22420,28.74482700749509
77538,33.107822217410785
82955,59.72489637459438
68518,50.29419356983513
39165,43.883121870104745
61774,45.0679761842718
19393,54.01161638874089
33819,50.95984489856027
64156,59.81175822128274
76591,56.19811327517718
11415,57.36980034499664
57371,55.97005725203477
61869,52.36929522993094
62441,62.14028450040583
9548,25.787867037332454
75000,59.43456564834799
64700,54.726754292137144
98382,48.28355843331082
5577,37.34478966041529
60739,25.705086786702015
18005,30.23553382258513
58752,63.78287457130902
9085,58.108237890972205
85639,35.55745708071076
72060,40.41239916455277
32569,54.5249477138857
72942,66.31267846493127
26377,53.219415668689486
27793,52.24575080526649
72447,61.27091280304599
11271,55.35757806104466
24810,58.03583755876632
80892,52.03268232322273
39339,37.135865101830014
70735,62.752057612900934
91185,59.86348803000702
82379,55.05146459489603
36170,48.70387429806266
74920,47.00087450678574
50880,56.88484508760281
101422,59.18413142649881
70803,49.895277329487
10832,58.433019734027965
47444,55.91436401678855
95365,56.111804649500925
16807,46.817909675529634
91851,52.068079016965086
79888,56.1422308484816
69047,49.01372662151879
2700,46.389785059377864
63677,59.81219582446981
44556,44.783007235607954
57245,49.572777354611
51210,47.75665863899781
70795,45.291435580280385
86836,56.66571671949599
3012,52.33653084367801
62983,62.057154549991154
53042,51.61259653064689
83723,43.47493533202319
55101,65.85884118268729
56670,42.892305166341174
93145,51.140753293520476
68220,55.92591084947322
82947,57.505504552572106
60419,49.073293984277186
78284,62.92293267678593
99963,56.32374146944628
68742,57.91486660249825
14639,56.96533860496276
26784,43.382001220162095
43664,54.65280549076874
8870,49.70468496483385
27885,55.369120251872594
8467,52.579903948766656
25094,57.03583785239081
26340,46.316388665775
74568,63.61231322871599
17187,60.3675771350918
157,59.625529918005725
84664,48.31173798642665
60401,49.9084337334067
86200,49.92875325947944
19243,36.40446500343375
15467,52.48661845235747
21071,54.43957356073706
84788,60.58548782853752
53204,27.814085602907884
38709,46.437064891214796
51077,52.73673124626384
61206,32.74507546433123
91699,52.914376137586494
61389,46.09705462347162
45325,62.20770766613049
38706,55.59326075380607
49822,39.161636784612014
34063,39.89076681480631
876,30.278710242666747
51208,60.25682392304107
72259,42.500383607120575
44606,43.067884976830555
59017,60.265246092686354
71266,51.29251204589891
83810,54.20669777663431
87102,46.38661967579089
26918,41.15073327370031
43046,54.86701503885753
69084,53.063409245905056
59963,57.917178273517244
41025,48.0897638045274
4359,15.493495385755452
61619,57.16367944195323
67580,50.305022146693936
32681,56.99591795676456
49176,54.86543812318383
90143,55.315753415902094
96219,61.89333392764338
78899,60.057353456657964
97690,44.60811033525797
68299,55.018300650688865
10729,58.84918582748343
77980,60.631280958555074
60420,41.78633629605246
17412,40.73156028573038
15670,57.866544094990644
47432,54.28728474437112
57670,59.83510224872284
53113,56.71364307278025
28694,40.6428708783001
29605,30.50195300412866
59743,55.14366221129732
58019,46.81075148545741
1947,57.13649246684173
24175,57.11723431552863
55777,57.80889154035934
53169,58.756856616765575
99347,55.81770673822549
2976,55.02225020204168
14389,57.824957897199184
86152,57.463311213070554
14638,57.77849787020374
89796,48.31333049991683
77191,49.724694711855676
101024,58.91793539451034
54003,42.34085844158978
43716,57.357073878406226
96990,57.364665761737896
73464,48.44295020704061
53007,45.69146028500804
22376,49.87444144321517
69753,32.64037863789575
32509,58.98902163780137
56791,53.45608577982812
16882,56.034920823991484
15849,42.3676061178626
44708,59.81968509267567
17929,59.907526788592506
89409,47.77727339479134
23759,56.88542773239762
21130,49.42571970435668
7032,55.83630830565502
83185,46.57630411218627
72619,48.862578636213236
49918,58.58219653228655
5237,50.90254767492841
12929,57.726461393107705
76309,31.84388642242312
7670,54.26963211583217
51960,52.64270384999271
45744,45.16000927315809
47259,51.747045054679866
32606,25.866212153034564
36705,56.74633112759357
22887,46.50325758361418
64467,63.08971342651388
66992,52.40211875231178
35992,59.53084938484196
74884,58.41291146579672
100124,54.62327524171221
67264,53.78390788082123
54466,49.30322987895818
44720,58.635524510485276
42989,47.40741442962983
29451,48.83464958378472
9640,49.4517963961183
76985,42.54292882707358
58037,52.632720599999274
63621,58.384815375317345
62752,53.21736224960841
52783,39.92764178125561
97394,50.219315304327644
17864,53.561666735988396
23014,55.60005878424433
20547,66.26502352543596
76034,55.99518836970818
60340,54.72460001989286
42846,51.41406850383234
10000,38.8296122859056
98798,59.5912713058884
35247,52.81204260251484
97018,48.714031412249724
32646,45.734438098328305
39313,37.546647527576724
69131,58.00207364232076
95676,0.0
42173,51.96545676323764
40906,35.3981341608942
74461,46.81398993869065
55433,52.8700353432075
95788,44.365320033757726
32144,51.53730115432336
38421,46.16212430023844
15594,56.18019804022555
13394,32.09473383443229
38600,57.382895168974855
12323,64.21602058282754
36239,32.175727670437645
85149,56.337201290803954
39053,58.334534338887224
35351,57.250946833393805
39600,55.784075146963936
41318,60.968238187313176
69957,52.62749541907077
92142,62.27167836824886
70051,45.55325501941828
45257,38.288574273358805
91372,44.81129291172469
72058,70.55718389092692
90616,53.67843786574187
27024,53.18136391732481
11577,45.55143834576136
14358,56.73476529103861
9600,45.44075851105061
82534,56.285253606309276
2259,56.03528918585099
91634,39.08619231560602
89465,63.49860582683305
38329,53.0899478962426
1099,57.48503235862749
50940,50.54652285787307
73442,46.88971441063876
89789,57.292744873892076
21197,48.74173465085059
29762,40.03355151930484
65719,60.51515909083798
78750,58.95898981811901
79182,58.60384434155214
28661,61.951158004240696
52308,61.75109545841924
20255,50.84668650220802
55219,47.03696504708443
42362,58.46917660560647
89991,48.215729175119634
3634,60.38565073258164
95441,38.58269628833904
27217,41.061577540520034
34391,56.639161546161155
12667,55.96006999544319
57286,70.54959505888897
86406,50.83598684861669
41314,57.0243364969462
39222,51.64238694421152
40272,55.71909718229978
49095,62.11958232705983
5364,34.8400027400004
55083,40.35804300722886
86450,31.132871957898914
80369,44.34561287297125
50015,55.91226355923734
79560,59.55156361706017
67845,34.9628894086108
63355,61.32366879507258
25682,59.29350484564471
68291,56.75474422339761
34817,56.30560286593255
6007,47.73757341064836
44002,56.369266909186855
26042,44.16898937471138
62968,54.632235237235754
4122,48.954688611016486
90761,47.36630840460118
57051,47.51413703578539
87050,56.93655641105052
91495,32.66457273187122
15069,58.169140347898676
99478,50.17773422131717
38438,59.43867442951314
60663,55.30570310906926
7826,60.94835166681613
39094,50.23512380007061
36868,52.22653288592312
28337,59.08306642620641
91892,38.830905678899946
62508,55.97275032182126
13772,45.59825551836886
60854,59.08514882837486
9599,37.13229149171039
30827,28.024265319249093
76188,57.26805691939814
98065,48.58184033914123
97542,60.29696371113141
20673,47.86063194195665
39120,52.733420114002925
12812,57.95175415163328
55124,52.28801697484156
70275,58.23307898498038
58365,33.69112299592386
33706,57.08406704405912
85412,62.41097720922833
7889,49.21803159407572
74797,51.95503806018649
28939,61.0493692970457
64940,59.11811795810027
102200,42.77355427946165
26107,49.85529353694926
55995,63.51065158468266
52588,60.79568431529193
46312,38.02024056009468
39658,56.63451704570221
72685,52.45309288603152
39768,50.33157493228816
80967,59.070772060391086
11730,58.354577056692094
48344,40.95468895811881
98681,58.677146275136366
81694,56.53394991532499
21236,65.0693181008339
101777,54.57117547679204
6293,46.71615718767973
24525,43.98808080319511
81271,58.861513584248655
77177,61.95149849695635
84708,41.60322823323603
74892,58.2980510371773
12294,56.00356881009293
27858,50.752438454433936
24651,37.7991680715475
89158,51.73263631890642
77854,54.93940704387237
30233,62.87709122076897
68189,51.72948211170196
50306,59.462770899659354
3031,52.78982885473252
90661,47.3994953138596
71249,41.83063970552525
71696,59.19272735806216
91780,61.080095016109695
57940,56.98551766618088
6526,44.354383481269515
58896,60.60883394061086
91905,45.32668247032378
26750,24.39684279618019
35935,54.441493263827695
70257,45.38018322964071
93391,53.634527066872195
84879,52.35312820954267
81863,58.161948116326265
76953,43.62531776985878
75641,53.62587602405695
98298,55.85818982271111
74761,24.772334389173125
85962,39.43224356380016
51413,52.987940034424696
99678,48.69633056090443
70559,57.679217185559956
28737,40.69031926818907
77074,59.281957375221985
48393,52.0505967205428
12467,49.07492399271158
91915,59.108765388408216
88072,42.79739504724795
95975,62.006518859755786
72181,60.38265455738247
85396,59.00568336471211
85591,60.539378340212444
29340,56.42370964524184
3427,55.54087531089326
57386,57.88598866361477
10595,46.75672056131119
36041,44.20237565591837
77605,59.12981172179565
77293,45.57970348305457
28875,62.828402807012296
75627,59.376270164424625
92475,47.403693111340516
26457,62.352076918920204
90345,46.4063053601663
72451,56.690471400928836
75729,62.31101421372221
75842,52.42314962764485
28907,46.1263556597957
72376,61.791276669123604
57641,54.224779309911334
90969,69.3733404810645
42210,48.78826701998294
13638,60.283994347732595
40039,51.86277455572524
81290,53.91182832335167
38216,64.9464996626738
20850,53.32320019831815
62336,55.751415251024746
24671,46.776420399175606
5497,45.94439829442137
54714,53.518927454208765
73074,48.74701719781312
10085,65.33901092173888
45578,59.094226703533664
27242,58.48394460115427
62927,52.4489489940219
88877,55.466630748329116
15148,56.50475376676753
46470,62.204398958854384
9171,60.34047480161966
25463,46.61250959176193
43631,55.831159724087385
101815,34.29380918732766
55701,59.45462618358355
98226,52.99290815333236
62131,57.89011483802303
53093,62.466199624346686
47311,63.2740015341969
94791,26.49510072296901
69353,56.00562523265923
12202,55.56564853371686
93929,60.07782255912186
23479,46.45923433937992
36438,51.883623274268906
95821,27.481146063276537
8973,60.452370409202494
25133,51.09304138869122
50515,57.81060629470589
8718,56.700814071214744
51821,58.26493188210971
31971,36.92162887110292
37011,61.50245540726753
50792,44.67023766551353
36616,0.0
76630,49.74260494521092
22266,48.029060649059716
61760,36.582577209472774
45230,57.707906131322815
22560,56.874454301257316
75007,57.43818984712952
77404,59.797490469042344
51663,57.76900104810528
78352,44.28523682789815
32744,52.225574142940395
60378,41.02983905194099
80493,40.99355267588753
66534,37.55148130617589
27683,61.41876848733567
36666,48.88436707927838
30977,58.74673650781515
40695,54.14495042712299
72165,56.73561861635849
7987,60.17133742471428
26415,54.03177850925703
93713,50.63147464254646
101477,48.56489814570284
34913,63.41831260830314
41306,54.71682274040486
71097,50.994044957177124
14321,54.948002924635574
12055,53.74208375844168
56706,67.02798947602717
22082,34.38255795739326
53410,30.112542322892605
11763,40.10520329822765
5530,57.02700167899411
85002,56.83623983577017
58011,51.69369546366531
50286,49.02113435241105
65695,52.19690497223252
32270,55.29738519774388
36463,52.2048231950717
47851,55.11627354233718
90748,58.37110228513019
23189,46.23349349660766
158,55.54576574126253
61043,41.523918042168575
3358,40.55710449047652
78138,53.22778037121939
81194,61.59504511485252
93917,44.90327263990267
42731,57.42523593554232
18450,37.65418870137298
81169,53.13302059056396
80721,41.7093907006913
64568,65.13461864856683
58088,50.868375143459645
56600,48.36387884920835
85759,49.33627933722055
4361,51.00450411327383
45126,46.52143907469021
99961,61.15271577924207
101486,59.331741275298505
93925,55.40397954828998
64634,59.52441223494191
45069,53.69042516287157
32240,57.85326026314958
75698,56.803746024922816
59773,63.11001838644131
76148,50.05084690256684
79924,45.007213331940754
94885,57.95675892048843
87951,59.52144642895706
46661,53.369988883997706
10151,62.704510869573426
2984,50.60603085798317
55527,58.7410937769879
74107,50.67832597999582
10622,55.38900210497454
29556,55.73581471735966
10795,59.810425078592544
37680,49.94185525975626
60571,29.32525298515891
17830,58.18488987550746
13227,60.84309859508419
10233,46.96304909755303
16636,48.93068643649245
47466,51.16106333397705
57233,48.12140195253465
71507,49.84300965323612
80319,56.85970239683665
69192,51.215142107813286
22737,51.48016093798503
32315,42.96698309966084
38054,37.81757618157194
25067,51.210886555545024
2831,44.72097211229225
97731,66.16592957358716
66348,57.226583177306836
15975,56.286593452187944
36789,48.85947694844226
54158,49.63312295631344
20730,54.39232467964142
94183,33.79685103664512
21622,52.64399052784488
14270,58.88802769699165
16827,57.44049102891893
101811,54.72100249368643
52743,50.16315648270548
5168,58.02766867208305
46127,57.29839308518325
55561,52.19047476365782
41132,57.443481622352145
47773,58.40767495420924
13568,52.80690908113775
23542,57.80056468419429
18080,49.71832105436109
83638,47.78846066496558
49330,54.51019237842111
13451,44.36717779316443
7115,41.219087856210095
34093,46.0284431069848
3007,36.486027724224414
23543,53.309593638998734
99459,44.95513174278902
81295,54.58492983859688
100505,30.979113110226113
75793,37.050369577095566
41619,28.943698963345515
69076,60.52650235595661
4366,40.65915441440993
50654,52.236080798353605
68937,56.40061296192195
7033,41.89442053596113
100325,53.03661948694412
99946,55.13829116117576
59254,58.06117792230782
98101,58.893467046048826
4435,53.299734708987984
85305,57.454881235222025
39929,46.8207418066206
6113,65.35365881528014
91212,52.19926131159362
63912,60.299532602044216
10381,39.564319083242665
61786,52.35120087587395
88718,61.62134706975648
88683,36.29896465298451
76237,63.786502424227535
70959,36.216724776744144
83595,47.179040315199686
83943,55.8500463669494
59973,55.15592270455402
42111,45.87193422458259
91314,49.59237401212583
47218,60.528730967257616
87552,46.51397491903152
28855,44.623989788798134
39401,61.545004300117746
84237,49.84316946720056
69278,38.453472760492005
23977,57.11226104920885
75104,54.51101499051513
45547,58.44861500952868
62800,60.56838087675568
13220,53.05653795553303
99463,48.978755074905585
15420,61.20623667618178
60217,52.04598512308839
54234,55.708243893358365
72612,33.61342732159444
59164,52.26589456820931
56155,52.06973935127429
28618,54.370828232009565
97591,47.432991603136266
25918,28.81821967008567
71118,58.285086511506336
68916,61.776769773913
46378,62.89226432657155
91232,50.775517923441164
59367,54.5904823180432
24281,54.33628626212959
62122,58.436316183938786
45604,48.61012982503754
19763,45.34447587030837
47500,28.371919830074564
94831,58.992268929882044
17046,55.315851716858376
22394,59.422993028309904
87801,51.62850188732486
54187,59.43676999004845
53972,55.82108248214803
79740,62.808303530760355
35287,58.00322499506146
53977,46.86088088491748
61545,58.40288950459434
89418,54.713492936305315
18973,55.71556344621811
7000,48.236547132358965
26463,59.513030660907255
55145,50.96791925443237
93337,65.57757268158755
24091,49.738388722026855
4991,61.629802015334576
96521,59.26787847711989
55653,45.58182941630626
77800,57.96599527383112
34357,48.204080256384295
8087,34.398485933697074
55245,53.11119586914761
17807,50.018661862966596
91138,60.685458774686346
38233,57.340293118908896
26924,54.22250528292627
605,47.44376834604334
55498,57.033812647244275
48064,50.44320015603529
26604,53.66645547324898
30653,52.75087800543604
11713,56.10034797094794
69420,51.67546973747441
22389,44.7649057807961
59225,50.553853553006874
36835,63.9900175674232
60255,57.86505893624897
79883,58.46610839596294
65648,53.227557080155265
32157,54.49066867481831
10485,56.74979799152494
40713,57.04220696744264
95017,54.091875182505376
36544,54.502997262898845
13435,49.45355237485917
21792,52.528332193671275
40388,34.62376984477428
21385,58.36182756293622
29250,46.526460763677896
101876,53.186202155287326
75913,53.70841965353393
51598,50.77405475141708
62833,58.054772053009884
72472,62.60165208620474
75513,26.91564544075171
46305,60.645240801876874
93842,50.67338565770561
39201,60.81057216938167
77510,53.1373507980126
35447,65.71223904534635
53384,33.03853916344157
51105,47.39921330474202
88734,33.39382214267307
9070,59.553039705157175
79423,55.47059716551911
25273,62.285862900270324
1197,38.515452330704875
101848,39.59176509835891
18480,54.67995443306954
37443,54.58460592043484
45918,43.89062823617103
60286,58.84529205159712
51665,54.81229375508534
69115,45.88148491278876
10160,56.8752047417504
100373,33.235489714807336
6888,57.60465101038817
97043,39.79963033044706
91076,100.0
31943,50.805189176387756
44979,70.95509676480043
23866,46.10586183524496
27145,60.75707274974697
93302,61.609841198746636
93165,57.99594479106747
67410,51.26712867773023
28436,52.188730957189065
61982,50.11665536362183
17878,59.997230178579095
51721,52.33545469324934
79178,25.820670296930444
35910,28.646115278301153
26390,24.130214910100253
66499,51.04541663665081
97550,37.180353401451825
85531,51.92316884152145
4073,51.492002331418206
34785,61.017699147188225
81328,53.46205083420761
20215,55.603843325750084
22098,59.86458972701372
15222,46.953320139902814
70271,42.983549063961
82004,41.21176814740685
86133,57.682637543135456
61202,59.94811685186323
639,56.19840980301549
39098,52.70822300460084
33233,40.26838617726495
83860,60.27986820034616
101703,43.31790700210448
97360,46.94570908114693
40229,51.57553492829559
39982,31.22430924509065
8950,53.242131855493255
59750,54.51624364510518
9628,53.63617152274974
71637,51.742985930241424
20231,59.78337890959217
74551,66.70008998556644
87654,58.24892454284507
99818,53.26184417849534
2682,60.781504807969
67709,35.093904574214534
51818,59.193610534069435
11987,49.44605584458204
90691,43.87292779175671
35325,38.13567524477163
54257,48.72094465823407
35706,59.68167537860964
78563,47.26745064166822
91924,57.75486700224834
24475,58.70271214947689
63255,51.373916798066986
31611,44.84759214159701
50915,51.15782217437044
75315,59.061338063579754
98844,55.567110286209946
31899,59.13227495331622
26055,59.46340785425103
53261,50.8932968055834
73901,39.45081992737081
10321,37.10453261509997
19884,57.829236075481575
2446,57.180790623693966
95163,56.16420562200125
30609,53.758549310499916
43837,63.139004733364814
61150,45.55324873211011
5199,59.41775754780363
11633,46.9777043656674
58808,58.379757800466095
91323,51.36557782564364
80035,57.87802980568004
16573,59.80694845542891
97117,38.235798800651324
48975,48.943867967565694
12224,47.72591531666341
17178,57.06269768274235
28379,59.12067642080483
8386,51.7722738795108
41546,58.82982803852528
64845,61.1845516476063
47222,55.73065822521279
54015,44.79764602069513
90394,54.67705471387458
59987,59.473743026410745
91109,41.054125504278815
34510,56.855693418151375
31023,63.44721347449887
9555,53.476237974319424
98775,66.64689193265798
40269,59.65615277204615
53846,36.500068339623475
97348,33.87688688935705
81116,57.20152496340894
11337,57.84991697508249
96080,47.07716117233493
83564,56.657583677335786
31732,57.54485911809055
36446,47.92096274240113
25063,46.36579510134882
89753,48.562819214074835
49770,56.16276201204214
21217,51.80444234502902
67073,53.76560474257195
2538,50.2124614633748
44612,31.454162570755702
74349,28.709310117264828
68408,63.192114227214
52223,44.548855483352156
96888,45.547511096002715
79230,52.18301972904153
90583,54.871892170388705
72609,48.394389189756595
89901,63.21788815984163
3421,47.39223492350419
59061,52.729708485819046
19082,53.45853190854645
29328,41.99835131793552
5093,59.89469192621005
18047,54.40114705445606
55028,64.2837865286512
58448,51.14442879384674
37828,54.17548311148167
2184,57.52869049815533
15928,59.35978682916745
26644,59.28288269479535
84312,52.195280482824415
43744,60.050761084630125
80488,59.3065181171697
33251,38.096131195453005
64143,32.65840449765704
17524,57.864838794541804
46356,49.40014279216538
65026,54.26504440932109
6964,61.17802144735268
37580,46.06154255731519
11517,54.047385524086025
59486,57.75564636290846
18809,58.83673735465257
85615,63.1916362235796
18020,54.219525286618136
81779,60.032607618605965
87215,43.154434717102546
14920,55.031970156035115
31449,37.17245816327779
77828,48.93500801554418
94807,46.68024542568824
66183,72.65541609062815
17644,50.09748885150723
38660,46.10641912809272
52473,47.582832037613045
48375,51.887401259425296
38972,41.157471415828425
75678,59.872883263043704
36022,51.945149387555354
239,51.780355756061994
68790,48.97280988688311
80851,62.65545634358999
90977,52.762664025312134
47317,57.78136304455926
15813,59.89020994308329
65033,56.3619510784921
98192,45.8570381745099
80131,42.39451634941322
93941,44.583636612296694
44086,52.342703409825965
88902,55.27632035900322
13482,57.80404334890987
30908,53.12445930888452
102283,43.787070175000416
10283,57.744157105208465
28549,61.47391211738674
50785,55.68343121299512
80091,53.95408605528169
86288,53.57072400890557
50431,36.732137896368656
41143,42.9056685317718
95295,32.47256185162989
45166,57.265585354803086
48932,61.10151694050643
17389,47.28675539044831
31969,54.67458743303501
11165,40.97050531849487
48092,51.21615601205942
8512,63.7768805362271
58987,35.266578075105414
42254,66.74028991905783
89738,68.64593479167574
69056,59.91118911007046
46516,51.492339287230664
65499,41.71182536345287
18167,53.499210102224936
78748,46.16063695565114
59187,50.474018385927096
70650,50.693508527131584
1902,58.38909115689111
73988,62.493610509453056
53980,57.94208450592406
27599,61.427092543534876
19031,58.94641031696597
58911,36.74928896557906
17614,49.400246339476496
70304,60.91067721567626
71230,59.50095333651069
89446,49.769048144966085
79858,41.12890050857341
27106,45.284767644573215
70706,48.42725468555664
25622,54.0902293798683
42996,60.752783467249536
48665,60.450165237236845
53120,58.194607934009156
35515,46.344055352885064
87233,58.024744888415064
4655,62.25052244205919
75768,58.45094820442282
1193,56.18751287685281
79898,54.307881968059434
49803,47.280886377363395
41106,51.86142247896845
88179,57.82322930981058
948,50.98894240068308
63845,51.48872715655493
63165,54.706587592421464
771,52.343594467303234
17551,50.616901681349994
78036,44.107687742693294
66208,46.351758375768256
40013,52.36137567701373
99704,53.19560135537995
27199,55.21623743820261
32559,49.72606443074584
80304,61.93140671113012
15758,54.6728792483053
2141,52.625548379885224
57528,57.995673960798825
74939,49.84592934639011
13886,61.375469967079525
59509,50.22704841547746
61579,58.96070650707988
22661,52.86376469206422
44483,47.34746216642968
95411,48.72401781634564
78279,52.82955701793773
70653,45.24797535073454
3967,57.71697846009209
2071,61.30300686243826
89241,57.30505068108382
32670,57.72103958075838
102234,42.95953611711942
81865,63.66190714915877
10965,53.46656408868937
50511,57.46111569542918
90137,57.03628707573605
34760,62.77234230496622
25923,60.83030801782671
53124,54.12001286532313
102084,50.553594239817286
100749,49.495601451272854
98750,50.0321297194647
90657,46.04955953632449
100271,54.74879374532294
76735,51.964463134426495
52286,57.883479304785915
74390,52.25271668757673
81906,56.75071914483169
49693,50.56834550034081
65393,51.188848717765666
100654,56.574353820252945
51018,33.486181899446194
33910,56.037388165437356
6651,58.09408584382045
60049,50.413962754878625
75870,57.45959323043318
65155,56.73432747128011
70028,34.82294932010141
28667,28.702999312177624
53616,53.97572779094757
53792,53.73051359930547
78456,31.962497467219677
77357,57.169547417518146
18504,48.63841264791855
45833,53.18802261292305
43463,52.01596135202389
99439,45.96369834755014
69688,60.40628103929665
84183,57.5350433324491
62331,55.38853418277927
15974,59.86460701740735
41191,60.11816378389914
79407,54.15851665370687
47451,51.65246474501519
29911,54.73408621812657
53422,32.06773292864452
279,50.43525020104857
90915,39.589964783590574
73679,60.93030213508945
3280,50.742837821447594
97387,55.219068845253744
81285,57.962400786689926
39686,53.27449416841081
33929,60.143889670480874
90888,59.19279746350615
62818,49.11958731809554
96711,56.19361106016484
56839,62.66763729894175
10783,59.95976075113108
48694,51.25136450607678
17575,64.0544039259406
51096,48.50425359044444
32822,54.81791529920638
28039,55.14386675825994
83895,33.118787720814126
13758,37.87279013732232
21049,59.45895205010024
64650,46.80748295622695
4286,31.28911358478588
72063,41.635692041404496
25241,61.54792508309411
51878,57.84834952125949
44961,39.54850039209425
52521,33.71996116974526
94986,63.62036185767208
69514,32.94524056962693
35884,52.31035952047836
51437,60.690834524306396
31752,60.269717517805205
17373,54.89201035055359
40736,45.89529831973336
97097,56.88134207135585
84356,49.915734670212345
52321,61.5864199315449
80590,55.0978669163474
96694,62.57874444250378
26513,52.771812980587946
74565,52.70872002560565
31238,59.30746176291247
40988,61.079447556386086
64563,47.804100942709425
68097,46.75731814000089
14422,53.57248466827138
61601,47.422829474170896
97886,48.82959553238245
77731,57.55667841069412
95539,48.46763446698135
66413,50.261668019621055
61007,56.92681428046078
25017,59.70197880890764
18420,42.93732809295444
3289,53.639667030533154
15441,67.24502588202358
20564,60.67566059825348
83065,25.7919027453416
47779,63.183304199668896
32215,54.21625565442491
87248,48.60260418927268
36726,63.8484470459325
2122,47.0070672340061
41524,41.9071040135338
23337,55.69210097348939
28340,59.828399471712785
36199,50.75574716185763
63465,21.055514667075332
49192,56.9865199515655
7045,55.60846757886833
31762,44.04585678589476
89445,58.14610547361142
14166,49.580950382952935
32496,51.61055572853275
85871,55.034279249338866
47366,51.21226613431468
76777,45.856960639619196
38772,49.88103506330396
51383,42.863376935402854
9325,50.951077497557925
5197,47.86911518399581
45875,48.02033047920557
4976,41.530324290153224
86646,62.2254094779592
22190,50.42731820897947
79983,52.54413736677139
26141,52.65454317119828
58695,34.53281846676848
45618,47.60649634190037
61352,54.70822491815474
30031,38.33740334284712
100890,49.06155891387779
33970,48.27040973867679
30333,56.76621163368592
80680,59.08809316514886
37329,57.289483221765124
65838,50.449256129570735
100711,40.88046796718388
76467,48.75346965821622
92680,63.00268429091632
52489,55.019215700361194
62153,54.44143274779041
21129,46.43522665305698
49685,57.32728681662546
64533,53.29748948785837
7322,48.049036902283014
22797,60.32478279719985
71282,60.88595260334557
93428,54.13491792273822
75498,50.596518759775876
14856,54.08990116099079
86900,50.7916498072978
63590,61.040374910769266
65804,45.01474435738473
41071,47.241126471585645
25087,55.639445479391036
96353,48.46662233717431
61225,54.66699372069743
48290,43.43480941707833
63156,46.6460184731211
64772,58.730891140325575
39783,59.74740983652988
54214,58.31600859030473
83147,61.223400793894655
40915,59.2169350387789
79638,55.0403509962247
7378,52.3630484496845
61748,67.97881469673345
16996,58.687315079545584
77743,54.448439228236616
52908,49.0390288801145
74408,55.80324731673951
60545,58.59413778497106
64666,52.72383852756518
17855,49.10603265915834
91669,48.03699035096022
85549,61.83153331809801
83346,53.84566377815416
53641,26.804473664312187
89055,58.124270623656
46051,59.38779520180791
38015,52.66849679613716
72327,48.75751121847374
97622,47.13186152301191
29003,43.710443193123965
9513,51.34605271895509
61335,35.06587781587225
1855,53.94811842845931
18909,34.13879729891135
66189,53.87388332011137
70649,61.035846897196244
6997,30.454204551797783
66932,49.70718517829039
45161,58.61507665334551
19292,60.4308990654484
37156,63.03209849079975
18097,51.05982796279028
89908,62.149036883693945
68155,56.33400459548134
6393,56.34103199394451
75769,59.218006038565505
1414,53.84874370693615
3828,59.70033817399104
69136,58.17565694000647
47743,48.58604018300363
13210,55.446228666503174
68325,61.72719911080757
82395,48.51526386101106
37460,51.045652150314474
93654,55.09076142856039
102367,54.91592955440143
89140,60.5660358426411
35731,49.45370807853601
5484,60.90338258641512
17298,54.04685843918138
87075,52.46862425145554
101533,51.81656931059228
54845,61.90606331258673
5923,56.064527347811044
37300,58.47425033576085
2879,58.45121927604697
78323,51.427809466206256
78936,57.453264181812884
4698,64.34186335381645
37785,36.04805787354695
38890,52.620972066941825
63093,57.67729961687345
76543,53.95404075849072
17055,60.018529697925615
97088,54.66230642579927
80220,65.99057669697508
98011,47.595332485768296
84158,44.81472630912117
93848,45.05038557424325
80321,51.102879443082976
16956,51.22792982390638
1021,53.88356042707108
4710,37.57581284289932
24034,42.26374443984622
96053,59.01480725793424
69749,57.79471400185918
14736,56.95417172103145
27227,50.20466875233078
60247,57.134215299198466
89824,47.59482629418175
94554,48.49068681473148
57211,69.7433384674687
85825,48.65654468390809
17378,55.36090526793752
40036,61.87025495279855
31077,56.35543052109894
74737,44.244058288735786
8464,51.35047638073014
35208,34.70528105099133
24689,54.86623253025537
77142,58.052770753748575
44845,54.084748996160755
63405,61.53746911548932
60061,30.094302214804276
55972,55.50829762093451
7862,38.69966892487124
4752,45.380522270146216
60414,57.67361591300141
16614,49.21630180607954
93962,49.37609120986218
69774,59.049882969990485
99335,50.85024591856044
52467,45.509906723197076
46973,53.476166582213715
101297,43.82144171577042
93847,54.202811126949356
82435,56.383277752908455
94932,48.03495259567563
57300,50.54399038087334
3758,57.13819782561524
37192,55.10035941162929
29436,56.464387603520876
45975,50.088992513068476
86668,55.26031621582259
98899,36.7940719547494
37660,62.551724370589554
90610,52.06575349480931
35725,41.30235864756376
44865,63.12972865436042
83263,44.25973825027134
93642,67.44018481897155
27211,55.12823763557831
55970,50.32980866361452
2742,49.74290685332627
90957,47.67720233641917
70405,59.77284299640907
28362,28.168422514146013
73028,29.021816450360777
68691,45.65817214209579
6121,48.68986148799667
35147,59.13531823987306
20390,61.714095780515294
49230,56.66102410477396
19036,58.18041472532273
21413,56.41913910905809
84318,55.88935858118464
62147,53.06248795665848
8135,46.84259828174847
77470,51.28172829660942
100050,57.9886732351681
55558,58.328285114823586
44501,41.557662320085406
16306,58.28295085188631
53198,49.205527563324914
69689,45.80732033543202
81400,56.57823491464785
62436,52.73948322478216
52625,38.00189084223739
12358,54.45888950460118
14018,58.06156283964593
17456,55.06388542849546
60083,65.86902263668688
78915,56.53760349983723
13489,34.1603578387623
17810,46.44029256389649
65305,59.80052030091237
95469,44.53461155886076
96151,57.40141544075539
71683,51.009252628338025
83311,51.878154054843286
40142,55.83998463958875
27545,46.552150704119164
84263,58.28179420542317
71500,36.471865463790095
102495,58.2324498045606
16784,62.32977229201403
85835,56.561319251852204
42433,52.826488316182036
37919,40.38964181678518
92136,52.85898706863627
100617,46.18584401727351
12916,56.43930323547296
27154,50.43044911169235
73459,62.326210456009946
43533,44.91383594414615
5494,57.70028357162687
5873,64.98518583805344
42414,52.58224279457515
60394,30.551808514430732
37424,47.58771543906639
84969,53.53545186739745
8902,61.317128309007146
61456,56.67562136391084
17098,58.83171641060866
78351,61.229925809845426
12205,42.919861453266265
26123,58.96477378935708
24022,26.633176218383834
48527,53.67050003052204
50458,55.232827605507545
46924,62.64666010926984
32511,51.0218788765254
95971,59.27208666518989
70110,35.20410182310927
786,55.2852377385034
39324,57.915640650007376
13744,61.99217896475582
64958,9.714102832129548
77739,45.523233035613295
78124,62.143802148351455
6319,37.60965255580452
4005,59.928854620123914
82668,56.14598208918465
76525,54.72576370225269
28224,36.089015502039764
35470,60.059408042875745
15488,39.75974328945114
53405,54.53847272964131
3610,31.659171459006863
59468,49.93125460108158
73587,60.48930344147525
69347,59.0922508732358
90071,58.347516787198785
26766,42.77134477320015
81751,51.57989814624955
24460,25.27526422527246
4457,48.87739018225406
26315,51.64618137163093
7859,42.07217474161532
44303,57.31398615061283
51943,58.154446205734196
86293,41.63396454294784
94515,50.20209549154993
79846,27.576764889650164
54356,54.731133489126336
40035,51.313945742341055
50752,43.919324756812166
101329,51.443925575269525
90265,49.3873131979971
46399,45.50143537455111
8655,62.058358201992334
100543,65.11460301090518
8011,60.797531831121645
86329,52.96702227707719
80750,58.28274992501305
68613,58.7336720624696
75568,37.554891232288725
48001,48.07241890524741
72784,58.12599793321342
8035,51.26484142644931
28307,60.363271203341135
25982,48.519335116893295
18415,52.15707990218322
37227,40.899496024216155
52483,58.821535568217726
38996,57.49511954133209
30619,48.378024640041694
99677,44.25115938133042
84937,41.27779393260157
33282,55.85939864379411
46391,54.8926818320804
85115,51.95303066460031
63749,63.944657057896976
20122,56.03253978641088
24900,41.121028339263546
30455,50.072556574172424
60535,53.27059204395754
46556,55.94079957169925
92363,54.44204650272708
44966,44.68693359354889
33276,48.63679049592623
19559,53.058194624609555
78092,57.01352622442343
87088,63.104212183933186
45332,64.53996696435333
50003,60.29079861266458
51838,53.60080366696512
81387,52.699105614763525
95203,51.31654079848118
65736,55.640473324177535
37164,54.524068565822
82813,53.19405222272726
12691,63.27325272938178
28869,59.18469618990619
84077,57.47314456589578
89354,43.25731159616514
98907,57.13706430527341
60027,56.12151688418121
1718,54.127823737325784
39058,37.043203158379676
12786,54.732448820251335
47146,52.41874177579652
41401,54.8694741445769
19042,54.40072570330829
95951,61.00966403992658
62986,58.452896124443754
12864,54.45454946424809
6510,53.49647955747217
88805,51.54805638676833
94327,43.3540841407973
49783,50.345731523825144
20204,48.71694065050734
6077,53.857244625611926
52053,59.761660162633945
2124,50.772086047543446
90458,61.371890253493206
3325,51.81342366862746
25002,56.05531042736342
11997,60.67242155424147
1115,48.106942352829044
98767,64.76839377560952
53208,35.94869662053142
83965,42.03243052474498
80170,59.399431965986004
14223,41.51675916399961
50008,47.95851300957329
92926,61.26189001647486
67262,59.99092924418785
58690,42.7659729657966
85708,55.085167774789184
4398,42.22307880701586
68131,46.4279781624157
59075,49.82482497794382
1830,35.92661400172688
44042,38.847324764685304
55882,57.17627185285265
16778,36.69275705687331
67670,17.90573510393402
62193,61.31961424483329
85736,52.778129861259046
31299,47.99032283928622
52253,54.5593156709067
32675,56.785750552072365
38138,51.45172638808187
6821,36.30193608359109
92299,50.83916053190818
14175,60.52789198358476
51304,53.03938173896684
86950,35.97799637388246
21213,57.80628452428313
63751,61.62440135551843
42886,52.17799786526231
88443,46.467921515009515
13076,51.770816814069846
67337,46.83998768043723
69804,52.14397086387472
2675,51.306248738064504
39048,49.91846746017429
49270,43.43858272513231
68932,56.63454037838393
84505,59.32237881981924
84281,55.415208954302216
43435,55.446936665195935
59534,53.8487107604432
69556,53.519446333612684
51761,47.45019521709502
1220,46.62393533051793
32987,52.52779797068639
39994,43.52236424442757
6677,50.261274198112126
9361,60.488893840351906
26425,51.325020960751296
43768,36.70141067841426
40933,61.563109237160255
56094,54.58211416211549
16723,53.83804623103054
706,34.052705944624186
12308,58.67216356159601
86660,51.53248140697781
93767,58.954404786549745
79563,35.38477844839417
79647,52.75964834515312
68976,55.982802231606826
54669,58.307129946779014
67334,40.948776337668846
50806,58.79195443877886
13549,58.23511702425607
102518,58.04220709847253
2405,60.22824766177402
2422,47.74814187593103
101191,48.13191700389059
11444,59.415018852345135
12927,35.23653529547511
2758,48.270133830395295
95409,58.00952683763992
32171,55.88903086308798
45192,45.44168518573147
85008,51.19739635299647
61662,52.655715154190275
71028,52.52033122926238
88797,49.55380948485169
22977,46.40129753921635
67022,56.51351140898692
77623,60.78394881642934
82731,27.182098459352865
94699,58.535958244370555
96510,59.605037922890176
32601,55.82813222944154
97641,60.47185562336031
40735,56.49763846890457
61756,48.24371158643534
19687,53.870254828593275
15284,55.36984035769278
8412,62.524257795818244
52646,60.67924729714343
83429,45.720911638158675
67422,46.301664512178405
33239,33.01614530735069
48935,31.674623812178655
19526,47.93126813365299
64620,47.05274155867795
17814,30.469700315780067
99996,38.66250911851881
10336,52.430603975997336
91583,48.0210292901872
89077,49.78734271324152
10637,45.84016417892701
28253,46.266034945009864
17284,56.26402631422402
92205,56.05424404485808
92720,37.73307255205499
69626,61.29262889364251
75873,57.91201536898176
29005,57.57479472435383
92174,54.86102787286097
82238,60.57122358649765
47010,49.01295201600978
95396,59.83569357672309
81238,49.16185280662006
70035,58.336377503932724
20279,49.895173658592824
13747,44.64731677698281
16107,56.84044098512075
65955,60.003605144156374
38520,47.467797664147035
66205,55.306758596799305
10109,56.355421157440304
99119,59.61579954874942
36618,65.4698445565971
83524,56.57236096917293
75071,61.7206332378202
6780,61.3625225281221
41470,61.55041078128371
27435,54.1305801070415
83488,58.30421506460565
48015,22.02966769413676
39752,53.393057220667
65651,49.936053070803915
80686,50.62064216905145
76743,34.28509125662194
46473,53.3547383110305
94421,60.17833196561509
102247,60.88553402978889
7050,57.97973422025404
8448,55.21934282127984
23706,56.23491948163485
72331,17.36891811633638
69199,52.16110912966481
36204,42.72317779237821
58239,56.51343926920536
40168,47.5131816749557
6268,59.444063262595364
42740,54.83258589317339
443,45.844888569762865
2854,60.47036939648998
58024,46.01792719469674
67536,56.59661201334421
15132,35.45750733920625
66969,43.1046790719714
83623,59.30656219023521
19269,61.88716280839763
34861,63.66324180783702
56966,57.23289341850236
75169,36.612327117731084
32937,55.32650847391158
62579,61.67848423996195
53606,60.258059972435646
28952,62.24308193422778
63471,57.41250660519572
80005,58.68185326242692
32447,29.491047422017687
87275,62.28677709878002
67848,50.09076042249735
38042,51.68041495058097
38174,48.61484453837486
70754,53.500926278574084
27399,37.426684328443976
81612,58.68904213253228
32359,48.48391659296165
71790,34.96520409918669
95936,55.10581036396185
14369,56.11490648946837
102626,53.904597375189034
43131,56.9955925203275
92124,58.710784480279855
69705,46.92019670469866
22450,36.4245396627751
59124,61.902535016625485
95354,61.890615638608864
41879,60.03515815846398
101266,55.07388648965566
97957,61.73344008012151
2339,52.75986203023056
34243,0.0
8581,59.11588057728571
5322,46.25694091246662
87763,59.73595027290675
71488,51.64913910806651
47952,46.91948422477129
85888,58.99708496062931
83024,61.40147135157821
54726,60.026940600684576
11818,56.49906672997165
102182,45.71434442625117
91326,58.865463800655434
28931,44.35875399285613
46055,49.0723435494493
71110,59.76173583022934
91443,36.01625734393021
12089,49.36926064509346
28383,56.982446916679315
101484,59.87258843425364
49150,62.96357289622201
23187,39.70289932823454
52069,54.52253450192201
65140,46.46242306290544
54441,32.88796559931612
42733,54.65115698407943
35113,45.732003681862146
95348,54.65056949389824
2349,51.28710653012849
67247,52.76217956769842
69273,53.69771806935242
23088,47.73812684440132
29953,46.335052911256085
30297,59.06133633545692
99471,56.301623505550516
29070,44.35558465973206
38951,53.719509105697
79993,60.26547196014692
40439,59.339171060034005
36947,55.096144922258105
96439,59.301918787322336
51378,57.14144259457216
80553,50.73384298902207
71053,57.60812781888615
51127,56.46013987180221
67109,47.80380630511843
52414,62.47565051732127
97259,58.18253216910864
25676,49.5127994930054
69401,51.8171090903402
81209,37.6693833550645
24144,34.90493855873998
67192,53.179978196115705
68541,63.511399536137475
35311,51.91512944644314
51986,35.699701237228986
30645,34.137254619854524
49751,57.67339306583284
71107,56.49736108582843
83819,57.07416969993692
55562,37.70438780858224
14273,54.12779487709764
19205,36.080151179698355
8397,48.06727161012188
38604,57.987425652686895
12253,44.5656616133147
67371,62.35359616236046
56085,58.52775798449282
8233,57.541395953024576
37470,65.59830791364575
7194,37.55496570023084
6115,60.18483765138512
98024,59.17673892497911
41163,52.33767368714511
32649,61.85981371310011
68450,45.87942882910374
78174,48.764472808838086
90650,60.11089096401495
31217,62.83221489891636
805,30.927416036339782
56239,58.47631527526056
78813,52.21125154471226
89481,59.685661555373585
15468,56.02197523676951
45921,50.863528359363
82406,52.49827233538917
53735,50.497938578579884
92318,44.802002941705055
49379,50.382491247604186
3491,58.37163317393509
27003,65.74536079906888
58425,55.712747368952165
8932,51.798373715149694
29284,50.39848935561555
96014,43.880090001505096
84832,39.83992796143977
34711,52.640284380852144
87584,48.83369087042903
100424,44.86781094311831
75475,57.91099978868354
101105,59.75718240485715
481,40.00813193375826
19438,63.32368829900412
88516,59.65659348736864
47467,52.37392653568285
9547,56.93289795530385
17791,56.951639421927155
1018,48.27335470892783
89163,60.09054289065771
30491,56.921676342062995
95816,46.665356617709364
76172,63.88283901100972
2656,52.821264693175536
11151,52.617765704324356
71401,59.02310965309357
101087,59.22006631822981
53586,49.92040806685906
49960,62.5784187423465
51788,54.97793413254575
14624,52.14935793485654
6344,37.786169381411234
42707,55.26184573646763
13600,59.456342730079804
53521,43.384592746134516
42966,47.67190383759729
35752,60.73242054414581
48267,49.705142742996514
25249,30.590527339201795
61636,61.39464926136498
25497,57.400557011913506
78482,30.09398747432138
78604,61.29202321067254
49920,57.94097623904388
59768,31.881434768019282
79385,56.7152164879631
24612,51.78584450266009
78130,59.31640401117221
31015,53.9605386738607
69233,56.454871996227126
94429,62.459607008900406
61483,49.166590291628594
49110,45.107618924494524
24165,56.69801192218951
90533,38.10752742113779
70184,53.394159408292694
62074,46.52734242918542
57945,54.854103747521606
77088,55.840086479726764
54922,52.58569465471451
8488,56.87064361637046
48359,52.96246627869137
97363,29.052926333036925
81510,45.49620030520373
35309,51.157673371873884
802,57.39472019648929
87742,55.47981871433399
39765,53.82252366649645
1993,38.981716993133304
91113,35.83354373506242
40648,43.3797009812596
67421,59.42104437480347
25188,52.850224872183325
42599,57.89148855434889
85177,53.28838215787486
97676,23.406317268729175
101372,59.434437634695556
102464,66.88532826111168
44277,58.79339133803939
45854,32.78747338818502
15123,52.90889916669121
45253,59.114618996322086
20474,59.25259302993574
9816,37.49322760345426
49933,61.80715407050353
24465,52.51224016961423
87711,45.23815067745727
96600,49.821307698898735
47306,53.9392300632442
84435,58.23980325386477
35987,57.05751958128491
5579,51.14751800795911
95095,47.20841162974526
70730,54.989069086972435
41611,52.37914955760597
64292,55.307455723135746
45548,48.80602343127793
74567,49.40595111253856
56215,29.30973180015304
40914,49.550789423597
87346,57.685854045290384
98990,44.51762252476306
93135,37.542448209732235
25589,52.454617353043595
51655,60.92240030508104
93957,41.85502763991965
81001,54.019440125395235
6326,54.66963599042104
44008,51.269124787567144
82311,56.563213112402025
57214,29.051597192396432
94912,40.9478991549564
68848,52.65318264504271
85854,59.648819245108896
7095,52.129517661175115
95700,47.41241401759687
16047,53.33423496209799
79044,59.34571147835137
34667,62.13664052538678
32261,57.86123995047257
86593,53.19007412639047
67280,49.51925346357976
14779,47.05233051184223
43088,39.19326050081183
25449,41.325928556962516
100499,59.967121250033145
25761,53.64852839484213
11226,57.64894334423687
102605,61.83450555113522
95589,50.046881472127914
31451,29.722877347953407
30083,56.9006540508523
45677,59.11794543620756
63443,53.40044679555321
10493,56.19908336802874
56409,59.65370441592602
40040,59.556802458380915
30146,59.23457163627049
93070,60.90926718776738
23850,53.44407772376082
22430,46.54142503961141
94018,54.99096959594825
12418,60.007446616831274
96207,60.54287216743408
76655,55.89678783066043
82949,55.16685734050008
55282,50.37886656772473
66993,60.98750239660363
87150,48.03431382021816
62389,57.340478057199356
32254,50.30515745004131
92047,59.03468677942662
93153,51.528344312911415
41153,59.66481680363319
101204,56.056379386946034
99844,61.528604015423554
38619,51.64942903050657
7775,55.84341621221149
54329,47.72897578435877
56528,51.47570441439334
13823,56.97555449076939
71086,54.920967528504825
82638,49.75981232128355
74753,36.9077081102397
2978,46.917395291335986
54367,62.212192197864056
43822,36.54595654448971
49969,61.18732455546717
97125,54.82769955072503
42128,56.83084689500821
65890,43.529156059083014
31735,58.635218348926145
3360,55.157540344276306
7843,57.51727383740793
35942,58.033343849023765
576,49.938628458686814
25574,60.51975609910648
87332,44.833558433101835
63927,53.16058462525565
68381,43.373279267758434
60098,28.309752199519355
60596,47.639677558514045
27283,54.388198657212214
50836,48.84831648708456
24656,57.06481296644549
37502,61.02664305895094
18013,55.59191153069395
4660,55.95265384160322
68744,62.18720279206478
104,52.93468198958392
4867,55.71474001419651
19094,29.878370584318393
43720,66.7484191999703
94763,59.35498241188563
74720,50.43853892715118
95483,59.93900354473982
10558,53.2548692965795
50514,55.9177382830434
39580,32.60645079168751
6158,57.63565828506072
39538,50.98749133913468
5462,50.54178560733019
53968,59.10584814474656
95278,32.30934622034379
55919,50.025387737368256
80980,29.10922189238596
93287,53.88119001470653
93418,46.99954085340156
46864,53.48196312547072
62070,50.250380044411784
79029,50.643068502303194
39351,51.90422942049501
90376,59.51009902482667
26716,55.762416154862414
99582,57.07428016154053
61706,53.42657104401466
24138,48.12093444443776
52016,61.005610293033754
11783,63.97319040434662
57692,61.018668250366304
30661,60.680447186796975
56520,55.78090777719822
30360,57.60724840677388
68775,60.163048325843874
53073,49.22771510156485
51662,40.89799137570931
28291,43.13042798674863
44353,26.262203910719034
70749,60.5552734007079
79183,47.929829730146025
22279,50.988714202151144
62100,47.163120443270266
90523,59.05602080886343
90431,53.23060741293536
27403,58.79393550766722
84922,58.0281562301691
86672,51.25880366219918
24921,40.211591945227724
63691,62.37024374353306
14944,63.47694472982095
52999,55.98566297813424
39590,53.90463825520366
97513,59.84822842355895
24413,39.86654736366232
44021,55.06953769760223
69734,62.10757346853923
3736,63.84667064107107
90936,52.133091621001256
17741,57.75334709063961
26855,59.161282741038235
1480,61.09410496834853
37239,59.48811746971658
15949,52.499771031077444
41625,53.43542907176094
9060,44.597250107443124
32954,60.12614309463549
90307,47.04079042990973
79238,60.08650398457022
21818,55.36692556230842
71131,62.39648933703869
99902,47.92343520521953
77578,39.398700371354
24730,52.08409839671303
62211,61.081007637388836
100515,56.5404059240643
40895,46.38461140838003
58322,24.37888598242537
6818,67.15203221746549
101157,59.5742736661277
19824,31.262621307564668
54268,44.66741514836054
18619,64.10913851513158
46486,51.24062560865928
34304,51.7138237442612
45427,59.95174226265228
39186,51.88106229300202
14345,55.78373110544756
98868,55.08887699599075
91932,57.07078341646491
13002,55.90680009621984
64895,62.2767746913685
48315,30.30057948699661
52452,51.47450334255863
99206,63.052399698425354
54363,51.89705167097111
16197,29.870331079280607
3419,57.74803161133258
72141,53.991502919747
45134,48.97219662611871
17030,58.74789081685683
101424,60.14905462582546
48609,42.58088982074834
65302,48.968898805898874
100386,58.122998813018114
67147,32.690638931481956
73543,60.32913426368425
14949,54.91152908054277
99761,54.214580253887874
55517,55.301756171911904
72957,56.09637881190662
42604,51.9506461547901
92954,56.395275223960425
78760,50.24230714137798
69475,49.64659316205183
58470,61.50228342039759
24911,57.70661546527825
2143,51.71277675476251
27055,48.270015576876474
92959,31.943253203557603
39845,57.41779102095255
6986,30.66027220365065
55387,50.04487041110727
79564,52.715856332983606
65112,52.38483893412361
76170,42.33811487395032
13642,57.378544421211444
4106,58.254784236505465
45827,58.95022822491371
23162,61.417523766248365
23199,48.62009809667778
48747,59.4136321162149
2129,63.011122829355244
2229,52.63556236873381
80725,46.43043109841664
93440,42.15395378439829
80864,63.039758782152234
33284,34.540826535888684
98204,59.61887970300745
78473,51.54288037328902
58378,55.96163884076945
92644,56.69962547469021
41466,33.67240298828903
28414,48.235397589263236
5643,64.79968920094545
33516,52.6627555962253
78872,53.93776880295672
85797,40.80589215886925
6451,58.24469868798698
85106,53.518844377423605
96021,55.76038334396637
21762,66.7447363286616
48089,45.55926000305579
24099,61.43484265535249
101236,59.58775119461767
7453,50.268043654420175
8206,49.20011713824805
76057,58.06091045957935
11666,46.22818991298873
28258,38.7282517238864
45334,41.160542441187644
68321,44.60065258066901
41104,58.87918352185602
76302,51.07432644190866
14415,58.65439821922287
78084,49.77051839938163
95793,71.0288321131886
89211,59.352753248211485
16248,55.93706192611791
66437,60.10714440606247
82624,43.52807594756408
65257,57.856478524674124
9653,54.60372598362756
8471,43.53185407621903
27494,58.8230115039365
95549,48.43329302020284
18528,31.784321070860518
20117,45.96730143810241
37191,55.704729786022575
91684,61.97805254700761
62645,59.85822471869085
18491,60.02512012678173
26974,55.93767801494586
1411,37.45265554047424
30677,49.9939673098078
78464,48.98393314428594
63141,43.72298206004265
52997,51.46084137907993
49658,49.76699552111799
47517,54.20985047940957
2219,53.18523039055371
44193,50.26724206751456
95964,58.01987766420455
74263,59.37795385259403
65235,59.687543552741566
2658,49.50634672971279
42043,57.04878453810321
100680,58.41161650923753
73127,53.308056597650435
52086,54.62594860318889
43874,61.053210331355025
19349,50.306027841312414
15174,49.746558292999865
55842,57.65720691100573
40469,59.80759248917713
19957,59.662871117600744
5488,53.88088687461817
58031,57.13232532879542
65194,54.707549891666055
7659,56.86032790502495
8952,52.41537040414647
57162,54.27364164599403
61141,60.584655640463275
28945,40.181720818854295
12865,38.122745370378354
15552,41.46471541480088
61962,65.9824571704519
58134,51.203974070388156
71555,34.35396295003156
29354,59.07617886502868
22131,57.8013470848464
48941,46.31365000087801
29931,38.20124723974556
29010,62.16948083735942
77252,64.29659747963214
34088,52.225584504127
69896,55.36058640056996
73450,57.93747472538769
78815,54.36022448496827
71042,59.45762816553245
24809,46.13134710538481
86793,59.0235592744495
6706,48.82194490071818
5064,54.59401336710987
48067,47.80798573693121
78091,36.47415339102385
68494,39.08812700434395
95630,56.3794919577326
17590,50.92766924006993
33155,56.3355649331422
20089,41.570082989418076
54775,50.9662369262531
50424,49.92397906567838
76346,42.33609135895202
5935,60.97618830929676
26228,54.127292622705156
37735,60.350929810725205
57755,58.934807761177595
91017,57.38954797659436
33159,54.06276716223761
39038,58.957378833850974
66061,59.6201145679895
93166,61.28590022669516
45048,39.55668548923437
83150,53.57479603667062
31806,48.66020333326144
84637,59.36747088439655
85308,58.45831281917687
50551,39.32180780265044
94048,49.33946709059815
83238,47.4448386468185
46993,49.907562325663285
96967,57.22538457445292
6957,52.87725762789249
31455,59.93593920601093
66114,52.27720228759517
66649,55.58371213947428
98407,58.68429047835706
64005,49.56263576136094
50768,66.18336224403188
11781,50.60889810525602
61644,31.83278297539901
92845,53.62499130803615
97510,52.460407314063
71129,51.52023407408121
42558,52.483423400713384
4368,47.616059142259914
47635,54.025401436890625
41237,54.36845844160466
31958,58.80057590860433
99661,59.535798725866776
96326,61.1820149264648
7432,25.793523540254796
50225,58.01803257584952
18976,53.39320855699128
28815,50.98328770184086
27863,51.20511030007348
99756,49.462866431684006
58932,62.43046334411132
77206,56.969397916607704
92464,67.7011492657667
17455,57.59585954060848
9781,60.19418234682717
86737,61.561826879099954
95557,39.62445883146418
48255,42.76154200410342
56757,54.76862847868202
48851,54.02978128074856
25092,42.741709484190494
40603,57.04210865284132
101262,55.64715995769903
34923,60.35764968312828
98124,53.18711092860507
45585,53.77484043498952
4707,37.75337062375445
95513,57.72508228319356
8098,60.988343796342136
29754,56.340506122359
102233,49.102188191136555
38826,49.02121000107623
11620,60.8982445194053
90882,48.742291296494415
74971,47.06768858696651
94654,65.87608794523089
96546,56.592077094412495
73497,28.519916654584385
97026,56.377619078291424
14559,46.85594433091382
97009,52.7413163737407
49438,35.86715211937113
17312,49.56671530589914
35864,61.97803901705878
55805,62.86038465937699
18075,61.88673859932441
98291,38.74870888292316
93473,52.78468129166744
77543,59.32107364961205
93297,60.140911971762065
63101,51.98255465267589
16340,47.8190681019352
73019,51.01824213903625
7570,53.866560418206724
2413,57.22765867279877
84421,63.98312152992969
88308,60.86959850966431
23779,50.7531000078312
26186,50.60327728844781
64423,37.88536503562471
92146,53.84992177306671
63724,11.024849376437388
37325,55.19090204556566
55840,34.58119202178035
23932,54.05236308698166
74834,53.04836986889249
14800,58.833936177512854
98975,33.06628755213274
35324,45.086894567134266
1471,56.704152001817604
56380,64.13719899104069
2181,56.79030940702669
38072,49.91351002103401
94076,62.77627165152383
81708,58.87705070847969
7905,33.6397388409691
102047,56.06610335401842
86858,52.52464577869353
25912,63.22481904133551
55660,52.82289787899026
60169,57.01054902135819
39777,65.74339003903773
33141,51.47473494676157
62346,33.74861363575367
61606,66.10842624786929
83781,37.26812160259696
63177,49.70185653655152
8755,54.54683328736295
22638,38.17233734132748
85190,57.184321599908834
38974,50.08874402526231
596,55.61880808059218
63960,46.59374460104714
97605,54.88711663833264
40716,60.669853651777274
57155,38.77972953600098
98451,59.104349251286884
86218,49.08210493810114
92983,65.92876277580014
57329,60.884682072867015
98398,36.05369530906765
35440,46.36054461546953
4374,52.519208018224916
23402,50.098270621600385
44762,60.180146156339205
53294,60.40510642644837
78573,57.38195489890471
15286,45.17650779822576
19219,51.15724364225377
47108,64.29055194070745
16848,51.16747618321607
50181,53.02679948936459
71678,47.52530541662036
22941,55.840345030000236
101050,41.339033960530124
62538,47.102577828472604
39583,63.624422765039455
47742,50.921306428587144
100734,46.24367659649558
31509,36.56510585409632
15827,53.60486233848026
41453,46.59878771406403
1850,54.22835725799663
68190,27.366241262818264
60794,39.12751190220153
54293,61.93568479543779
11025,59.318563839262985
84326,58.70814349266663
74612,22.56081095230335
9869,57.146624519136836
78891,61.111486914249596
55034,46.34625656536254
47803,47.95870376071297
78030,43.22855859877029
7990,48.88832893954028
22768,52.36500059170183
65070,63.60820718019231
20763,57.914803516238415
12464,58.72366726237871
17634,59.1811790454544
47921,57.828691697259885
71010,50.759498269113784
61146,39.81113778135568
37686,62.20802811503352
9287,52.20932315451942
47818,65.08568371676338
27983,62.87676350366178
44650,49.45388799809067
66895,49.850329029423506
96365,53.53205570457155
82031,47.04644887738635
51052,57.06062749723894
102664,55.24786537306879
7587,57.357672628501255
51102,51.943135236892324
74060,53.380950682863094
34842,56.21900473858788
92638,50.75211580023199
18964,57.95279237426136
8855,59.689335816615305
92693,38.364644598390484
4823,59.39728106947092
57717,49.89637967657763
6670,55.964658631995356
89498,51.517589815651235
30591,38.279187695388316
92819,34.955989959703004
61033,61.679528028780894
11759,61.270863049837764
11445,48.86926874199351
65185,50.15617200390836
45252,39.33990045777217
63493,59.433716221270146
50636,56.05384570443114
53519,55.25053912210696
40094,61.82086815556109
45642,59.51030837832637
13505,51.835320563599126
5329,38.30086157701285
7411,33.30241949751277
2173,52.28153381105902
822,41.78835068056762
39443,60.68165559149925
82528,52.346966565020374
99378,61.59560047895742
38888,64.68138761046417
25420,50.63715707779258
101657,43.168550669987326
15749,65.50085515308784
32558,59.22152750798281
66465,28.41518937901249
9963,49.928685824156
14678,50.03917996825018
10437,58.77458471648355
69288,64.15617335914004
26446,50.91741263459272
47725,59.79230838594199
97552,61.70708565131618
96907,25.081289512423417
60767,51.259510039925374
29468,55.61898726198907
59147,52.252287335870385
96357,52.207865201492346
92061,56.5269698632612
6347,57.617364525335155
84109,57.93884005411222
71184,45.396415026318024
92992,56.47793674152708
66779,39.776276229576396
20111,60.42213729502226
17237,51.40652142335398
89415,61.857651109213094
36990,50.69981856635569
22981,64.41900884678569
63827,27.693131616607904
31950,52.752860412372634
22278,50.55291204144763
34176,55.51477781960893
27143,46.744839965703555
56540,48.80873248758008
34688,40.536863241651986
28746,33.94905760695012
39396,71.08528308171444
85109,73.34639078328966
8705,58.35698296451703
84989,51.597814140551826
12018,57.457591097178444
47835,56.55705192521329
72879,52.709021362851075
33734,56.82059369127737
21549,51.123999330887536
62220,46.676143539615474
98950,64.88895953560817
21446,34.0688031175635
75533,56.695265981350516
68939,59.055387681459784
95632,62.30093042264192
54942,47.31180864858472
35471,49.1085764003576
4545,62.29970450078154
28251,49.10396895695517
50378,58.42335010286455
14398,53.56694505772432
34261,38.00247660978013
67795,50.035178524913015
94611,49.4547812528431
68919,61.244311812882565
96315,48.222558799953696
51079,58.89611295478967
3961,47.15840654006839
64658,54.794714513231675
61879,51.34554428407061
21568,40.520747519672284
66673,57.60010462856481
96380,39.90769785009316
42436,54.78451468442959
25193,55.55228561324308
99542,60.57122358649765
23022,44.89264343163975
40488,56.10399006276881
24480,58.98340412577515
66740,57.69051433645891
41195,56.54605880438728
56286,51.4574723038155
41898,54.57323426633924
79786,62.46129340041372
70762,56.67283696993865
63502,55.692646543826456
21745,57.965921664278156
4973,59.25315702418037
99338,50.54691620438656
101743,60.10389534145963
99156,38.040842584795726
22321,53.98232112672886
50589,57.37635441891331
29885,55.99169598151895
89778,48.18474669542577
68011,53.84724349637262
31748,55.95042078896357
97716,57.680143459211536
31204,57.34226419526617
47911,56.59027579751475
43366,61.64945650715751
79278,58.40423614003657
76964,44.88936212853728
34456,57.500436720926444
57003,58.37640531913145
90405,59.25522765292658
18732,35.449860358263564
33815,50.17859020327228
28689,54.93775991313183
18257,57.45775903584275
98612,53.65092006888759
68061,51.79221869130032
32907,57.70660203251059
68489,56.89334794526713
95838,50.435698351426964
79030,52.39990174873117
94334,58.8986314968703
28589,38.8232972293698
72777,34.794561813069095
33807,58.8880250411908
23242,56.665730728336335
19184,56.226372755871935
65083,49.948697355861775
56724,55.14918339655442
72040,32.66870368105364
41654,60.59610794318647
47659,59.862096592680345
1652,66.68731962601072
35525,48.64814065364793
13762,58.24219190769601
33680,56.15924344347049
53427,56.69010860829063
2603,38.36629578631321
61406,50.635415677783804
52072,52.15088964561961
65044,56.778777462262816
101211,60.199423982084255
31154,40.70705451546491
28550,58.838826319320084
32592,51.546364003792135
9033,59.970480727869734
57530,51.3363373975043
78700,52.40963924637714
85404,45.78994410322872
34450,56.47603944358742
1022,60.08969390883444
85129,52.65182333171767
46562,33.44464577645391
47534,52.25444616276096
52758,59.07557172620805
39703,55.781157801521715
36016,54.4612988777935
64874,44.72367684031395
8699,66.04449283481664
664,52.1304132737105
68471,60.38872625959411
31550,60.89287511006356
81689,60.868732076801784
18309,57.03667002358911
4933,52.71748096612529
61400,50.88773982499856
43827,57.05051116657723
28784,43.00317860916984
76746,57.21129311103784
60746,31.87046019920573
24958,50.60898605711866
75757,51.82204442271207
79523,55.86150140977506
23030,62.31438140991442
5117,48.38941574883361
33490,51.16941953422925
75586,55.83386007204733
85157,55.98804526430073
77029,61.35210024006653
73174,50.32533399544169
102435,50.36420867116216
83929,51.04237622078226
32141,40.673262582907135
39595,56.029087589564796
37681,53.752837655459835
6659,61.78954613549933
63142,56.861932809250554
84630,55.25133905656383
29881,58.00924219087365
59194,32.05666313553597
94456,59.104632516827444
65905,53.052714520442436
29944,60.034728749112716
33955,52.434672453492965
66057,50.63008663181264
19317,59.97789330021824
21677,60.52387669024142
8588,51.08377352718911
64341,52.33278231787763
26211,33.39270960025526
48561,30.151892168105654
42063,57.706205438788096
40046,53.36658522584755
40083,54.96388376297361
77324,59.55396658103721
5599,48.42574630793678
27573,50.980558575684576
71923,56.80185411996318
23252,63.3502774713413
91416,55.42639765746859
77849,52.03526801306501
18739,59.708920340634315
92224,57.312426157174144
73943,62.120556323649446
16394,49.718044830503786
32088,48.58860402296449
28625,25.20347255118119
65269,55.72809398391557
92998,56.47603944358742
100972,62.32210055577832
45191,41.70857439164472
97237,54.272066511594694
19558,57.18775447253634
85019,45.47081720911986
73594,51.17197931668789
80175,57.35486330986879
60018,52.54338805163601
57029,30.852608786107016
31101,43.81305469195944
2960,64.97092230080241
2158,56.1253153144544
42032,68.80033480141282
34210,31.17416625864367
4766,40.03041821112211
13507,59.46922427334627
39772,51.77488150470436
28439,60.41245350887736
61449,57.17167434282277
98385,60.69804596058056
30870,46.49515691179521
57289,59.07621652322048
77533,47.97465856683192
29917,40.145117692092064
74870,38.86273425873683
98126,47.30346601256829
7977,44.71907038663994
10361,57.67209313363216
42331,58.212850885666725
2547,56.02086225691555
96170,57.68660984138705
99853,54.787674418554154
50580,50.888968976177125
36336,51.141556256920154
92268,55.5228873610979
90461,51.9609842404042
80211,52.555447758700204
45374,50.41893662368046
55809,60.831368314648486
8987,56.64126054503673
66186,43.23437545413968
55414,44.2166154349027
19971,51.98535198399742
89403,61.5509789872814
39518,51.30704921360422
4680,45.78548953980107
6488,53.287341917563495
24440,54.21951056375208
88623,66.30471842616473
31423,42.98390046862013
29308,55.601756500196934
46513,40.11531656696403
70196,60.76251482661384
24030,34.34906263619477
62314,51.67751064159923
80968,56.63964674766563
47571,60.98034874696993
40564,38.92666922968444
14264,54.41977098602438
19348,59.67503097974732
84870,58.85016530911014
95493,59.90150825753008
97531,55.15413368807076
102478,61.07574590134368
88922,61.19735083147748
49075,62.43046334411132
22872,55.74892087284559
72328,53.26580235059502
17029,50.93445215108108
44764,58.21853106753473
42870,71.97627964388968
48545,60.17816552790675
82538,53.17643811842755
90019,50.42587624439288
67984,60.03714258980329
48046,49.09397554870883
6764,55.8581011922157
12676,57.902815004463655
13252,33.03421211889328
35264,58.593698695442335
55112,50.84357215980935
100946,56.221365130184786
82881,55.60703876264903
94618,41.48048546602675
7266,59.45419906422681
49759,46.71555731525724
97568,50.23090584204561
48592,63.87835080589457
99560,59.453515857944886
92940,49.27709870917164
53,57.43187252857391
69030,60.07371454656152
85814,51.12451294652233
52152,60.16787981715986
101757,56.481588030649846
278,51.60007911120057
89442,56.21457702378665
32311,59.97381625756059
41134,55.412582531501414
75796,38.261984920907665
96065,26.507864384167558
66912,55.1625868908497
16621,54.66326833366696
55945,50.2685680184489
27695,48.68041075361385
19416,48.19744551491798
65904,55.648538729090205
82711,27.868581625481816
41671,55.533699723884396
60878,59.59601374921978
73947,49.196552986276316
52081,27.272898844249582
78780,51.52923025508727
249,60.97843196360891
49579,52.193896621146266
95350,48.59883032588264
30469,60.373518872453346
76502,67.92293009552031
2751,49.637156640953165
28852,61.05259401031072
61585,51.64331745109391
98989,51.61450121798425
50060,31.399910076851505
59092,57.40459768931157
100530,37.5364417447556
100584,44.62762836221675
82649,38.42825797667216
53565,58.936191843256914
18158,61.657674008796796
17342,61.2688051736768
31524,51.808073474132584
6430,28.257175399303165
42811,32.08744780095341
45894,53.7055371173385
89523,54.65600282886968
71851,54.075924685047795
51451,52.8386659460593
6517,28.458226585394797
77839,38.777788365751604
60030,32.59133803654447
63226,63.59829739270316
40572,59.269005509183806
98447,59.17339374502527
55986,38.08028085852855
68642,67.2559177993065
60997,62.51759240391394
37744,56.153742073693195
98323,52.13811075190921
51701,59.2842310982154
76421,49.0000831893883
16165,70.78763329477135
20104,55.56902488071228
96928,55.67618723297791
98571,43.37108644376069
51540,57.177996058340554
22386,61.811731923367425
48151,41.43546733635762
100482,51.970342640799245
34432,49.16201528967767
43056,57.414038566211445
85138,55.594349282573695
41119,53.03511536394214
3704,48.62368551966715
75021,49.532604293645335
4289,45.93527435736817
94780,60.691959045056535
67941,57.74915479043317
58903,47.36637513816154
21486,53.85347561722249
43843,49.500180320913095
10547,30.123346655125662
14549,58.633064559264405
10048,47.03099240345598
74277,56.90033978440128
10669,52.46965429246753
91734,55.506473268398324
73652,54.70078609740073
4931,61.24862526923333
14231,29.44973065523006
43946,60.69667580686145
50793,55.31609655221257
2444,55.8384138067162
39289,59.11407098158743
101068,44.427704080739744
87576,53.33662978573837
56546,58.037906205865035
33924,49.81119236026148
44680,60.430663037825205
28398,43.95357942804063
68256,56.187774500780705
8132,56.979383157343335
93806,58.27171180355217
1781,58.78643590030873
81206,55.24862129223381
13498,61.64571315295344
73400,61.716554962483144
99530,60.38241256330386
59794,58.47599261020691
73219,42.98098364663855
67763,45.2988267691392
35030,52.10848968999873
100954,56.52691119594454
59389,48.54533816852024
60728,61.34271953053181
11282,55.418743087557964
77751,59.8128058862132
90320,40.84697771048971
42849,49.021631375623265
1709,51.35567028154825
48364,49.04653394346425
12361,59.01567642897035
5071,57.650430074693574
13335,53.68487822586273
87110,48.30226746803409
84029,56.34131114697386
32970,52.29074915143571
80745,41.85858212232564
56415,62.651652325286236
18835,46.907438000001584
61040,58.37232251114699
94918,31.038381676246168
74296,59.14123969107564
59091,54.05775792960609
58317,53.60212065548468
71263,61.84705286994351
23514,47.31501368720956
86263,41.75220357678059
57399,61.521963796778834
9615,30.989853052606524
61535,49.17434284659803
52901,51.55732436302139
36254,52.143823504943164
4774,37.594472375369776
28380,56.84445599889774
100931,43.28824030913528
68377,51.179410022684394
66407,34.69271765413546
69462,57.78587016914561
8975,64.29105048821133
7835,61.41930865259842
23142,39.302908982960545
61704,58.017995870810736
57301,59.314675782367324
31144,65.61093136505728
96009,47.4383720739735
98648,65.13603188931765
26510,54.148308640410825
55146,59.88694857691332
5174,35.94629160348167
46703,35.01186370965712
66796,59.836778671050716
1334,44.61839778640231
77590,44.07009517106822
68060,33.17874434415641
86423,52.89416319693269
55086,56.93246095907131
75697,52.165237692853594
76357,28.909450493169377
11435,46.025505233268916
82137,49.328315300624524
73364,38.14557599152708
52313,56.917037808330576
57116,48.93531422519664
64018,35.77591022665329
47535,63.95856555018197
52610,48.45459671543417
75126,50.96626248902506
76274,57.59598210218833
79196,58.360946257640876
102512,49.91972476545898
87645,44.53923364268365
9307,54.794481580932455
25914,63.75264960052213
43037,58.679732253851626
25542,64.11348455502495
26011,61.558636723339234
44252,51.71863336603492
99321,57.20713213976188
79059,45.69422114240818
15277,56.233713572097685
15048,57.03902985444424
27751,48.745913236661664
28778,29.55759136943504
52909,37.442733261425644
86924,60.143889670480874
81803,56.901396334168425
9355,57.64119200133051
10611,50.317074051672265
9093,47.49692815183503
42244,52.63842467379728
3513,57.66514656631595
18513,48.2146897920326
62581,56.75282584775675
90853,54.86094527257963
10339,59.47020161903014
973,54.33208830463599
2681,51.58431018343326
6782,60.9143222232925
45005,56.09768492294847
11764,53.82617635304217
46030,63.201224156874964
65254,54.55710110318692
22879,61.073445486545666
92880,57.40368801482553
31832,44.61276763549515
80982,21.961687137018874
76665,47.70712367513382
75803,54.50763017529017
94323,58.086735591775096
41382,56.467528673247976
68765,60.28897484853712
14861,28.7576599397532
12991,67.20677530116296
81581,49.966259730601315
49719,61.09533192333663
7487,52.57848965596633
95082,46.59479605024274
75868,51.08214487651989
83976,43.15753583702769
10399,61.08185100714625
79673,45.91422054407281
18175,54.402868236553005
39825,46.96277091894041
8234,58.87410411947703
100059,62.622023663713506
11654,50.590649114982426
91625,39.023326396508736
28940,52.24192673088444
79572,61.57080378817119
21300,60.23179630735707
7509,61.169615094836736
74965,27.35824635723965
70098,48.497107905565414
96211,56.889439626522375
67916,55.90127021430372
80944,33.480339071891386
15851,52.041275556707305
18603,31.631194193053485
82073,64.39786331847942
49252,51.96345089953658
1913,45.26615148569654
39056,38.65270437340217
33648,61.03932936937623
79294,65.79741130681026
18486,49.18050829060466
95797,49.872550352868636
1799,56.73411516030001
20595,56.08587097343287
31746,49.81982671893544
5913,63.799968591137166
34507,51.52503693347487
48353,52.687915400082275
51431,57.68646297171235
48367,41.89074597613452
27236,4.857962924525772
46258,53.548133275229084
16966,56.05059219552597
37696,59.800155236047885
2757,57.49025523927181
60760,59.13489970985465
95747,32.38623847104462
28539,57.405198445788955
52632,49.072119259468785
24734,51.604693318012195
22791,65.28043139154303
68162,40.817019862996915
56165,60.628996951176575
28727,59.14112488273971
67366,55.60832708240895
2224,53.51116824469709
72320,62.71817966810578
41417,60.303623642103474
27462,39.403773084589574
22304,57.94721969370727
58760,56.20487542762154
21200,53.90714094617188
1106,52.27714770880951
58353,57.76189347607079
83785,54.81171318099054
21326,57.361730133245814
83677,49.676110180610515
59205,61.244839606145
57208,53.688850338069464
58458,57.07088070533293
57418,46.76879095770735
41483,65.31642040360164
73948,49.69463938413418
28196,55.23971731831064
56231,51.752569433510274
93488,28.19531591862528
25958,48.47568427181658
52017,54.37914265758219
42151,60.93992221943423
34561,40.97895240025624
82871,53.030542874572205
74696,51.49549166237821
74395,44.75295463551936
73062,59.147555847032606
97451,56.08645807515052
47462,57.61507133215207
78459,58.15277916942027
49914,53.39000904705539
77022,55.341321419486576
41592,30.32021089672017
28104,49.190461911724874
77063,50.85188677187102
63879,53.6062765513288
72357,52.50004835570322
93126,59.1845936538724
59231,47.6719649628022
57860,58.100254167252785
90780,48.288460547201964
27342,52.730634430681484
4613,54.73104762865441
34241,50.29196527866707
87873,53.17451043610877
41124,57.52945333211258
62212,59.96503693523404
48902,60.26280418576512
79795,51.06988717177533
30222,51.05805064051276
51253,45.90119777779548
36092,57.06269768274235
39966,56.50988875657335
4117,56.57357135757662
72774,57.01424395015638
69153,54.50637296044554
59620,56.491831640718715
23008,45.741636091009156
26936,56.56454608783036
96738,52.9535857031684
61293,58.37868429087143
20964,61.08805080869706
94903,53.0414049800063
18091,55.43984002638125
53704,47.57829863402175
64708,52.33428357973253
85599,52.33370315626857
72578,48.538900389317554
85935,56.482876890112976
24256,43.136931563252986
45180,47.542381106437205
25889,63.653598521316226
28511,49.42445753818665
71109,59.472672723060064
86557,52.25184817913115
54925,53.81106050177197
1218,52.54809566973478
32624,60.01155387292904
68042,53.08955202842019
56336,55.77987993098371
25503,40.16119571634542
62010,55.98221612577963
57690,60.179991639070636
77217,37.39435378766932
26464,53.435790099649246
29052,47.33518382014355
48149,60.69183669646986
32828,37.05270149073252
74906,51.71521362829885
75399,55.86651315260982
7199,22.798778878691838
47268,46.796139591574345
53841,44.993425110730925
39530,51.29615004353758
83111,51.45896172881857
24878,58.87766029980648
38825,52.15601319672922
65350,53.084486879034266
12727,53.46759312269253
61733,57.137932166569186
69586,50.83498142343948
1507,56.6579930295436
74873,56.503383574892894
68779,46.34551076418622
28508,60.326591313142586
89463,58.109889385216974
82429,47.616916950336254
20910,46.72288741371431
70171,47.690300470719
64704,61.999450693181736
72069,53.6454967162892
57712,62.43046334411132
15632,62.728466090719365
62831,35.93713784542804
19815,54.43281800379352
87767,50.9561003763107
11983,32.962657972719065
89978,39.74055419551338
59171,54.35199434158906
35248,48.1570094873377
79304,50.30834925692164
5480,46.578829811035774
34942,60.907962187073686
65629,56.85329950822505
63248,58.362643989979134
985,56.90988640513388
847,59.96507067838457
41932,46.86637792206242
76182,49.65797732913504
60668,30.494702239235448
39690,54.60980358711733
60164,56.9901468785949
58027,30.4831988630566
95920,46.36464281534472
100242,62.11795595771791
82506,41.504516723957096
26494,60.818987268871425
16780,52.93200716790236
50713,52.306883966515684
45438,54.37914265758219
61272,52.47461110951604
7220,50.94245693405428
62460,50.96611248335411
68774,49.976295241386744
47375,51.4396506506726
57572,43.835829237947806
46354,40.14206691587832
6960,56.504040761836265
1188,51.22849967200296
38247,56.97640269544472
13278,58.02407764560262
44946,56.70820475174547
52191,56.50203507238257
5052,57.98359644280417
23180,57.683887491034696
48230,55.6250595952601
76326,63.89408236403589
40067,49.209652446460495
30585,52.446019719195014
101712,51.39369251651687
80476,46.23235724832011
35121,53.233495824019585
69871,25.207166851807138
63221,48.41916654392129
85015,52.81848939921723
25204,40.52087941357198
30686,47.59582791912748
63003,58.88414066478352
44601,54.94277655839469
73161,63.65003247951925
8083,33.654247258830885
36655,60.23612882346014
72698,52.70624486331818
102286,52.46374346927534
86992,51.66394848762864
21663,58.2837836147604
51136,42.97444084432549
27205,60.57259687837022
97631,56.32938720964869
102176,61.30663590446873
82390,51.46294607279598
47000,56.25457530505048
59054,57.834092221516514
49798,52.39304249604602
15858,62.39703771533109
25724,46.29543173959364
56537,60.21872657067778
30518,40.50509363010601
44863,52.32620483890051
40925,44.13093425591313
44547,51.940528597300705
35776,48.09248227317536
88672,53.643789770824455
59694,58.363430327379504
81253,54.94849185230004
25269,49.59385422431294
35493,48.07086812316403
18881,59.76213283401098
75109,57.94468202396722
70838,54.832351802014315
37169,61.79446484506447
85366,39.61803434013832
62969,60.484058958965
52334,47.44176310608954
54262,47.731541764752066
49144,42.16302661072607
24506,61.142884707879084
51742,37.654648757733014
73418,31.344573632200298
31169,55.74345440077134
23667,56.94807466350844
66663,56.40778070567648
62993,56.79966662025696
69517,41.923383502997055
61063,42.301413753435995
96859,51.69032970728446
3649,55.38520208032497
36327,52.2021904364058
57497,56.8111696152344
30331,50.84543876728392
59580,52.78291387553831
90473,63.860981296641484
13704,56.53428036198497
48246,62.883442798969014
20220,52.49014311484666
52685,61.420275341043336
94696,56.01815470224527
33151,36.39253359829145
4033,52.28188256391595
82472,56.81444324930856
59618,50.39076427729823
89895,32.48619226240049
67361,51.70002797529447
66525,54.99232909233952
367,58.24595638940425
66814,54.32514811624148
54732,53.07581178838909
82849,48.53101805043364
52769,61.028121992845364
70267,63.12118650257227
63647,53.47649563400343
28372,48.09098378227595
69238,52.74564885724253
28124,60.53141721045035
87410,53.10041731046368
93009,31.966311777212603
14885,54.86230101912426
79640,61.77089949627687
42443,51.84705909214652
80199,50.19128240281684
40662,61.561726334304076
50353,33.293983048641394
25646,54.16338536007069
84413,30.55113501827823
20880,57.134182290093285
99054,47.107512722338186
28227,27.91691951999627
65363,33.13530750083278
23366,62.825912911300875
4771,51.065073384754086
73593,25.766948455964553
93510,50.40972117527432
1100,59.99602059557454
32440,59.50372919875889
6732,51.22268291065889
25593,61.18685358755919
56364,57.695460904537974
34487,42.512180645949705
11303,60.870660690616994
6312,59.16948798713887
76877,45.5196348665279
68184,54.12617550614836
59552,44.74322964108853
7608,57.720451323069774
67296,45.07565672112497
83743,54.95885941292265
8025,48.284903411490355
16553,53.075018949322896
75281,58.03446559106736
73539,55.42012949396733
85584,45.81118193264476
35847,49.12190619918894
38581,52.188053979530565
13644,34.678620561072904
25333,54.47956287176375
62137,64.89448239966158
6439,64.5010559361844
89017,32.95456831603009
24214,33.85957864536975
97702,46.82018464805557
82522,39.94559124965555
71901,58.04253031067063
54056,39.00420367477538
48024,39.52154432796505
9317,61.13762659830933
90865,45.39880258632105
13408,58.17947577101232
67915,55.14255689029705
81870,55.26407372489525
66077,51.389264180881966
24997,59.75860332672693
39743,48.082774929589796
83362,57.53937768272882
35242,44.27230074385157
37990,30.599854820161838
33471,51.516828629610906
71136,62.142512294840564
46432,38.23190970699698
80239,49.47566337931453
71960,60.82339835426524
99635,54.579087219576834
19353,51.98714063538129
73821,57.98269107794965
90038,48.18851328264972
54082,52.64224190567001
12575,50.95629250778194
25474,58.53524186883089
91641,21.582715799347124
87862,50.848370067851164
22084,60.27100639021843
91605,53.3629520986126
38591,57.53712542418806
19100,41.596229582437246
12359,62.516184248711575
87822,59.037801533869626
98834,49.675264220632414
45286,43.46556863626785
69780,52.4486425392041
82354,45.245479306697185
79151,56.89114312157344
8788,57.33238554975457
94125,44.444701435662076
10457,59.596311128388294
79575,59.757988127927156
31504,50.53851802862838
93880,53.75913722324631
11231,56.79037476256944
80029,34.1153559627282
38004,52.818782204283465
101292,50.16458204649391
97110,63.791612630332736
51438,44.11079554720037
87908,56.353667578743405
91159,49.00673457485241
67700,61.714873266528045
99621,59.93967160599509
37104,56.09955737019417
11573,57.78384532654035
52585,58.03802290100552
60511,46.98250742621542
5565,54.46633382661314
21422,50.20687562551
10997,54.31713983415121
57055,62.36703074383204
30060,59.63911015512548
96352,55.2494807324189
47325,53.91081609901322
77929,60.41088009685332
61098,55.1938775311071
46277,32.32886182129758
38431,54.32309610283021
9237,55.48139508770932
60651,56.29263404359412
17726,49.40130783414135
56150,54.33247507421397
47005,46.16876996415082
90453,61.18481123949689
11855,57.60665056867387
95759,43.14420086593767
13865,41.78016413071485
90622,50.30456248094441
54482,59.310989301454704
19539,45.56775719791412
71106,54.088754948617954
32839,46.09067021968573
18032,58.728679166205296
65008,72.36856876958623
1309,61.08594056218266
31896,38.19446699488784
51326,52.32175308437086
80593,49.62597323457922
84146,54.72633608992089
1431,62.10386064479964
92525,32.282468234252896
68567,47.65629542600352
20661,47.3791379568944
92040,60.52065678129134
10588,54.29131703664195
78300,60.04863211653527
74679,52.242931268173024
96802,56.89509292081037
3504,44.59277979222153
39598,65.93956811212354
46460,62.2822207202881
6112,56.67462622714932
10231,50.96545939228772
550,43.81694934207396
5568,51.80414763930918
32287,48.408257627784735
99141,60.35406941525307
57107,56.06462407218333
70621,57.67729319344309
41259,54.32062209702066
98348,56.20308161157426
80790,43.12044772843822
6160,41.506108292471204
57113,63.38819594919223
94081,56.11040351328361
69345,58.62470110514333
62105,50.157870714572816
102617,44.57381925766366
99051,47.39232867139664
58890,42.470860216633355
21249,49.90561454105409
26489,45.25344442826556
74976,57.79211587403981
23457,48.94916127377365
87175,48.41058974418227
59607,61.47301025472515
72811,47.74037352013537
50703,47.30066295510941
91136,50.771177390847704
88290,31.78364013776052
26630,54.28460645603105
47738,50.958300664895624
93090,62.00069821277374
24807,47.890935973387265
35672,54.61510094533016
18234,57.05736391760351
55225,54.042932475412336
49090,60.275537274995116
1204,55.572812044183266
61155,57.40567139668585
80542,57.74451023807244
29818,48.007622882329535
57519,56.614667337033005
19089,46.19753325904328
62984,45.7154955606013
3050,63.24315045407336
6202,49.43999880082937
14718,54.85082023014283
24320,53.01094977036548
20465,50.3262255988611
90914,58.98685979774423
92278,46.22478681701401
47824,55.433014744858355
102351,57.85760036449431
60609,55.476458581313
13173,57.62086790648097
92923,49.84387368225474
86677,41.1817101272579
48868,60.44272799944552
41249,50.64372350832759
99346,54.55330904707149
23687,51.20388887189533
66587,35.848632446595516
61142,58.01294626546781
2856,50.02764287661858
23490,53.87427996491152
24336,44.747691186444094
42514,51.52941096459481
36388,61.62938944773444
53564,53.67063543635636
30575,33.547184966443325
8395,58.800805161269224
6471,55.04416305819713
59907,41.59470490775579
12522,55.303226506435784
79339,57.782554062331194
14576,48.16695830787921
38197,39.056274775950925
52726,60.216363069572736
90581,58.43644738830086
33498,49.73461531238093
41114,46.081462745265966
63253,61.47387344401048
53683,59.75153715475144
48312,58.81361405357294
26732,53.938269741190574
97414,65.82860465305319
21790,42.58039774527489
94872,61.243237232472666
10562,59.57462946536628
77432,52.97426326402807
91242,56.12419656866878
69604,46.39679814275491
15657,59.94021756045377
51262,42.838318201639645
77190,50.79840776332142
100200,58.351608049346254
34054,50.87788978734865
41911,54.66946649095475
60082,61.74709813268158
59107,55.27218978437903
31273,48.85473565744607
54802,49.16790090240214
65714,61.46597743842236
4440,62.30137147793024
97225,58.03412909422357
10244,48.024123682673526
88363,59.061808378624775
47233,61.1194009534982
58344,49.99728366065245
83514,59.111433854533004
67318,46.52408009285064
23909,47.036869245780444
43607,48.60192186202657
9799,58.08681731762203
81732,48.901395621813954
5730,40.93026083735946
61081,57.60364638690949
29727,28.744620924300197
79075,62.749215020688126
47513,61.8747983797206
13526,55.10844962334987
6068,42.653649496707985
36405,56.01819098171771
15977,52.67166023944673
35007,60.983916527187574
49376,44.43926022158813
100102,54.855960093945534
46400,56.40883272251942
30085,29.09793304685805
45969,57.15392807567977
86417,47.17651289567749
72375,53.126534199506565
5054,52.548857274202014
6415,46.33393767347739
98884,51.53233688779285
91032,42.55225445259396
41968,54.01903256662548
42392,47.97109208692386
93969,46.86342343671246
16015,23.53686435613186
13586,58.90499773360497
5262,47.86822341162125
78966,61.84195024747995
40811,63.14500961715154
73878,49.85239883343544
66381,47.58078246185625
18021,52.61418512686748
90922,44.06810596338525
14595,58.825384843841206
63726,57.55915358217522
93225,61.04060267287664
29154,54.49037440997194
42390,54.80079022964497
55368,58.82341047729237
6183,61.554985571573226
17036,58.46834892048278
61923,57.06720530210985
23373,53.24753383828578
5470,28.279654888997637
43029,69.22894889613018
12491,46.288921693865376
28073,49.9353127237533
25047,55.8485601084207
21281,56.40508555098425
13678,59.470883468911744
45886,58.37110228513019
1331,50.28324284314444
91867,44.40308360398949
51968,55.47503453166279
29795,49.948030102855014
38738,56.30571976212097
45612,60.2826278136978
102618,65.39286583856247
38892,47.23046221215994
36119,57.506593856233174
45993,56.14230919127594
97595,46.15129789928849
48311,58.572274920079394
67132,57.639117537022415
82474,40.46457604488114
26222,56.465727513471265
45444,68.31438215555734
8585,51.548286872374675
25255,37.47290488498113
26088,61.26621315078577
30756,57.66759966889913
15308,58.33594857204197
3443,51.35930178669614
48503,53.55392935430586
80197,23.84378462706349
8444,30.05111779330264
41481,43.75898922211208
41495,46.559918179918036
2296,52.709666661218904
13735,55.03992454914121
97634,47.41669804114045
50966,58.23430568546811
66383,55.44701349818107
25294,57.22409863960101
44684,38.16028722163599
10417,52.90189914447285
34852,57.16574679118787
2820,58.6269280672133
101780,53.35868184864812
70628,30.354456876233318
55378,59.286228011281985
55147,52.35749437437569
5916,48.26276165543139
85585,56.89882038415118
65177,56.33914579086897
30024,48.689617958674184
90586,54.88454515150705
67491,54.392723832340046
14618,45.39157636624283
27001,59.149272676837
54558,42.74830923690433
38747,51.48783113350993
56001,34.33819737293339
58394,57.1263602667518
61498,55.829428892054025
62039,63.625024917000694
53060,57.01994867067048
102090,48.189682974471424
55318,57.475913588714576
13201,59.17079592130655
19732,34.717184839220025
45627,50.763052639746284
61640,36.12897458652634
54305,56.96413557724423
75003,52.221028400116154
22859,61.229492166207436
85662,61.24035370644385
83345,42.29584636693934
34890,59.49047200375531
16816,41.54712104277761
4586,61.60568650156212
43566,54.492414501369694
86536,51.97285833094365
71837,51.44493991596245
92547,58.41618515825477
84240,53.99272445704418
85768,52.16378605235602
25489,52.47651666404796
78032,62.18206795759204
8626,55.94092859466034
7500,52.09855387407633
46865,49.44046305715866
86612,49.347243918133394
11969,61.46269052904903
1359,43.26692133738032
90003,60.74153057369233
97772,57.42491382053896
32111,30.807953019092928
5076,63.111475909664094
24708,60.15724336602236
76729,45.5020004892914
39049,50.624353220769116
61415,53.662466833353506
25059,37.13636176195042
57496,54.09450858411903
41341,58.03421978891544
100014,47.70924657217128
1262,49.04834373855826
52604,49.04691346500606
1395,55.51963779901208
48529,48.68957043915813
6598,42.363317878234305
87571,58.46556620734934
2162,36.7331498628364
13439,51.14013263737138
74248,54.86253429179885
28415,48.573338888759636
74578,60.1457129094429
46427,63.61363954667225
32615,51.04838282147908
90374,50.457361513593966
53298,48.81120124312898
41178,52.81723924852642
34287,50.0865436687874
74813,43.544806489117725
92636,19.610667094206505
68235,44.13315614562832
94937,56.34726141133054
32122,48.22548371471471
62995,56.69679758214501
87914,55.785984552398304
46546,39.77850011341744
51673,60.25254861154016
57676,52.649293181219534
20877,44.77473741406948
49401,59.1683964339058
31720,53.403741495313476
24778,59.892211786069375
42601,35.011263812106385
9436,27.053421741383215
65491,58.1846166969724
86143,57.334870782707526
55100,50.81873361836557
100429,58.15727138290558
74418,59.70201856175601
5911,33.415400098882145
90319,55.49069998338882
38529,69.04565082807407
7625,54.44246534134181
52721,48.61414356240046
5636,46.640231964216234
53460,59.598304446435996
92144,61.5105094918201
50095,54.03571783752603
34692,51.02243663272948
74566,58.3931923090069
54297,53.971162435463484
90046,35.87920392239054
88860,49.81902869606898
63881,15.217708720477738
77434,54.96139626497587
18134,55.50007185614231
43856,48.935486432500525
44674,59.31288934704804
62272,73.74295564212474
49199,45.88105358012721
17693,53.64577407677627
24192,34.76630192512316
19650,52.35468618443779
42759,42.63485640737814
85682,62.147701553388984
65865,46.86209531877695
10018,58.940213188738284
34277,48.15314995436638
65389,62.249229108513504
30027,55.513201743074745
21971,52.75009452061953
50618,58.92760154885174
97012,56.67374456402387
77973,34.22229251807733
93059,61.298200800991474
259,58.50192363343178
15253,51.621117070884374
88606,41.11679572285621
54208,61.178096258572566
58567,53.244525297380186
24808,67.68023405465661
78795,61.0059426057671
15055,53.56538449473214
28462,63.732803975225934
47345,46.2218768645433
99552,59.324611226376064
98797,44.5667836289973
813,53.28368527875084
31005,49.874780358409396
70510,55.15072449976354
18558,39.05360731204601
66400,50.30430008851593
34810,50.45974392063813
84257,54.66963599042104
75125,53.64111755919063
89072,26.621201424578498
46784,54.26262688788926
28501,49.32010872194103
101725,48.26801990246628
94578,39.19399142408746
78440,48.07956657440057
5218,49.457948299034655
10661,52.2022008929189
62848,59.258457320783386
54306,49.32227298076163
86621,38.14701452439285
56666,60.58850658765361
87030,48.06025875019472
101110,59.42227351919699
90765,48.51810465575645
34880,43.403216507757364
99525,51.15600766966748
59825,54.732523662248404
97835,51.80451769160129
1456,51.09129786021925
23960,61.452046204213815
92327,46.443370601611115
80020,44.953905194074345
67057,59.837821310550595
77082,39.74503669662268
100369,43.50757734822654
75381,60.910375073298766
78893,48.792059748346055
99565,58.43411151499355
68463,57.23577410648004
25965,34.00947217925921
1521,60.26851097886676
73128,60.03283005104727
23466,53.90694855234042
46565,56.593333079965724
54210,59.80358983760185
68572,62.22930446679621
97439,50.63721776626566
54728,60.03279671542541
8993,49.12249580781859
86452,49.308988739282206
36895,49.873254826174865
64001,52.87489875086784
102458,37.58439632198763
69191,43.42720671931716
12710,60.44520924232579
6985,58.858626586202845
49673,42.26793627600565
16459,55.47239837325603
36343,46.044522730877645
38889,51.91512944644314
54936,53.757698878204074
29628,57.96428355531409
28552,57.13761645910526
65147,51.71110630499375
75602,52.30121237003751
30362,46.81075148545741
82803,56.92280163989376
32271,51.63453566639944
1604,58.80982082758602
19579,53.52339169809142
63798,60.97450306168021
87639,49.230535738160405
20084,57.51581642020313
47703,49.15939898814818
46844,58.44597762818923
54157,53.92469277430414
81272,53.32980168819906
65012,39.15070977387991
61480,52.23948994210794
87549,61.98882483680461
64529,43.86804788196266
36930,47.521135798525776
91059,41.82013572838776
101305,42.54678937288003
11838,46.37666172006928
25381,61.65038769541957
36459,48.37855036610099
21778,45.655680918790004
29750,54.65532234590828
13812,59.78834373507308
96260,64.57600118567944
59775,53.77288036224294
65875,62.00335933883615
54892,59.62573447479196
70043,56.26506197090066
81871,58.39393270463939
18267,52.44597393126964
65602,57.604334318045744
67818,63.686862110561876
14498,62.211208622267286
35837,52.97119879585128
9164,45.63209262299789
85619,51.44554598138227
13438,57.29095624934616
36624,57.27301206785255
28422,57.87708445648521
36574,56.391740359943206
76110,64.52934566525462
8970,61.7122037440801
79200,27.31851711650883
824,58.585844710322355
16255,50.839344394360424
42674,53.500926278574084
59686,52.629927476395295
60203,55.553260501745626
98817,60.94222154394345
13565,51.402348093104074
18409,46.92230630379956
97353,48.60361686590794
15945,41.39430532834225
11791,39.34831547698237
71344,48.212402636601645
39866,58.41753548050504
8709,53.54266256146497
5032,54.05026606240992
10036,42.74332230597721
46651,55.81178503131798
48621,60.02132803430215
90267,53.284971791970676
21592,40.25742298129544
21370,58.12885306789198
63145,58.47954281488133
102297,54.3531893793756
31232,56.3521391227357
72545,49.691058651691655
32562,58.99289019007783
90907,65.4624255154517
52301,47.30741189566317
19147,47.11886213697801
6373,59.00981378105911
8547,60.245080611448
75164,52.18862050855487
42345,57.99948392288692
58546,51.18492711647519
65073,49.19405610667864
68629,52.15174772785332
65926,58.007903254225894
20101,54.68391640955523
60104,60.68516766678724
79665,48.648023029280445
12521,55.55996645041628
13269,63.729221648216516
80075,50.54831843431122
76453,51.48605357904187
46245,52.11351137946429
78681,56.66968915599293
69572,52.607316933343405
63137,46.59305284434213
91394,30.64537285341665
40112,60.127001017860024
85294,49.64732586512022
72874,63.32654555971658
91234,62.17421442071297
54094,55.63663220453677
62146,47.269342007068616
36719,56.905755688098495
73837,57.79375460199298
52994,34.6622260914813
23054,56.69245957218879
8081,48.20259266244454
80761,41.43721675127289
4351,59.78234238367447
16396,60.05368559388608
73106,50.14723359548569
93720,56.589945944924104
29870,36.521042772084165
89535,52.492181711809025
44651,61.021064908501415
60608,55.438601388094064
45683,61.18858747236098
18726,56.17829331597861
67633,45.73874828577946
19007,58.500171311979514
67430,52.05031539242149
80735,57.66546069251601
95840,56.14248914665344
77153,40.23493684904643
274,57.58970938151232
33245,54.49824115196501
43457,54.420159115346024
13552,62.613177228820305
43476,58.11194545496641
34372,60.473229877916154
78871,61.38979742688952
3070,56.376927718349805
94117,61.00895294953915
33552,53.38062794369759
63406,62.083436970107684
96217,47.973850582720225
82387,54.343509324408245
1052,50.983160614792546
43442,60.97807140908652
4309,60.90447886846887
77689,54.80964802824689
25707,58.95268827166995
363,49.362649097070715
55956,53.191604700817024
9477,43.89101340145802
82869,59.08968099864734
77211,49.44275239495258
31050,63.82825772513988
80752,41.96173570330262
79067,55.02483680767923
5611,58.410488748078315
56393,45.8895984679009
52672,52.28575702565112
78592,55.009661246277545
50498,42.791003206404525
94197,39.85795543904863
31231,46.882175166890605
98697,61.02905329972421
63027,56.51547735725515
3598,49.74272468112956
77468,63.50390491944364
49986,47.19128393146257
19858,54.89719214268244
254,58.00376618572108
95041,58.22336672036503
22122,62.24800550748882
7195,62.857029669489265
7942,50.397258097854845
25183,58.52964995370502
3026,61.32265724475414
1872,60.117299767911184
46715,42.523155211472115
7526,62.9881964031588
98038,59.48376966475481
12583,56.48916399951226
10916,54.70189625040782
19806,64.38371673111581
64591,54.20803055626146
6225,59.76008512132442
95253,58.435154283762344
2939,47.5271448291208
97004,57.164033079721946
7427,56.95799828099723
94884,40.27701815248399
15600,49.66794590802909
60291,58.58969377698814
12457,30.385244070579827
42723,56.910012494486544
26833,62.1446053042355
37569,60.061612492947276
29517,44.09257595722714
20092,63.07694838619511
94941,53.541143426927206
64264,62.2197732624976
40011,61.883907593995815
102113,56.06529104337327
58437,62.67857200421314
101758,52.365075490237516
23108,56.980452282220284
41198,45.49590913828344
11178,56.72925554624284
50140,51.79821397851487
99496,61.80102884922538
47135,45.881093630693094
51502,49.4637922515762
87689,55.64376268566349
93264,53.06654715486471
66947,53.21830905636617
30211,49.02336509058336
23461,66.04498826567414
67762,61.27994440158875
23080,54.559482152196395
62124,53.044663704951674
10006,64.47909225297597
91363,56.454572667271165
84248,59.08886627929119
22973,56.337859607720155
54219,54.175564958135176
2886,61.22802102886318
78902,57.46720091490036
61321,38.244726954342454
50854,57.53046138667486
4273,56.75032668208939
20266,50.05128845789879
335,52.907755710692356
56278,62.335176587502374
88676,55.10837676580566
77912,55.30391688168237
83245,55.06155789850448
11960,34.691443741049525
27332,61.02818066229583
4607,46.53910280996814
1598,52.83022429539495
76331,51.39325287362765
57686,57.25216848759972
29209,54.98600617970851
29796,61.30549599741602
55099,58.66134567996198
48495,52.2635283825152
99031,56.38247095215518
60575,59.717638424954345
99442,63.78362078806332
90741,51.050537595782544
9868,59.745060822157996
41004,62.29190097378235
77549,54.638995279477626
52245,50.24675196746159
102154,57.896068746016596
91380,48.74336060901736
36744,54.81358487616447
64534,33.5060328656594
67314,52.12600973237358
8122,54.43845777217754
71657,48.38032903208435
91198,50.9214291554807
47670,53.482096889711215
88113,59.03891923075088
14825,61.579906039685284
4541,29.894085995502202
51925,55.963034934953754
54510,56.5549243201931
7201,63.1992614404142
63463,33.99122547895841
83293,58.10614361064655
91551,33.84796958728519
83409,56.057021428975986
37531,60.97270996581548
30628,61.00231611172743
47504,60.649950693726325
49202,53.889268821165096
26470,36.43533320077535
6649,56.267903725149914
49676,41.778500223880755
76426,58.06156283964593
100436,33.89223576276977
85441,53.76021011652676
75301,48.32629347052007
99485,60.56759514155009
65372,54.954664673803336
36672,51.84983083465834
32473,45.35260924724789
27587,62.597983817157775
77612,56.621366320636284
97691,43.058962758617064
21338,51.75776314520364
100585,46.93288797906288
27718,53.71878466527997
69595,33.6293563470888
30183,60.91852842524649
85253,53.249894292902994
71536,51.13021571320378
79057,47.36499477475836
46867,58.79142229967722
66547,59.33355438568827
18164,59.40524010883851
78808,59.36321324365677
74853,49.940922900862546
78181,63.29380356940539
84572,54.35625525748855
68802,56.620830328526864
74383,54.94630767004017
63043,37.664385547780164
91485,45.943044377079595
67255,55.12501917289229
80040,55.197906005728335
76238,45.42974686118402
58565,58.492632529247075
43340,41.30098789326148
3129,47.855036422812226
77349,48.81553899727517
14289,52.14596039551269
24454,54.222319395465696
82895,48.188975851156926
76475,56.171286020504006
33442,58.29366897497788
92971,58.89445022714672
42314,46.13390530020392
81540,55.74293568610222
9395,58.91378067082941
44065,43.740169396415574
30127,38.076795488647086
85092,45.164028310581095
63777,54.32538650367773
96060,56.79804128409231
53523,28.297575980448983
49408,54.719024624228965
79812,51.20402038973367
48996,63.995257550290034
44173,47.920097146527546
72337,29.369067121212044
21715,58.26493188210971
68538,27.086766283033022
33332,58.934368604933624
78968,46.17820588154821
64350,60.948774908182635
40784,51.49419967218619
25679,61.62162787532536
95134,60.17405648552216
51519,50.378910182519455
11346,41.43443048407667
49088,52.930437734443544
37398,63.796777520828186
79175,36.59421446100381
100153,50.86295956512667
74119,52.669857109652924
61907,50.31521544385959
8556,47.422237954349995
43395,56.19776450188363
37461,46.13772060023278
28108,57.8944460611643
81691,47.064194799471345
20478,39.92359201377946
39107,55.73488912935069
88123,58.32518337148738
12656,61.95941005866512
45031,47.309435330336555
60928,36.33133141981541
76198,65.29458846919707
93946,48.49819786185594
77740,55.490028594459
58584,66.76062672084772
56873,47.34437953742404
66075,58.03518161381035
31581,52.16834720066705
36586,50.01588604043745
88510,36.57446951541803
50799,59.48463631405059
62261,50.5773567471742
85315,51.732007189255846
86750,55.24201161473578
47277,50.98268096199507
57506,32.69853117810146
97871,44.74726714775388
44937,62.452529283699434
16601,46.63209616298231
39055,40.47910178222417
95697,58.03502953085398
91275,55.812551219381305
92191,59.06199400891118
5339,58.67522432331406
87515,59.80615331818182
81726,51.19645972842858
82180,45.50534916533625
35813,62.55683499168161
72943,50.221640452381834
19911,54.04635405979956
35890,61.75934865125667
33876,48.86705715823684
4543,58.36388261700205
58776,44.47188775789024
82091,49.06186241940961
9419,53.27353284212928
20607,62.697918545889785
47951,37.58704565565019
83331,70.44533153790024
63186,50.46570869594239
80335,52.32092641462278
82535,55.08631636709548
79488,30.417167913411554
55808,50.24729220566036
3370,55.683411270301306
92054,55.42110727032314
91911,60.363933690220286
93676,56.51911260668546
27790,51.40893589806181
18604,31.358044182792153
5797,54.463029497322
20370,48.974144154738454
74593,61.65226925942737
53942,51.75331409147303
102654,60.1554253489705
48287,63.55598410004063
71819,62.447232617295484
63586,47.51250419945276
79011,39.2266608287356
17983,54.02578280907274
45509,64.29990608738143
64786,52.88693137373121
59082,54.696109588693396
24866,58.929296309476854
5450,55.56390670214699
102224,56.44803036914529
80877,62.19574444833454
9804,51.28767370685854
18790,52.143499618702876
19012,60.143889670480874
6045,47.262106665524215
66613,61.500668222856795
11697,31.583853313069753
78546,58.38802230946236
87765,48.87057925065765
88307,51.14688181477595
65380,36.88600205806956
19642,54.619976609736824
56321,53.098185802990564
33064,56.90745504745029
93982,54.4666991065095
53085,56.794252861149836
64903,53.94452190461227
36968,49.5400373739631
93,61.65129627061517
14235,60.17325145371666
59051,57.35509977218763
63831,22.01924225361751
9824,61.06791715359135
86303,61.805220380980955
39294,56.91789203775548
5516,60.23179630735707
29443,42.93583083528638
94614,56.44486776028863
92599,55.232090860524295
102218,52.98398116801876
3355,61.30633381384229
78394,45.9464213892626
97034,44.54003010428914
98012,60.50111805290763
14875,48.146498911942714
92081,47.637157184205996
100986,57.995084741420406
31694,55.44288017190547
84967,59.246600149269966
41232,60.075092689823215
82224,53.120892780583176
32563,58.71764751661327
54290,51.42572157224571
85355,57.67253246465448
84116,50.70047692325312
40855,42.57625371721658
84416,60.28250538327833
40015,49.527608450670364
48912,52.77250480849052
84978,56.50550771025092
14097,42.245957867649786
77490,54.76258575462141
43304,52.00301665945765
89437,58.22716489940033
81926,39.967448725026465
3155,50.238257492751885
41602,27.295950977856883
29383,51.441889551831295
101752,48.40283409000823
68726,63.8728964711072
8362,56.88877969867035
27713,50.429176355185504
75060,34.59501019126471
101655,59.23218610382842
24507,55.31086206059213
49792,49.64368021371891
32635,50.8353658786825
83193,60.418567502626125
42993,52.33410980332055
24125,48.60807778502862
34578,61.72543990925796
64732,50.46109055390394
5978,38.1353096496726
61521,54.427114614797404
58956,51.79680235439329
89837,55.90152424551086
21954,39.28703560692979
92176,36.92840015434608
66964,57.5045663450636
55697,55.5646186743723
50439,50.23353705494532
55754,47.61608073350257
11385,65.25883000339437
59523,61.969459866004996
66228,50.721137382351145
77709,54.93333823944385
48753,27.0919328252722
13213,56.45326072746313
51516,60.440598833333205
24763,54.279186801099996
94188,59.36345502366533
53167,65.94895299634521
5472,57.9088395917041
64914,58.290635533517396
55884,47.541111879206966
91993,51.69177971489238
67645,53.00766693198343
15560,61.47381429295228
83950,57.60687037720606
10033,44.43229947578067
18271,61.68073737699947
68236,51.05562361772961
55424,53.244865680264915
75469,37.19413819553107
54531,44.36883024654038
23387,50.11945780029451
40946,53.086747525633605
24208,60.11585170965235
50655,44.80382512872147
69172,45.167963831660366
23281,59.661035679338774
38553,60.40995638207008
99083,59.429329654864105
95004,59.87764228383145
66950,52.56995686677298
49133,51.29794405443951
38057,59.48883513710809
41883,44.438909719780604
27864,46.47401349849855
1332,60.80568182791216
78127,54.7942288339992
47455,51.326215122957855
17554,63.998076738157394
13454,52.27161060674466
14056,51.74180386669028
22287,51.801319541094365
93370,39.79205775050478
42008,58.0041023057379
64505,47.673398891675916
84960,60.08067603450891
11472,57.50886487029793
67319,58.38158254601416
36740,63.073915842680634
28622,58.532724019076625
38380,44.50363292190779
16883,51.30272561482969
8900,58.702278688202604
64125,53.50642966826
32325,55.91145789797078
13350,58.963848533046246
54063,15.827391278069907
47983,56.15047585059264
73188,52.58293311502973
26262,48.57026686486141
15997,54.76402551929469
72522,47.46631725138336
92867,38.23654482730258
4913,57.90108120867774
97663,48.895359725183084
49773,59.94015205213035
64206,41.214489465713875
101581,55.55173900094206
14610,35.33890815732217
24018,43.25491729908161
88420,25.05362892895772
82860,54.0126581405073
92549,55.20755694272356
82765,55.8947670626744
86566,39.49432450514789
84112,43.69053289874647
96553,57.25743291948792
72861,57.71030802769634
60078,60.836385594939074
42880,60.378569607164955
30802,50.65496544948355
86237,56.10627025647793
14210,51.21901534624409
40121,51.01426644794538
44470,59.25598826153765
22300,58.32998943442725
57050,50.377384339695794
65386,49.3501782782251
47699,62.39279075078038
59637,61.641401796593705
18868,62.52255219544001
13370,52.26398699896847
4008,50.74782602373981
96603,42.41005232819206
33069,38.9836497144341
54479,50.36933319065191
8569,46.459597330812784
6702,59.11530473630593
79731,48.97426178840623
54241,50.769242437851446
21242,47.16772099371688
74592,58.75067033936804
741,57.62254977052185
35225,62.33964834570629
100807,46.28264858376821
24907,55.4344484271776
5660,57.7374888878519
67137,49.368815338343566
57265,48.941561421894306
60460,57.75418158826723
82135,62.35606868325645
30465,56.724986919931936
53513,47.6185485508134
98434,55.601445975264426
17663,59.73812531115767
92389,38.025459372768054
89846,48.87296600307634
14534,49.471499932252286
16241,47.710254917089934
89311,50.09729537680153
17473,58.017573083367566
52684,54.1034251097964
78989,44.46897862956257
20526,59.63581405386957
50437,56.33167402242893
85529,50.54670891910378
32515,61.58946028903999
14838,51.318610721300516
26778,59.005600765469545
54886,45.40852402686972
63412,42.74533647991008
11932,62.18694365145181
79897,33.21498220512264
74722,53.825784176406806
4832,58.25445290112608
9902,42.40846231473503
95606,59.632305875794046
95805,56.61380482702659
40521,60.105411874251956
91996,55.586384588010986
49169,54.1286147772264
21015,33.14050838395882
46533,56.20515506980033
23947,55.996499471133276
87679,61.335061119211076
84935,61.752540732190546
36877,61.78631212474929
83545,63.99101921548883
5826,56.27243122524095
44905,56.68902370207016
59738,51.64150073718658
32880,58.188589013611406
66282,48.29324497755099
101460,44.169807492449756
84173,37.550300237417375
90387,44.79396278993242
69318,52.32036702854357
21221,63.05901359860937
26153,58.04393400554987
12567,40.87284168268132
17079,44.551974041795525
29833,62.54200589291658
31775,30.14986650721544
86974,59.35251274335883
44994,49.120189456558634
95394,54.86628056219425
85853,49.76036298187275
32885,40.11763769278455
58796,46.31988328288447
51991,59.09018402577441
51781,52.49072850237465
83803,54.70876115841733
79975,58.70600273610681
90311,57.42873840207604
71049,50.98212014485851
75673,56.542442263333626
51848,72.70513135663938
78665,44.54788701062171
59767,57.41702654799173
9229,64.72589282738788
95391,35.93175396472666
72180,49.38862871604107
72814,57.68273938503389
47876,47.33575133148415
15553,58.61898089269444
44858,59.06173163156396
71603,49.47356761692204
39440,54.58522022434778
17892,38.44756530431293
13891,58.257902929649774
57322,50.27012809292086
86366,36.913483889608855
55207,48.84656136554317
52355,44.2139281104474
28041,67.16383619286866
46477,43.419153967546634
26655,40.025307122909815
43577,60.092093950124934
52760,52.03706280852197
4367,59.178123599099095
22669,55.55107395605447
40505,56.92602296413255
49829,46.3058238422122
91276,63.3708742877342
4761,53.47100784982455
18327,63.21179252120085
50524,44.50460232222327
83777,58.00063784534622
99740,49.665571521493696
37518,58.096121698922246
41607,58.18735588205692
3016,53.11703651053017
46951,59.768771871694675
30241,56.95133049700688
9497,54.62835895708608
11869,62.10704606603216
96126,39.94650431118427
12071,41.08670519321123
102643,49.46790290071745
44514,60.992527679024015
9919,52.59319173919663
60851,57.13265499550575
83300,48.81348947983273
58512,50.537704212667684
9629,59.871838687888584
33792,39.247907997109614
98968,53.66499136890335
21354,61.04436728536416
82171,55.86400044577731
67581,61.6585147476984
52572,60.88418208762949
37727,48.29023876294035
49305,57.587221247822335
99504,56.16539913966499
67991,48.68247124357388
47916,56.3445553827509
53109,51.07914501668949
63079,62.095833631892596
102535,58.310412196230565
41868,43.44492300373298
84900,42.29057572371461
62694,61.38042664703946
92301,60.56419665493365
18233,51.60293245880084
36334,55.998603095720135
39682,47.02431070492022
69455,41.89606574660309
55537,58.041109756716494
19202,54.620260726497506
62016,58.18534742757769
37023,28.14951295880298
92751,40.244111508847794
6913,55.30217799746605
30721,53.9899776968365
55328,57.77708928310062
26964,57.632260972351105
14726,59.51542879624757
86138,46.62020716258857
70526,57.54003272267153
35772,56.592657606341774
58482,55.599185363234156
23257,56.796139764167485
93638,57.85060403217399
76566,61.70905385884687
2676,45.010216469812036
88325,31.092826615536826
25145,54.03290254987287
36528,56.29957495944812
20504,60.13958762695465
30880,59.502588856761705
44133,60.538373423279324
65616,52.65220831072983
5091,48.862847356520064
61877,58.60580689263987
69066,35.14271406771566
8240,41.93679106922023
69035,24.27522760322423
61492,31.458232820388066
7851,53.70715387497034
87622,53.70306397142961
97378,48.170216354172325
93876,48.32691422938911
29324,28.23909113956277
59441,52.11461617278626
5648,41.74863088025037
48959,56.982398743463214
68824,38.71200698366211
92508,52.675068225101256
76636,50.99307797044513
69866,61.98385613883955
46830,55.101141480877004
13662,56.92102891497608
70165,45.610934640533664
73167,50.712806953939086
22894,50.66771583982433
9926,51.21202999817451
72794,59.823342504163804
16531,52.52452056988086
71955,61.20285800846502
60942,54.87465708111861
12507,51.70710149440539
40733,37.87895882699653
91504,57.977929114760464
5652,56.64610289594899
5778,48.90059685730511
38029,46.28978907590509
48598,60.21055593319636
34319,31.54718220232116
37379,43.44394249902078
78865,50.469463924575194
65021,49.609819288486705
64445,53.41465710668607
98999,46.89004244395975
8985,60.86507182527707
30272,53.03096846612364
94583,34.38070198186598
12474,60.61550408436028
19162,47.43871848358128
66505,46.50129394838985
79384,53.3573509692367
24364,54.96991138488225
78588,62.85440640165151
71949,45.1847920006699
23880,54.778514475969956
25271,47.204868631094136
81042,49.70754849960238
102369,56.33122272143321
6835,49.84864516698501
54168,52.68251845454293
62987,52.73367921739078
26008,54.74951923812393
94698,53.26956116788609
43249,56.22002322199669
17932,59.70033817399104
49348,60.76642400206519
52042,37.039223494556325
91123,53.01407277098818
66598,58.59779342021368
7902,52.02539562829625
72824,48.8332919847782
69454,46.083844697006896
43112,46.96019076098904
96061,51.149586365457765
27223,52.60605755274269
18239,52.730287451204845
85224,55.57192031611211
63414,58.363740842704445
55039,59.74071788990682
36813,50.86675530992174
79835,49.92167759600238
55491,55.28007015385056
66313,59.150541114622875
28659,47.66569602842247
81832,59.46855534894193
36269,59.74937670089816
37349,45.32113133671055
65110,56.98064112168469
21689,50.69889779493253
70857,49.05581230861275
8527,61.87855229735747
63295,53.727417788483685
73662,56.11505679929606
94549,64.42315095080795
44587,59.41172112049911
10531,37.625016808292045
91262,61.002586536014775
98728,38.20264935318809
24027,57.37550454103039
90974,59.982854104415864
48966,50.70134141993695
19069,33.540195242824076
3639,53.147452470294006
53256,54.23904734835839
17182,62.278705519869106
80717,62.56713699932233
71658,54.472065747834016
74637,50.476698390235
78508,49.3353307634183
70186,34.398542705104646
95845,44.38244937897115
76476,54.1613591367595
87864,62.245637689775556
61331,44.61794383063575
91870,63.929517360623144
90492,44.93870900755911
84323,59.26371639316278
31670,50.76570276367569
52082,48.48277170099717
65842,55.37860597278574
62491,50.91970306266401
37599,54.07780476189818
40385,46.255627189874126
56193,55.43825987315399
75229,59.68447137341278
74539,53.57573999697042
98499,54.430169858391466
79172,65.56426241909864
43553,55.86214615849744
53943,51.719584166615384
49178,48.24957258513953
39052,44.013801945405135
31721,53.1187549423711
79229,59.63115833327693
102114,49.851731754032116
20944,36.41711377142393
45977,61.46788743511256
95472,70.14783818530694
82862,55.593982566407654
91690,61.028218853990325
9912,61.197574017341324
101255,37.98601056814522
65558,48.205586442758054
83731,60.67241260954367
12338,55.11473018823611
69970,34.44501349935841
33247,34.794510880121024
1989,48.231559904189
97481,53.42049471568806
96868,56.03032416342115
29896,63.685951714616344
33121,59.760027956452795
84848,63.49759282185707
72978,50.647916123714836
90735,55.178035397202464
83122,59.4025608257421
79115,57.221424339260764
61959,55.164155394685885
27877,46.307707546408416
61974,49.73271537826399
44847,52.332891389573724
14933,48.115425014499124
47901,57.54171784157796
88197,50.17319580553424
48907,63.19853698099577
91980,42.81899261036208
13143,52.767073913806286
96728,50.80790525353497
12665,51.219699592931256
40217,37.77053607828415
1769,51.858363077121545
74942,30.10685480853696
55132,42.493845182771416
65879,49.459643948687194
8273,54.93903588589736
77747,50.3147086398821
80411,53.099391772629566
16622,58.72396810402763
60193,50.75571959129967
29930,49.18124511065622
7894,57.72303146389492
39951,50.61442972642579
37543,41.671264421245255
95072,54.6943459589072
20643,58.32330500038004
89392,54.47729560294887
41044,40.15286401197047
14066,52.34587761225261
61377,49.239797995831196
20367,50.746720342424545
21193,56.206231888913095
47999,56.44420744626004
72481,55.707242601139534
14224,59.247542664441994
95865,58.68797198225316
5288,56.84609590432505
73222,50.89912074529566
16247,50.265369968980906
55092,57.287380064078334
74960,48.4661554000578
51545,52.29580802289219
22294,42.87106393779611
50980,47.371143988696176
69376,63.71118192067189
92794,56.947722699190265
9154,58.88562302033651
64942,52.951604860878
95221,54.853823732132795
58023,42.37416604142297
4782,50.21883356371933
4411,55.08368018577751
85530,61.667145648051076
29410,52.41354112108946
60440,59.39651408317628
37143,54.75797820230633
36512,55.9261133121957
41927,34.47641294276754
11147,56.013101800777726
38813,39.92665911719605
78720,57.153029818561976
81039,50.00017514712527
2298,39.48496417659355
92941,51.95464713309609
34051,57.60875199249385
8807,51.87805376319585
32534,57.7576665675865
44278,49.562561635654745
21982,59.178123599099095
38824,52.42528387572334
4404,30.322353350285344
53672,56.175951933814616
68355,49.33629223154266
70841,52.3780650677732
8561,58.36649518613146
38636,43.30700111262497
73053,60.11414516352928
61581,28.907970852937297
43895,35.81397514308843
330,59.53969447007982
50254,55.49553428306769
16687,58.18093153068872
88648,53.78408903859667
54996,37.4836443696614
77296,56.353328688717276
24280,57.06732666339852
85589,34.11332846374545
15708,50.52731521319226
76748,59.202309240742906
30897,58.4021579640226
68809,54.156399020354186
12248,63.82452657677602
20918,55.351786853528615
37262,56.95833053810627
88046,56.610936445366974
53688,61.6749020531648
63270,49.864033341214835
34255,52.11678150581604
5806,28.35540373953536
75334,37.05374936794327
71699,56.25346995530978
52372,56.57255229131955
96979,45.679243353028156
76176,48.99876549297295
77419,56.36928485442975
24895,57.37408599962389
69169,65.3952925759481
36198,39.76616152162934
2829,47.93544473256787
60042,50.71257001663588
62885,63.532981422303294
97427,56.95449233989301
70342,54.81629220873826
100339,59.19772112141732
59818,58.894537925593255
84105,61.923853080088534
79234,58.68550644599602
40358,49.6067536344692
17954,43.33379988112858
74621,57.11227665360265
16899,52.186267725470316
25585,59.28206954147576
92594,60.02828734296275
41757,39.473372718423114
76903,49.00339818456395
98633,53.058431713807366
61886,52.49465879606674
63713,55.367048414267785
39922,52.40781572337619
8432,46.20190273507937
63374,53.47967120846017
85479,57.95603701220515
40899,56.685169355380836
21255,32.6203251901879
79820,46.21887944561144
5815,48.029009951794066
70979,52.49666188893823
88004,55.470335944158364
20821,51.14139703744734
70519,55.12118135416063
68331,46.057386372113875
29075,59.478245551468284
99174,37.078666197975956
47392,61.11859582149353
92598,54.68104809034538
32011,61.13874622648517
96328,56.10041692105782
96191,48.48632151016892
32763,50.52279993720138
80178,36.461637660472825
7341,60.034982826994344
20569,61.78169720791511
69592,53.304184162410486
31964,57.07291788942763
71535,67.5101148338815
20173,59.68953304116301
67986,48.47816058685027
44292,49.5585072305653
35152,47.72460822852829
81074,57.388790404776564
12642,37.495504202936786
23059,55.65245512773939
62175,60.31626093051547
12793,52.962219418450765
21844,56.69228396282715
100728,53.990715916397534
48135,56.440258533523206
69188,47.54751582841948
39066,28.861180087029574
95875,48.21468675371934
87598,59.4609651988439
101718,49.447631004268985
12354,39.858293794722066
79009,59.62084003681342
23363,48.140937177302725
16284,31.927723663955682
85542,51.15526318278878
63041,58.15872543693832
33400,58.54393771142504
52224,59.92898050779947
10766,43.31908260948526
95944,58.100663628597445
64257,36.91349160554191
50751,57.99617176121588
99721,45.12642187516054
45782,59.183837041191985
20688,56.49588368179719
49527,51.969085779245574
89019,54.86603154531885
88944,59.44133915169748
37433,54.30539616559737
73920,60.839660680199216
29827,34.18928651585526
75740,64.73900643541539
20386,61.0027911256613
83403,55.16468128553421
68441,59.78235663153989
92649,35.956596474847146
4156,53.7055371173385
74212,41.048813756225606
86401,49.39022687444238
64624,55.6926193669787
5714,50.39481669112054
74224,56.539024179962965
22600,42.34809270064222
88204,58.08748667370436
58745,47.99598749677583
93673,36.00212764446286
6950,56.66107316120159
91344,58.24208597085651
6825,49.658475456496205
83314,34.7219285058268
42537,37.01945713069679
80943,48.669641779678464
79519,51.91670042687858
3146,55.957196630913074
14929,57.27457941610499
22592,61.89940477521009
101661,52.16107276517223
18680,56.03518621380423
58555,61.35928615749538
71875,60.85070726473934
5857,55.89711286824566
1282,52.83294950835163
89657,54.314520565434606
93817,55.20570045521225
99729,33.60934348112086
34714,52.4852012108674
80798,43.063360696445805
6937,55.01400729723489
4765,62.10160796762651
34286,61.98274620097251
4910,65.25007825845991
76244,57.965921664278156
57090,63.765246007619986
89227,59.63688935499991
37991,47.9755265565262
10862,62.78532106772711
68455,35.208729446373596
98554,52.00446337339635
48967,50.140063068757556
102653,55.84427263141674
64085,54.831088186165516
13100,46.58240775473504
74632,58.50336787721119
87207,40.244486757355716
85780,46.986377805009816
9041,64.34847483844283
26468,57.24385547832477
22769,59.857758908996324
98594,58.95373743896969
21857,52.38804952618279
73137,53.61038920192824
36142,55.221991655747665
63582,54.55729189667578
63699,59.968472570857294
30084,60.207014465187775
4321,44.824479550599314
84241,58.58437011135617
17927,56.54440383368302
70173,46.2477070217902
101760,45.77135908769668
20844,55.23096292709919
63243,56.0030234580653
15237,57.78751389217763
63764,52.6756141195787
19910,54.967679178825854
14036,34.92921761868692
32322,54.69526209175906
12092,35.72308346421916
13366,62.47256357163374
67724,43.00909064905983
12635,59.01675207461933
91226,53.245225481211115
70264,50.81457447828451
88034,42.69887869672857
87069,52.075168752322845
15711,37.008409598824116
78783,53.399515143599245
31170,40.01164997372952
101784,62.90295269630701
15968,45.3636234418133
2205,44.99098538579712
98893,59.58701460283365
48232,54.434346428969384
24112,55.90974943538551
15352,34.74302979030804
64684,55.342693644478196
31949,57.10118984874148
53316,61.15578968159159
87694,56.13592408067217
36786,49.92865667000039
18837,54.597712029946834
30291,55.80792258484061
60299,52.48699238917126
10845,55.78261550058133
85950,59.3860145577284
96679,57.46543020610041
24459,59.33574493809734
67055,62.34844562736275
74973,41.172130715651
37417,47.847284119375644
38460,57.987247721006
45611,56.203432540931
54461,56.10670770092998
46878,64.46196551431392
75564,51.49492966438134
46152,58.92624559118705
75805,29.705638759457873
46314,54.20906119007239
60421,23.44794152747502
19163,57.19541796968631
99840,54.50536068327449
7794,54.07408235404359
27405,33.90580032183187
73523,54.4208373413604
13237,59.559325891986056
45835,60.042031401328785
42957,60.26751553093689
70281,37.94136898968628
100056,54.653416964194896
85207,50.01738474150356
39905,59.20322698542574
86105,28.455867477009576
77695,60.369551720205145
96416,45.85264935591853
72765,61.40850701548237
84332,58.19157528386566
57866,57.508996417810046
21410,38.168365770456084
24198,53.94861619179696
85168,63.102042517066444
44455,51.297724332412734
81227,59.47649287777269
102658,57.7377313216707
51321,54.17744154368032
34217,48.79987856195224
34893,63.08825535433693
71467,44.54017287992415
25221,54.279715733216754
4951,52.42894945477278
89924,49.846850926548036
74652,46.77133536354458
87722,59.650118913429864
31917,42.464329384176345
1895,53.17631954053636
21634,41.623396895171936
42474,49.05205750151865
78862,54.981122705550995
76088,56.27236456822795
23567,50.408448793530255
86627,62.17953342356645
54588,47.08625994104825
18660,46.91548548064529
25993,47.180634725527476
90963,54.878786899204364
86848,48.315034056748814
73069,36.52170998853636
68510,58.50684683869608
70168,48.128535486028674
56906,50.110503645448176
22165,47.736349520712835
56947,61.514829004674866
58868,47.35211615457939
66286,58.37625027463597
35566,48.8657089079008
29482,55.4844351371248
44799,38.58373310311123
37642,32.95256956807444
17681,52.876264160283185
85146,50.08106042349713
58191,33.49300516389928
51152,56.760962487677645
35090,59.7800665009417
21978,51.99419460394366
93288,58.78308182714541
99500,43.45307655637829
17241,42.62876068545153
30453,60.50098342549213
69686,56.97973560216226
57603,55.34330825820136
22203,38.911582972386384
99277,53.76365890364844
58652,55.58182402465468
85147,55.37267044819937
72554,39.0881575149225
14263,53.999731539568
97174,40.73562970326096
82302,56.52773966743504
76464,51.60547399235027
78606,44.77842936642717
97961,48.878751055294536
3317,56.911185665736056
85397,47.81744095334426
18270,49.6891274754238
42807,59.018464364704045
12726,33.00141954661268
79205,33.24322063092457
98159,57.22261050572173
39788,34.089339717758655
39619,28.598711243593414
22161,45.32113133671055
56136,59.205537838382476
31623,54.648475113434124
89536,62.169645100904766
86244,55.435060934468225
84092,48.53760061988421
46471,51.53765230117072
54238,52.72362632179205
48936,57.096747516080505
64648,42.40362192112013
97994,12.228006821439713
92566,57.098438020360476
59401,58.225507547974146
44542,48.19771275893441
1340,50.010174100738034
38108,61.732434702194865
16298,53.515501794977055
12207,54.15974558899097
22777,52.17751621765798
81576,60.10118815822173
89069,43.1235767725992
56111,35.92042979527321
82516,51.571730701744386
83975,59.70985626974722
18777,50.743312883597106
54638,50.04553197863756
44750,41.57863234430273
87119,57.85157571749174
41111,47.894137678148624
28598,60.78371416087574
70018,46.88751586817581
12331,50.192950916576116
27630,54.720832088954126
50184,63.98253549412255
89769,48.45023544249558
45519,55.094263962921836
63553,54.498618627859216
92703,52.10994085346951
61180,43.384470175261015
47117,51.139496509021406
81499,57.25940197338751
87702,43.148204881474996
74186,51.30933750614021
7515,50.75109149073324
8564,53.9831650499013
40545,33.039413915827296
30364,51.78482718671613
1910,59.33233560428529
25335,61.39448946380431
6558,60.10356932231023
47762,41.24376526484408
77805,58.04261571318143
25448,46.174058127753646
83271,57.70797937367475
46275,47.42988683598833
47469,59.6427574641496
15050,64.77680744009146
39648,54.852820045667386
11373,45.93592510079781
57749,55.0124715691773
42366,45.74365719350874
54902,58.821558872886314
12989,55.29220016753613
35222,51.487805147298864
50932,56.44281199926351
25879,58.447538883129134
59516,51.16104094849299
30577,31.140139873706744
67571,55.23831370226154
95575,57.72468757459057
98264,46.986752102494485
92761,48.439221176733405
75727,32.80769414119697
78972,50.697428735416764
32066,60.365743561088415
45483,54.3617132652375
10791,56.94250869658067
8776,60.07849945542202
85322,36.68998150073858
59399,57.961794480991095
44061,52.1464429321422
9659,53.77735171659084
60808,54.50832842996914
39649,59.33551607212898
97842,57.06696197035161
61825,36.79127456512498
57281,47.98077270595765
68668,53.055329649933235
51312,42.28849649364414
100708,58.26196722969972
17534,51.33543942798507
6657,60.58642721040777
46254,56.486735705975455
22490,56.59255904433036
82806,55.859165947567426
27034,43.6985342510469
77536,52.36742931088999
82579,44.59863072785156
58942,40.83277052256817
61426,63.73180151143051
56229,58.897224640411125
57882,53.40192212806045
47464,59.194597520399
8689,38.3509443540956
22558,50.15199326995334
36400,40.56888616889888
75377,61.63060178863252
7674,58.79130671139088
54645,59.52163569369301
81566,44.088777705023794
88562,53.629800608611376
98831,67.55360865758155
86342,53.22015905658405
40977,61.2339712174726
59160,50.38221396848619
68922,35.34199511623211
19696,57.84755190997926
54408,53.694208303982705
5280,58.61151300964687
78643,37.67223633109746
64705,51.23310052091628
56785,25.547801717601203
83669,45.416844522453644
65906,51.99071651831746
48202,44.733081280051074
70080,55.64932110310803
61358,58.541091243823374
372,51.35054696774144
15063,46.04385692528802
77129,61.41423993037213
64065,64.14495712636379
4262,57.95248734495449
95387,42.00005133095514
6833,49.74117101773911
101056,44.56106610472983
41230,55.86875731941103
75454,53.413640044971565
22865,50.45986774324366
77772,61.902861330367195
100821,55.21959659420191
23585,50.66684473646595
30019,53.49744696508768
98512,58.642050049905066
45888,63.35196045898631
17135,57.62935126907552
42122,62.51388513430788
79016,36.77760236897939
34409,30.341996751360796
10638,55.98526091688625
97074,56.32600923794022
59414,49.115127605786775
45150,40.09742965668801
87253,57.30884205957437
74387,45.951109447489
1000,46.55297896465971
29948,51.24010307194944
69399,55.38451117024206
46087,47.915565730422664
30687,53.38865554018945
56736,48.41261881999315
34983,51.04759700748037
9522,49.78513826533887
76367,56.751013977719325
83214,43.40451271595182
79793,43.189176316164136
80825,60.28980098001209
7286,50.78687124573766
7866,25.492177123782888
142,59.4396893242497
13120,58.566265794040326
67344,25.274692205492556
51458,58.909447878290685
43122,57.05264829670922
81614,58.877229750605885
20020,41.520553522102084
34019,56.18751287685281
80415,42.82522304840081
97030,54.67244311676361
100221,42.22848815004511
41397,58.98340412577515
100276,51.31316118193921
4221,55.44538411356112
53202,59.04591927329524
75212,51.60317361313495
51883,48.29567514858202
65481,40.85953601222444
31362,29.048488480346712
52778,53.858605452759036
68618,49.80084191668001
74784,56.06200156713566
7250,56.03156786231099
3810,38.61699980740023
16314,51.57545454328634
95002,29.973664576615796
8342,41.320733028948325
89540,35.6918385202236
90133,45.10663323630874
16299,59.18727345613312
88583,57.424020049282106
98136,38.47132678091723
12657,35.79746456379753
61529,58.531998638054574
46131,52.70556245233865
85763,57.84141107066769
88257,67.7660383117609
63945,58.95321089243016
55844,54.6495653591103
93629,66.8940148400301
7474,50.44375838057256
21448,56.95401590584375
37720,57.789119165386964
35027,32.10128502147995
87915,53.33292379601137
66339,61.48280096222215
51901,57.83272150476783
86827,48.957567488285605
45674,49.496845762356486
17731,56.9818941648759
75120,58.05161535824162
5525,42.89197005013683
25443,51.4596129297151
43881,29.417581553076985
94783,60.236489130588524
16886,59.77734245467276
38488,59.240143534170784
24427,52.198290383756316
54989,48.739354315177216
81944,55.683820925322365
93060,51.948488919783685
71016,59.577010741542026
47905,61.10803593274318
75797,60.243505203396644
8813,61.999700764150234
80572,59.06648515716219
46401,63.483970624150516
30108,56.83082703506164
20768,57.43966135910982
25517,53.31645366621602
26860,57.68396205721328
55487,53.6863892166158
83608,63.48937949877259
46995,57.20883213805493
65800,58.45955269756211
76737,57.029688787825904
101455,49.31128571974147
14048,59.66812216811914
84251,59.64018901159654
25876,34.45923770143263
9407,53.391583006037116
93173,52.64468433906402
68528,46.778037651281316
22885,59.780479793721454
63974,55.10988665427285
86745,44.18173288506878
99924,36.973777737727744
48893,57.26780468354823
41822,38.473304520416356
16215,58.678291108698424
2017,41.6366061641529
37498,54.59180542743966
98121,54.10839719192909
93711,49.688785056937476
79916,55.86552905789673
8972,52.989859748147126
55673,44.604355061584954
3713,55.03111846480004
43453,60.80180047163034
15359,54.90206448250814
100456,50.55615483240668
6512,52.094524243581944
394,61.078817664231735
58223,55.62797969041556
60360,59.5329121458839
80706,44.1111160142626
66140,61.377538295399056
66617,59.040838081305225
70565,54.36073652940154
34872,56.90553181472096
43048,60.73180849420188
46202,33.36191071766357
93583,52.7173976367519
22641,57.17673252141568
82488,59.44820828544482
41887,36.61128665499303
39950,50.7954910798771
28129,49.869198792597395
6173,59.34951829116636
52070,59.51680674419646
99215,54.85689641900348
85626,45.35996891702884
12582,50.33987331011242
85454,48.019230915641074
86929,58.630106631724004
51271,45.83220360197697
9423,50.01950573568478
7024,49.431018715940674
35966,44.14845754460159
56061,51.83185901905192
25367,47.65370292056751
91068,45.17421731107648
75676,53.484259200015046
37205,47.155475724653336
22414,56.45492236480547
30967,55.063946583067924
98579,50.18131444449861
46165,63.22352374429118
8311,56.77958080450558
12956,42.17218736424432
72137,59.30389278201446
17228,32.560723272342116
76086,35.17837457480127
5380,58.83282670706083
52971,44.74342025916766
46566,56.916287067079274
65032,41.053537277666464
64954,52.56719425243078
84243,54.88296337647367
84805,42.72581049880572
77591,41.084811820168795
10051,28.879827393852697
55476,50.08817010256273
27861,61.280525688814706
76224,52.23568732861602
50574,63.08238058900665
39105,31.70276762037053
94180,58.842553596678385
38609,61.45138457920329
85764,49.86324521420897
22807,59.520487367562424
48522,60.14204913219908
72091,57.13820644623496
67802,56.57011873487917
90880,57.474631072037
58294,52.26975131168359
102086,45.478590934302915
27832,38.590288817468405
93188,44.24313529505176
91807,56.470341361625835
36704,48.131620973692456
75970,45.14817053688258
46594,60.14407242579839
63636,57.36383695615853
23037,36.049387579882485
46636,49.80539239700367
55363,62.35615155639696
80167,51.93978426437055
102255,43.413392033495924
79964,45.54940926577756
23053,58.872012538440316
23751,47.60612923473799
11973,53.330273474332884
73572,61.24810454754293
92073,54.23993802368743
79048,83.09878555891544
817,55.6207056565032
54860,48.920563115581864
19970,45.50108634424979
32129,47.183192296753994
57767,44.6327448895746
36761,52.46099355327088
13412,61.6812662040773
45617,52.89442010027473
13341,45.71348038090006
19591,51.86293437827314
49656,49.832717083509664
9249,48.80987096568783
60168,36.45301933356872
75066,53.313327709686554
70144,48.148253456193416
70802,57.71745110800171
36384,46.53491907632434
3592,58.66738466785904
90679,57.9452864111521
66913,58.919546583949455
11672,49.86141344319554
71234,62.94929813498574
53926,55.00017713144978
10864,58.66659735948849
47777,64.32003021135048
5758,41.485901356403524
98369,53.806720223779806
52990,60.7018138569561
11062,54.99385327547151
78005,40.45332494996126
88419,61.912144819487395
9553,56.17131594863234
13721,58.801269265468044
15793,53.64875554115181
40962,55.28461086824127
79118,57.17709767006284
15921,47.560735931628386
62133,61.294140097671054
61356,33.99808386317382
100961,52.75399222192582
91023,49.944238351688185
2732,52.642624504337256
69168,42.12484673442644
42704,59.40546137126119
21710,56.01167156754019
22377,55.11627354233718
85646,44.622500168687516
67097,56.0974586378611
81741,54.2601164336861
21545,40.00195056579914
48068,46.844731870624074
95155,42.01207492451638
8423,58.87711890665773
40527,56.33415117724916
88957,61.53386982262865
11126,63.618605923163344
57257,45.362671981542725
97266,53.676346488075595
79992,44.78130099208332
78855,61.10255396625004
25899,32.813562826174675
95766,39.44815231604717
94833,53.13903852824259
32103,54.971459039674585
61544,35.64899088178854
10168,55.35614804155444
93675,50.12073049294101
101433,49.553041208531106
88693,61.54082684814715
2486,46.32101370791054
41706,54.43594816708799
90901,45.81869632621956
61628,60.71610772723886
81588,63.66172866691771
62356,57.73534176062532
30287,53.007814723222424
20505,45.17837739429334
7852,44.954188090524966
49274,54.10366459386073
98284,44.14508164144449
99,63.34496969689854
28455,49.99414417015825
16025,23.963922707827567
94203,66.48026536012144
26208,54.11297387670307
63278,60.11916448752313
91283,53.52393889003595
58235,54.6278993250372
89479,54.43421816161765
83174,58.459197572563454
23757,58.32684444680477
66825,52.12892481556795
33987,46.22007938894001
98921,34.3190139351292
38055,65.82782789599182
27444,56.812037854490434
2810,45.128881248587696
20384,56.24947000543475
642,49.09751604336449
35815,57.434872981275724
38512,60.46592224133369
17943,59.25782803718659
19169,44.29853789340047
63072,52.80740213087466
5571,54.767072209869575
62316,48.48326700182387
47336,44.80398576449592
13898,60.677403502570954
21139,54.04287316054511
53921,60.119631959664225
97951,57.294873705617405
85661,60.20318271579684
24777,49.62596727314704
34069,47.40585778886157
49532,59.184197516043206
53661,40.481728954375036
88736,49.153427017019446
91244,53.679148367463185
81020,65.39332317107737
76264,52.446201092304946
42310,58.83741117259946
53077,50.13175277591429
68671,60.38477324665739
44958,51.83900861099246
74287,38.57194888547885
98138,48.57360885765696
71321,50.72991440253524
46549,61.41279089341542
1055,59.17817346538661
17780,58.5693139222203
47300,49.38324285234648
25817,59.400312289683
44703,49.98559154665229
86069,55.512891631245
73915,40.55468881176992
66586,28.296448528646344
38323,33.91067137699279
49454,40.22391773649667
72585,58.41225713784283
91963,53.44010436429745
83588,58.59203095019878
42212,59.555291228508196
30786,35.66809455414593
59519,46.3398095809448
54596,61.96874040848503
89929,52.66021210107417
79776,53.517581079258484
87025,36.585224632650856
92165,57.915951119066435
71430,56.02776648782456
12060,57.042994904124576
36470,55.340591473532726
40853,61.01401748052744
66138,50.689793644071216
83131,57.61009598481432
43945,48.57871146463585
96832,52.62083477519429
86921,44.93769981831167
70006,55.481273488343206
39314,55.328056818416876
99757,58.66701322038701
10553,45.328322589367396
60393,52.73187231120515
61834,45.73358929252182
53597,44.12690172406006
54376,45.78049683895323
84909,51.37326822625937
68850,45.62346212850587
9336,50.23629539316114
61573,46.3487792555531
93833,58.11031410882737
75251,56.558746011887884
24357,54.589765804978356
40138,61.46353889547533
8065,58.63760258068997
25528,48.9486333775421
29666,55.454655917621054
13989,53.42045387089165
36639,46.700297362571156
40224,47.67720233641917
46674,55.42772494166801
39399,47.54139973814314
80129,43.18060423097985
87892,56.76397696709749
34953,59.20411194297154
15867,49.004551429701095
91155,53.58873651406796
64738,58.01908205959524
66965,58.096418501307554
19404,46.903902376297786
555,58.186849540011885
48662,29.149211897142024
72235,50.12242070107171
79452,42.38346106222957
93627,48.29324497755099
73791,50.53562845826729
99064,43.56013003914884
33831,62.90285095340164
82580,43.32101877753058
2327,44.37441039955795
93282,60.214178341508415
27715,42.34824364380925
56431,45.6132319901748
4261,65.18162731556878
99359,51.35502327376187
82284,35.09053275494341
78025,55.54980381003128
14797,49.150308422339315
7555,46.3012304109091
2347,49.326838798931675
73993,52.43023997829508
21538,45.27419223822308
87486,46.2948380029088
89431,54.83506478775988
13896,61.189568843508155
72527,54.24004070956191
72720,58.24827448920661
64391,60.5292855311028
45987,36.69196110394355
87647,52.26431839070512
60488,55.64384293293355
79891,55.1151357790354
26162,56.27342108395478
89034,57.973484734028695
16799,62.04886013469589
60840,55.74037219198155
24748,51.67141704392032
12911,44.232673952369666
81205,57.25803973948742
9121,56.716932609159656
26879,47.93817142429793
37736,42.7442792481995
72168,51.29665282328518
8061,59.98358804813179
71972,60.71202211423318
10967,61.0363999268818
1294,46.51996235881143
72250,31.292321838058673
77773,39.06170905446858
67784,51.742814370058525
30978,52.018516263476606
64063,59.198340284970214
101737,52.49461722562792
52657,44.24026577320777
98262,60.0612672626053
58775,37.91400252395393
47157,57.02369417226322
59390,46.83482949770157
96727,35.119000053779416
41368,49.839853600044805
14947,55.896464838255426
86503,42.44353170300523
8827,55.64378023804062
72593,64.19675692410249
99572,40.39398457871545
100751,29.30057537630352
8540,49.93357584134561
29568,48.73276273038062
99424,35.978564298290415
75630,71.02879582006955
60354,59.88961110855756
87334,59.571000426300806
68903,45.99965525055761
44458,29.876851999260925
17331,47.4068995890226
10704,59.85830018237202
25364,48.957776035323505
78570,59.54903159063654
38513,60.2283403599506
8934,55.8478411387241
30812,61.34484991823236
29041,58.91458676130185
87427,28.699544809751856
60338,54.8100038356245
31199,48.53403604136438
86521,49.98511710715433
8384,55.75683519596471
97307,51.33146528588572
74802,54.50751788259159
32708,56.91987540644497
53971,59.757059325264315
89082,50.355567749226076
53934,65.75262674422495
58147,60.786045196640885
43643,57.452746744707326
96198,52.01947208373325
5084,53.9933855808649
42480,60.53028263485236
11133,58.75886197424575
15417,52.47267228489991
28986,54.98858682014003
87574,56.5993249690044
84709,56.396770226337026
9906,54.06754815782258
68844,51.358024871909386
32035,14.701971078796234
21706,53.901563407545005
12608,46.3805795606237
9009,43.97198497026329
53671,37.14200141830429
29646,54.255852633089695
2237,54.37797186954031
59149,59.79928138393609
19190,42.86707353649459
90474,47.04902728605707
6423,55.161936068898285
68862,61.29769054054168
16533,50.13465775097563
23253,58.6377494439626
17640,35.7248442840894
15265,52.31778934052897
78662,42.033570201191495
11854,57.993154281207104
76444,58.710197423906465
77495,56.97894192043836
26189,58.53961109033013
59641,56.25296710401519
12570,51.032160295110366
69120,61.9803110749222
62384,60.97444433348023
64892,61.90682730747147
39898,49.53484046229221
6672,44.52042152585566
83427,49.750846221469814
72737,52.77060783699183
13677,47.83437534698413
90092,54.99915093551575
25461,54.06212406271463
5614,57.75266333332539
100036,51.96021821299655
77996,43.98254804459168
87936,58.306387947512654
57184,58.814907020712575
95687,53.27007329353078
83492,35.39020459912719
65915,53.603566791022004
36778,45.64173997865566
14402,51.31286170124035
42353,30.156831237520546
19110,42.46841859939033
82593,59.72053162713806
75915,47.98774443101985
5887,48.10440645863394
94095,53.73227521707465
100334,57.012449087436
49841,61.027066972199904
53866,47.16637406069144
38285,49.975860128086495
100083,53.419822273928894
78519,57.43579859353808
48728,57.12129178201022
54400,62.38957833861162
64432,48.451478103025494
34280,41.8809147983107
5505,40.24872841229657
38238,67.21839603350273
56930,54.32634337139173
45957,53.41631623005446
62034,50.667180006202905
30247,56.899640928307356
11180,47.0096659211844
97870,55.797048700141325
91958,59.453697365376485
62747,29.00534764978394
67602,45.298931652439975
22005,34.40259063506518
91630,60.30197944608065
52111,58.225845532107925
68304,60.147115300683645
72935,61.616131843352306
53399,47.4308025824588
28638,49.7290377075868
11800,50.36430223833903
88710,44.381549052564324
3643,46.69440342112648
88298,51.51081244382837
91406,46.207858101067735
25394,56.83008630175748
101791,60.634507516905614
70544,50.05099331082376
72480,51.88073205754108
24682,43.49537714373799
25196,59.86879143618209
60929,60.40379323002266
57870,37.356368031837434
33847,64.91263874129868
25824,52.051767453742734
1826,22.36707505224358
27362,37.248221332523094
96919,41.03246275045639
71595,52.40362731149823
76285,50.94339660898525
71622,62.69701899344967
21100,56.467595177766796
79915,27.540617389805725
18996,60.20697762367389
53697,44.1022213870993
34025,62.27668135126139
53791,47.63524001169513
63025,55.73488912935069
13876,57.289483221765124
49936,61.58064599825621
47406,47.29638719641862
22507,43.36371012426372
38509,58.35609327693596
52260,57.692394826340056
84961,57.65159429760892
44925,55.127778599814796
60941,53.3179721215899
13827,59.09750182291804
74125,57.858956762599455
57230,51.43417521986713
42850,48.36219836242536
98070,60.04741757031589
33428,59.02149773220624
48434,51.74979753699237
48476,62.64496565498739
3571,47.92106463269002
52982,54.52800491412706
29084,59.17900340883378
24429,51.932291013349214
70523,48.82294518556737
65135,38.80952559719282
6817,47.55446433555763
5966,59.73966656773085
12404,50.19908161837711
42348,49.05230326598699
5015,55.5366953392998
56268,44.50315636475644
99507,58.96659332809809
91858,33.41168262633447
96678,58.46041449915149
87607,54.89642336780472
78388,57.35247392664104
44838,57.93763915693674
71057,53.27630479573154
54199,47.6907859214408
20717,31.9534239289983
62353,57.512771395534074
18622,57.315769055802534
67659,62.09298844816512
63614,60.98585098865859
36140,43.20605612188257
30399,55.433746606700325
78367,51.110878962336336
76613,61.322898818776025
68927,66.37150624693504
63154,60.17305149603905
31390,57.25938622465449
68539,35.1765047825603
21303,52.717817574879376
1270,68.58962371252126
20621,54.30598333777413
82055,52.133701119341154
1231,41.66056563654938
41164,54.88742643819725
69904,63.774647769515994
28730,36.08450685656997
77023,63.634358936591696
102506,47.716112141147526
2754,59.71592668224166
30923,58.13516621907695
8297,41.246621872757686
83988,59.77375420514457
18564,53.765247087469014
3218,60.19392771611092
76849,17.814601525776418
62558,51.92281463860852
68383,47.074301603681256
59498,62.382723335726226
20223,54.48575603594553
32520,66.21102087189908
14004,50.09011154387515
18199,59.50608482935585
87589,39.92347946171888
26578,48.786411592185914
75902,53.030234717492114
89108,53.304364872280544
98157,55.666021601353776
18517,58.17467845496908
63413,51.96621286974742
986,48.73507111191653
10310,57.41088470442492
56950,51.45433376021556
30542,55.23087571111623
5447,61.991348391885346
5910,52.54606935529956
53994,52.02541583196138
83097,49.34957571963225
76552,50.9110990119809
35861,52.72909521960552
90400,58.24485050833546
38864,40.60763392459566
3787,51.35317668567737
8018,39.054068873776664
60553,56.17380926843633
95406,63.96258180651769
79779,52.56977335308444
96394,62.15605323247085
16574,33.07319857847792
92008,26.619943583605842
50163,57.08052482281715
84835,59.6228826170978
89065,46.278468331685175
87532,53.49954089639408
92200,56.798118900468
63451,47.81741337554299
32418,56.42285899851796
96674,46.76310714609819
63092,55.05562077680919
29578,60.967945638973816
52707,61.56557274412479
27782,59.11519360918729
66062,63.1602079975687
72623,59.12155273080138
76779,40.33621262584381
19319,52.886026472769714
95735,58.74736663723806
58008,59.20652660269525
11209,51.19919688403835
65934,56.75822665432957
90618,59.36080253956007
68419,50.25722850519046
95981,43.86959667495593
91982,54.45797897180717
57816,43.11573426385049
29979,46.93113268490146
71337,59.36193194004109
34813,53.47881447273342
36270,40.59978431911826
12660,50.39831734342111
23962,38.66443620992639
50620,44.86013112391392
53342,46.634800827657635
102453,58.163789299110974
96999,54.583661796735534
12004,58.213206305924295
2985,42.62339119609858
83124,42.31671979299057
50188,51.666199378613555
67879,62.510260883967504
15865,58.99617258293096
743,59.283759529320804
61394,39.76639035880558
23969,49.63914121817482
31371,55.127087396335114
3578,50.8936323329266
46579,56.44602846524048
69050,25.859980924325463
66067,54.326802409244934
67779,53.84777935517661
87449,65.69878912442857
40453,45.19751575077323
29825,29.8365401832526
1970,49.52198153594059
39093,57.20776274827482
82014,56.80814170248102
25689,44.643576274789105
10349,59.20367011962995
96643,60.541980802892205
13664,48.4179945057619
16975,57.43934409700584
81745,52.03153025774449
23309,39.09651830540176
61275,51.4705495246827
51880,54.61814780746469
20739,53.256517428983756
75290,52.44438967361676
78303,52.50092704331814
22765,44.10981518372698
33935,49.401127693434475
48085,40.14715213116228
8026,44.06269786797441
72324,40.616499337639965
54374,67.67452788528118
79316,44.08572583905972
65869,62.29232500490754
94812,47.206089775449975
13969,49.00449738423072
69305,40.956964593261674
53400,40.40930877803313
46260,36.38640015769916
85582,51.97555195464837
59719,59.77522639499332
77901,63.88516750477706
75795,41.701139633804786
89057,58.581393473073405
9278,56.555577842568766
78026,36.99570150098423
63796,61.30509385361067
39587,55.34405659228867
62073,57.60662922220585
99250,47.68853215114096
47795,50.04471384636892
101138,51.90269913251014
75359,49.799745652472474
11418,63.86982198099812
85297,47.36708511975397
88362,64.39696894233485
52776,46.17393454750211
6069,58.98300869628444
8778,55.947030707915424
95215,63.904377578709884
102033,48.7295647344127
97292,58.475864360805126
4564,65.09259160967875
50030,53.01378002220862
75392,51.50830256595142
14917,29.67699229715159
43885,32.81333281287756
12866,49.13063684622438
83699,51.33911051282676
37700,54.047368791577846
34840,52.812215878689116
69854,46.47686372620267
92435,45.4942544073584
20038,50.83833223020606
69543,46.02001495654346
18997,59.37542025889281
25735,44.677394351972346
89949,54.28557140198804
20154,60.206655184298114
66748,58.12995913238587
7175,51.187504092951386
27549,57.04176637456194
27317,49.39495308209193
83847,55.29131234550998
40934,64.50177815404963
76251,55.37783188429568
32737,60.45183482954914
4307,52.858313571962036
18512,48.588491642285774
83213,52.903599935383795
63060,58.82718715196846
7442,54.26600606071991
66486,52.56085740709259
67423,61.85139960417606
6029,44.871826436266915
6581,62.153069698809176
53949,54.1753992490157
16374,53.46117086710724
17100,49.98904396716112
62383,40.416774200201836
47580,47.0358993638457
101499,59.86733456765063
8717,58.371526717747315
7140,53.172720346160695
73135,60.28538188275441
9102,58.094584438718684
102476,60.694891669055
57511,57.45788295019441
46487,48.133221538156995
66028,59.28549903387949
84411,49.15379937822468
94202,47.66100021431234
74023,58.43876014104513
528,44.03453060280952
45289,44.11424030158436
55800,46.53745040277647
88442,55.038389935314356
21992,46.36352719305068
36261,60.71920066185555
91217,58.1091481979939
66955,58.77310844612293
86367,42.38452151801763
42664,54.34276298659514
66332,43.331444654815726
97460,64.39643902896961
96431,47.835022553161544
17167,48.1710253372523
55383,41.21577435497826
34136,60.83321817992274
80517,58.24468835702064
90821,29.31053266797977
87295,63.808816497447324
15303,54.073541340515646
97697,56.441834371055876
86320,57.80460960247386
18890,48.587058057746106
77271,61.91237151682587
83762,60.15189426007176
51324,26.834557509522874
55713,46.535324040431405
9002,51.082559357333615
46023,61.02009990337829
62403,47.05671762842686
59041,55.49890161201675
98567,54.79765499053179
9933,53.30129343705621
60539,54.94711958317451
16407,51.71726479416738
39225,47.87376403872149
72218,42.34401770867163
85318,41.84638083035461
89365,45.46231733909511
87370,57.85312199490202
58205,58.14622787329188
61534,57.2739441463478
91005,53.76261149823016
88345,60.95398148935085
66297,59.2394345809266
19620,54.3876006760255
88731,61.63471078787893
71165,48.79481296429031
39143,48.89722394843976
16006,51.814270279040834
56793,47.967402111466825
87693,44.54682055779995
79467,48.28812583528231
63913,29.34352644156403
66690,50.003431710366335
6940,50.84186710058954
46733,58.369534767425776
28050,46.71168037266484
6712,50.88169515360814
64548,61.603541631533616
37616,50.8715178997759
100060,51.25570749493899
70906,59.591880100658095
24686,59.97090875390281
87837,56.32720551338916
15382,49.32604676939156
5281,56.45840768604675
35177,60.129408205537935
82589,50.030723037004385
81665,49.33127188763916
2310,42.436843747855846
93943,50.92500015066523
71461,55.87686725196585
75222,55.56830870092062
56076,46.14291162787177
36906,51.87586595748164
85061,40.282109415127024
87623,52.777986525885716
54223,37.69428456550338
20372,54.84925697154087
14272,58.66914449126638
49056,62.67017822976129
57390,48.96271611617398
56844,52.408800356031975
81252,56.95528773291265
27653,49.158170633771896
91989,49.166209299163576
82973,48.00938580693792
82664,47.97117862811205
80789,58.000494696616514
21110,39.27334498832573
43377,55.06820207525221
82582,50.9527701339467
98066,48.42803525751334
3361,50.39634413323137
54345,58.54923372147483
6286,34.61032490200372
46935,48.32521943638629
49502,63.861953766972206
47197,44.022090590690794
19780,47.957390596070105
21877,40.10090227556602
47516,60.38466907223964
79340,57.891822886735
52737,57.646666204917445
38934,53.21627541123428
30954,55.24194096544363
2388,42.84115416887846
98494,59.36214053208734
54654,52.250609973651535
24288,42.67136064333109
65666,63.42734039641131
63104,60.69473253512388
61485,61.01175844946531
98261,60.202462644064774
13556,58.61183820312205
23703,46.28573239741349
25578,40.548415089838706
46200,44.352983358266556
96426,61.284579443474136
98149,54.18296569722848
18773,41.94635772647773
15843,62.26802980476762
68619,55.19788557999337
50948,58.47332081499807
75500,44.20571659844646
9101,54.52270764701091
31778,50.905172624429596
37022,42.59771829346169
67956,46.76964411825848
19391,37.00104625838638
7353,46.81189494396618
82680,54.657106163268395
28636,46.96682468289659
91482,48.535397604674195
26969,57.07821251786278
44187,44.784196809621044
40008,29.709306539632866
87518,55.13120190545984
32580,31.550227266162594
102649,48.81502524145046
27976,51.35599485498646
18499,56.203311669447814
37338,51.443892585788554
7258,53.62294510876447
6119,59.27003399015978
54741,43.52292008892431
63611,59.3951921616899
26005,64.29602225359214
92134,45.61184491607178
26191,61.78457290649165
42313,54.68832002183406
50124,49.691877680406435
50031,53.01564981551545
72398,58.185391890401945
3964,60.462324792985704
45910,48.898132518930325
26704,63.48750829223753
49409,56.925683605280625
86000,50.15910233616757
10159,61.96807339300214
1614,61.211688805320705
96321,44.436845760481646
75719,55.41078727769527
68722,37.23794934555999
70827,59.357639805255204
63261,43.20866844552287
29122,48.782797392998035
41680,55.132732779249174
29980,49.83712238290308
94836,51.26221487025287
18139,60.80962820382757
83747,60.57408566836071
19872,59.90780715088701
6078,48.5124584391952
8683,53.90935127097516
50105,47.261076264121
11406,58.584065495158214
51393,47.996166056479915
25546,58.460792720465875
38756,47.36264852743244
63583,58.113065043791565
629,56.53156172541158
21406,59.871359148696854
21969,63.84209809522147
14510,37.40583032105883
84663,46.41987560809282
98972,55.069570470256906
50726,48.42305370738542
15637,61.37350358573571
37441,56.7473803594292
44557,50.80068370613479
13738,51.71884634267556
37212,33.40274371162381
62808,57.0146633386426
25230,54.902180226753316
19326,51.387197727772495
72831,58.50165419423584
85014,58.978975843244996
97556,56.17373861104737
86168,62.55970132613122
3434,48.31590197836264
61983,51.03179487788127
19273,51.73695623273221
24390,61.12637381236813
42649,56.79135590062371
21807,33.71005008066223
31242,65.21946729770079
68987,55.342241477121505
92523,52.61566950132751
77416,58.828254814460536
47232,49.687352143371754
56245,48.9497030770156
76089,50.596367429959294
6594,46.12115291831948
43954,49.10067056367722
48749,57.20859703507794
47003,67.2243815328348
24711,54.51175211376257
63233,38.20600219644673
31603,58.70129247004445
71175,55.78041159033275
18767,49.75881364843496
97524,40.540667401340656
35197,38.34599883790329
99465,43.66394070703219
8076,50.22421732099636
5266,46.9090255855288
75035,53.464227048888276
32001,61.62502590240413
15806,62.1436160230694
42898,59.55108741157012
3342,57.78368233123207
44258,58.18323188163989
93117,61.551924787009554
37717,56.413187704865805
75383,56.907806438460284
29846,44.17359095944637
81036,48.21484044778759
13768,51.35142744221984
102349,54.58504379381167
80470,61.34458730702667
98017,58.28104012077794
11515,51.039547622500216
83932,49.300750799072674
93454,49.53931901396838
30850,50.75084672221234
87147,24.693317308192942
98343,55.22981530420357
98493,47.22040471251368
24201,50.4618980337886
89322,58.52010721716649
69289,43.22054884396434
2528,33.0932641292914
4966,84.20603032710031
3836,53.89592388427553
35186,33.470200487560525
19681,52.702312560844184
42105,43.524415082336375
73805,55.673930519730575
9366,62.326313210910975
71825,40.594948505519724
48416,64.28525916112596
35523,55.59491567331244
80410,62.65021980298387
41434,38.81219307614513
16957,51.641968700690434
29359,54.66307327107435
679,59.730262574912956
59006,50.94459942764982
49304,54.272757898037774
6609,61.393492674042605
95928,53.43706996081356
25719,59.49283707535792
28239,60.59165873285477
76976,60.309987509576146
36480,65.97581213528643
36739,53.06166767212732
26001,61.8047062657308
48660,57.27933321081358
70012,49.02632968648969
77337,58.37022519596668
47171,50.25038719384732
45798,42.60295376855346
63597,47.7518434250452
15431,58.62520509638142
26368,58.014577542790796
85665,61.7178779650755
29081,49.66445818503973
36216,55.07029372733767
81129,51.76603370019002
85554,65.07394748982487
80875,50.83934704949381
75618,57.24129817077371
66488,60.43414460666966
49427,56.95969777889065
33329,50.02750395938948
31525,50.3476144939671
61048,51.237760543000704
16458,31.56214769280557
40966,60.05783833208224
2391,57.82831537651025
68610,51.393718485196864
6433,54.31750978784453
3128,27.945657274915092
39413,49.07367051023831
12159,61.586081158059926
94936,60.59298478859351
99928,41.68602147950999
59635,54.70763924894953
87261,55.39273727246537
14421,53.13919076732828
5662,53.8472927258141
17504,56.191791832389185
47879,36.313477939029156
47604,45.61809745028234
47278,50.98285074245547
60708,46.55123531666337
21563,60.887395967906826
24620,51.50671302009256
68195,51.38242845913991
43137,42.79788259765789
45660,53.12029719031289
74502,44.288450823511845
7950,31.29795271955741
57743,49.589702681324624
89668,54.719338480492425
100889,50.13787430040478
44462,58.64293290023829
43809,56.62491576219842
37256,59.975594682366086
24860,44.65016336349243
81909,56.28803959931082
70129,59.1244081830943
56261,50.83030807857431
15202,50.28615243717333
88991,58.055017031815595
41617,39.539161566854666
83328,59.50737937713214
56346,57.86239203480919
9686,46.02810409710786
38434,65.2828641506435
26221,48.483188898473365
80173,57.97701879277081
10126,53.940470796261124
53650,45.70412436736794
31938,55.18944339479826
30235,50.8842927781426
6760,46.60509796757423
47943,33.733449419670414
66998,31.252339080951806
65532,59.33288551590449
44344,50.40645982781451
86865,57.47294992248302
40030,49.85717938171035
79406,50.32850124021738
23248,46.57677073082078
69062,59.75223140255008
24119,53.027161895484056
37321,55.130030202943935
75701,54.939707849673944
102006,49.137600889191184
38580,57.86729112942679
13024,54.43506160441567
26266,58.55350394181616
1725,48.95351526408222
86127,59.47383227016069
4996,54.39868450135427
50223,56.83532248398196
82561,52.99508775824148
97397,39.38867776109256
54807,59.23215360236991
68588,34.72210800978511
32876,42.144827947363964
21714,34.78732119565003
54589,57.296173707291274
84520,49.278074048277354
19335,60.49992634131641
84694,42.81457857486673
49694,58.395688624193106
92085,60.072391388287315
420,45.629340967663936
26823,62.43147967964054
65029,57.19363316061702
24567,55.871236073713604
24855,47.89278472665331
16382,49.79101875020132
52732,61.91464662179723
15000,56.381416518504714
95349,56.979371014395255
37929,41.05215193276367
94015,47.554905467163586
22975,50.81841486981483
101658,42.86633634082595
77363,53.98052852273297
40512,36.036124774737814
87653,56.025731784816564
2016,36.36010806410917
101732,48.740941435802846
9025,55.00174668289766
95590,56.34867752071712
56675,43.93704391616695
188,49.87457266548201
4871,52.572226280731016
14148,61.61096498500181
49610,33.01587830737052
64287,47.96513255360557
61423,54.656080604632216
88851,52.52891218593031
95843,39.033856570558015
98804,53.31588359236079
18143,44.162591742692435
45251,32.01940537077601
15169,60.05845417096723
27633,59.05276593756538
75053,36.06224839828964
31683,52.52223354292251
100401,63.31151072112586
77950,59.343534256204634
19768,39.905973435806175
76276,35.30783931831156
32499,59.99732791367307
35396,56.570703499545424
30445,44.39066988081278
212,50.02875529616878
31850,48.10735096815142
13593,44.07929111837731
70020,61.51152838387206
53826,56.48683483665695
76833,59.500566771978676
33256,40.043944910714686
82532,55.83084139811192
28285,63.217853817926056
89010,53.48447105246177
2625,52.460701303489614
16261,34.559838308699234
61059,48.96998466234426
1512,48.54150086556715
12938,52.064173998207956
3346,26.77733601274515
19553,55.60595016141135
46909,55.97973086681683
48295,51.37006340006376
39709,54.14707951105798
67927,42.993084673296224
91392,50.18131444449861
72383,53.531937091950496
78398,59.468962019069046
34804,49.18669004739546
11127,55.47246141590209
64216,53.725563285009585
34362,40.38199017636199
2475,38.15209296643738
97499,50.17966310928561
23768,64.06703694789695
2773,47.74813906506084
55758,63.162470892371346
92529,51.522174210759744
33228,56.16752615387339
46582,32.9200816561892
22818,43.54212084008681
20048,48.49237893953319
7910,52.19882136124893
11318,41.161284085220174
51186,60.279640346395695
53752,59.35349676630023
91549,66.90398022860217
46029,60.333772404533235
102093,54.05026976079707
54985,47.07825225657592
12584,46.734271673525654
72344,53.19281334590387
67871,32.87080029804105
19401,54.4413203172314
76834,50.532788393251835
78157,60.3204559314844
62727,55.2267603739621
16450,51.206680322005354
25236,51.27171132882319
69482,46.63939511996372
6905,50.637156626135685
99667,38.47969334062317
37851,59.25144808405123
18898,42.831260047970204
97930,38.23115703339465
63891,44.720221547725764
99088,51.68319017874625
82899,46.16972426707308
51735,59.60760216363821
25742,58.76775074598025
33623,55.007007997827124
84348,46.68636927031267
53291,37.47956080956165
54066,58.64844428541379
45783,59.99259109207161
10848,58.34564919281934
16452,49.953078806452964
39113,51.48334879995242
21999,48.07902513241876
8947,41.87661815270507
74324,56.313509801418625
70998,56.732960406573476
49243,42.86131267935079
80242,59.12603832611239
98546,57.204482407860546
71644,58.64546062692051
44015,56.26616446308355
86362,36.34312080645267
24586,62.28784967133829
61251,58.107506173783406
10805,22.00840499716816
30322,48.94332232084215
7609,52.42281637282274
25350,41.87941629763317
97767,56.92110558898477
91295,45.045038609076435
8009,60.20734485832557
43879,48.886636522942204
21771,52.17540695681908
57066,38.248899432481636
74131,51.47934885096317
28524,62.29934718513864
13805,41.32669874950175
10352,54.17501087628057
85077,58.08408242121785
58035,46.37389843891382
49584,38.00009121129284
75889,54.736855318462375
9544,50.29987988230923
14116,59.570074728059154
47734,52.360762522071575
66269,57.05291696200074
26966,49.851938586049755
20175,56.035754135570215
9557,62.10998708370229
77676,48.27381611296328
74954,54.72683035823878
94002,38.760382018657566
54447,52.5536989665383
54120,61.20311981718669
52688,60.99735548166721
87986,66.16592957358716
84758,57.52850481740978
33160,44.05049211452252
3948,30.17286766953978
5248,49.86039434182601
20904,50.78726146279701
71275,54.99907934194392
36590,50.48228292676194
100970,29.532255916798157
96422,33.5820375070419
78740,64.75030684836176
460,62.74672992704257
29474,51.12285938248457
41187,59.91802781790062
16472,57.653917991588315
48705,47.20936736098504
19240,67.10684470680546
37021,39.41399161309275
70545,53.89960330847973
4119,54.59458568361973
32905,41.840458388783276
98599,42.920921580507695
14447,58.454201411582574
79901,61.53941062524246
62728,54.36662752171807
83243,53.334939601040574
96107,27.567602323075494
53631,48.021282243895286
50647,44.09757608785002
1088,48.4563383396983
25678,29.7546065417725
51094,52.3684790867508
1366,46.92476617893754
66665,34.57093937525656
30202,57.36221731436375
78403,42.69730383088844
37330,56.09102782652019
65120,49.62372388845557
75838,57.763499590279125
73924,51.65280658524184
12064,63.602400173538946
1181,60.343133604145706
42463,43.3501959565927
9819,58.63768550324539
92330,54.6533030669228
954,45.835669731942566
10801,61.175080704958745
26715,53.04139783552003
90465,43.94986651931016
60507,63.350040037034674
83939,46.554296681184894
32441,56.21795490119285
12829,54.22345282701605
25842,46.69031110387652
81900,25.82596703890561
73960,56.956079514386715
91753,48.33558812024963
70639,59.83800177376301
56106,48.84904811810716
5537,55.105733265524705
82446,31.084090278514395
32336,55.00217093699511
566,59.28606554422305
58065,56.65617967092805
46310,56.42220949488066
14603,57.546761978175766
42014,57.7226200424265
32516,55.4764607709146
36857,57.53652489749966
102043,54.62521467661868
95661,48.12763907259705
71228,43.211192209992134
9313,45.8956756931932
4158,57.504759765983124
6352,58.00817222325374
52078,57.576697437447336
57855,58.708456395866705
88664,42.655166130512455
23110,55.92655894572027
51457,61.57463414257384
96754,57.616574571380916
6367,53.39486000384172
38331,64.70314347220268
52384,56.360073063976245
88716,48.8251418373165
86307,53.10555949673397
81381,31.530704760017613
62794,43.31645527355406
16300,59.70762334036427
18214,64.09250637518227
38966,46.269156177396994
15416,58.885390254163724
30090,0.0
35959,61.771747923579966
78288,60.386471874159724
27064,37.42346566014678
27432,57.23967563142448
47652,51.86789991335011
67339,57.17340753414949
60209,60.94657098867896
26276,60.19749462885095
26140,59.70060752085206
25384,50.66685368514871
23495,60.96807523774599
71956,54.13627484008245
36725,63.80741224953917
53502,56.739943190693616
77018,53.137923524043
84849,44.928604963524
80208,46.306746809814896
24394,52.82584845161635
25323,53.77955850932513
11328,49.59175894118015
49741,42.020133214545474
34675,59.24794338909121
53957,47.764725957947064
62793,53.1994040558224
67265,59.01789159105079
76269,61.15250136609881
13202,52.14397086387472
69832,62.493688109958114
97199,52.25521537756962
74382,60.69116334025942
94513,48.43925657120418
62333,46.81625908899124
41755,51.74959421960347
54662,44.74967327237625
67782,53.3120873373899
49847,59.61241688403248
27969,51.82875456393639
77232,49.05773127242714
62335,46.92934187663874
102242,47.972712951716986
79039,59.904499820328795
101330,60.06881731879933
88455,61.082195930614404
101471,60.058341373380415
14787,38.93115898749497
53246,58.86839117909814
75675,56.949007390346566
94976,50.820804482562274
35591,54.966281550673685
33772,44.654970238542674
30570,52.78426434620402
54953,48.648439370891
465,56.637346087253825
50710,34.40477940651065
65041,63.04289368633019
41516,53.44330294137077
102623,56.653547586442336
12068,49.99298012025559
36713,52.26707454114191
65168,41.611537683762585
18686,40.73691754537566
63152,55.231661844876086
2352,50.74317314140589
23513,41.292098824893785
67159,57.50890452270344
100107,50.54474183021398
10145,50.046617739586836
35717,49.37264794042906
36635,56.38491255310368
62296,46.10992863507775
92229,49.30717375729516
35198,57.09790838144611
54440,62.140539210059785
38159,61.48385926948018
85684,49.329942171079196
96915,56.7329614228116
44821,58.36691634350929
33894,52.181152766036305
49734,37.12841983531575
37373,57.82550896392464
6695,37.16488435430071
4224,59.256775130961756
11321,55.855728370728
80719,42.2260859215972
90285,34.757524615856894
41031,32.994493920476124
92323,62.26284604409318
79871,52.552345229395726
41149,57.72548003970328
61613,53.249049366529775
41255,42.091627581805426
42581,48.69600048541521
21184,58.892239096915425
59793,58.19751838113769
91334,27.248433012738502
29453,35.83337554186627
71548,29.682013452894857
13191,45.48225728644073
6945,54.12500644945948
90837,51.496508328145346
41351,54.460186569442875
50533,59.143723481997256
75608,25.195047660836895
79212,49.429541207608295
30404,28.96002848402267
94318,53.39815273517628
20467,53.65276174667468
47686,61.71729927443695
28951,64.36771722442721
5718,40.72835731099711
13463,39.06133164558646
65781,27.83118378954323
19805,51.22983520473916
97858,53.35513357345777
47519,47.63488959318462
38585,35.88076476138737
32652,51.723939636871414
99892,54.56533182184252
33221,53.35425865485377
45326,54.83847110503304
26565,45.38308132904728
41754,46.47775530303359
24750,57.5739559591417
82293,40.904835401060474
57696,53.34840924421771
39349,60.8782798146772
8303,58.663493981075845
86667,54.994413503884445
45706,47.51678331306563
101939,57.06628829181217
64323,55.4862156683427
93061,66.23176541934868
44092,43.894893403943755
43328,53.123965332456194
51452,48.78866678129618
22920,59.70255290868477
18625,49.71070866550737
28655,56.07890024239141
49357,46.77429989004651
90058,49.29061985825207
83250,45.583507188923925
56187,57.61534726117244
37054,45.06099942105299
63090,62.34971960705546
83144,53.47563400830326
38211,45.049114237239756
58017,48.78603080228125
3205,56.25423713684664
99109,52.99154103096464
43145,48.82365412297231
69415,51.46979448890916
82205,52.6346681139346
61289,27.47119286391963
35805,53.64596481332399
98039,52.548080655444124
50818,54.32005419254219
22847,55.057996179799616
77007,55.053652325466814
76431,39.77875917496031
90402,53.650833340562954
869,50.778988540605944
95516,35.62782081401987
47707,47.756635203862494
10705,52.42495639615929
93698,53.40404793481493
85774,56.44637364068023
39457,49.496369584822205
74374,60.33843011980916
90577,35.30078027651224
98318,40.23638795066286
89547,59.35870319507785
12377,54.76704037703995
21504,59.568804696263896
20619,53.44621594622369
61374,52.49889588005332
51455,61.05578872360673
65396,46.47635751247047
67015,52.783460296396754
63210,55.353734115656216
25318,60.24842675441101
5312,34.80727948672396
44189,47.311992612638754
72154,61.55042559645064
40299,22.958167130624563
85702,54.73538537662684
95648,52.62403076015901
41053,39.90250785648562
53121,56.45500465351773
60304,54.057985453332535
46539,62.02566748457368
36680,65.18358610066922
100251,63.118109941324064
101540,55.666715194535094
78027,62.97257081260984
83562,29.46051937357078
96100,58.9898781676305
36005,46.52422951744697
69200,58.318705909259016
68957,55.51780634634521
17647,58.936422351404616
76558,50.662095026513896
15719,55.2075666567982
26106,59.40442327018897
47600,52.765366402534255
34981,56.15724494797154
70733,56.68713670286715
38283,50.990887036121286
35310,47.1894705613258
84393,42.8032464238235
56604,55.61129614866745
36829,55.642739013425604
51296,49.041088137097205
61407,50.20106487827844
44434,49.28958164862483
59270,56.01500988299281
24248,48.2840231299137
9762,50.91963324004799
575,55.90195122959386
19628,57.54650990721436
45947,45.85024902298715
84205,58.373953873784195
70169,55.133863765002594
21358,47.30661469390518
41037,55.13272230464974
20033,51.21849456107351
73234,47.80951488374381
49191,45.62149842839247
5001,49.64357730143937
79093,28.083114359245346
69272,54.96242795884534
37366,56.40560273535658
98022,56.53561862147993
73482,47.71320618183675
8489,36.025762379926924
42706,65.12539385991431
57602,55.540262730807086
9403,61.70867130256318
8976,57.527613038701645
75569,43.03158610838964
20771,62.51000049368352
15075,50.29540920984557
13630,50.715575832280685
51582,29.923904400034278
48196,57.20053365377386
24712,57.42737844969453
58681,52.12345384734623
96744,56.944313807452346
26702,57.8195546248843
42633,58.07236429954905
9580,50.845658739323845
11693,49.126992418547346
581,47.30023224772484
83772,54.808290897160894
16082,45.03499954829425
32005,44.14770569628224
19601,51.53798302741632
75368,58.33258848279787
42064,47.83096983733745
7996,52.970891187661294
24573,28.195318723454733
29097,57.60222208182437
1757,49.86795653248994
93134,59.93351850667069
94492,45.679994198203836
42449,55.30706564961453
11529,34.70298368404088
36085,52.96149218349621
5375,44.946894268297314
70755,47.95706112905043
8271,61.133279318362206
82319,52.860132561778826
10498,59.25733466995875
95325,55.83409780553093
51401,62.59374273411419
21117,44.09809447310756
97041,32.73156889423251
46754,54.948690762184704
64223,48.57358816567736
93802,53.06016332566997
10937,56.03248111789322
22675,57.495511683734705
16128,62.52651545446077
16823,32.52673669664445
67977,57.56351875752813
17363,55.28649017758397
47698,58.38967731936066
98982,61.02559140726118
59540,61.896603370033006
50575,55.308859851532866
95241,41.73710446126683
58229,53.96792310450417
65560,54.948231441997045
15876,50.60908984318806
34254,52.72875040929999
40732,50.71547269916979
1435,48.825624730246965
97471,62.04310041839006
65953,42.73705805732518
37771,58.37468238091737
3543,58.611246904403856
71773,52.21959339795335
95839,54.110246915753535
23857,54.90061811036588
71140,47.467376570817706
2966,52.81443484801368
88572,62.2197555046513
13767,43.14823623268292
60379,49.01344076626515
30597,34.35541867966495
86099,57.13269750100211
57340,48.78733387251007
75724,50.52173473013461
3796,54.53096637482064
79610,51.97185671838192
84072,63.25960772375778
99908,54.09866020639667
23374,65.63976711431755
39735,41.13820286924747
82896,47.831187472816914
96729,52.01385103882428
74944,35.52537370196727
26371,50.76824191213652
17863,52.48799563683322
48115,57.55084810694122
90730,50.56211755804632
45546,52.89896012384088
35868,58.080349842874284
28067,59.42934528352181
57165,60.14434775434956
2396,61.4423313143829
64833,41.73028498101178
7406,53.12007507651386
16844,52.53515018921634
98841,45.10221034970104
42369,63.980432470717446
62548,54.780599800867996
42697,52.46396109833997
13129,58.207574486672684
49221,53.32790841574716
90570,47.556592432546914
17424,31.90272681154804
67749,52.538992951642534
74635,54.404764390873325
99972,59.83327930006101
31379,47.83294432502452
5153,56.93815449195901
68835,55.81696476391045
70473,53.57109363413578
35138,57.21462886781794
42487,55.47975854970347
83626,49.430503302262345
80700,54.36634665398063
44257,55.76064762399828
82563,56.731171502408856
36486,38.14023905778106
99591,56.91852404165395
83505,56.997268988680666
14343,45.543684225640476
80552,50.90880795545774
63370,37.29179979850113
5588,46.048800174579505
57773,57.631417946259056
87213,34.065326324390625
66543,25.077153491583605
6681,50.411050564080945
80845,53.17442656090985
74433,51.450132614027844
24836,36.005582163129894
102056,54.29303969673846
63599,53.989031446685104
35631,58.14338879833978
66898,49.05179297264626
81417,29.60552452508508
12316,40.32284938867804
88863,42.457388186353626
18894,57.35537923067489
54050,59.59868722388239
27819,54.67613211218128
50078,51.31449883673385
15834,53.716953230714644
90981,34.81828066064245
70439,58.90732345696321
37030,61.99533837856437
11503,54.2319987963425
80966,54.72447995176742
72773,54.089766862579616
28794,56.01452255153757
43332,44.797915999684776
39604,39.49508605584848
4000,44.37029998986335
91508,60.96552355693549
95361,55.84940183538221
96131,51.75758929313638
77662,44.525412680445
30368,58.02139046849016
62253,52.997302792142584
74900,52.037416124188255
38009,50.85859216413613
51374,31.980870583059016
23032,59.285256116772246
77294,57.55084810694122
2836,49.218600166082354
325,61.00940099220208
93922,59.80750246078193
62806,48.58671401833574
36437,48.4986001204887
57175,40.80936751622861
65720,52.49687175093662
49073,57.33153423355636
39322,53.03002346551143
95117,62.06446639101531
84328,56.351554908267715
88280,51.70506545355158
63018,44.44530740552688
37277,60.39797421628498
23017,62.124739901728574
52788,42.8450552233839
1874,49.15233483764952
101119,57.387524985067245
15901,59.36427267220988
31148,40.84506468276828
97430,65.55820868633606
32231,51.2270057934829
55337,60.2576524404059
94489,42.85187779409251
49481,53.86742706054602
67653,27.022483292361162
11235,42.52208856049789
72257,52.1122835750279
30773,70.07993084448343
75935,57.57837080978953
13338,50.178502499780386
97119,49.86262092275891
45562,49.425147469479725
15861,51.4918772925339
64972,36.45831082880544
84869,51.45732525798089
75908,47.68779403194236
73486,59.81679737878118
84695,61.55226513663108
71258,54.63214988336587
93657,58.36546220982144
6003,51.26877349809008
65986,36.82340536119176
12508,35.97240057759032
90152,50.609192619814415
66533,50.06325387929217
51479,58.370762534231915
63114,54.23876334964885
37159,56.061303629765284
13906,46.15487637175724
28280,62.09946682431533
55813,38.32584467791336
100695,54.11118092493132
35773,58.396058120944026
49606,58.31360832082384
78737,54.502733619303335
50992,56.5830540596081
13132,60.593965272194126
35575,39.04783260587765
40833,59.88641716007831
56130,49.25847478327779
52822,55.36445148955204
81810,49.671608256527534
15936,54.08829461029415
25281,59.682511276399765
28496,32.71641114227879
64429,62.736167758137654
50279,43.48500363646446
44614,59.39252973526596
28272,44.94706060484971
58931,60.181754451460336
9148,46.198802120403684
80656,57.12349691180373
97635,36.216865647387586
23251,31.89932711024226
76935,62.31680878833384
58766,52.58040742525556
57960,58.35540923804607
3565,59.445869623130555
57502,28.07198914975857
90900,54.414716446092875
49508,54.482344031279155
81551,63.09451231461944
861,48.00557879565469
51288,42.179068962738455
29478,48.555441321972694
36833,58.14794559353838
98056,46.25956312649606
70048,61.760691665343934
46514,60.59797509137883
37038,56.43796996890127
45690,58.87346608172645
80501,49.99878345431783
29698,36.16490440444562
37112,48.51302001338908
85036,60.12205478224576
32657,51.16801707380852
42312,29.43473464463969
18577,46.6185489003039
76846,47.68502170258981
83764,55.359073219629906
8019,40.60702485895659
16894,46.22767738177035
88212,55.18170486648145
93889,59.13724682245717
4136,44.749552290070376
50330,50.689580103076096
3778,0.0
52419,57.45291211979378
70491,52.76125122629005
84139,61.26745213457068
83483,53.45905647556797
53226,42.047635127246465
23338,70.60173640655096
41910,46.80826672756391
62712,62.21908637783255
2232,45.8127512197267
78382,56.82581424989885
85791,56.66204995622866
63385,44.9042552579258
17870,58.6272106641602
16653,57.92223976011874
33655,37.0561215813351
13313,45.357115287502346
45807,59.54824265054717
84369,50.049520238549704
68583,53.522447598516806
13022,51.74183217747014
97771,60.59103927957457
25793,57.54694349994701
23057,48.96876833962166
2483,42.39604149265237
65328,57.90378784711437
23220,39.67164264781653
77031,55.293097171828094
55881,32.37880923163062
37272,29.247964357386095
85700,60.23628461338534
9638,53.986283182152185
12069,64.5136964626684
57784,53.97195273803439
45032,53.702471620750806
46383,61.63727950285039
54933,58.90307623118855
78348,33.18249907075439
101128,55.04331347582518
100366,55.96386084492154
64562,50.43002822937356
59466,53.84049161870197
82052,49.23995869451819
59487,58.513947845919915
98838,40.623820270154646
3894,56.14449879975667
4769,55.609410596480245
23350,50.29596833555436
29974,39.960051010719525
101985,54.70627799150363
64889,62.22735625063518
29395,43.35293070926017
26927,47.3601328869202
43696,49.70108708320902
9073,46.474124259753076
7294,63.7766642888784
33181,41.49005613579097
56940,58.209531167565814
12374,48.753288544770605
9200,55.043415073974856
18935,61.84097262834842
60666,59.046080877015406
19182,48.892326925434055
63878,59.17522727408934
57565,54.22300871069719
51319,65.34162623879243
68591,52.611858393394265
32933,28.098463533890325
36667,57.860523067957416
8559,36.37856386157507
89482,54.866577060519376
91129,60.2700182056241
62673,40.51544984753656
72919,55.67273347331429
57433,46.831818120345865
28132,57.369514045074375
18738,57.425516491186634
86804,59.70666421881409
8187,61.540053255935334
11542,53.53410040580271
97134,61.48005976778718
78341,54.37755718820265
33968,63.54924492610134
102561,57.6498790018632
64702,54.54841418571821
67923,60.20333492890556
31105,57.800989037380056
80212,55.84421167064097
17690,59.43233226759193
100207,52.65150012904367
43888,51.88349287940282
39288,47.93926675005391
46694,53.333497956606806
29540,57.03541826156779
26602,53.432118699221675
4362,58.894307978899974
56933,55.19596954245594
39634,42.5939970518592
26387,60.266653743794606
17751,33.8699290225684
89132,68.28711660307697
13027,43.89224175852933
53817,56.92679480044708
88920,56.053975677747786
74595,63.03128223447732
22153,46.389785059377864
44836,49.18314493669855
26265,60.840058043893706
3553,43.30661716757418
25511,54.920580697787436
7976,54.70184494152914
60859,58.71281018306745
88589,59.62271342867341
78080,53.74633394430492
42374,56.39589434526361
22006,48.757800065959614
95576,60.7050833780758
17833,47.64917683609218
62849,57.16245630221609
1378,35.22530834145003
19657,58.06156283964593
89484,42.403618423948
26332,50.850004827645925
60383,52.44268927599478
58937,57.56937469663637
69738,46.1750516905321
50942,50.72676878899732
67135,59.59819805563913
17081,48.11614340622312
85513,57.068595844379296
75585,54.77303491561625
77250,52.8202683047993
39805,47.66328347699299
10549,52.690857473961735
38957,58.569281067535925
26760,53.21528713657458
15383,56.174733002113335
54657,62.782226077866
32612,52.87742677979726
98651,35.825955968566404
94652,45.18595068194699
20258,39.732306982054986
4042,60.13791298956225
79024,61.84279344827733
90025,41.488999675091655
65180,52.96088657161263
45739,60.43584912316693
84264,62.443569146027826
2553,54.67190004372022
1669,55.54302352883998
5740,43.96322000319849
91453,49.215703979260276
72115,56.333728435196456
4483,58.234897945635986
56739,40.80771118700844
86957,56.20018380206625
101523,57.96576114369469
55546,61.982415026504896
51235,41.894330739689096
71318,49.50302863286864
48059,61.56603864302032
56058,54.43513556466246
77501,52.69236816339158
94442,54.15372580825216
69204,57.625764409130824
24699,56.80988886139636
7924,54.64500619109697
48294,49.58996663010638
98772,44.2041710349576
37899,38.44077834981293
93300,45.919421824002455
5279,51.186137148010545
6650,42.445063289231726
2779,56.064015898727234
29878,50.802970379446734
7358,50.25152550878885
92309,60.11629020162577
82169,55.170521916779116
43171,58.26493188210971
51232,61.02845421892115
7012,56.86242860919304
55944,64.34471903955547
94017,52.43782083616392
21087,36.86784343024583
74511,40.329395799951236
101907,52.4935506337273
42306,40.8428799646628
82234,53.54501114211832
64075,54.302719111641586
95807,49.69200039324821
26923,60.11778255503202
8723,53.91097839536703
39963,59.78890103951345
23219,51.72800518174798
33790,48.15666971019059
60625,54.958061925644174
50728,61.006927809304734
18980,61.29338045101297
66441,50.32679884973802
58934,52.42044996324858
39269,53.12588730695403
90300,60.986461705422386
19357,59.73585294410121
91346,37.762419961673665
55607,49.674404383182164
58874,55.032319756095355
29665,54.99475407366313
25036,57.29889601699724
6086,62.09079244833361
42168,34.31574666934388
37174,60.53575753650709
52397,39.70793645912113
35293,50.84265068055052
100869,62.22735625063518
6822,59.82910194130261
102098,59.999786293036124
40623,47.30501398175157
13402,49.18760707167865
52396,65.26439445517765
91725,34.5846261373529
25200,36.4650428348697
93584,51.16676789899306
71119,59.65785631764008
66145,41.895562436376814
39258,74.55884621239956
11422,54.96806348590275
38077,46.93824620948134
75956,33.99715482671191
62509,50.63531001203902
102080,49.72527528863247
46280,51.09257594031553
288,48.47504689234736
59905,11.22346384214336
8375,56.520903330160984
2560,50.322116208716
7084,33.70608667158185
56207,53.07997390496975
91447,53.88214122656187
67790,56.77108610995287
75166,52.62830850311001
99185,49.50194625828142
61675,62.19376779988762
47096,43.74348401045133
87263,60.75835926712215
80132,55.32557924498887
93683,56.640985871890564
79852,56.40294417894243
5647,54.60442336780591
69601,57.32529631644621
28644,57.638377203561646
100382,33.762349944428564
63971,53.63833283798657
88541,63.92043519682831
20263,34.68950394677195
69077,50.32502686624842
75648,50.69698927212899
70371,55.22870224074929
29020,52.86462525019187
77541,61.5816705121774
72650,56.95541148206036
50558,58.37499822312637
27173,60.21623888722919
88534,60.36511565944956
49261,47.90892386862405
77021,41.102355050309924
58842,55.9215352383968
98967,61.14456584375435
4550,48.9063280552468
59655,28.81136185209818
9180,57.55409092912453
2290,62.22367202750736
27092,53.51710016213065
55011,48.526877652672006
90466,46.06868908471997
78231,55.36445148955204
33334,62.184959502306825
8887,63.93423667925657
61458,55.39547835760254
25501,55.65876461634755
14567,33.1142951335237
3052,59.92741485238791
15459,56.58653799842467
17498,57.86724496141514
5388,53.48826866891851
88001,49.57187712643341
12539,60.784830005690694
38127,65.39434065322317
3127,55.12712724178488
59243,63.04311097330384
23156,25.907739789340596
45945,59.20162095192989
2537,40.801235809423346
30334,48.30362818951486
72479,49.68218351673224
58603,50.20604851572813
12639,43.89303329419289
3562,37.71008753380373
1981,49.401090350013575
89250,48.36198983154597
15424,34.38336616488863
7631,61.604361469668014
40282,46.909569927851564
4754,45.68924224142582
63237,50.67374068919376
24959,57.989890971828004
80843,63.82842267535431
80310,62.52389857987069
33470,33.22741974299504
5289,57.64105361816134
13671,63.20918214747538
15451,49.80898741289286
8238,54.24969734007137
34276,47.80954001033712
88107,34.787613176306486
26417,48.214890037446835
62884,53.82040555299881
37922,56.542050343482714
18663,56.78882414742725
94669,60.60154032451241
15685,51.91224247525648
38224,39.83981205604957
31332,55.227498328086114
19840,55.64378023804062
51789,44.5302365437106
52387,27.16847776184259
65863,56.79713718090695
24286,48.640795987068095
89421,58.20627619711655
44185,54.33696846915329
60281,46.57053236125219
87223,64.12757982601003
83578,45.640973874075016
89676,49.850530289544665
15458,55.01660692789201
20408,58.784251613108275
70508,54.654677223571554
55143,51.13678978118814
29725,49.85937779521138
97407,40.45959226516989
1788,55.68873414839484
32097,56.569221016139025
87982,61.285529583158635
58786,60.96388738237144
60269,54.532112615898804
7348,47.22063813085907
96719,59.35902202480051
66120,62.5656147271349
66006,51.52202961868201
100477,63.61437267468315
30167,57.0218669384513
35161,51.94775814888435
40492,54.63763852064399
60872,53.90989980606866
75737,61.10142591995666
872,45.8669635931946
88064,59.46650905091153
67705,53.12142793638526
30197,50.72674164024202
99755,58.00952876594411
100830,40.23839008181999
91667,43.390038312979385
52918,66.28997064730635
62459,56.53422592400482
25570,39.048775659952454
53821,62.819287698369756
56460,57.9280622012036
34637,29.150069596502757
73595,47.00436031595105
39216,48.139270395723116
39077,57.89222522997234
36439,48.350149267116315
50527,56.862148956938064
28543,47.34486366298092
78562,49.90685678554948
102001,51.42809557413379
95455,47.53642330271456
38770,32.87292492356932
48049,57.43919609768726
30012,55.60400997415675
78758,53.65551914456372
75385,60.51297605279706
39148,44.56650268960271
13533,59.840165895042674
34191,56.11885384222902
14528,47.68779403194236
82075,50.55900574867427
66851,45.28387049107639
4975,46.4578564694218
81198,46.48908730471438
32252,58.687622427151915
37091,47.87059339249549
3293,48.12972058400693
74216,56.475040031530625
87411,50.754960762466034
86807,61.339762892111935
6265,53.0103544642473
87078,34.21700671400206
75481,51.29629386186937
20978,39.17048531252583
89998,53.315546455388805
75280,50.80047513636241
68654,47.63825615177924
79440,45.8870201759324
84285,36.86539764355057
6840,43.07269845486366
49222,46.695750272302824
58683,47.62925714748948
34555,48.72979137887744
96900,42.500209668255984
15886,52.7086336274255
14208,61.25852221253824
102671,62.4551823354718
81455,35.48454084792596
27613,56.346429757848604
7979,51.878765997307134
24484,41.24458916551482
90193,49.166077377366506
61856,42.018209213295876
35106,52.743780053211616
81744,43.703091348379445
44669,55.598204601801996
29314,47.18640203548001
56756,55.6940699127386
6014,63.21333720710527
55949,40.786057698399965
83329,61.777384861664416
34262,55.648956958730444
44640,41.000377037891425
27785,56.278207746515676
11930,53.50841730186513
48530,27.576686819987295
37233,62.80812468556104
41350,57.80422368597585
58372,53.70884096860449
79507,58.13095393165254
49273,52.80901558255575
83741,55.172120874856454
39739,57.77945701136337
46140,60.40448654873899
50169,58.18225096460404
48309,44.60598934075355
85870,58.24791519342473
59604,60.399662680850575
23462,55.3803337849607
76644,51.21058379056104
32724,58.33402699054594
102279,42.238456179750436
65065,51.349611104263474
92662,59.288450573712026
73642,62.10511275108652
89699,65.89620455102975
12085,52.853669477232785
77309,56.619592392736685
89722,60.073214620083604
23603,62.03052693531773
15495,54.11996444057283
63222,59.690362079160465
62560,46.1825535956802
12765,38.0170802210737
80908,34.20593985483613
28450,38.19492330702886
15344,60.16557418606928
82654,48.562132933930826
47991,60.24307041482891
55726,44.98225079306589
36818,48.12946433028617
55073,23.098579136553358
57615,53.689386978255456
48270,53.2469752428988
72855,58.39018051367667
37365,51.00712511307162
68955,48.23933148323339
6264,40.01232925532834
13326,50.16353833915481
25251,50.72728451035947
89742,35.4666174889024
16433,48.05224964050143
3523,49.80237373258994
48037,64.64421664584003
88094,46.35141909834024
34239,57.616281044722854
89821,50.5041989300427
87931,56.21378257661172
21039,50.4750348447753
94211,48.99217778194299
66122,57.55406507068021
57035,56.05737567003759
47954,50.140588932378485
53284,48.24226987190659
70424,45.639790387958676
87134,62.14866740509393
30555,39.501398801766044
26705,46.25038958228116
67827,47.555030473968436
43399,51.88549921426822
18826,59.57987642425542
85491,59.71359322913939
98760,28.136854824509452
43364,55.12057396223943
56708,47.165741097919565
24115,55.190036374545706
38269,57.45202279946911
89052,55.14728750938123
3065,47.54452297867042
22746,40.587624745086906
95830,51.12615364150833
76875,26.06032089890152
80376,29.29382110398301
58348,53.77660841743638
16559,54.03859478295611
87976,61.012024538385845
62069,55.1719361354441
56919,57.99993797073754
45769,37.94974575734972
60397,53.85793451629102
18428,50.16272934889283
82791,63.14907889302182
86019,71.0595183064325
61085,54.28022293820697
48680,68.90090345547166
23403,44.13329707472083
12744,64.95764246521753
82991,41.81202470840283
68038,28.628328001502943
99204,56.2533752152839
5046,50.44132526866166
74928,56.274019850254994
55294,52.17780723036949
34553,57.676131767306686
44120,56.45613923855518
36475,39.38826300849806
46848,63.85444185592563
49232,57.825940739491635
19238,61.05616264366389
91776,53.026531608520074
93605,49.789076675036185
54053,58.46942551526223
94659,55.56366354754195
92514,57.44655398747125
42228,51.963182890625504
9259,40.36230355995723
77319,34.19088505968381
58653,59.372568923448355
67411,59.09320560020994
65144,53.63727980816651
44552,55.59537690435256
73168,61.127442691981244
11376,55.430701728414626
53041,65.47043342171114
68558,53.97610981602887
64119,53.70952374875486
35142,61.82622496072425
55947,54.223609869599215
47288,55.02639110127079
36577,67.27873529923023
28835,54.128447185108804
53194,40.9339217160117
89643,58.28470824190666
55335,46.310795202709315
90732,29.808922115039913
59354,49.265541468474936
77635,49.61451598203564
37340,47.75563659528385
78605,27.104305915523845
45646,57.09946406029012
69544,47.22492398328939
101327,42.520394412481316
100381,57.877366021774705
23525,47.10071253968425
24416,63.070594418713796
63705,48.23066405019518
100000,59.02115901756977
14212,46.6888997432731
6988,46.93564520593884
22228,39.08632399126357
30214,54.70710732816798
47761,56.651824284906866
94164,52.57651644532024
100406,46.903786680645716
99133,44.438202733153986
7842,52.43823915354232
93271,58.80050936700896
2780,36.566509781287124
16044,60.44818737344219
58124,55.96425963974486
96861,48.19636965792406
24716,60.05460286601865
13228,60.76666221401412
36417,44.45130783140266
56285,62.065016447381005
63595,58.22106939488895
43891,46.697754135929365
98028,42.73421656731399
76573,39.11696124354083
49156,58.17661908526353
49462,60.12705562463497
6402,57.82212518219167
92170,52.70599797065843
93766,49.93139951477722
42278,38.22939431986538
75370,57.02607840001431
62615,63.96000180599856
3962,45.17793536951084
81180,54.243568063979566
99368,51.99232411577958
31973,50.34318643905932
57095,55.312429144178296
59175,46.73585904910583
80264,44.95502105564268
75028,60.03071533220809
59026,54.98596066645753
62150,53.12424257151015
81325,49.77734736286307
81057,16.121208946423284
56474,55.91184831817539
92635,60.536055716620936
50228,14.542068178821545
82866,57.1496274143006
34157,58.88805985400206
87569,56.39072818737968
54027,40.54451083973274
83942,58.646326002303944
65665,58.74937807135325
100777,53.89877333936555
10589,54.97250203018281
14520,46.0452742286979
38083,51.66254688963027
80726,55.47704760130513
27609,54.0405191921979
93634,44.57963805803483
54512,59.473632968122516
57672,61.599269187206545
53186,53.93622427816648
7014,64.67430622750615
98362,60.609308019145345
19580,37.614931129564056
96611,58.282358471126656
59766,40.77839948308386
36798,29.2294034110376
79495,54.80366994669466
23277,48.521428843850984
22041,48.25218475533894
62544,60.74148152055833
10450,60.55721717959103
11259,61.06102641752477
40727,58.77320615025836
16280,35.52347323764062
40230,51.563449164518666
2634,46.533981088615654
78535,38.4243867300943
58364,47.686668541976054
47070,32.57242256335117
7657,56.505970620947686
99450,64.17964490966924
86076,60.58819117820121
7824,54.06391611427977
77440,44.556030992725184
77868,54.17815575308107
99660,50.26061817764975
88369,37.431462210583945
93831,53.14461202976223
73292,50.7623118045201
70748,58.257804298455135
87056,54.08789873971032
77033,58.89020953083917
66358,56.82434743162609
19316,56.69305922804355
5766,45.970979835856696
39672,51.45985646167284
16302,56.784827720563406
24780,55.79721133904282
72948,51.51002374622224
94228,51.55187786241323
5928,34.92690776777919
75791,43.88408164700379
2920,50.23710397635222
19472,46.8088647546577
54698,54.2811213834037
37504,53.73114507086145
72012,48.5199598940554
12347,47.86824976985431
26364,56.7519712723099
2708,61.376151360365654
26968,60.98902652054249
1217,57.13152691759329
96683,58.70524957030881
93838,58.620507281560904
36596,49.05840540993086
91814,31.916104978532807
40212,45.75450834151117
51774,51.47869952600158
41917,59.304521930465
69811,53.989529111262435
34909,54.116873748874696
74623,57.26364470904968
58569,49.23305959252652
30439,60.95738481484864
46162,63.44898908839421
37286,54.02816732769368
77558,42.24632081728819
71581,52.424922284444975
22760,56.54611686384459
6381,31.593174817003952
19958,49.841610859447094
5403,55.53211117406197
47137,57.509275012519666
78325,40.896161855107174
56527,62.088576057119525
44089,60.353809756189435
26354,53.88939743722913
73733,47.87302485506026
90191,56.33489707827064
69085,51.05909198761882
35820,43.26518400446017
89292,53.447411650055024
32527,40.29974614948284
82083,59.917034586113196
101416,56.76993602285402
78707,57.651670477061636
26482,54.44314197018602
98904,47.399800848641156
95731,51.50409370849049
58072,43.11908049840669
8786,51.692441924100095
90495,57.978828850923875
85718,57.88610650265295
37958,40.46198926131434
98665,60.322003995800614
36190,52.65164746947787
27464,51.93957280635631
9815,61.24406690638577
95545,46.49010143445203
94568,55.304718458970214
11612,52.74166973049245
93815,61.51464367562218
87841,39.015510729824406
99124,45.853038978670874
101559,52.76607180359968
67897,54.34999437219055
3690,46.463165491355085
81988,55.16814752476489
2471,62.15127782759563
6762,43.26462719693334
47985,52.97191006232579
83351,43.24001595088372
10626,56.464187903853215
31443,51.65246474501519
38630,61.53671114646092
83704,57.870565053758355
70591,53.13674130243126
5095,48.63277692786386
102582,47.02278245375279
77683,59.25018430783062
42666,37.93699795240611
2204,54.167366434077316
33418,52.27962290778915
67965,48.417396440197045
34534,51.05564922444709
54652,59.31591006763211
39899,49.78513826533887
72057,56.453194127230276
47655,56.73036304349559
59893,47.179039011073435
101694,53.05422715320781
42197,66.83324361666507
54606,58.18462429387685
30809,55.77444460009589
51558,64.62497794847748
35408,49.811929008100584
42504,49.147741586974725
27730,54.750964340646476
64035,50.265165553922955
59672,59.21616492218497
2076,46.404066647329486
83387,29.103682686441157
39819,33.572607804237855
41896,58.97740370094571
95008,55.39548561622635
54346,29.954849751200356
60290,55.24930661600209
74616,40.45595592249579
13994,56.397845775980514
25362,58.02475078622599
35576,56.71373360628935
28607,56.110245649257706
28488,57.04227574401985
90694,56.02703103380767
90347,60.12049946822658
11923,51.65832151188671
29939,53.22195053819094
42872,61.358698479386035
72118,30.6404664132702
100955,68.84849388608768
37299,54.38855714060105
43784,52.28165853082014
14474,46.220969644331895
77192,48.866740474919084
10313,50.116640928724536
20484,73.00653823693008
29351,45.12730879843055
17798,49.3769369789223
25277,52.58211438587197
97660,44.38278946920834
57995,61.32019202536687
63218,53.33375805418298
96206,56.133881497915034
52514,58.95222303127955
49463,52.42549067615572
82882,59.56145866387642
81639,48.519351161851645
29146,54.916495598521934
54559,50.05409580661665
77924,61.66453574687469
46940,51.96202355600487
60839,60.88734306115445
97256,30.593291715797644
57950,52.40012823825367
60720,55.04722513295767
56423,51.25654220315363
99929,47.30726042878096
71748,51.456139218646406
44621,39.454853976174334
12971,49.96031478305731
28137,50.99480630958044
99369,47.07722711833312
87221,49.036973519302755
34242,41.57684933269722
21748,44.06657354490925
74031,45.67051473072134
83990,58.28042225363316
43218,52.54912244223233
83266,58.951390701271734
31063,60.52764313367379
12574,59.97393135600228
6020,46.07721481533384
1584,57.7461679514153
81953,60.400133299551484
64659,41.78835068056762
52583,59.1919334983451
25935,56.691419619491036
62887,51.42769844652245
80104,54.503091764203276
25034,55.4029247068257
38295,52.548176300767544
64660,49.55500964050681
17924,29.24939882397426
53040,47.785839020262635
5644,42.920292848785834
50866,60.93603814625844
92600,55.15413368807076
76824,59.546012591758554
32096,40.24056437827608
52764,46.22869904511392
69803,50.613795602118245
20572,60.74880070279701
89025,43.865943018966874
68865,31.79976350234256
16518,54.13738252619479
95624,54.30554632053007
18245,56.21236977658523
92251,61.37035104316483
42613,56.479342813006866
74999,51.807624164654165
25872,51.15876359599501
82515,58.253517373305485
12801,60.88028759794966
3069,47.706643580810216
71575,58.199461391474046
18768,55.95812833512555
53935,44.04400032648114
56792,38.388986791153826
21088,61.14136494580664
38475,55.270066610702
29664,58.51430598333806
5125,45.6100919824796
97655,60.94534607248551
60215,57.02944173503219
95746,50.04979495774195
48150,48.37257644897384
17421,45.93738619577819
23547,50.0454722698358
47452,58.72052171263229
78763,54.933068787209706
22672,43.123137810432084
29587,55.50195648392196
38541,54.309891979403055
38727,61.13683687006608
48077,51.40566567222211
47382,57.765747713062055
83299,54.990166035441995
9327,44.275443909739565
75395,50.121685281158705
23580,46.24024754864637
61051,63.70114795347881
14308,39.766070009462034
53698,53.722062368207375
44235,45.9993277787764
20901,39.55955035655912
95707,54.36635042618303
100872,62.94949072549213
25311,47.486170036881234
77126,48.87127106671538
87660,58.79137713944615
81790,48.02408105380261
43994,51.046071131455044
42909,59.87725228585005
63923,49.8741561817382
59447,56.15684762281545
17425,55.1371042637207
84527,50.176173885512966
85064,58.45065759592346
68499,56.6217822035414
24414,58.480129031044974
100981,58.38665468607405
64016,59.87145879569662
45367,46.02926442615524
63727,54.223097795877116
89571,44.5385014506779
22049,55.920321086159305
25287,51.1327342722616
6041,55.89391812865085
91490,38.89946626693074
89829,62.74512089086841
72387,49.41175249395177
80116,47.999624113189434
57549,52.17588860738919
47744,48.51188380629764
13388,51.723698548084215
52644,44.769733631819236
67513,57.019575872190515
27868,48.69936918090468
46431,61.91433429974554
81255,60.0497497375958
21586,53.27756491368649
42083,35.27554898558891
65055,46.30323057337864
74915,54.31657805198977
17202,29.83368107863193
26324,55.26825689078122
68363,57.378929248507276
87743,55.833942990346046
51346,44.74704274340421
62773,59.22865044350901
77388,59.742955869177464
95473,55.50329821601489
76560,64.5594988232695
100388,54.25285212616545
92369,52.9348538342662
43427,55.05653286005743
60898,39.61067341627334
51975,59.21547987702918
25346,51.99596200368913
84202,50.46042025316645
54239,62.439012887884736
21801,67.83488080969379
56847,54.44263349565668
81728,54.32305557933743
99872,59.5742736661277
91649,57.53292135640731
63087,61.546868199738825
21800,60.55310782487074
66471,65.21946729770079
64234,49.70229803654998
2233,50.609722061884625
95515,52.15131866520286
13114,63.08919232036416
98270,34.098999700335135
50127,43.32891180128681
17933,41.903799554348446
72316,54.72683035823878
3404,60.801860323589054
70626,57.37556789250369
91125,58.50506304452469
88489,46.54271449897611
1784,50.0461523526543
15470,47.92825121319285
42854,49.30148217004868
94650,59.55130796286445
55905,58.905438164127546
3405,48.19971991992371
8104,58.56592579533525
101338,59.06294325584993
29756,39.61393839973253
29232,55.51293804863878
97722,56.38049625330284
37357,53.969892208787925
83967,58.7308538792891
74167,59.98450119102043
74192,55.248540507940355
14869,52.49580699737093
44414,52.17002915908002
7606,57.63323183453244
7571,60.08990353804141
33468,60.02653618018117
68531,58.886174113054395
45861,57.39174663665404
52815,54.60692918630376
13457,60.46060695997006
16278,53.96105290498404
5748,49.219498852175484
94118,54.00004654162078
78536,46.39438342739746
14451,51.47813233324104
70435,52.75896963295346
43764,53.45484618318951
11900,55.69605374368672
65960,50.180358481173116
43162,58.45746360329015
90569,55.65018411655299
87530,62.980444628283706
94733,58.33536045727216
87668,52.78646299855609
89634,49.5897142206753
54494,55.618363547435635
83529,59.836518797265356
10920,51.81927237798497
88868,57.84164859118441
90713,66.60590552885351
25526,44.3233811349397
61452,45.85204009596171
75812,63.60597462678624
19564,56.17272729791997
32117,55.403679174102194
28013,50.97787036225363
69778,49.50534214556512
87969,64.8974630654637
26525,56.79317093481571
87643,42.68520628270699
2193,60.32657947524417
100918,52.518608170284196
55623,47.103441382299444
102193,54.20336172444581
52850,52.08373279026186
19602,45.779831010421674
80578,32.01022615493028
94377,49.46745499592818
8511,52.908769013617764
13652,48.9223754719252
35632,58.22176182744564
58215,56.307513164645286
60905,43.22878767113425
21386,59.8193153995121
43578,55.78722958142312
8748,43.29882558862738
22989,62.01715036268237
33403,46.79541522026811
52811,54.860145258345995
77686,35.5523674512729
9533,37.1458130300683
88907,56.4915174045053
25587,60.17765512027269
46914,45.62151929560006
91265,60.02119887005727
28528,53.262897714254734
56567,54.57893054608585
40198,39.43722182668721
30432,52.059919729613895
86249,42.20807258695773
37225,60.851686226447725
57169,49.70682104148921
79049,46.321405403371806
38761,55.20535001926486
2094,53.279882348377654
80214,48.70516515879914
62337,61.47282667625373
35009,44.560617757486355
69964,44.5035590575198
77350,58.509163638815984
55770,61.0734072807018
77452,41.99840729010182
13436,49.069691318175316
31120,54.75136554426155
27614,49.12062426101435
78762,48.19308452443081
44323,58.127245257940416
92182,54.21297415665036
98427,37.45797402477406
63946,55.6577162099824
42709,30.916617364891703
66871,57.65904587958276
99792,55.59833979740287
78094,53.65570980424844
1489,26.590243164025935
13508,58.87323185418378
11726,49.663765190076155
84387,55.823395976888015
94463,54.90678602490131
22790,53.23265821822157
8169,62.43703782471691
71204,52.786671399638564
9517,61.738184438039724
78494,57.064596148233136
65131,47.17989260204329
28009,36.48007879449264
65454,50.93195860948307
14312,41.05559013274762
41772,47.441568698996285
20859,57.099520484547035
26449,58.7364679903019
55976,48.16657363277079
47791,50.38138774864449
39214,52.15543215911097
82628,59.697080428732676
96852,61.81788169196497
37111,54.4168271604113
18287,55.13121309842117
68349,56.424065682071095
13462,54.93473117854348
29668,51.545095477822066
79772,51.10987157871811
83435,58.706604225174544
87464,42.42692918212626
102150,44.41173008867667
99720,55.36652813471046
19532,56.229578281201135
43620,51.36243899399611
16722,42.66360167611845
39800,49.837652064741484
19973,59.04714444623466
62202,30.589144684699416
78549,51.7430489786264
38325,54.14204794924544
64048,38.377622001013954
46170,58.95181488319604
827,53.11474111351622
76941,64.95032993268244
48883,46.535090174295725
7562,52.66140843027613
36815,57.55189671032723
47474,44.158044809501696
11105,54.43351519342349
24801,43.50734664492484
84828,55.86537347482003
26733,44.60811033525797
84765,49.120703117363426
40575,35.11923148961392
67323,30.03605478410642
67048,54.130013488738115
97965,52.344442211744415
3798,55.66716710953138
66250,44.94569043002094
93076,55.97430705175417
27692,59.96243271267151
31505,59.172562973165356
30706,53.28311927760246
47113,49.060645063965815
19948,41.624171191240755
16576,54.64180984040861
35983,52.53654660307342
195,65.69698713986675
23370,56.467745889787274
61571,42.45301361989613
93094,52.15492668049838
18834,57.11692833615841
33722,41.435186015919605
35236,35.43923093729788
86334,57.62920529283761
41553,57.28770575184036
77343,53.79100387590531
86207,50.93278854528807
27390,58.755018458841676
95457,59.76855618072201
9614,44.91501794355833
24726,57.17038987830853
90140,40.6470538796693
40591,54.194934660285085
9122,65.33885588921848
99171,58.48394460115427
42321,54.365615396285875
8647,64.11883513004828
14761,59.31640401117221
3881,57.37033567430823
93918,53.6163303512055
71695,60.710084015526405
3954,51.42567985395118
58422,52.82840556523862
31802,49.82354446841763
102371,55.723531853181086
13766,49.85893642711646
71002,53.84679122804059
71750,50.144434741084574
28119,56.63044472629723
92235,59.064231803833046
20672,59.69053018145767
56189,36.35767969774714
44288,36.38164816258676
24258,41.55060417710931
91213,62.60948024448743
67901,43.876283852960356
36780,60.2684170102529
9485,53.6648695206188
54134,59.00675625885107
72102,54.66955348958697
21841,40.06284315477244
88477,39.129406260736936
62448,59.709891913797165
43773,58.64844428541379
8461,65.17960383880975
43615,51.80644851664037
4758,50.244918938602915
1720,54.98468713201948
29179,47.02129671723978
61118,54.32647276369553
5198,54.29913087311103
18723,22.98702116754627
81142,53.91883149341346
46259,53.25965133339201
85895,49.08333235198082
30932,52.43740552560339
58828,57.60851102750567
10998,59.90806996585255
51894,51.889634059562034
11510,57.77685008155645
99041,33.357314658867054
71754,41.22659462986091
70527,53.81705464397051
94994,53.37572535829281
75394,38.36585705236026
39317,51.614752083390215
21026,59.89613103109662
75350,50.15188443322612
5961,62.664395589710566
56786,39.22584445871073
33331,59.442740213670646
37793,51.428063051491286
55900,50.01035828365858
46282,54.48336340245727
3189,54.50755373503827
91496,56.987975866625526
42482,48.80398772104149
42848,48.887982734126076
92192,60.70165484721182
70778,55.45149793532886
47642,57.139250811668546
86907,25.473443362810148
16461,52.14407911178871
69466,58.17805334710097
65411,53.67092138992571
70253,39.93480333318991
93380,54.092295336540275
42284,55.96488784150361
31759,55.356235151225235
99022,50.57449568915701
5152,48.364636455448604
4700,65.1060255528021
70919,59.875343253280995
68717,59.58872995787806
50137,44.35169333205761
40940,55.24800460618582
17821,57.66243628705411
77843,55.98555711252961
91348,49.171565970734896
39370,49.23095546128332
88030,47.44699475777933
87403,59.491343132363056
46297,39.89104443378926
26041,32.67976900490936
48131,56.57793564175533
86384,46.668661155405225
69451,53.251531102588324
63128,55.66176319419712
92214,59.86802312783768
16543,56.92371287176212
95054,62.11816946415651
79138,58.70579568286513
47980,52.40645762034741
37101,52.87333360278632
28833,56.12822899685925
54840,31.22809659158425
100547,51.823809704805655
36978,59.93106713452005
63188,55.75235619090029
35905,55.791952273957804
43613,59.75407843721459
6256,18.621254932504783
392,54.98858682014003
70980,41.88661629694154
26993,58.37959711884961
86466,56.17200324638367
49220,50.09743355412217
48992,54.82768558496624
97878,62.2637508087939
101274,54.10359342982225
91645,52.59428722973758
48432,56.96899033168354
10107,13.09686355728062
21067,60.621584104637535
20129,50.887066902441084
84799,48.611105332273745
98437,50.42109533912612
40010,52.28033053855276
55959,54.218185267581674
16372,52.035075297053346
46740,62.63119508951836
78004,57.18137104264885
12187,55.28653845402896
29130,55.61811111456032
91656,60.26280418576512
22265,38.8834716718672
78764,56.31333840920979
52376,56.84047708432228
65067,49.982078486636645
28315,39.876111236870784
33795,61.07775775210889
19904,54.8781762358867
79950,62.536483939948866
45620,57.42476242345521
23124,49.91775993944069
61574,57.11967274224415
72336,60.43322866074772
10061,52.36276867950293
46355,53.08871227164466
63195,56.83131448922571
89691,57.77834609551521
75242,54.93907137480035
71312,53.60980354543434
39445,58.75539499752853
98055,57.94240331502911
6527,55.5585589941107
64405,51.61702490803377
15278,52.389261317814146
51053,52.3216063886845
55856,45.62940508993712
53961,62.35362883143931
67600,43.92430173703015
30624,49.78355085248989
70860,49.077763361118386
73233,50.467398108008375
86468,22.310666691401337
98941,47.88626731705139
49593,28.374151647402417
1186,61.91464662179723
69388,52.748173180896586
837,29.07451220005656
39536,43.16619812104956
5100,37.0577869201398
15756,37.325741999448454
67194,57.45368346641978
46207,50.35781387608115
61082,55.68044821563933
28190,52.89976189542948
1670,58.11302283581992
58149,49.93117972756622
38090,61.70286560192554
71938,46.28465740552424
89928,52.271009258753026
46261,52.69681795668859
14026,57.119156782713674
14574,54.92795162593096
98707,55.872638342177936
73379,56.87347688312559
23698,52.67114854387513
26178,53.90625201257073
21352,44.33577374968197
50905,50.16353833915481
42445,34.781481438323055
23422,48.810332489951385
61284,62.22149298913182
92850,52.9774186840277
97357,50.54501815061304
18498,50.207535594543856
27103,50.812544644020335
93334,52.272691776524034
54215,40.414562357975825
20409,45.410477881742224
75881,55.514303812029475
9498,36.84730145808793
53185,51.572966146524486
3285,54.621461280529715
89213,58.615766595058695
92837,47.80882778339961
10566,40.89469196335788
20036,42.391507293095245
52311,47.86688250979788
83123,41.75664595443288
86587,55.461752831677714
49567,38.601485383506045
91612,59.81810647115933
34092,61.16336604785046
97052,59.682524872356794
15275,58.24929201611317
99413,55.823326152514866
73350,56.38839800774601
43301,55.04993215293422
54752,52.93300062583936
71649,57.48055183548433
82154,65.7997856260455
86357,52.14766470812984
4843,53.417296583748445
62550,56.19005906381489
74514,48.77131914582749
42275,63.41341998941457
50099,56.204350899365984
14979,48.40258848271982
55287,54.46734920399807
27365,51.72558802652092
35390,29.733399435514134
41248,52.38842841139008
50326,33.52407284280947
18336,61.94132946137522
736,61.23608938374452
3843,48.5767732094785
22088,53.50524936160234
94567,66.0842082842445
75227,52.19929990452422
2426,51.42006875093764
84668,53.227859254421105
3623,51.180068700842874
72820,65.04698888745114
8421,54.54155332625409
84797,35.00288720948714
85510,52.109335824806045
100523,50.44117466977824
58022,57.570949924476665
34558,43.55310588089273
98357,52.444690928951616
41284,55.660688814122054
59814,55.11360301563209
55128,46.251691458741156
24879,55.76312081782858
15262,56.641787859744575
45792,48.18160580249793
88787,45.40022577242206
23621,59.141333221613436
101773,51.02523244677624
32167,56.062807227540326
14716,51.575811164258795
55127,57.00340707159691
49307,49.43852138612031
15614,40.67774259944562
79393,52.8253202232132
67185,40.30176005868519
87176,45.892861117796954
32432,62.51219984372081
4185,44.95025038505466
20834,50.41064330731942
35748,61.51051106611907
26300,42.044356941812005
54288,61.23888795615525
42834,55.65965236878739
50179,57.59699753544206
15014,62.02480512010969
57929,62.18061185677048
65378,54.5189935703036
22898,47.22308074641032
45579,45.58349517747053
54240,49.49750902639597
86657,53.36173503305055
64685,46.839351429565724
62897,61.244972799297514
70187,62.45812922402092
99493,59.00168415600966
71992,56.1048240625676
73032,47.177850883724915
69937,55.17777231566004
96419,30.736300120818505
102,49.483527640430864
60603,53.111716063656225
35862,57.42988956653293
60263,59.047291820784295
62447,57.286964859782856
59114,42.78560788929405
80617,31.8175084800303
29771,49.20656164026352
63561,55.603656526274214
85893,37.95868495060688
59822,28.298379092253846
76548,82.80991859528326
92275,58.3963587040882
86355,59.07047846458465
31998,58.463878209079915
32878,41.11854892422216
97243,57.77058218089499
92970,27.5680711467849
13631,46.75310222345416
91379,48.29765857949019
2950,57.04575851516567
69161,53.63837720245525
14672,53.09172530824907
2110,50.882000784703784
11810,58.684937608964745
99742,51.19296484257616
35667,59.385487737079025
33835,57.003980928652396
40356,58.35705284005272
7323,48.479518120654944
78003,46.20211825579771
20975,60.66747019039999
34646,58.876291155590806
60074,45.769250005275985
61915,48.85276643558187
13968,50.305638860767715
64217,53.541179059625456
48057,31.72899736331338
31559,48.48326700182387
79613,60.29865684783639
77916,38.212868773071364
63496,50.283035887942646
85828,53.92560276734916
77451,35.67097414105436
74677,60.62452355399992
29903,54.74093635456766
31592,55.70653102820377
92446,50.736284737500775
88399,54.16722993132333
75486,47.72165744391422
57954,27.70037063719322
99830,53.18757687548274
761,57.26007781473943
53859,53.399358367449324
4083,66.57508744273431
34021,57.19300213817613
42675,53.90730524513008
11464,57.71759811780797
20161,58.48754602843087
71317,56.2062126600574
46978,29.59248865131274
6954,54.8589153232023
18453,60.363780099204206
90906,60.31905465408818
80899,52.51547419291708
62438,39.313945600933486
42635,52.01171868081743
83936,50.525950426960065
7083,54.12366787680486
37238,59.153080527684395
86550,44.24722019962095
28596,42.579101639402836
75269,53.0822893534665
20602,28.606964950325022
66270,52.91075522701402
66530,56.18192538754795
94424,61.35317474696735
673,41.22653299561541
58992,61.120349555572204
3270,63.65071120821346
94005,51.62779601413343
85974,68.32774811805291
61904,34.0785225285009
29912,61.55584333458019
72539,49.73650116541161
80684,43.39821078643295
48470,58.868953223877185
12531,43.44176859499687
20359,41.1817101272579
72862,37.94041562275227
39877,54.62629650247266
25360,43.55511965265438
49717,40.938331551316246
17618,61.81123983725787
19855,59.0279262989075
43205,36.40230896872918
94177,55.73673530300251
65445,40.376275531731274
6738,63.624422765039455
82212,53.65614377104809
66880,34.76676187803862
53025,54.3491660427511
75501,61.01730725857296
63436,45.46020749085166
90599,53.79613270649151
54366,40.60417449402171
29726,62.26633850819588
13609,29.607947322542298
1352,51.04290909543429
96274,45.18625281574525
34324,55.602311728118195
7005,59.81636331909664
64335,51.721159571395816
67425,50.97111940598583
67574,53.44896338728382
64810,59.584702951296535
68110,58.91758371470128
10598,54.3915743876606
9826,58.06350351254754
87855,59.71484197058585
68221,61.505850322737196
66667,49.40891557772302
32705,62.77510670299222
92623,53.106604982904244
34939,52.75604577438202
95740,58.97372395115984
18677,44.42699762069785
63976,58.48874005549677
28566,50.99279217090588
28195,56.62458579463382
72088,39.22012248611189
79271,51.396276197639054
78435,46.52734242918542
92248,51.21563069850891
56784,37.78082052382213
50113,53.612913074484005
39227,44.58552290590055
15302,49.509741485188286
21488,49.75510921096625
62554,52.14659458468042
90836,59.82643359522977
27920,52.99374608816858
4126,35.96792465859225
76807,55.81917561407802
89243,55.60179659530434
74519,50.86340362101765
8002,62.026166506467476
37428,27.647992739161516
46524,62.74307711741459
99871,59.74702594437305
59181,66.10028358496514
7277,24.46049952464648
26543,47.338775323571035
6750,55.660732298843925
62696,59.08123350251451
68088,33.79733624428586
60635,56.66569786774781
86585,58.28233908396146
1180,51.35034896688457
42017,50.68689147999547
15725,53.118703677420854
46196,49.70157249811797
79612,52.876649401205185
44106,54.78956125103623
97713,52.28783424398576
101258,55.67686386504734
11513,31.150450830309232
96666,68.03275890288026
54816,53.27509335025461
101566,55.12976148286324
93857,58.00605501630322
73096,46.32581139429406
50056,46.45840829991596
34059,55.425738521815525
79345,59.627275638809564
82829,56.28661426024287
71793,60.72523276214261
94494,55.71779058553989
78672,60.617770412430005
16043,65.08079161599602
6973,42.35341430016251
98223,38.30331139826647
77047,59.57335943711277
39176,60.248268825952934
97452,58.16316837563433
25536,28.808830716517384
72503,64.31469307750827
51510,62.94299053638249
80530,34.38494485416502
5381,56.2029978859146
8325,57.783967365849435
82277,45.528659095881636
69531,59.001395543535665
27842,51.801966200967655
82704,46.982856970781555
70252,32.65491092074797
91019,60.63240016470948
100184,63.85110368861791
32294,51.08339859340059
71158,53.81683020552259
12362,48.75338459208734
92393,60.08541131345186
58261,54.11294979123406
32871,56.50626091453753
11824,46.044414687183085
68639,53.60567183286448
71839,59.17058064646146
96764,52.827545027275534
94426,42.72300903411772
41696,30.505632715697356
61608,56.774952534318274
29507,53.02100135793372
82290,54.12433272683536
80751,46.44926054240419
5511,60.105833584515594
10267,48.75575757146154
16842,57.68352716251684
84594,52.9601466078859
72421,61.15006645858202
67619,48.227555250261865
28796,60.55154133997506
57374,50.92863841380245
89436,56.21531357584921
31877,63.44051905856518
67059,58.49847533299416
99090,36.03131809198942
87583,39.69167573724056
3876,42.88401686642653
35880,61.63532945564577
36054,53.59741061447562
41922,53.977979647803075
52325,54.72516488132354
88948,54.3076235804343
100299,58.886966668495106
50213,52.664112954647976
52090,52.852286052066155
11847,52.085337099753765
25699,54.90004581860016
50737,35.96906231493171
26698,52.55269194638379
73091,52.156324929732996
35151,50.38142317348224
101660,59.62091040053387
29757,58.73995995943619
88482,39.08343072582694
24604,43.33143585914005
92271,47.91696236675766
74805,53.423937778260346
24093,38.95601237821622
84059,55.165257599641606
98837,40.483699369202476
29472,63.92130443401004
45572,39.96845988557058
7313,59.21675038041319
16772,35.62470493305841
55458,59.75983178118823
68209,55.17010328309935
41710,44.03530973401384
87927,60.90306295291946
29279,50.36746890134159
1742,56.91317732510367
29821,60.2548887766531
31092,52.888440137288825
36600,53.88301568080478
88662,57.54658095635952
64823,50.71827561617676
92215,41.807635047444236
80941,57.696639064698864
52762,44.37869249835205
20519,48.01761986348901
42145,65.02989776346737
72953,40.06563570887968
73202,50.11121116676746
90975,60.43777058392547
16828,51.98021691658735
31039,60.37624375886212
61892,61.73284711999617
16707,58.00525776115905
8977,50.506387450867166
25366,56.13269856932403
61538,55.46738368136237
42477,41.9068843490345
992,56.7283902026171
67938,47.88386019360616
90908,55.662223014222505
73012,53.83970209514662
98353,42.07765258188388
102007,47.98853494882631
68762,60.99028976690801
66838,61.400425882182745
68663,41.25918005359506
17288,60.816417950640165
73636,51.696113824201234
47281,59.90493576000093
73768,59.51305413753638
67511,56.92507718446517
3436,51.51459496403049
53153,28.346090234043917
39623,50.23187590472236
58501,55.33288400461599
18535,49.89595177760165
15016,57.88564497935681
46485,57.40406537483599
46802,57.78206739792395
94775,47.41349647862062
10617,52.983302652317086
16444,52.17954055109837
28635,53.77197126312253
40837,60.402555595181134
53395,58.46939456666249
65429,51.068530445991854
14690,62.057677018441126
52930,59.902358604858065
26947,57.55036953682633
30727,52.32993735170801
37257,62.33059869861866
91652,58.83297809804239
34997,62.26935751172351
21347,59.581236528421215
37996,50.07670889106649
13096,49.11632949449591
5123,60.381616699799025
63082,37.01886815818422
54976,62.91917719352057
77163,37.14404727248069
11252,58.13405780880404
56542,62.66345355953766
93665,55.49873772539677
101644,50.93558232525256
26029,43.061133165166694
7421,58.636394012835886
60602,53.031845720630926
59397,61.070345313695654
102524,62.50154770534935
61291,58.23228211074456
88353,49.78353214208604
66929,61.797418873585016
16007,57.47405705303012
102301,51.950839383182334
62046,56.86019535699191
65903,54.91901220332605
70701,55.83852475314713
21093,53.36301703248523
32239,56.45410202199203
17881,52.74544128090569
91876,55.75254466338188
94222,56.043609408908935
15987,52.7292729752467
25387,45.431574027012445
43127,56.74052842502135
32277,62.790852906113415
88118,55.44181748077832
79141,52.25490129885992
56343,45.941323778468465
18866,51.13588175256355
28684,50.0924279975853
42019,46.68092227213105
31049,54.292479851370345
3485,47.49857264694615
47589,43.02445600340526
102386,45.41096475636357
93239,41.34055565415819
93435,58.548766310378014
57310,42.794239944419964
47107,48.11186033089316
63430,53.456517393636496
6627,52.62238216666151
73908,59.15884590382804
78186,61.921562139524355
6363,44.82571971105419
17000,52.968855797552415
86753,43.88654771532459
3103,52.36940216761818
48741,56.520903330160984
30846,60.13218027810636
68296,37.362368219986934
59153,44.66764001069664
92990,54.74067162264397
79144,49.807623645107746
96064,54.173583750448266
11399,56.035549021456504
92830,59.61333593610935
4993,47.357836486840505
85976,58.027353696591994
68032,53.85736053071492
99410,43.6968345584712
17490,36.12205335397032
8417,46.41834612978241
6665,59.49706816320813
47711,55.164516118732124
101580,44.24928119074146
40157,58.01499291578917
35798,49.094244528354736
22124,57.00187733651559
93251,48.0928114376126
42800,44.28853916360603
38128,53.42874901061396
19851,56.91756323298386
29493,48.55981201688311
51325,50.5916283433226
72711,50.03855550951402
29999,55.377199449875015
84496,54.29309149060566
99262,58.02413455507762
66535,58.689915218735614
353,57.68155316306736
43598,54.11712487154732
85725,55.69839248326484
53733,48.4530003106259
94760,51.09627328068467
47673,50.724562366587094
46135,39.16875896797672
50591,51.91119402263826
101999,51.16004166509538
1247,45.664775425095755
22452,54.2752919614787
47794,56.47504661542338
67460,37.47325365079227
2647,45.51131909384724
57192,58.310298065178586
46553,56.869520622649716
38476,49.10832634534323
38634,53.89018329787149
37133,63.03511241123292
72284,55.84433774304369
63287,54.009032957800244
87488,56.218891484338265
88826,57.072880886284146
7329,41.18347103138735
88992,56.203719906576026
3866,58.9226325706324
96011,56.71672494672761
20306,59.37604360037986
14821,38.20510327107368
59569,44.00941061140722
66022,47.47924883672157
77039,36.24357007375873
90332,47.72591531666341
68173,49.70547890970902
101920,32.643033399140485
75933,58.80200968428052
29208,59.977914427837035
58968,41.98251526469321
43704,55.4030445352424
51473,51.50130113625592
19863,52.11602151836512
22281,55.59737468063145
73094,57.85228176937936
1341,41.00937650729977
46543,59.78373531618397
23456,40.65476599049324
47974,46.885160615928
92262,52.22853610374731
41073,50.91002835625022
59021,28.705393596634487
66290,44.5844147546389
51170,49.11157118259713
1490,51.79187029311223
42609,44.44797361083524
56489,50.259995360890876
60825,61.42070708662014
71884,47.92560813783949
18455,39.274237292756084
15539,48.70374290185728
93801,44.04995491456217
101522,53.12343836640005
92,49.66009748701162
37137,49.914593090502116
14064,51.89925373858125
42828,60.95483400891894
20683,53.04203858725643
48982,42.84877890869096
59483,45.15629122360482
67911,60.35763178109022
17188,31.396275822698946
88814,54.752624701732756
54659,42.52857489160219
97095,52.19193492502092
75989,57.82494039738386
58662,56.196415871240646
4760,66.41359729617093
71084,49.71598206478993
71880,58.188740630429834
6571,49.63047314602099
48644,58.521747650011456
62373,48.82028292123253
90698,56.72462935621047
79107,42.516995080370585
21520,60.00510779251165
83918,60.25982954027138
82061,58.230015663900986
17129,50.60763200211574
7998,56.558769065480746
37910,59.860169155718054
9929,59.44597230884534
31338,61.0337097546288
63565,61.09577807138625
6479,40.1912969773889
42,48.89533873904109
80912,50.21192955297411
23929,50.1753738077918
56060,32.391156028528485
68630,58.449491398946066
99467,52.419675737971595
7413,58.00132448755107
101323,45.1026514579169
74571,32.415400477847825
84441,56.86988011459658
21647,44.44905877922586
76425,48.42168605399699
77011,42.1841532784935
35681,60.23447245538714
57735,56.098615621155744
8513,54.01553050489066
45223,60.66125342482743
25357,57.448571986563124
46901,62.80926050733697
17335,53.847040899812676
90866,61.73569052514379
17928,56.05937662202735
88112,24.88730042657362
86728,64.92764112028736
27179,60.104915775897574
28216,61.88285335343964
16666,58.85317773776728
63638,57.08839809536464
101769,58.3974974759265
76223,57.08698830955981
23803,54.42336334147173
29105,45.20827754423738
14633,36.63430545400385
51478,44.861604618286314
53692,47.85426783826801
74682,48.36203829634785
41275,60.01592366820958
50503,50.65472120262637
102528,58.15393434804331
16489,55.047652778808164
37871,41.665892872621185
72103,48.11327659247675
63301,51.929409401374166
22333,59.134318676804675
31330,60.880429748914395
16193,53.67836599195071
70546,53.38794470023863
10207,65.1519622088956
17502,34.71769138600031
63197,57.15219790766619
34735,56.57061579485551
84307,56.798724119966366
46601,44.22088155642003
71768,65.16653706402263
44998,31.48141572278984
21398,39.61044312282978
96180,53.69792146075809
43207,58.879828453586896
100850,63.39496039912673
99345,39.700930174202384
97526,38.28460500166602
40187,58.90501375735742
44448,19.393764117914802
44754,58.50362333800352
17602,58.78538115967061
68658,46.098882176207134
49636,53.52709308797173
44218,49.972790816864254
30984,58.301422274185526
100170,54.01691620892439
22799,38.94983834047529
93085,47.70925343917867
58119,43.40060671827202
95924,34.884540822846816
101984,51.66259866016474
21254,53.06564289506116
71146,58.10874897010942
69532,45.66438386500947
6626,50.20465348212424
14523,48.88101508248206
1578,49.47344017097082
33517,57.94851496726886
693,57.48306333934042
37068,56.787786284411744
57646,46.02706647646534
96102,53.150885670618024
2366,48.727913805653756
50161,59.70194958203733
67593,60.08311094528287
30276,63.33962232154425
23314,50.14883007315856
98148,53.407593433585774
18477,54.91354238813995
15527,58.11744412306342
62682,43.03440386041406
56755,58.91482293298333
28042,53.739907868392756
1298,45.59058334662032
79433,59.4029480903791
71436,58.06769315505468
98435,59.383255230810946
42484,50.30539041273376
9939,41.43325047058118
11861,31.00132340537322
47190,53.87168732680672
71544,31.731650331647128
96734,39.10729290660205
7792,56.152446899575565
78628,57.65639272595548
89113,60.112976705066906
55889,50.11447200614914
90187,56.34745039366648
65723,48.97776362034569
37196,57.24651395963162
35171,60.95011288442939
39041,70.84403121196883
61106,16.90815094343602
65790,50.66602296346823
93241,54.606400842099156
29129,51.06653302955466
24098,61.47504899339118
66410,57.346418806747295
60006,34.24115070613653
84445,60.37044363003931
24181,61.418655086740024
72428,61.341359120522945
91009,49.08290725078214
89406,53.1360710279722
34346,54.89739403605938
77939,47.59535359292771
2891,64.771694928426
17984,42.80789650366906
7763,33.91994743912217
47592,51.59260470745032
7917,47.109265583176615
51104,48.49535433581967
79307,47.62901294484266
60858,55.616432972833856
37829,52.3877372250301
80848,47.54886187230392
91723,35.42094115496188
459,50.63544981466782
23084,31.2195790398641
90505,65.917261714548
63056,58.44112262387098
37555,54.00884793618096
41422,55.63785970965562
91903,55.276527987443316
10029,55.9130821864023
75347,45.159745304066675
93791,48.05333780766085
34447,62.87676350366178
26664,50.606929803043805
55679,50.78219088966172
53493,60.31107259820038
46193,54.734533182568384
81348,63.70537350646365
97733,50.085902786639615
14812,59.485529888455055
31164,60.18760098753462
38849,56.23603758440599
61672,56.6665480024078
22943,55.942734970994685
93856,53.53122200889069
87246,61.157571389067144
52559,51.25654220315363
70617,59.8422868762051
98570,49.555349886035245
87821,25.557753204110302
4029,52.07102161371043
30599,56.01665319671297
24688,60.29845267628656
72064,60.720303456606345
36775,52.263875715994494
44168,57.823031008727696
100802,47.36373557002329
56612,57.623385790068255
78556,54.09156213475082
45869,62.25623695708966
47528,49.13368561810943
77766,51.46595821620982
62072,54.3349024238341
41773,35.098300082493694
45958,54.703028687142464
77573,54.07601754747802
69879,47.067863893092394
64558,56.787252384870634
6066,48.1923343981479
13090,48.698927464307374
10820,44.28327266367827
20525,55.485255063738116
85640,54.30976420953785
91889,43.551185352663516
65708,44.58623423019185
68638,45.30962341123191
65599,60.06973459350161
1198,61.67358000048694
70433,55.03152568981772
96586,34.580882164403874
61710,59.4417675783793
80498,56.82484450896686
86292,62.22182609580999
71345,58.23090103431443
19385,49.385053477244874
47816,55.79022732301476
93116,52.43217912458426
79432,55.97914943107093
42171,55.57876960214177
17964,53.45872497370332
5441,59.28357134590921
41315,46.99719474749954
98036,52.934562104266114
100199,58.250503551000754
89867,53.590312542307956
87649,48.97687087504744
66159,56.368854861336914
45489,60.34722721095297
58984,54.184136362757066
15294,60.95340614057633
68721,59.53037187260023
64002,40.11000973669865
34626,57.575743618642875
10471,54.83603563422879
20726,41.28787789379142
81240,50.07650460762264
64872,52.614906352025756
76637,49.563727747008265
10874,55.429685887824476
77313,49.412376774504025
68954,60.4694815692048
4274,62.43464126382701
69123,56.50442827513791
34283,51.872764969299034
50689,54.88114179302933
77850,46.83041118433777
8613,14.701997776681637
60142,54.59824296259276
55228,61.2169331600148
28792,56.02713660240065
86549,42.0129856672571
87185,49.302571659812855
46999,53.36598558006252
99279,63.624422765039455
75823,58.21864589525667
42670,63.36157205184959
20870,57.26603493694954
44038,61.99245329310587
35593,50.700909106211924
93073,42.18189712473172
55934,53.925133124062754
8189,55.1215629568747
46949,45.14702756658708
69675,55.51168420928444
101022,60.08456848748658
24931,56.78504870134237
30742,59.831485645249785
53676,37.563539470669824
4697,60.433018148568664
59520,51.854395405654515
35738,45.716802372774964
27253,55.15479427802234
74221,47.31479650020214
100139,65.62756792679357
67370,58.936191843256914
74254,61.711478920499964
54794,60.652425473310515
99758,37.30254814979928
48632,64.73525874164096
54778,58.27738960520513
74669,55.15134570233336
72795,37.33306324707949
48550,51.52922101096356
47195,63.22928160265663
59991,32.74715518749887
102616,56.65664782680443
16715,52.49584157878104
42720,61.51825029282
97037,62.025944377564734
48949,57.35930300249509
15709,52.26513924253697
6616,42.28887970450136
62594,58.26927694304436
54478,60.21443298855786
60932,62.52242276047242
24293,57.23709297818935
81442,48.00194840461181
94558,38.49744955168359
50993,55.94322569048363
30857,58.49138524477302
50740,46.338052036709705
25134,57.516749495759825
70379,52.11976350041964
42399,62.83773959081944
49520,55.34265265144189
86192,43.02413646435168
77400,57.60464739393546
86909,60.41304372455784
76415,64.45934604497006
39795,61.51033859227759
84974,52.77037909769598
71100,59.53665740411314
33431,58.32167543614585
94665,60.71477616626212
49269,59.97319016377401
31014,57.717127489239914
65624,52.719162920446514
27838,49.31805687030934
57072,39.809250954152006
67368,51.59160718185529
65722,57.91778205665429
97185,42.88996571822122
16869,31.446469502588585
22838,53.66632166561809
43683,56.15109254971473
10870,44.038773839917475
89981,54.69448839618792
79802,45.64084004273911
87469,52.225904085669264
100111,57.058335482151705
40551,60.432509211770764
56616,38.8772180133801
55974,55.497150561842716
27904,45.71951350425228
96940,59.32475503554333
12624,58.929220912774305
93894,54.00261287360412
28370,59.53421666901428
86471,54.45212095441264
71426,29.846812264575846
34120,54.999125116717885
75063,56.75348046888959
94685,47.30287518580714
35561,32.377704205153606
21688,57.1819116131377
18749,57.827513072821915
18936,40.19875991863135
101331,50.50391090921198
3807,58.907876104120305
54420,54.309004499170214
2898,46.95072007707418
89440,62.25558985052246
38900,57.976821306158996
2289,61.83337478899992
86825,40.62993584999371
66727,50.23207158467592
94642,50.030672512001615
70131,54.3994082717254
51953,56.303406317461736
44962,49.916101494994216
39947,57.106543433379905
23452,47.83294432502452
54570,51.55830783120428
3920,51.87142793866429
16079,49.718342432671186
47821,58.644861849663855
43188,54.830939276513476
95220,62.1731275073457
14120,41.495758059617444
56893,59.89325489751292
47594,53.992619280696225
33095,60.14149164386722
72907,35.71227598277051
88358,56.86242860919304
102160,56.088099707626405
64981,54.08079201976682
7379,39.32605267918551
3996,34.21466440816087
59050,63.4243945651746
17303,50.917128547317766
75153,49.7110666193726
31427,52.705706150972055
2684,54.19208962957772
83233,56.04794550442405
13665,41.70163896520383
49712,59.43361437478102
57568,46.00466125712336
80283,52.92105143271362
52145,44.994155565300055
22814,59.803409773956844
62294,57.44932992093249
86475,46.96160918871393
71597,56.80501166056631
65774,33.559400114426296
82199,56.72435980035696
64607,60.251504086191716
15171,32.691675303426656
31595,61.72462781708327
92502,36.24397464277871
72541,53.72918957216829
2687,61.115613421117374
91773,49.26952008693525
49635,47.80461107273485
30716,56.45102836247669
19746,51.86665689727561
16754,56.43093749139647
39198,45.81899237875787
9610,62.417985141936796
9691,57.36561693842759
10223,48.765707512390996
22144,52.8830168859272
61231,56.66444759533648
95801,37.937468991017035
37459,59.1949884017757
11867,52.69493551180278
82983,50.607792830103335
65609,56.05189397593311
69316,49.96234203497032
14400,51.99758911943789
56874,51.79325575923808
76999,40.621155554210084
24738,48.120126660962896
68571,58.88604861971595
95863,38.021332069263764
51010,57.94468202396722
66847,58.967143161620015
17856,57.8429353129358
84171,55.22750385909588
48472,46.52130292301536
16986,50.59521237339639
30968,57.92144538744397
27101,56.26246965379658
14737,50.724845739020964
94425,27.941258581514383
38739,62.01040245208817
54138,39.41461489182314
66989,55.860280200325384
81275,50.636170270573025
17221,53.27945269131914
54990,57.68883136186109
12543,54.02987277641468
37783,40.131880725981084
97036,62.134929856987924
98577,50.51386562297065
90598,61.896802582344336
28800,40.27171533308427
41525,33.39671108774781
42960,58.80687560895592
15103,57.797514385495425
68072,52.14205390323529
44019,51.732969847723844
97626,58.53151089901353
55357,58.64244898843495
97832,52.65365877063023
89351,41.88112968948987
87422,61.9685628553229
98951,50.87541246887277
55608,57.08893635724786
58349,34.8400027400004
12514,58.430392048890475
57114,38.41467506475634
41003,44.580015596293336
48834,49.1363906862537
13919,55.845338773963974
90144,28.251793860479385
62646,48.924966783372675
60519,54.31953440339366
52033,40.27819897886073
94607,63.320343157406384
36112,57.730860196184494
69053,52.62958224009236
13699,56.158403846103056
46590,72.19074245902857
15572,45.881194387597304
40110,62.74347185785546
64828,47.94799845126241
91169,38.24503182330348
56591,58.97364876438399
11873,58.425048262202196
3889,68.43779045981451
56137,50.823717495060144
28232,51.15717044287994
34317,50.02746436967145
73800,53.4933759410868
66756,38.7281352313701
60470,32.19236625552685
15983,59.97567259739039
34573,42.20763471287553
99008,47.489513574347804
37894,57.774795108088085
56556,51.76811080798963
10790,45.61866412205519
102298,35.55263926912397
24425,49.54914577743179
12849,58.2690957731959
42518,50.35500886661166
87036,49.58245392739877
23898,55.723512650823025
12249,57.15642549541044
27797,59.647947114955386
3387,61.8521081692595
88621,54.687628997354906
81789,62.29989288758422
28121,58.49030329103144
37865,59.15426294873324
5920,57.79710410429312
27489,54.51745723521929
14259,54.98532043789586
56773,54.835446525180444
40704,62.461058032618396
40664,40.88609187198971
65799,60.313174387407564
100999,42.57118950099148
21942,57.293675770759116
27477,43.351057394748125
14461,46.58799958264186
65369,46.046055031550914
64848,61.59922164125423
71014,59.41632220317225
13484,62.38419001713618
83120,24.865429065033375
4948,57.05907968311738
21105,46.28917994753119
63895,53.50804846901825
78328,55.32028050895927
73162,56.041955335745634
22700,53.97629783217042
100211,59.67347671205411
81652,44.344649628110815
12711,57.61340924065789
64229,40.18492212938369
51477,49.18553608948279
41804,49.78355085248989
18825,52.26037458728376
68636,56.12447746538169
64894,48.095087985989835
90899,51.105985224753944
57873,51.956037836026766
80515,58.70262788703846
51298,51.24828406615312
36643,31.46870627024209
11657,59.55683883341248
38906,50.15304141601565
84677,61.07339585951895
9726,66.88604942685045
21374,29.06266949663427
32743,58.54773361021629
34897,54.243269286410666
30895,37.880746647478254
77632,55.87555429567773
29333,49.80364717260572
101326,47.563894962330615
59503,59.568804696263896
80514,58.51280870253524
46503,57.72261880719199
78757,45.36155082210117
33445,55.75177449514326
44035,35.34304187012479
4239,53.52877342340344
17341,50.0652797132454
24833,44.92897111501021
5233,56.25462448274673
82011,51.54208968271311
50869,52.93108078886842
66869,39.06701306655816
100048,48.3299602904546
22833,44.69788758907216
76993,48.98185882381299
53380,53.87567763539882
22140,52.747810616685186
41640,56.6560899937261
79937,51.88141110466403
15938,37.16150063821669
73512,49.107897147683715
56008,57.72368915421038
33306,32.5624583308465
4790,55.52656147125505
50766,54.166833586824815
93545,54.96797505797209
34205,49.96984109370635
71945,47.17137241288775
68472,54.156764532149644
100851,41.07269761983786
64192,52.7936006475628
33115,48.6021137404764
96639,56.04338200479946
65894,51.04724415008795
17897,49.04728180511831
38152,58.5628236022201
50214,52.05168827217912
77231,54.35994149077031
96374,55.00824918670694
51090,60.79037222592832
89522,51.037942798995374
13038,59.58342857259948
64374,62.07287966689519
18043,57.82320625882254
79765,50.345292708182505
53255,49.93600211681643
83276,40.786173752584276
85344,59.08815728165805
102538,62.097223045688935
72219,55.511435591757746
89660,49.571626481100616
82936,54.775685322802524
51239,60.323482616021536
27550,60.53872675472889
54782,47.617327476869235
61417,54.6381536837892
51035,58.88266610576062
16867,59.26972302314229
55200,70.42748715758634
27267,49.08529723513476
1704,64.52615249387881
49504,52.45928256268734
41095,51.02369838965202
47735,57.686084375641336
48796,33.877212215320746
4171,55.16243024552312
73271,48.008223884101795
71464,61.47293653195909
30206,53.84313025005533
64354,54.39228844539219
45057,58.24330248731014
56680,83.79326201756786
38701,65.25200362139735
49377,54.441997032335905
18096,53.2324665422117
87071,53.96481300593607
38753,47.2702053036648
32929,54.90315775605619
50231,60.29154083198782
93632,55.03900537553635
43532,51.03403326605189
34946,61.8824894877648
76541,42.41485561824443
22237,59.39699280334059
2360,52.864644230807144
51939,49.56515664518781
100384,59.577555545549764
4703,52.134091500572545
78680,62.06643014899197
89728,60.431444059626244
1916,56.01714547152892
24951,47.05370433334844
92823,24.27185443806777
39213,58.832995075727766
49631,57.879951822434016
73179,55.96785211866097
87561,35.93270383043425
18344,48.425868088448965
84087,55.8732105473449
11581,57.674637892563574
54064,49.40895331325636
42015,45.75845691317196
22089,48.896429414756604
30501,52.98439810513753
1307,56.863744921283676
77978,60.497418243664335
38188,45.979611199792316
52876,59.76473766348418
49875,58.176207189381564
90947,52.81773057344823
21806,48.682732062495575
90404,44.492964175332304
7265,49.76255773920091
68517,56.49134782691631
4699,55.13588147601379
99187,47.09125143660421
43077,42.30313375000092
98508,45.54145075873258
19067,31.8070121529728
2872,60.69921005218421
3027,42.274185716223116
31745,18.272973800815855
90608,49.75046212911466
35139,54.59108681305669
83391,58.83895268654581
82962,50.72667331987154
71953,58.074227677120504
83118,53.93619511123859
68301,53.06872101961294
97163,61.70533164371392
3264,51.55786758541188
46816,62.029236562642424
50715,57.947114956729564
100018,31.5037455570552
7215,51.72327846310411
3759,56.710580096747414
35651,53.64111755919063
45695,47.740254058214134
5344,59.278351378222126
20855,58.19296676913289
4851,49.08631395941415
63688,43.90371323307318
102545,51.57601117028699
60595,58.87004548572279
76681,65.56217382697486
12640,65.51198158601916
94307,50.423753499192365
70284,41.85524042545916
24062,61.302711024894606
102585,29.49733151955206
2519,43.92827882179715
23239,41.439202267215464
101395,45.07491678935023
96755,52.35253024520468
91622,55.583827377160326
95272,62.155910583852155
24839,55.71779058553989
52846,50.58572296844522
81686,55.52067336233786
76598,55.99697795439608
54422,49.03790026959963
59183,57.80758101950123
39278,58.338125124810716
38783,50.53046983949268
12237,49.0440447806617
2384,59.00336398715549
88076,58.321916382577975
8546,42.31249073303933
27998,47.924422354610265
43106,54.29607661414721
86252,57.76519557329605
24052,55.68904229321835
64691,52.33546114342705
94231,58.3978762842881
40616,45.444495077820534
93078,47.41854140189125
15134,50.393564319631004
36904,60.63559158861589
54879,48.43205185958271
73388,54.8684638934325
79085,47.771137633897474
64902,38.87955550199714
11090,36.047567704821915
82811,50.0682924320657
23740,52.69401682747367
102062,34.808942641530585
9158,36.91027918741035
39937,21.697090111529754
24588,55.947409356447245
69108,56.15888964436511
79424,63.21800358290334
57327,54.939891043495784
96933,58.84836915126595
77117,51.22727042407937
44781,45.12642187516054
91011,58.43686556109265
6495,42.46838041328381
37214,59.38415947968362
5592,57.592421929092254
54433,0.0091481238723361
102073,57.0811692886866
75058,63.50067174284088
4662,57.80700635453948
77537,59.338080992538366
31590,50.96253182835708
50243,52.423280376088854
48338,60.97818633240405
91231,59.449046663719116
19313,58.77154032429626
11138,71.0288691880056
70924,60.76858029475051
98497,55.91327679173251
35468,54.895062317667275
53218,52.11365088015319
39337,51.973893544884746
102469,50.032541223697976
87850,52.17755547865703
12528,60.30134354350743
35206,59.07157230112601
14722,45.02362210964631
44766,56.73835175050987
31421,61.86920591142894
41782,24.532217355562594
80981,42.381909451151344
30289,55.89366376239819
49488,29.238637651619477
19130,46.912010504097324
47110,62.82394621273703
60177,46.30816999468926
29334,48.29800259805251
97046,41.71726946820203
12217,26.97849311933186
96234,54.62676381636709
38089,57.7094633807603
2541,52.167925163686945
44784,46.54779328419969
57185,59.55224769930085
92244,32.317820157215515
90744,41.80748630534957
90946,58.18735588205692
61694,56.328083817457355
82197,46.899600378871504
91395,48.66382695421092
42170,57.482090531043326
30409,48.8651572705639
16187,52.98003519890864
30207,53.02968404257168
44090,50.12275312229237
20578,53.795839923819834
79900,59.6631203857295
27524,61.50450572954418
75082,46.492669099821846
88441,50.978690007150384
44175,60.74720777350399
54848,51.610593144391935
91912,55.10839821578081
11354,54.89144936206859
30374,49.810696113932515
102195,55.717351275714236
92209,51.29697279225871
9980,59.49899278581667
5140,45.48920036601218
53352,54.39179223667339
19304,61.06297911287875
97853,66.26956129015034
57420,45.53851421485049
37521,66.87203497107946
47966,47.9788510058427
37194,57.44541916367982
96896,30.07046696267307
61852,56.82434743162609
12126,54.253972704537276
70457,59.23772440457639
74223,59.58681658581639
53518,57.09304630387235
76926,58.71431971365294
64996,59.335791304181875
26776,48.56809139384388
55004,52.430354012356545
82408,46.06442022999519
101676,46.368864273807695
61123,58.977852640177645
37773,59.28049448244366
64460,40.48918987828248
41349,60.0248758108586
54108,57.81725168740619
59968,53.5517102476865
54974,22.8181032148187
66424,56.86633993990636
74346,55.68573759265652
14876,55.03677784975329
60222,51.4674382155692
20368,51.63733018571275
14952,56.78898838152545
23243,35.10488540639717
52115,60.64346890591385
89267,44.068239866595405
37093,65.57757774401237
64268,49.03368103787256
45913,47.399800848641156
25997,61.10344179308761
18358,54.96208378503427
33571,50.96684114880751
36738,28.432329880159063
74179,51.85973459250069
46363,53.83081830079239
97295,53.5556734400456
23993,55.024721222669896
7653,38.395665281580825
52416,64.62331431967232
33197,37.42851103004119
72185,57.63845996141222
17475,52.23325556588434
81505,58.25021715564437
37792,59.36295895590111
23634,54.680936909352624
49570,56.489965921013265
3969,54.35185259674562
45863,55.35614804155444
27520,59.99891037706298
42796,54.846193796124595
14086,62.12061260870178
58649,53.02377082774463
86806,61.169653940125926
15574,51.938438069569415
14203,61.76185530002177
73016,46.728077970868746
16598,54.96205754063065
18109,52.291887222418936
58313,48.690319260470915
62822,42.82505483708571
68974,49.31802159327014
80722,34.95575377143257
78331,56.787691764340856
64470,68.840561689636
29247,53.01941166138708
72233,57.009543227901645
86410,45.9280756268403
49824,54.70809619722775
99159,60.34637341640358
84485,39.168978348301195
45607,57.477653198580434
82142,47.15648059455086
40924,48.82169471064805
41322,64.92625105863274
25292,65.73888388271058
91069,58.30962587277331
93057,42.6861263974466
17032,54.40940055177367
99693,57.764064626851265
22594,53.34678682807294
4978,62.18615596524351
75081,58.14991310844142
67914,52.85818318907719
36581,55.41774120614679
25861,52.389279326837766
92724,52.93699968160986
96432,52.62528188209554
41517,54.15439848350917
36126,48.72678851066626
62309,51.39337347545552
17624,56.39078393751386
21116,63.30411108743871
34922,57.129809428890745
12208,62.01647283007897
28832,53.83861527798462
17016,48.764519995986525
7310,45.1321976579683
85082,53.6783796509864
2213,62.60069358460103
87419,55.32158813850688
93151,43.856339826230325
31873,32.11354681453942
358,58.00138373703898
74708,53.33461654532081
8145,61.38584934961978
98075,42.83657761633918
30095,45.43819092645619
52813,51.74735281750451
95131,46.42306434663464
83324,54.925303676736846
100192,62.60725767378963
47198,45.98753058538833
28886,43.75655517745413
66560,60.546571032070965
3478,56.69795916295744
100082,23.24673672896857
62136,60.77001833431038
71307,36.736194221943336
71574,48.690405067483795
2145,33.39277657164328
11563,46.67647172491954
82910,62.28368669022707
34034,33.35647109574644
59364,46.24137459126544
70497,61.56815440028391
68746,68.82638088292939
38643,50.02456009699102
64752,52.97074751911103
6921,51.9623039436403
32938,58.62331540565687
58270,40.12870155585384
17938,55.18013174795168
12164,29.00314567455112
87001,45.13740266856709
78782,46.84972027590714
12274,46.17820588154821
81077,40.53706407004834
25393,53.02552910835331
52411,62.722905469185996
16274,43.53446511931407
25630,52.59897926159996
67888,60.303623642103474
80600,54.42522320391996
97265,63.24428807190893
25297,56.934937388063254
60774,61.14357264258599
84673,58.54975243109122
89792,49.82731315301908
62082,54.03652485718603
81428,52.716538616990576
49492,50.66211357399318
33291,57.15913565675545
34992,60.79269859747706
57912,42.34335353200217
61865,57.66913800636718
99804,57.405944395516656
11057,47.36404882549697
47204,50.9497362609258
89885,55.97957052719277
87076,27.834482504866756
943,53.701194232295975
74369,59.75733599609015
15414,50.122477611288275
95404,49.68089187637345
33461,46.2751918398861
63402,54.246248875294555
81723,48.225797635959154
43053,55.80376865754417
55195,56.14809716051526
12746,48.40398434739974
94544,44.92663064117784
85247,46.12610003291677
100220,55.221749443542585
7900,56.77645042042133
32392,46.47754066483531
11169,53.024941498333376
13102,48.132179740936806
52368,58.23646362823424
20064,52.08978164255552
20738,55.30582865364427
90240,41.66014801438796
85051,60.59145279981995
102249,57.22886370539528
59420,53.721070164003535
46548,53.21538540717387
92297,35.615132440705864
48958,42.27905981210365
73975,45.90737184530977
41573,58.05131345362065
36349,54.29048825231725
95326,43.98299887623929
49985,43.25294720673176
22738,49.960528898473
13236,57.33591295834904
94858,58.70776934803638
28944,54.431827885531085
87195,53.52651757077089
15201,52.520864693278945
42589,52.2247695668849
12600,40.25722008837882
38549,62.40803552903515
81512,43.288325231356254
66206,58.74249534271475
102360,59.996615819511874
35104,48.34109694226681
51140,53.7878980246277
5013,56.77601696653946
7337,50.194369832872596
64284,42.91327744966988
64727,49.258126650893644
47756,53.48834530499639
33070,61.93800040939337
36569,55.58860908408677
47071,49.70183717838871
54800,60.85627521057444
58212,62.905543072219906
43022,59.946714442751876
69421,58.00936633836346
33086,43.83598177745926
91813,58.518191098317104
36797,41.49841271341341
24721,47.12475875883275
70141,61.51838022649923
32016,57.461041373245386
29688,33.51842571382326
75626,47.71835078422367
60284,59.288824039477134
90294,33.27769559579981
2463,48.83846557769403
15838,57.64119200133051
73216,57.78309881811696
74092,57.27380359866046
46856,59.86405039840707
54628,54.061267037660144
50374,57.7930751451113
99670,61.16706658342644
35149,52.70497942273655
19447,50.22366921855034
39548,60.51708265115968
42810,41.669173554351644
51356,54.377375503709324
2174,55.928724184743125
53663,46.506991465787124
46593,56.21500845017698
7527,49.92388662403383
9952,46.775274514386766
94881,60.38734034198323
49729,52.88105243606192
85264,72.79110728273184
94299,58.58102352474785
26635,52.27077150983207
33,57.16176811118655
102087,55.19992092885005
56922,71.69055967608575
14261,30.88120433454908
32492,30.97615963987588
47924,57.379123346272436
83855,50.249601886946536
38997,50.37993834221278
31004,51.38169568084654
53715,58.56870036302852
18779,44.70900693817205
68805,35.01908663347318
3607,59.09832182462742
85932,58.9637904500748
95408,52.370374473308814
63684,58.16863615571454
80080,54.2728173446114
21032,50.91560284357619
73995,53.52370674309977
7356,53.896688443018405
72614,57.5733096849186
57290,40.87038395011265
90935,60.55039394953363
90116,63.57573897271604
50517,59.08384925424452
58374,42.98892477033388
97597,46.85983803399861
32204,52.04199197998125
15905,58.41825745377267
20882,54.10607091375224
38932,61.23230371749358
64114,58.73110600443087
78041,53.40701180235907
41313,51.7507039908392
33764,37.64645338185854
90716,48.37378111989763
88707,63.03911236237232
33615,63.85120988101701
23485,38.460657121052456
30891,61.39164801114332
64152,57.9896592910859
18340,61.36997203825282
73075,56.271683210138164
12258,61.80257239221724
47560,62.18520252954197
99674,54.90425473334251
18127,42.14772607149778
88409,58.38077379727908
54812,46.64237788698126
96927,44.8090057526459
89574,32.076088528011304
87869,55.55311936576304
71859,48.87783127113201
22,59.26926840549861
55262,57.547251676642574
5573,54.367031927466144
38010,53.31922553047228
82831,59.97872537852863
10407,55.91662656551827
32549,46.253156935271925
82681,44.757818004235716
76656,62.09581827089612
31147,30.096079683683417
6447,55.31991600483411
23122,60.57592078416989
50094,55.80080931514574
95732,48.335597411312804
46331,54.49291971385032
42737,46.56449247858238
3138,56.91331151845113
42550,53.761408281304334
8978,45.23773417899094
72584,33.907694867585946
30151,43.20864866384413
41825,56.11301544549808
3664,27.232574305635872
16551,51.455205449868714
27639,53.96670607991082
40790,47.921966494719776
81882,46.90970491489315
12603,51.296482820773875
12138,59.30048429726865
9603,58.03893911275174
81532,41.60572904656652
78255,57.88054420465269
54391,40.27939110743246
10395,61.820891951246246
6384,62.216075167089706
38119,51.33814322215722
32653,49.35653406159995
32216,55.522115460029084
14508,54.90606529119685
51771,29.247178539245443
38720,45.46995528551528
97045,55.38063864038848
58253,51.97853707374695
71276,20.29843878877195
72837,54.35479991806278
36917,59.10998364956583
19731,41.74119592564083
4165,48.91833528444667
62710,55.82449724386727
52660,58.161076453944716
2752,37.31637450209527
96403,51.290842167414176
15379,47.31697287456598
95822,43.21520086035957
51151,39.85214405547046
21583,48.08583523505923
36985,51.14836514379221
76462,49.527690946654694
36661,41.3521290313258
90966,50.18329700077211
58140,35.11877330727182
42396,73.30732855261714
59203,48.64044264439309
69240,61.41877758398865
27134,56.20574746450102
78453,49.374061403629376
606,46.56796500901617
56479,40.221201591687496
92254,52.663267428567096
65847,61.340767644173084
100279,49.69744949118717
101654,49.364686292086354
4651,37.114242570455616
83364,56.31516738700253
29085,52.92293948146584
55269,53.73293202738008
78683,54.999550656003166
52867,49.63897112948497
39566,55.48102059466573
67152,41.44006938536493
96248,39.54613579594002
80642,49.3953207785611
33908,45.873461050045655
6930,55.11323472696184
43877,50.15846211068897
50545,48.28331750445876
21780,59.66921824557778
52180,50.43658771924458
535,35.204839532164186
34142,49.441604938946796
62634,41.82766711739039
22148,49.265196506248074
85583,53.85341295517921
26712,61.80985459654748
99973,47.901557737046915
15985,60.60013867641163
8241,53.65027718521009
19856,60.16296662017877
20598,58.51867977374698
67875,56.13505115097702
2428,34.15731823631447
23742,46.3904637703146
70761,56.018523641636875
83152,60.72902926732944
80757,41.26152975543124
95033,53.69064578574285
16943,57.71438139772778
101382,49.74080731589685
58635,52.559198399199985
85062,57.76490595944371
54736,59.20551512705181
7150,49.80836818695651
95317,46.22088220659674
3353,53.38836357432189
31165,43.777308860212706
5995,55.02176948860166
100148,49.60196707709063
92534,53.71249065873887
81232,51.761852336481766
75636,67.42015604039531
21765,57.65772696348261
92593,56.79454015539938
12724,58.18415655534858
39321,54.57895759393199
63870,37.48619137717148
25103,59.26395157496368
60735,53.94358883297173
3811,46.50528624476304
101524,55.48781389221152
60857,37.296273876371316
83882,38.25108230457121
32181,41.226284785643735
89813,58.451371696995
79845,62.46688514297645
58446,46.25704187062782
7818,33.524600934490095
52314,46.74079889363457
36919,57.43734003477418
32160,57.06335636933651
38514,62.09364498552215
35066,51.182760788627895
90212,58.60708067491314
50930,47.051612662864976
62906,58.879647058695824
63958,58.74293318230737
24735,52.200694175304406
70666,56.45263755182296
97846,46.97425711180021
4177,50.635979850562386
28451,55.41391498688799
46615,55.400949708723644
58986,51.3186478438231
29297,62.11346848584398
15338,61.38175679026209
38313,49.14580463536171
87503,49.57007477427808
11934,46.04240713419623
73226,45.72194872331436
92870,24.791278349195192
21917,55.89133175167683
66060,58.38752815021821
31564,59.79291739892469
88126,38.283422507013654
85220,34.92266580379841
4636,48.310984400223255
73354,58.43408731888664
33368,56.00480392262814
62539,53.658242689043455
39013,61.78453499807352
62076,51.94346163910528
3466,24.841963528454848
61381,49.84614429676665
55960,55.42608080856799
13467,59.21584166844983
70495,58.124150863377565
77733,42.565789808675675
85049,33.64264429714849
79690,37.73063702188174
57134,53.144100628091024
43338,29.812553275535766
88068,62.1763986852018
35535,56.021446157356294
85054,47.399800848641156
37741,56.84229277187353
33752,35.13616500822228
3240,60.9211098086688
59829,54.92187456091174
33103,44.89165561010303
1643,55.50422472449021
99748,62.12419643528139
32903,60.69238482669742
46682,51.07758270287778
51633,59.675811868941345
84881,49.36631718320946
504,53.23242907819167
35315,53.5610801031177
42877,48.491218912503655
42965,51.90124845688329
16977,61.25068703983258
31642,59.55039656094812
14150,48.71189570335033
92991,50.31710686274905
55206,56.54110369190975
19879,65.91574419038345
57243,55.41632924026609
8619,51.70147055532895
43640,59.02711536395638
8846,56.81702515656016
48462,51.804830360784884
82131,60.53336665827267
61006,58.10874897010942
83016,54.78394078776369
46172,63.253950381888615
77595,49.278612301185554
3276,41.54787962806455
94218,31.546210119744643
84903,57.423625240455024
37259,59.11793404974058
22260,55.63657612042564
60156,57.57046270966977
83107,57.78163256054224
4087,58.06680713496547
1954,31.307645727655615
14723,53.70197905404109
33405,61.52795300402121
30350,45.5072834314317
82833,44.925958601149695
1823,50.765312904933424
38846,48.692891373291104
6403,45.59322395362433
41786,47.58495751608476
33887,56.371615294762314
83098,52.694824773111314
9356,51.12894661831218
97974,47.708036954929405
80630,52.43316071959231
99074,59.44821939002675
15526,48.2111014095094
39545,13.04739524098754
88821,45.2727658935584
19457,54.88114179302933
88988,20.47817892747505
20752,62.97516801898431
87029,53.122879448404234
22907,41.725159795245034
8038,55.53096957980091
98743,54.428564091238485
30803,55.19462985714172
11802,51.273224046800145
26661,31.076017697417956
66493,52.36893612242086
20267,36.32208024702145
45108,36.30506872323562
95593,57.35493172984923
5865,45.83917720355652
46410,45.41005643127982
45962,30.86534544138485
47610,54.01043793518822
90274,62.745599473219706
548,48.17571604310482
95671,61.29086497254869
34574,51.38097011691671
53408,57.55268650703729
96238,52.01397868541231
41561,57.19172873009622
1371,56.80284393544527
68995,40.12330727811603
96317,43.52483879532005
73309,56.4962706056471
70414,47.38080196803789
100995,60.33692152543665
50639,54.22697195426341
35012,45.44393332627708
24079,60.35250614803703
58309,46.75465917864951
83146,56.97141174788174
33899,52.68436101036497
92528,49.04472342179711
38104,56.07990408865847
83242,42.21904684849897
97952,57.47108804457475
33427,55.47791574896232
102292,44.32137754707857
28368,61.16441016383756
12157,62.242102341146946
42784,46.14704690481652
11156,52.62848368340045
51017,63.69769062015149
46569,55.61164372557673
35118,45.79455180269709
55518,52.915706576301936
85326,61.355582629386895
8816,58.99045698119321
50401,37.86254768237722
50856,47.10527914903172
92545,70.14783818530694
38973,47.62456506259358
95897,56.203099656077654
60736,60.38186041684834
50397,59.87866269495659
55571,50.763459550069555
32665,45.69950169554004
99293,62.412710881641445
29167,59.80851949425876
22742,31.848254422993502
90560,62.06727264645083
78369,46.598415750914555
99697,52.37702449922678
45224,59.39047905079015
86390,54.643708728461704
76809,61.76993068261882
89721,49.05607044395437
49255,55.306248901414534
44667,59.62060069808556
63507,59.70556903287873
85663,57.451208803138755
37757,53.297810485699955
75041,58.31360832082384
55024,45.78036139483257
13460,55.211266374290325
36983,57.50217848363138
46226,57.521906744884
62545,55.279218756001356
101894,52.92957130572454
42634,49.42488124859
99247,55.1171198642994
52690,58.956799867270206
54820,51.35096723131234
54502,59.70605869699817
84464,44.57984752399477
55937,47.35404896030835
40275,60.98684006857659
26549,42.3856888464784
27353,24.404359077224882
46719,57.22446892335494
1244,55.20775541636419
61253,56.39007754648275
10495,39.49574796515506
26422,47.323974060701666
44070,44.39259662642804
27694,52.46390277810812
18172,55.7026295959133
80736,59.82009643466644
101054,52.13165446629998
95258,60.47876273525894
13528,25.85946383556115
100452,40.641480589363645
60330,46.630247477856145
57624,58.42349196525362
96287,44.44185723087444
61844,45.16745991896861
15744,44.664926555343484
9277,57.67836294438522
9545,51.80644807427431
35721,44.722445846167446
13771,23.78226128663797
55694,54.88397662379776
3731,47.54840650457438
57448,63.19051218611269
49321,49.30562704673559
84327,53.63832498334212
86267,42.255375705316055
54825,29.039006612687658
29072,57.65209325504203
23786,54.774586752399436
71177,58.55893765113711
73617,59.4773404228696
97393,55.02467634142492
96246,31.059340041240144
21878,52.957493373997764
13025,58.96489649026114
54254,49.616241111450876
52049,45.1716322078456
73723,61.81657850394191
28782,58.68984413059482
22960,57.25401600760169
49558,55.5698663448333
19299,49.75349269570686
81579,31.650651849525314
87943,44.3604694559409
55467,38.8307240285703
9817,57.51086353324373
79023,39.67679875210975
23425,54.19977983504465
14863,56.60468547989841
72817,52.17278212919688
38423,55.512735482362196
25240,58.457769273150035
41411,63.57190668761181
28055,51.05580456175006
50251,57.383440391664735
20792,55.75414172638395
28470,57.09830979102627
43796,54.69298057155549
75215,31.767246348024795
10234,55.31523498092983
67713,43.476804545785185
89081,51.191656875719524
34284,45.284330054173324
21082,60.62880516034519
20422,34.16637821872657
97831,51.77259949448467
25136,50.13113462340446
47465,53.07608832027945
63517,74.34248365532767
52828,50.67140983491011
33842,63.085144469031036
15794,52.262524981925814
57728,59.082608176166154
101714,62.18933897611797
43321,54.17866825907839
21532,46.59247023039059
20676,59.17259156246774
77524,42.94073109364236
36023,54.3858714756763
4252,62.6814940863747
81750,22.28082832791687
21404,57.69585973017719
76924,60.32935202055428
21007,43.69193140825446
24350,64.03077440123087
84757,64.87126319553279
71137,61.56378094946609
64623,51.81270204843209
1026,26.19283631386012
37970,63.33201548094302
32298,47.53620300297948
1809,55.02647179465931
19540,57.93624299389682
11142,58.09268086334159
99885,42.535078392940214
21409,59.85976365088542
25700,62.93519942233285
10769,50.06048893430186
60730,53.243492339566295
93248,51.45372965946482
4497,50.936061422032246
87382,49.79849672076096
93992,53.262897714254734
50885,52.06174494058808
24923,54.1212907530575
52135,40.965520646963064
94643,57.52650162756002
79427,53.61514091366087
31631,52.20829304288956
17805,50.677808257329644
6981,49.53341923994861
13911,43.338227573254706
12269,35.48385159009945
82418,43.58828424289278
5051,62.1915858318238
227,48.87335659903485
39132,58.90961855106007
93960,9.98708591044749
73643,55.438228151176915
37817,48.43719326897668
60624,51.33077729252036
9184,50.79079038693513
47460,35.92867031283227
34256,44.58454218896381
34122,49.944113748277445
66446,54.842527374255454
5263,48.58441771515632
58722,58.532264924140485
22204,49.99908639482249
19360,31.84742640896996
90692,62.02098115840497
83962,54.94505823557822
49055,50.97945119709877
82064,63.71118192067189
62603,47.96961855249605
76023,59.33096514305508
1840,13.353201290501346
73957,57.260832280408685
49242,59.33857798043003
66548,55.66717830413604
24490,28.35730133978233
78952,39.03404084332954
44465,53.31528002184149
9468,29.84800043453529
42748,51.84515479682621
36503,47.49455659907658
38407,59.42378974098076
80522,59.894987317758776
81847,37.2538132592166
17497,51.71741700681058
61517,61.18913915403523
18254,59.79182317728426
59121,63.0894723713662
9332,51.42601917184286
41597,33.37168746508421
32574,53.92375122166247
50839,57.15339207883737
58664,59.08271985774421
64243,60.14921136331226
59325,48.44434000069007
3826,64.30059543405783
66073,48.05242929654926
91224,46.75446851611455
26097,45.65550828742431
18931,44.85163628593813
54648,43.58003514332392
48814,60.86155162181695
25529,55.674678385572214
15304,57.926060588088134
28222,52.982963689665375
65580,42.04221007642059
66126,57.68935384656347
82314,57.67947979865743
94063,60.48037839058017
64464,45.349618312727976
95395,50.41324755783317
19400,32.394993342133176
2941,59.19394804759413
39151,58.15007015694349
67168,41.83815064341617
1256,58.958315763140575
74548,53.33501133639014
96616,44.85570197190663
27448,62.493463289672675
67020,53.53387774033109
13079,57.30077891463863
20788,44.03004964560111
37691,56.4032381034256
100028,58.43205392217024
65162,62.3443055495499
16492,53.35157626856569
19906,46.529947362452866
60643,54.20702767580788
52946,61.033877605086424
88425,49.71909472128716
25623,60.238502081825224
20823,53.90793899833501
93029,56.37249756013912
66133,42.89744198625871
99151,60.15521161114947
97919,53.517640182406794
14442,47.71795500397211
23322,50.80051105609725
8702,45.725158226139555
12162,57.849473630681544
75910,48.585817075339804
82857,54.12029124506506
25831,34.56950363859105
97600,56.49035264867438
44970,52.00019716982048
88763,31.249880821729388
1335,61.52888070406326
5987,59.18618124181641
84098,66.23904513260806
98746,59.13964297320189
95959,59.07523021643311
22404,57.711791154851824
44816,58.711795480440436
24897,36.987788611826474
51426,57.61571445696764
12617,54.204353107524874
23654,58.88396526146029
48735,53.53063465548669
23130,43.99851445393026
58384,23.278384820144474
58917,58.402219681616984
16148,61.1485677602048
25844,57.93064986952181
54036,43.43601781534238
100778,43.55124135948405
91796,60.647429829689614
29331,46.841704640744126
23318,49.42830910703673
36304,43.65284891637801
48317,59.703735203615366
3669,51.182371232234296
96696,51.89093163364411
7226,54.11965904851445
57485,65.33295758470754
55264,34.766821575400115
80480,49.094960212371404
72979,49.81191920857241
32166,43.21936457361999
19660,50.28072027800483
76805,49.580987225453974
64303,48.101710994380774
57966,56.03096920251883
44615,49.66033046679016
44251,54.15465871132663
95857,61.32805970383813
23999,40.74704872467099
35796,49.08333235198082
88796,40.000424887528546
16418,52.36452765861305
94499,33.96639724385601
96022,57.86208385007079
37255,47.58236630410952
99453,57.51604516674771
41074,58.47948484697609
9981,63.54447204195364
24850,49.5915879502265
23673,35.8139724371659
8943,60.13791298956225
92684,50.978153121673984
83244,47.41399566352174
33949,62.187876404326474
713,56.83907905182191
100774,53.912089681751844
78115,56.1390823983985
12629,34.75449226640403
95307,63.36044395420882
72898,49.74528239842279
10134,51.73879469099375
35630,29.657311510692285
17911,39.80102987356908
86189,48.5121217047836
4791,51.435372159647294
72552,58.18513468953673
76515,57.69618064494086
50448,55.60872828787184
10239,48.96112980376033
7026,46.889943292303464
45817,60.452798318357026
8963,45.83317476845938
10859,62.9228559319248
19605,51.05969841697826
47509,62.326685254334976
27418,46.9773603661694
38544,57.882257919655785
94883,56.924401666692496
94014,51.728630911442714
79778,46.86793159441134
101362,57.40581467365746
53095,56.16194846200116
65760,65.2676209532053
62282,54.8589153232023
89247,59.55212146336538
6632,56.762127728400586
45385,46.98022204356327
73465,55.770998153867176
99455,67.87445436677797
66360,50.18267038620445
101589,53.185726194936
17304,53.28360048729367
45960,58.00146720533719
18551,46.95185864044683
101645,52.93791397120143
45802,47.432991603136266
20521,53.17611099280828
58959,43.68644385487528
65045,38.2643660256399
72496,39.08828206243231
36402,60.81028535457356
25815,46.818248077637705
76702,61.61363314048494
84777,60.05181793454377
30356,43.7910670798629
65815,44.058440120656705
4147,52.375511255484014
28384,45.43435899537767
80942,59.70177168347525
41797,54.884649152035976
38925,53.612278785703666
4785,46.23816535516727
15536,51.24127495175267
66949,47.08013416436356
24614,27.64996344834976
35712,45.54597017621493
37917,56.362165828958204
62321,61.581763257571694
93731,65.51773841346981
18212,42.79716270712995
36296,56.704422759405006
95639,55.06735353748615
50423,63.07057967041224
13920,65.47043342171114
8458,34.84527604213219
51026,59.310849237182765
40103,59.12276431706357
832,58.38920034697074
69312,46.47496562616343
3261,59.215595493046514
58687,46.02726959605211
31480,40.83128861112175
26949,46.993412746615746
20143,54.25894129219846
11805,43.38324892104455
16149,48.40474954493858
15022,55.30380033054392
94814,53.64111755919063
6389,60.14785458997992
75196,47.51635645442673
80169,49.681615020936334
95553,56.32631932002696
46798,57.241736049165816
100177,48.46149103004393
86560,71.72632587089964
64830,61.6256055338811
44056,59.86553607498563
39231,58.725264316414766
30613,50.59423262613812
18322,53.33247673048342
33215,61.97837163197811
79783,60.82933132827356
9577,57.5759861257103
90940,50.72934389179892
101547,61.04532287092456
61111,58.48618250562643
13640,59.860906781122644
79012,53.367042913589245
72937,60.50599983849262
66743,60.297719130454446
77405,31.84181974364425
7174,48.95174714678576
44569,61.174834237773844
84144,55.37357549798253
1818,55.4353557326395
8148,59.70458375652639
41916,53.638608689011576
93659,62.18283809121236
96957,49.04951496649324
43839,47.73064584053073
38048,52.10962979634419
58629,37.070053225410845
89380,45.249269887537764
79860,54.60085765277694
22125,58.940949575971985
46845,53.009314103601135
15872,52.13332716405598
61708,59.282178820773225
51916,64.68291867357549
11968,56.94582800879356
4961,54.50180635786865
8549,52.12644232831683
34309,46.55709092371233
31457,41.90239506462639
8050,56.64410622767048
59488,56.14324335829622
65896,58.10685328813358
71621,51.43917258433288
13842,48.927433568305595
84004,40.540667401340656
5675,50.21421455508441
92075,54.173856597408204
23801,46.35986884328401
87611,58.689714395744424
11868,57.779691701978734
27411,51.95940754967664
100809,53.060942325026716
1068,55.147701661239786
86021,53.388504415697184
97705,56.42692884737643
84822,54.50638610131359
102058,52.63853540141146
32295,57.69243165720731
19214,52.94903779816728
8822,35.94575267740642
68006,20.618258243614363
45670,41.58088234537597
41815,43.09840831226958
27702,55.38845705690498
48091,52.54049997712936
68025,57.93283889635559
98685,63.275108786030074
26867,48.54682588162509
33130,44.85979997593566
93033,42.15023425782544
28409,52.048846423333075
97750,53.31373840898552
32716,43.08148963070952
88377,56.425286087639506
87899,51.111578659330604
45390,60.50123704553164
55993,60.30222212862991
81905,57.77654359050711
48403,43.67060992531402
39541,62.26384558808655
3997,44.45092738640666
50599,63.28545194838833
48078,57.60987185102389
100602,58.19263068745694
79666,48.80285661380659
37611,35.16043285245709
15231,58.29548677449732
51276,49.77525559227714
12973,55.64595523568429
23188,56.656721429131906
88061,50.325147595082264
55130,59.26630762644499
55029,48.38699706342454
23885,57.14713575022709
68066,53.78297605994074
75352,43.17282329965206
48058,51.33138705332934
50288,56.43863102933052
50879,51.38620731834656
15714,46.438800770960285
18869,52.49557353921968
98165,71.72632587089964
58070,56.86042110123823
93199,46.165963992617414
37434,50.21105729282374
83089,39.41474176623025
98898,50.09139355828769
45632,52.83923010389291
8348,53.83196577308627
21419,59.40140981962575
26342,57.61962267249269
101405,40.047545590971005
91794,58.37098141684953
18112,59.964494409560544
86497,61.287372835362575
64676,51.437094656624424
49766,43.877760845735274
73683,49.00285604925454
101532,61.60002058285114
90631,50.070914391762756
78107,54.79525643853718
71710,36.68157397593206
97293,62.053759745604324
17230,38.15352862550669
50706,59.69125089324412
89841,58.566265794040326
95973,51.983496984487694
70727,64.23242725407115
17213,44.52185785660722
10103,60.16451001792741
87160,66.64072062172033
101950,51.94471459817633
28995,56.94978398781116
23888,29.60316513197607
71797,62.42459734048733
82355,34.80411379477132
60656,51.692885059489306
32581,58.989836129844555
37879,62.2710394683671
69658,66.71005153034051
8183,61.014275089324
11976,44.54757372734197
7559,34.95838033019385
53556,57.97010235201434
81860,59.23455169211872
27939,64.6701509435227
59102,58.1998305019979
85000,48.71307934050822
80083,59.070772060391086
48713,55.07559951768875
1547,53.01139595327961
90629,62.390467731887064
65375,44.52165095762761
98539,55.88479174988984
26284,51.68478708225234
42153,56.13022621248609
5816,63.75500347729726
38103,40.95725755124465
84028,61.120834381341304
95015,56.55240487053861
39210,55.77183177810783
63007,55.1798133439139
13942,56.770029359819006
36862,59.70033817399104
52995,42.222077024515876
40798,59.724794531835634
6557,49.74678751521397
74693,52.45787332145733
24647,29.820557342228796
86333,51.62206750589498
55501,59.876493629579876
84789,56.01103826091401
795,36.517601758424874
41802,53.004296727383526
30922,45.79870321405699
51199,54.82408822109769
58981,44.02385899163553
73301,41.41255206586436
28843,48.83574450051313
12708,56.0604956813136
45805,64.32186360916532
25363,46.271393178440434
86391,25.412884174521796
94675,54.91471213114448
59424,41.90028209354734
4272,54.50853107523062
50931,53.43636307106163
112,60.716433546797376
49678,69.78220196690779
31857,58.98914217315307
20110,31.788251214043154
33573,43.236642108838396
90863,53.1780482480986
56502,63.80995031276544
36055,39.29605914685075
71546,57.53095288452498
6076,58.337701494410766
7025,46.54287871511784
90432,38.41474575971299
13864,53.139296005138206
64556,37.537402704925384
90548,49.178028061662594
350,43.022795504445426
12738,54.71045957748494
88832,55.87470030010809
31146,51.870534098564804
47481,47.02312994831641
5810,59.009590906890374
21177,58.95063453876954
87966,63.335513689164685
59742,58.18724257757145
74272,51.817792973637324
7429,51.59711212921252
20284,62.14792601864559
15211,60.21291209054407
98473,54.1371097704911
77394,36.0394281519208
49257,58.59213732248424
36212,56.90743635561031
78848,52.230829554497305
7287,51.33924421803839
32807,57.53442600853755
87508,56.21365158709301
93358,59.49324286290179
10259,56.322416121470894
40129,46.26900601940441
99653,50.636170270573025
65796,55.717388500338146
72210,47.82804876656463
27423,57.908469917038495
32256,57.36054384778869
25098,62.27727093444368
42753,49.20214473534557
26749,59.25434137505706
64771,57.58921413822252
21054,60.84027150229903
100294,49.850329029423506
14504,60.1138581116283
41110,29.05505001173487
58154,51.868175873202475
33915,58.92881690332857
61256,56.88520909319335
75526,62.005850869519165
34557,59.03910613636713
14041,43.32378116626311
65754,48.87354047384251
43381,41.18663784052898
20025,50.01789255926288
99300,59.453697365376485
56990,30.704983470030356
61610,55.30650831960338
74812,31.50456930423862
27894,50.210912560369785
19843,43.86488195261637
49214,55.24377919124301
51076,53.78163828508963
93758,51.27366464499418
11739,42.48081446835251
32357,38.115810261582304
40542,48.314154222718884
45456,55.71058490058656
89393,55.40538997367309
96386,51.28714736975482
20885,52.6194874694524
58132,62.253685996495705
43025,64.34605077568807
40583,55.95429022487818
22612,53.506292619868475
56118,60.222451897557335
66700,62.67671873605473
60847,62.58231053375226
71114,51.47929808490733
52246,60.517092322753946
82508,64.13591683487698
1944,57.36464566015132
11299,29.028474592210653
29702,61.56713614002261
44885,55.79041899085665
51459,47.17523196983436
3081,25.061736552660534
80360,46.63921771924041
27098,57.17443737667985
15138,61.26183302544909
38764,31.326891785686158
86150,59.09647456995751
53619,61.506998066566375
71007,61.41265541819098
56318,55.00257562173881
93542,47.28059453399736
43805,44.29407266437916
53500,47.914810968161824
62161,45.77559718691131
6476,63.33921651113142
16436,46.9422959449815
83074,49.17965601552246
45273,43.215604681013616
13030,47.40712292180842
6424,59.48997480751687
9835,60.40621040220725
64742,52.827378010225466
57834,52.08884932380309
18374,49.380053942711214
49744,55.35757806104466
7880,47.77157840372275
20287,36.696302011673815
33189,59.052695862615835
81040,44.820453601098535
4600,61.00834690411787
66962,57.70185058842621
102490,55.77544436987531
89086,33.12587319398723
35081,56.83473080819694
70566,48.99097330038026
38097,35.73882364147624
52678,50.636170270573025
95998,52.50090746240981
97399,33.33304660068071
90125,48.631779493602934
54621,49.0499007998927
83182,36.81507610750414
29035,43.33651973879425
82925,51.32801598612656
17166,60.59351282793969
13923,64.73277535873461
85807,57.7202234195465
67031,54.270375864768745
43924,56.5480593908479
89822,55.368257506025635
79903,59.89156751169143
75083,46.95620149579752
64937,50.46399919186713
89511,47.094344674709475
23245,49.54844290908814
56915,46.521167628903655
59812,37.903360168912
78379,52.58963068993971
43976,57.7740425613032
39140,53.37435972722853
59937,63.314520451717044
4011,50.60493359335304
7180,52.112030445343954
26102,45.14485402068763
27281,44.106123312719575
93691,49.72089474579914
63708,45.58710890700456
53119,51.56992034504789
50698,57.199691344651484
95227,59.9385567168483
7239,43.483843540712556
21872,60.8013341757244
58763,56.802994094168255
16361,28.382358968623702
9680,61.039673519658635
79303,56.068313101276374
57177,44.595604325471264
88698,61.93194840322231
99620,58.71557134697721
65455,49.00990208070603
96140,53.31412998145458
84501,59.34897458047463
33045,44.68069188462972
63478,56.851084564089334
4963,61.51313663955703
39167,54.89144936206859
73963,30.665969675624734
83257,55.83015950094837
80655,53.5146471621905
23992,57.89914943420142
95885,57.19983790908087
24064,53.68417947623319
73743,56.98667546642069
62418,58.060409942575006
10372,57.71236442186476
175,38.57333076749015
66357,47.52133734632735
38358,45.82811875969311
7120,57.823358210211424
64796,52.88549252095529
77289,55.82355350697964
78638,52.141715921958955
60182,60.38101406594052
38123,61.9472824464856
100475,51.58027159850805
23693,61.53563004236432
72921,59.42915862805145
540,54.11377165894213
5319,58.56024858743411
50138,28.75527875999959
77582,51.41183404934678
85342,49.12473966017833
99850,42.01380062101994
25962,49.73381164456736
5581,59.43919079809734
70864,50.515465720098426
68164,49.40223827375725
15720,57.841955494057245
54671,50.98318818685873
72754,51.01467644647087
12117,43.928961176526165
32163,51.214866395399454
6936,52.055494680967115
101567,60.61550890900631
45748,58.19718932521973
42240,53.40014011078451
44668,63.01994344334584
76828,32.53748164913709
98763,58.81215560651133
52010,56.27879171866566
83884,59.269828625520915
61552,55.228179869452106
28081,60.54412530036189
83332,59.45186401135866
80854,57.192354084140696
89906,49.77679185078719
10148,54.22478907280439
33118,58.29612042276797
18591,59.993649649291214
13697,56.670119248487914
84761,65.08081878267888
35159,47.92259259412784
12154,48.06893018784312
86295,60.552895936963054
8244,65.05602685097895
65417,53.496777745824424
95869,54.66396653257496
51226,53.43356246035521
69584,53.199497604050286
59680,49.14496602572306
76799,60.47815455758963
12286,55.79825188112339
27767,51.70736103415286
55090,60.114802233117345
10187,55.06472819142265
88521,60.574755693035236
38725,55.14653180349074
102484,38.790792890660725
15854,61.94176718584779
7922,46.24670281774167
51723,56.942743887413044
23298,59.76671218590532
52187,60.859438209983935
43237,61.93275904031371
82809,51.67958663018462
37014,50.03904812880655
7188,54.4119965048949
101525,57.81531228419216
7717,50.536639959529964
46357,39.7592638912281
45164,57.40006095384899
86695,38.14892314420034
52496,34.89601560425058
67887,59.49202917949593
70215,49.42562114164159
85837,40.79172816914084
80003,43.235037296818135
84894,50.13404579978625
1728,47.75204208418887
81257,50.138490693951944
75997,57.88906439426462
22183,59.45940808451821
72287,42.147263342536796
3392,49.9442606497191
46054,40.63887145911066
79063,59.6670793758626
45291,26.846424111028874
93343,59.19790412701872
54509,61.85147627213964
42060,57.528221882804985
61413,50.0380997739288
64682,50.90752293934856
86580,46.417407135896006
32798,60.404673830393236
21536,51.17283572126753
47912,54.55594353329757
18592,51.74801751089953
69095,55.40050689878784
16648,59.12593426814292
12735,46.174058127753646
30886,61.54822040769736
21260,55.33880180707744
50059,55.31883161329495
75890,36.842107030974645
2581,53.658410215411486
7131,47.05600204980911
60943,31.40892212956144
43687,48.7334016875683
79545,40.78270805521421
102156,58.294486005839886
2546,59.71122169067335
1797,55.5570074887328
52765,51.73651357754375
99897,57.419685243314895
46475,30.57891070803214
50518,60.637326738045594
26467,49.520804291159585
24504,57.099042468814936
13399,57.44733633100054
14490,59.648935687687754
55185,55.416268517128735
64628,56.67628127353429
55848,60.54065366239986
70500,50.174687875384386
89259,28.335232760897664
9199,58.55557192790748
86958,54.15240897695785
101593,57.33081940981996
53366,54.949341708702924
74140,49.124105042910934
40154,40.46279245691648
86402,60.31309533288035
79569,56.81748897985123
98314,58.7198242975624
101813,35.74309029200228
69843,47.86175288344649
22226,45.04142429128928
92710,56.68777614470643
90588,57.26565046734248
14329,43.1493243430691
91408,55.79309088751522
22111,57.87635064148917
29669,49.54086450290917
20235,62.007002075849876
35108,40.689307923883014
4815,52.22601234928548
41630,52.54645183964308
9212,54.822963997176835
11535,56.35105015649913
41205,51.572040350015506
22680,51.475524330612345
58710,54.0984451686735
94436,41.83448699493372
9062,62.614198976227584
12230,60.78501699079058
34374,57.019740479106304
96845,52.78786467349947
88075,47.44458955032851
71981,62.22350719313645
34936,63.289520413964894
53611,53.363668341564704
26275,56.231760842324306
102027,53.98632454012824
78121,37.196263249501456
3673,60.19246053369525
16803,53.57860802462423
43081,54.24058889119844
93755,38.225634571542905
56480,59.6628310594564
19547,54.99372012047941
15930,43.16034468359829
54896,47.39671233574497
75710,58.54863329526537
29811,47.79491557918956
21291,44.87349701416259
19493,57.55356523439477
45311,31.176222747030565
82812,47.90129828009122
75672,41.970312099705716
35216,54.09115432984228
72172,47.38646157097436
97993,60.05504885223174
96460,57.78468464993319
89863,50.72734655445792
65264,49.084281080024745
75977,32.66556373237606
30354,61.19169366230354
39796,61.634167295373494
55366,32.821658270817395
6992,62.23226540495801
82777,47.839734656045465
22303,59.643510170455485
44489,69.12589035158516
65027,65.35979992930287
48926,48.946132815623656
18403,58.79460712283715
99011,59.19920885540183
59819,56.26789171872302
4831,59.34083172367541
2954,56.32949301560924
21393,52.634526372459206
60000,45.75153916738546
13290,34.10389798948239
64435,50.768504346856915
14304,51.721913471137775
79006,45.39019219388982
7580,55.619913137637305
22524,63.811482442075686
41451,50.04928406359684
34007,55.37361239334342
29285,57.841347096540275
29622,54.2168491336389
55036,41.219087856210095
60309,44.14430322845145
92488,57.658136899805484
72031,56.88395043477256
76647,53.92244010656408
86645,47.499449463558854
4337,41.56604019075061
35400,50.99836502564794
99727,46.65968839685042
90277,33.22003920741594
83153,60.070500818308915
56764,51.28202285028637
59823,59.6030888162982
6552,62.33050936171021
56288,46.13586186923952
39578,48.67686566346841
86717,62.25218689523393
78904,47.01338416186654
70067,47.825261673394934
99486,61.943620321718456
99112,55.052427013871316
48409,47.821244018728926
35038,56.51329546092748
13323,37.30011805139786
27808,53.3017477816709
76138,51.2684396300677
55429,55.11261633165331
80835,35.90351943774853
93892,51.57900700387076
7724,41.517949824682496
96090,51.95562979832451
52554,58.396373135446986
71243,35.915863018737284
23040,52.58868968169824
23941,57.430177159895095
58327,44.13613575554714
88047,44.78859563980403
6975,47.39906923498527
15074,50.925622197918784
17277,45.05033506981493
91602,55.86858461618108
68055,53.611684707106704
78970,43.968617700091585
29204,46.23483074381457
83497,54.66328341052646
6920,62.26630057374709
83823,55.610029577950634
12967,32.26877244651514
102214,57.0607059182061
77752,58.8337352606151
58444,49.700242377421525
72401,54.63585763463675
24964,59.06940379134841
8834,57.82874791666033
16476,59.89785253578306
31251,48.131794498269066
48943,54.196028598828825
8287,54.25700665249623
44510,47.86843207917369
101112,55.277087709301014
13912,35.99476515125498
84457,50.68254396680003
100562,39.489844775418774
54185,61.98195633689605
51016,62.08344731025119
41442,59.05115864934065
71538,52.68017696608712
49057,61.922502249155215
29616,60.74904779680895
51736,60.322393634441404
89423,53.51345125098937
67104,58.88394785252702
64762,60.82902118921898
62091,47.55123247118685
67569,54.55088039076706
69773,46.14348631069218
59779,54.594837569726394
100527,52.49204965424554
11109,55.98312937819442
4731,42.23797874540479
78822,61.57027870239187
66056,55.12634482500112
90131,50.625818892909464
69917,48.80212776044637
85979,39.761283159852766
93401,42.01117721037903
94920,61.13885262026801
83761,43.83508172504929
7911,52.373438176708575
80689,56.28329834734704
56422,61.124815601365796
1979,46.65341518221937
82229,53.753485741518055
100801,53.76416979448524
98068,60.36891439268921
99646,48.48326700182387
3685,59.43940913713346
1323,42.58697827699224
73977,59.48529466603877
85071,61.37803873564276
55425,36.36153973688315
30418,54.35813960185625
94049,61.48459432444061
55055,60.16178747200537
1551,52.71528172225527
82845,54.73643285989395
31697,54.322839239593264
49939,56.47518904351048
65089,51.560091580603995
74325,42.90485190882697
41244,36.049306508361084
35683,50.448565295954495
8957,65.11803836710257
54272,29.340461922552223
70557,47.15627206177943
80833,51.56800350739861
54653,38.7473853375386
102347,46.45294636498818
43947,58.45895342571696
32625,33.07671892574193
3857,56.42793329468447
6035,43.10539635248951
27496,50.53575416224489
49065,56.363392803540734
70234,56.93417640638025
34748,51.51439500323342
36498,57.37503639481415
81292,57.8111485724878
39295,55.22068832818629
70787,50.89647231478463
74686,34.984625977251696
68044,61.492031242042025
40918,58.56590252264381
85018,51.82662354511976
29138,56.592485063845444
37553,49.31680248367227
40148,32.665031026058024
67256,50.30632942438732
84048,51.573913334402775
23682,55.74284137656474
88019,51.02086362150543
88886,60.73816810301498
2744,65.48632907644907
93205,61.617254500525874
40958,49.596267500036504
74703,60.99553319857098
11159,51.11459680603902
64475,56.95901668747444
2558,48.914645882484116
60040,61.35853792215697
82674,28.981141258065442
3339,46.85317192787954
84292,54.6025370260232
36488,54.873082305306866
88954,36.293870350935606
101131,46.16440179339543
26006,48.84401490027412
28469,54.82388936832761
10237,53.71460675834931
82266,58.1683085312121
21610,53.108293394994966
31320,57.095202022179414
89339,54.29853441861836
4075,57.83118134720163
97525,54.92799418712379
47953,61.23650602273766
83850,52.18783302890768
87465,45.68114955770889
6357,58.16316837563433
81555,57.62840072524041
15436,50.131155788900536
53507,47.68843716561477
3891,32.30129528363374
8692,62.70224045506297
22009,57.09089385483537
11777,48.11353423529682
39014,60.38422563997921
64522,53.3570019056219
49153,63.1666807331094
84819,62.65692505644246
59948,30.75087373804274
54901,58.4047520682472
54051,51.97797419983787
29464,56.42968571675273
95883,54.678996647597046
82891,55.45237841280375
42864,49.79250211991195
55742,45.59649049328029
10803,44.2226441217948
62398,54.27323098963988
38080,64.75363859243615
89954,59.11786271226026
70993,56.69134911057182
71391,53.63762957484943
6837,55.585833975442036
93246,45.31935353407799
45083,53.06819213395357
14220,58.18871944868943
98326,56.3390290863446
7056,62.327047599884665
16186,51.66988846991582
21318,46.429297799051774
52454,62.66941237231198
94729,51.28622320957297
69269,63.71366954272577
52729,53.73921152123311
15677,62.18694365145181
42272,59.805208130373174
48389,62.4962271030771
74285,31.634775519105627
82323,42.48325791411841
40338,57.571255194112524
7742,43.539587994030484
16914,55.587773590715216
77910,51.76163355510158
6042,64.44213741410388
36323,53.71570160652952
96323,51.95506133989854
60904,55.715738599756
86135,51.25729391307007
42141,65.74869633774638
49123,54.575235402688364
64049,48.369730171090936
90755,42.240535039123216
27002,56.79274877879745
71145,53.45957939021929
39946,54.12312771463871
40817,55.87548688990082
586,50.570141193407814
59547,51.725204133312
61935,27.375702734617516
18195,49.39373416440823
79546,44.297893663477694
75302,58.22944390936181
37938,42.273006899491605
37336,58.129276563869375
62951,48.60051221002993
75643,57.47316229451542
53006,66.50087893919647
40939,58.502925680288655
32488,47.28492435063302
8071,59.246988297646354
62718,56.41289422072374
9631,37.28471949087418
10333,45.862843339604844
33388,48.20133973703538
72788,49.94608520597474
98609,55.26382894218275
33870,62.35454017147093
89199,49.15010344845845
8829,51.65413644140341
81471,61.59084693438909
51006,57.29944593798356
5851,57.59577413514925
88835,32.96620199259813
57802,32.65462504162519
15870,50.679819586892165
64086,59.95659420601967
64770,55.96154278081627
25469,45.44764108314132
2473,52.19516372509342
101293,57.56709228366508
11779,54.38795917429864
90194,62.358671144876055
91972,48.31825939881143
53327,54.40181921550015
41363,48.84561735771381
58524,45.399749409575016
7345,57.78997502656258
57828,50.98199747986182
58613,62.87550353282966
53381,41.68895849266973
88183,56.014002158306965
15916,49.59906653558353
92259,59.19799389496653
76222,61.92623639968244
85620,49.67063853803111
33890,48.57742339241694
55041,30.901957095411706
92227,52.29682403762689
41583,59.09800283192758
89269,55.702975411090236
13103,63.04574878593654
7349,61.87804714139085
90934,54.51643902722396
54658,55.71838404058118
73153,33.23075604326618
74948,52.05209518215999
93871,56.05400538754863
1369,60.12385551492811
16902,58.76399896270496
35658,50.97771542656215
50521,54.287611414497
48154,46.38059323215073
61,44.86558816376622
46759,50.31185080381566
50732,59.24269266000521
69928,56.49455199346398
17480,52.033689732193814
73754,57.06568387424303
97228,62.29863230302888
21268,50.83122956898399
20371,53.40325606299101
90145,64.71842570309721
63792,50.93564705912581
76114,51.70739308789712
70899,31.56396787458347
46122,57.873556254409365
101357,55.613342495290496
102447,45.890717087879224
58566,57.30068857487775
25022,55.27685833942317
23581,54.6613323073875
60329,60.65184310336338
74867,59.83340355733304
88612,64.09114861684759
78620,50.2045160727554
80128,53.79172935752089
73218,49.26879322320401
14102,66.450489641471
6551,54.89930853803347
21272,48.21910548142731
102589,46.65109387935485
51658,55.61575110015234
23025,54.389926202457254
19607,56.36022721358406
37004,48.13437915658313
3098,50.24057867006539
29382,58.87945037062934
24348,55.41215306612756
20895,54.907881739975636
50336,56.807625647969985
79657,35.78745451654783
11326,48.18445807078934
76758,54.837489329893735
50340,57.09468289320591
41069,62.64155391736653
12557,57.69042066786623
24105,49.549247575534864
36927,58.74291373547766
66436,34.68410889846416
50053,57.618529450389886
58618,51.775592109799994
49299,36.526072195978344
80121,53.24400293042637
34851,47.45888194065114
76112,63.080125488561535
17181,59.63112995791913
24122,58.93763879500393
58503,49.90296557237542
3313,53.63143966797487
99557,43.24413986085756
57176,56.14361773944487
65223,47.88134422284
30448,59.94678522647259
57878,47.05811737763057
57543,52.501551112442456
8142,50.92608739810619
60034,52.9721022792787
94547,55.08324063623482
12662,51.595230356048745
4110,49.94393865379538
85201,32.83985585047459
41533,39.95670502764375
83141,42.18516879391521
47189,54.167420684655355
1626,24.280728066449328
16163,56.831888504795785
98529,41.38524577587034
78898,50.91266958710101
64960,59.56395670199396
22929,55.92573523096663
43267,41.438223751224356
16767,54.45050452408248
74645,41.397246784411514
26802,56.41192761076528
1448,48.4964175632929
71962,61.434500617544
1429,35.85904945129736
5651,58.29974496589473
39574,49.77184990247466
94981,47.08654256556191
77448,42.39774093230954
2159,20.127567321073045
57617,40.00512742865147
1553,53.87852465754992
93685,48.39374467198088
53806,52.32770646428332
51660,60.69317381992418
36520,58.923939216019605
21405,46.25005565521524
50634,51.43404822413158
87031,48.45374861339608
72462,57.57354294358462
81226,57.886822703309946
51021,45.92386176555857
24477,46.95459989676948
38296,62.92735299223013
31554,55.192139249294684
101928,47.89587372668157
76417,29.888837598888674
97972,61.23998006786948
56081,56.553628003381256
45157,44.234911713960194
41918,57.632055347880865
23892,49.83597352898717
64686,56.552970361664826
57986,64.68909849975051
44241,43.40073301284117
30924,57.1513766527298
100994,48.21695269505016
58036,58.06466033653766
82451,45.29374623480389
1029,42.753914525850405
60481,49.28459919030378
57144,51.28821239119336
44198,49.071965397350105
69361,59.736792320717775
74754,61.223830918462454
55601,61.8799594223576
94186,57.29844656227805
60130,52.76037163068399
21023,58.189521225269004
79293,53.65935115658788
90756,39.05346736985602
64277,53.65688336429739
71774,55.90133468004177
99846,52.33349439541813
84840,59.79814372293309
10829,48.16573504146999
70041,54.92053447420297
36915,49.52101353965819
68035,58.538776861208405
45714,61.98955485728174
73503,58.68829129629264
21899,59.57343407846584
54162,55.24066672783348
24715,52.804154386068454
6974,48.41518980368226
78544,61.31972595383331
60580,54.27266599362848
46421,44.35417372276549
64741,62.978599981792854
20949,27.39391314987347
87351,52.280833668321286
14543,58.969171598137244
78884,63.07169354462661
86479,51.57898408898217
62317,58.25094993985756
14698,57.645740883321686
72062,57.288030374965636
67435,56.50475995166494
32590,45.86185021675224
11262,54.46476112733249
58328,53.060876420643226
60119,44.00724572847196
15030,44.711768391301106
64383,59.782841848376776
2456,56.09106037818268
8121,56.45759923609755
75186,31.235208833160364
5477,33.555321707394874
61362,53.52511966096763
35816,56.447563178187224
20433,43.58328443329477
68940,45.288033519912545
24143,27.313737162259827
62574,60.123799307123214
12046,46.65098315134124
37130,49.7672387050195
88869,60.320529815092215
46252,53.82635704222241
27079,38.34979820722923
55483,50.58506485516065
57849,59.38970002225671
74963,41.2723291174041
100940,57.259208939468955
12476,54.29467870383271
36377,44.96503344308051
77498,41.27249026870459
101724,58.366058668976244
14692,53.7233779904626
54765,52.28704778536267
62886,61.778794492917335
341,48.51861969925552
73086,45.962961522216595
84484,59.54337982093112
19013,53.621052502061744
48819,63.94637156041486
69048,48.77181734178236
80806,56.52101569962828
25606,54.19466659097676
96378,54.86747391436309
51679,41.615734389932676
25827,47.651130342512495
71735,63.99767191316924
79804,52.86126794149341
80820,52.898104283336195
41283,42.85193125302117
76673,52.236894074003544
70005,58.59102924513748
88269,61.6073190720969
31370,38.42579561487136
53045,51.84007341791293
61204,57.50624756612191
2814,45.819193564061116
77871,48.94189842325732
22756,38.74592350614266
87049,58.62540750608764
91657,46.963691226268075
78723,51.51363268413392
16222,63.02176480625681
70702,59.41446747605451
50129,56.792381256106054
47313,52.51465582181185
51948,49.232521775082816
42568,48.78178775066015
60554,62.73762271519838
45213,55.55995646346474
63759,60.70511529124038
6568,48.15427880587689
48793,60.11152757152152
184,57.36067038803911
16562,42.19481710071913
92895,46.64555221103467
81007,59.01702299768049
85267,45.729652746966806
3740,36.29178528554798
71918,33.85322773603449
60970,54.91806524874324
62623,51.6547414964356
61779,63.001321567548615
23755,50.997261620084075
64116,59.762957178826994
48593,53.68560570483401
48745,59.979278064116244
7100,38.65270437340217
40954,54.35990757560713
97644,55.2111116713523
44771,62.50667069419114
15722,49.99918696421243
84114,57.397510209997506
67007,48.63569540452764
88527,64.15328499266249
1918,49.908030995367106
70109,56.73258315190375
75268,58.32279984039893
43602,43.854711569700484
9187,59.96985843580003
41878,47.312378868069764
16475,57.646719080684896
88031,51.840351591687906
47568,62.211208622267286
13088,52.88139855852107
47445,39.71484349045409
101383,59.49766240625651
61197,45.76635838484565
100451,47.01830506284503
30315,56.40197171337436
22905,51.091075173405955
7007,53.267862393794225
3294,55.87283270008651
61344,54.817384673674184
25354,60.899727497124175
92410,54.68191254180106
97443,50.95634211704938
27185,51.95390097965006
39446,59.51532406353926
82198,61.151120551663816
84301,53.157364436694486
59718,45.16752212730875
66718,37.45048416965419
48052,54.53891102107376
54337,47.56656221165697
40304,44.67063881373537
33562,60.77198079936091
51786,59.03071300904269
97370,44.61334103675716
38261,36.24217638928121
37371,52.64270384999271
29325,58.29495337943786
20363,57.48835028286439
81910,47.09444361815102
55401,37.17017530676622
47118,58.14961246870948
23697,47.24921505908365
52448,51.795804923447356
3552,59.481106455622
10226,55.514443071456014
61327,53.099391772629566
45112,59.07859544856149
74006,56.553484164180304
12682,60.10752137705116
57941,46.059186217586195
81152,50.194347662869376
5798,51.014138890447185
95276,59.978923934884875
42304,47.36760375342854
80755,43.64918231266866
50483,51.556093065567886
92864,61.31959680537415
1145,70.51725761965058
85416,55.91480132945657
87870,51.36124222398725
62856,44.605388475174145
72589,55.067600716434754
68944,46.18718664518425
47001,53.61927864962668
80632,61.26212894616215
46842,56.346067374850485
62097,42.06537931250894
0,54.124816930191045
68322,32.93189029335409
23701,43.34452589477208
67188,48.29718090068136
251,51.94959750946202
66464,52.978767617834116
30142,39.88742539382
64784,57.40389389317147
95389,42.514936298930785
78455,59.33995763274464
8526,53.89222997282121
9377,57.32788501411114
73937,54.17638426395937
23371,49.158940343491494
86959,54.15568187384009
99599,61.25281520890281
7450,62.48947340951267
85042,46.400509101517244
98237,62.59778478549967
81595,29.607477272255355
51222,60.25238833652137
79025,57.79751080672038
73125,61.48845218966373
33675,49.251353235343394
93227,59.301048700565005
30776,54.15832473851545
11137,58.27187186153683
34101,49.44929540586671
13982,44.9203692269182
1185,55.623272958468064
78194,57.361133229915154
16686,52.66650687681687
34305,52.55123455701796
63753,55.27492425870557
48690,34.15320039136505
22407,40.169439073408384
33258,49.61508419716308
30490,55.51820292619566
46185,58.80938118267417
92960,42.70594999353356
83527,50.65014585690696
75194,68.91208959555986
79217,40.04693098084857
80787,53.351237218166666
87412,53.32114220931972
46598,43.48901979467654
31864,58.09171040992643
78033,40.54078047394856
5402,55.39372529621146
72476,46.21532525573301
71778,49.38097207896517
54567,28.856314852665072
7244,60.70047868382498
95714,51.919661009216426
96741,28.679708358525172
20954,54.1206665930303
54963,38.143442653946565
20903,48.65016323844345
55302,60.762426784647076
61139,60.32354977871188
101930,65.00754556855608
87341,57.909523004179675
74751,50.10239535041718
88321,63.564183413586576
81914,60.014884865543664
59929,51.70595409278803
36180,33.24348915597592
12924,54.84928611690616
26289,59.315440526832624
60161,50.66563545092475
68633,54.459627038669254
94126,62.05975924505685
64033,36.400495341251066
59461,38.834827230420004
23624,40.36800765547353
4670,61.67949555076788
92392,39.65755234648756
56655,53.75122692228787
48612,47.27798922319423
72391,56.0383606182411
80053,57.423355059153714
44260,43.265423163412486
78243,51.01334698052059
49368,49.91958049264144
36642,43.26134581991784
54147,52.9064364072738
16479,53.479440555718355
74604,55.09572052524895
52524,54.987123194299755
16546,35.396805974193086
97487,16.25088684749722
77368,54.50186882957299
7062,52.796846028608776
57574,55.01064213921049
65101,55.026410487221874
15220,54.157211359234786
47596,42.822842193807816
7157,49.818918092721646
81489,48.84064838296378
64315,62.258575902281024
37268,59.070576684171925
5781,62.28393609300038
24654,48.23757185489484
55616,47.73903126283448
59333,53.79308739003345
64173,53.36361779176401
82715,44.57671052047034
22372,53.93982629439517
22597,60.4286655818956
7808,56.0783681677083
33698,68.19571120087808
41488,54.33577862451926
6693,58.544594870140706
98410,62.379209914189985
17316,62.270499181127114
22573,57.027225032825896
100953,57.88923791303316
8881,43.45355241210238
28924,53.06279116652098
852,51.02477528177566
49922,42.182681330356445
24889,52.14241762036183
42998,47.90373034651323
63774,48.60260418927268
29169,56.49677227980477
22715,46.9736287479106
22129,32.5244422708945
69396,46.59016877089514
64058,45.66744894187791
69082,52.42806128091445
26763,53.809328252400334
78603,60.323195279312145
82768,61.95375418863182
70046,57.57511281304238
3054,26.282262688757164
45812,60.63369788867076
58319,34.84307024853044
88845,51.980262248103756
37825,55.27438850353226
26995,54.10261509828818
34179,46.3978890367562
40684,58.50011001304523
66401,42.050671718246925
81048,51.53206230244058
23561,48.657749039541294
59100,53.71527657733104
62557,43.6471726403943
19583,51.8579550608088
10601,59.72071675230844
84265,54.6160680055997
43576,57.09043722027008
16422,50.17794445096733
7931,28.938694171710058
14125,56.48560953376547
74366,58.00828493845805
92388,53.71220781988572
21065,60.44038491896613
13527,56.92955696647998
75563,57.107952029774175
69130,58.76308279277232
20050,57.55240741219156
14195,50.64330969123996
41190,43.80895180269549
71256,53.63987331403751
68270,61.06915353474571
70387,43.13837212400778
61165,62.628748464197706
53368,51.91260999418073
50561,52.94885683544024
34560,58.243927122008515
21304,42.90049944146486
67243,54.09169425041875
49014,44.009701191620834
51163,56.91360700579522
19716,48.10758431100714
2056,54.025383274206135
102404,57.2958239475373
86596,51.63051039122925
19108,42.52508275458286
19106,46.23184913051619
96775,41.73477891200176
20933,52.38782263311858
56448,60.43660452157576
84408,62.61879908562044
95774,51.64535430783438
6478,51.25304482920023
75128,56.657308245403065
15935,36.956861702969476
43649,48.499945061578295
7112,50.24121904703595
46785,55.84433774304369
91057,44.92481969885114
34663,57.4582084530306
50136,62.76033308488941
44755,55.59552803335451
89101,39.575824210522995
35925,46.16817577129355
101012,47.859805393654675
7478,61.12185939400295
21788,56.616411773535255
22381,48.61984065315043
59052,42.57393356623382
35461,30.04694724925714
96449,56.06811914725238
9390,49.862115408213896
2782,62.74347185785546
96830,56.78750760463102
1637,49.52186215507879
52802,63.46010440926769
77460,48.99413984501159
50029,46.96453720845824
75601,51.20320801072504
100754,26.520219360458793
10405,61.81372551136423
9294,48.35946758564284
35133,55.802491967370145
72306,48.74660308120447
87756,42.64781121206407
47182,49.494394773887585
34916,40.23660826656598
18016,54.5660388530979
62366,48.30705689854693
547,58.25200170332198
79730,52.834293387367985
98339,24.501022406655512
4501,50.04714757964503
17951,48.46708378436317
18720,57.86497366544983
83710,61.814334928798075
93873,56.105893838643766
98037,48.937590123992514
66517,56.979930599856935
2828,54.859220380257014
65811,46.63725271758002
42309,56.870820462073105
29891,33.198394032538346
29255,39.937653573963544
22841,59.546788604391786
47061,54.230837171742984
92290,63.44752309895698
27479,49.87204179984475
19977,39.10652912711582
44747,56.73901029870907
46236,58.43303542929081
53561,51.327071014189805
56548,45.4333195811426
100008,53.80445460461995
39439,42.83149178665672
54691,51.99378522144394
36622,60.06785941062973
52700,51.272843820963566
85323,54.18573459005987
1964,56.16028807613294
77040,54.97906194878284
23223,60.465382227916905
14573,52.49381282794086
54524,54.942275134028385
82712,49.48482124889569
58952,38.518601605092414
53059,55.26120558286453
7127,55.09948781966849
20097,58.98996261771516
40999,56.283608386046964
84076,59.65518293489738
63988,57.445559161867
16859,47.97256712185136
9948,34.65117479216616
88340,54.65807357568775
30415,59.58165282832584
71893,40.96462156809986
50492,59.8204771301951
98381,54.139063867662195
47520,37.54137168547302
71278,32.64504575808441
81630,37.812714343079634
48129,53.332071170532615
90651,58.7805641433025
8861,56.867038534744694
87232,52.10912075344472
57787,54.03841172729428
54207,51.342905348245466
12143,62.026700263637906
18183,52.0641731928191
97337,55.054105217745644
82232,58.68797965191435
70017,41.19975671398819
63277,48.28342514417526
60170,33.25652995543218
86166,48.12956752660853
14946,48.809236801569284
7740,55.96459956913151
91942,54.93678539945236
7873,61.547761732335275
57277,58.91129738677859
68354,56.357376663465494
32264,56.53525813508052
29178,55.66612930753338
40730,45.02482831087407
77797,53.221455434432166
73780,63.55091495633368
61396,37.05921506818885
17054,56.447559354312546
23816,26.506764335358206
72175,52.2281686310276
4535,61.29556947044942
92365,60.02513376641994
22473,58.59783609061977
9026,50.72145986573626
42264,50.828538318038724
56963,52.94301960490358
31529,55.35760271946212
40741,55.72037539759499
37361,61.1994912322217
5749,54.984376678832284
44735,54.545088772636554
30228,50.43842186443848
85858,59.28567703138809
27187,54.55045656138067
5271,60.992527679024015
46531,51.20254088040253
79334,35.096246522380014
25245,47.771137633897474
19039,55.47667700847845
28991,25.926329895425308
22927,47.08731809203819
35933,48.1884020288993
27128,57.467430960428324
29883,61.54057747310014
77070,41.818968831161655
38798,56.62748465266894
81771,61.109924948785206
8654,40.86049680282289
100095,39.54099143472784
13483,50.959640761295425
21746,41.43803552086627
92166,53.01521590463063
27829,47.79834516555536
85413,49.536038449209485
45716,54.84043718688839
31722,45.470172312463184
89528,43.01291472421589
59442,58.97891491156545
97069,63.899486147773146
90356,58.41465292619636
73696,55.35089724701109
15412,28.298379092253846
85973,46.99699653954342
25029,58.78870447112446
6461,53.028189874060054
67665,51.73025494807858
46884,36.42592061011502
1917,51.55270609652009
53541,36.48642226553374
84671,52.590879879875665
4886,58.635870674160905
49831,51.64732894369489
50660,52.91487108333001
39170,54.485100075728454
73852,56.28448632776308
39203,58.65080428982371
3560,56.99816826964537
904,55.74494698152506
30022,45.16665697785009
67239,44.96868362085683
48076,45.052040211318044
42626,63.90295071168877
81117,49.42709202430139
67039,62.49560665696023
60230,50.626500103234555
100546,32.27181110868101
57064,54.92406233845979
32062,51.92530611957472
4516,50.76395410721511
36924,33.569634197749274
2206,34.39415538288793
36398,54.52214913452086
8391,47.40172398946619
77658,48.02108520513355
84834,44.80985696449667
30449,53.02454079008847
74214,52.861432301063196
24553,58.00081871724777
17440,52.49043053810572
99357,52.06750136440403
29327,52.92607192351748
16592,50.34808576442542
40560,53.87531580177036
2179,51.77487539833892
37651,58.30369503314145
49802,59.13399370997559
70612,56.80582036470248
55690,0.0
66442,51.85192759646113
101852,58.856728047259
55332,46.98921139722287
30194,49.17473595912012
47687,56.25041683838173
71034,54.254516618409
6052,50.06913395558507
36291,53.05789401675813
78431,48.62009809667778
77785,60.96905619149713
48332,39.095078776799284
38452,20.05474780887124
99849,60.49878144017225
20827,58.63124457638548
85026,46.05853928246706
25419,49.41189455300212
87807,48.85894076982631
52161,58.7235221057215
31182,56.78662048099774
86377,63.49810121047603
18953,54.25865408933228
28795,50.41464586277824
89664,59.711733750643226
52580,56.94582797349682
65286,41.21686176417219
27955,55.65745074816986
18424,51.41381745455517
32335,55.939975520706035
70632,30.922521403384657
100679,56.74321100772767
26384,64.07234942240697
53982,51.800467425876526
80355,43.52480742406453
77089,59.42122500141576
22236,38.7733896356661
10341,33.14377399997413
5242,49.29077699991059
33598,41.94287112451795
35109,53.895860671147496
11622,38.73147189176745
14185,57.39407656125387
81405,66.26561967130225
22555,30.6292192333311
32162,24.989630581168534
39906,50.412957132642035
78146,60.81881737268675
72583,50.4012169400886
94033,57.16395321324195
45594,42.87400031168723
4499,54.83042132952269
47226,60.53840779691767
61918,28.483777199405214
32368,53.18119024126322
46731,11.34600192029422
66458,60.25936680784699
53206,48.833722046509756
16413,57.00153408034095
5922,57.58086072446633
100362,61.491211499483924
22199,41.79548593325404
77944,35.806478851198726
37210,59.639069333986384
46617,54.27304745651185
82351,63.616467495707695
15570,58.0252879731586
98376,64.45860105639002
93001,48.94802427849282
88921,42.57564213581221
14340,47.92937534400175
82964,43.862482557298115
42337,56.05556824963814
85972,50.34059352935278
33411,53.0365859145661
41808,59.498195612711164
19377,59.01159135174653
40167,50.80879359325236
33540,58.5449680985232
48732,54.517075565507
56374,43.09280025471327
17074,70.0197121072283
6690,59.7180926829828
8651,50.00470751784585
52972,47.50455115126162
47929,57.965653631270435
40026,56.291762848688506
63689,60.64469215488518
43388,56.66566185458696
44404,60.0476671548701
83735,60.51095480524345
33508,63.900382993815334
6290,57.436559475089986
20720,63.34626040667458
92291,46.025206070618374
25926,58.097161343374836
60231,54.459918277875005
60434,59.82276229397784
18258,55.17961363187037
31713,52.96907728431206
59234,53.64142799642066
25904,62.436815322620646
31661,59.30425014807016
63347,60.403902987608035
15523,49.368535065581
95825,53.627130466854254
46535,44.50898844799621
102396,52.157246425892296
51972,39.900485418677654
1011,33.5971976406422
53748,61.972759377601186
16951,46.302293292950026
23157,62.58784486705829
31880,43.66913328717159
76374,46.044557440048116
49830,55.947344030997286
14570,50.990933500985776
1322,51.65195246434329
39248,57.90522163780466
97403,52.48795484349798
40956,52.957454212513994
78976,53.821139106837634
22688,33.16711316966369
56411,62.85319973798323
13800,60.2835506968692
23482,53.01493943873407
53990,50.49039464595351
64366,57.77229644008511
64199,51.48948284838753
91937,49.81990972171344
9900,50.269009990646204
7507,48.27044406712574
84065,48.89641446994508
14030,58.99471869113027
82670,58.778805324331955
33723,50.60290126919742
58913,45.82571382062969
43962,45.55072986982532
98689,57.34786726814076
58719,52.821069368002725
46841,54.275564187895554
56293,59.82630381791087
39895,57.680583367060784
48999,50.432708453817426
93487,55.948970321100866
88728,51.55133458556308
29769,52.307083241251384
62528,55.45344660917176
2163,53.873362220581846
75815,54.56137023075205
33234,56.881997053904826
62106,43.28470122974829
15486,51.80215833562469
65134,61.152667718128
86225,50.49503121160588
16305,52.8493495523513
85133,50.728264045094605
94354,43.19873482163203
76298,50.7143952931281
102320,56.3558562854316
27361,45.14006864121044
17940,60.505283620487745
10510,53.53006195669673
77133,49.05437973120698
60178,48.77593869240054
18303,52.736060806442396
72116,29.84361586322404
68600,58.45289922805399
67271,47.91289956384979
14095,60.16298728488764
90910,61.04674814530574
84569,38.762999670194
82289,55.606326142240306
47082,64.31272320941912
62734,51.44651964359083
61121,56.294903622595186
32731,56.68384878949789
67787,49.36096864717568
53944,59.91577835558296
24592,62.09379801869002
88423,30.04405016508003
10888,59.86536955897765
39408,54.03431829641757
1161,45.765602544522565
13352,53.620301404937294
50600,61.49939637182234
8063,48.65698302964631
71466,47.560637859492395
84676,47.901092101257944
98177,55.30050432072754
20601,61.56332008027655
22065,56.928183187780036
24639,58.55836731125439
37197,52.21338109213224
37457,60.43958713377843
41433,47.665331273475395
35481,60.723926627400175
74941,53.3044322867904
70001,33.201820011845314
95919,57.41667197775912
40143,55.234587926552265
96389,49.85020910685468
49511,49.16182243237972
9263,35.926650770957266
76806,55.92078596011362
51797,41.33223411738607
94541,50.07520546815967
29850,60.12109077644719
26912,56.64263906290576
650,59.274899584722135
5743,51.4493568617247
92202,49.45886716299758
52961,55.43294983173814
60934,52.49043053810572
71351,50.40073056723956
41788,47.82610420720889
26906,49.049322234261666
24092,51.820125940698006
75267,48.485252448546916
59970,61.21871396318381
40471,53.548102262758164
31903,56.82742572068747
59824,33.08126468951888
75076,45.74767821723299
56412,61.99537339924619
84882,61.59162181118066
18067,60.45993528261833
83383,53.095691811708306
24067,31.24987846699234
55440,58.117337727209694
53647,45.86460858750691
82250,55.221496310847904
90816,24.364710226675857
85156,50.936061422032246
75702,45.48525095519318
30980,55.110576765667396
8352,35.80929840739897
39103,56.03192832968867
53618,35.93432884495867
52379,53.98923084984787
80346,37.43139465060111
42499,48.11418484672047
80977,55.27308736256466
56208,48.25244372995876
88249,67.67599932103033
39372,51.88583204012118
48278,35.41313203626705
1778,56.685926453840985
99817,58.00585939568104
39780,51.597788033474586
30391,55.877692735404665
23233,57.085123545042165
100246,53.89571290405286
64838,49.28107030903794
68548,48.28620616486969
86172,47.15201823210598
28139,35.38742926964953
67199,56.59309952659994
59994,46.308079812914514
15915,54.2630623349381
81311,35.28708745354633
69833,34.472750714199826
48622,57.960707129790826
28385,35.3291421540369
61796,46.064875739569786
24487,52.07606123297391
84504,45.052066817387406
31265,53.415464228529046
58451,52.094339168415004
83946,55.80334130256779
35510,60.930182066354284
12352,44.85778001504663
58835,33.296762190573574
16439,48.30776875198503
88870,50.39565479444485
58562,37.58944346723559
70758,52.64502762202999
81725,46.84935502909566
81216,58.42195091230641
63189,46.725104983861655
40205,56.010066490384176
3133,51.28547718556485
86063,30.57237087350038
47188,62.28943371405265
51184,51.4125573746275
29042,57.44399756825438
73520,45.38946082001138
72343,52.4446979621777
10031,60.84024243775238
27627,54.35404516743662
5323,50.73695435083067
64348,64.06683006958558
101587,58.43260085562358
42379,55.692646543826456
66324,50.575869260347254
22045,57.720978826256484
14521,54.94307994516888
70482,64.93434129346973
49804,45.610934640533664
69519,60.81341767517439
101116,60.00129095438615
25968,51.69009372848571
55862,56.35354419975775
25308,58.48537204803182
63836,61.73161554749758
56414,56.74279853506137
48877,50.77463800209763
75743,48.02273802489253
102590,49.98259878852966
53231,61.6758913926108
80996,46.35699460095664
99332,52.66610024510538
97610,46.24101265409609
27015,56.204191916546904
12102,61.78487316555501
52870,52.933724689612156
63932,50.04590504087527
59759,55.79887452665954
241,57.95795613587635
39886,59.992124225149254
39365,21.484968424752303
59932,52.131059285339305
61478,52.52873574059624
13907,42.89863072623092
15970,33.61909335465306
35781,57.326432279407975
84152,50.3331434346257
62025,59.48094499228814
80730,52.685425381870566
57167,60.69810500196027
86251,44.13053715577405
12193,56.31394799991517
89805,43.33045036845964
18353,50.10563414123694
79973,52.67725062954143
16115,51.431599553384444
11045,26.115162005511028
57889,23.58752224599078
95,36.106951716722214
93195,63.08876302901715
56870,62.04570770105701
82310,58.31864547829515
33599,60.660343528525075
86420,45.733563365781514
64495,53.02232040768667
17075,50.56838481274558
9908,58.835085728488956
2005,61.75993737282769
24141,54.9017749856978
11740,47.90723427163821
46756,56.26870935810133
95657,60.059800251997274
36492,51.000388134185684
15762,48.11289578276186
85701,48.64795690653143
63880,56.526101066203644
22695,63.59773339274868
76098,56.08513621981554
45746,57.713090594039855
72766,52.225763532601306
9178,62.27526421442891
95704,62.15605323247085
81374,33.39252563380886
6831,54.736026351651475
85252,45.4187928010336
35475,44.095062583445845
33243,43.605447906426825
35070,61.41226455242476
32739,39.83992588535339
17109,51.952824289174885
67832,56.704842109693296
72675,59.34469070378103
34471,52.83822701080803
90857,58.09577088258248
87420,46.88572721502481
7490,55.609019379882
19029,43.223944588248486
18896,53.18165851822967
32476,59.21659246610025
59801,48.379742662461645
54000,40.120660465629065
15071,58.65401725821799
30956,50.98198450613038
18787,44.70515821017363
68369,66.47614476313642
12373,54.97721204349053
62125,39.28484442420074
59874,53.85170378747083
77694,45.47752695018352
10568,62.49593585146263
72075,54.59772938346507
29387,60.16930345575592
80990,55.253032095394175
64543,59.26300203104938
22457,63.947387814420736
55022,56.99832229254653
40750,35.02551062744847
38627,54.04046087467968
23607,55.363795481603226
53657,51.09717973413476
85058,47.69762653542886
7510,43.813821918616576
28870,58.79312041453704
85375,49.43781851900067
101033,53.43150161794612
97175,48.04893597882267
58559,49.62901744529054
102102,62.77510670299222
28715,53.2469752428988
90338,59.43655266879003
23136,58.81109694979237
12848,53.75619490273117
34844,32.973287825872646
88398,44.88142370610525
17384,44.5606919888754
72229,60.521318545585856
17906,45.82168637346839
16959,37.10057138593008
19669,52.88636578773427
19495,60.062909226834215
17530,52.53841877879491
85692,61.673932213018276
47937,57.65430186140635
65870,59.787493085109325
81519,45.49942124642301
44375,61.02289411952688
41189,59.066525089767325
40854,58.799561344354395
101120,59.08451258974045
44350,36.223791050274656
57435,59.48939816840175
74185,45.98455648333245
92665,61.451317148177395
58925,62.548234022773215
86260,40.5275689199308
70197,44.76392924637347
50967,55.13376027928643
3395,44.52635179681517
3763,61.957931910011695
40017,43.60628579461181
94452,49.212320109874256
89180,69.0386019991692
54931,57.91074955611418
23265,47.47886674795605
67731,59.2139661932855
29125,37.26793172982339
20045,68.36357316826364
48127,47.837048331642485
88167,61.102737918328465
57434,30.76585176984125
83700,26.933453207854477
6182,53.13977168722909
43968,60.64273021329568
76359,50.59638883954036
7,56.78358256472728
46284,51.3558883831105
31493,45.04291852544887
64532,60.34029235615599
95961,59.97638038554596
66529,60.13837126207663
63632,53.93982629439517
67449,60.65442322885649
97520,42.20907010295886
13285,53.9033165056803
69148,43.480561388135385
66988,44.01462053245903
89598,55.29082922436379
50359,52.870517115652575
65091,54.442142355707745
30479,59.31253965535764
91012,45.94093001513126
8649,53.61018277075595
43536,36.80686997880908
29104,64.59733499988748
95286,54.5498054571028
90107,62.541065184237894
22361,44.10512042568202
100245,62.17104638255199
40101,43.84396228698262
47987,53.12294974559405
26901,42.73421656731399
75322,45.42005893483616
10554,52.33999252458824
66777,52.67551440411745
59521,53.2014213478766
6209,43.21854070094055
55098,47.90985832072537
98404,59.72063647161521
50530,56.997417461745094
68251,45.49004320696179
62285,40.827658719914616
39749,60.09686614456638
60998,57.34922868065365
87457,58.666156278391426
93466,49.46741284086951
75638,61.141187635740444
677,58.276361181480894
29339,51.1327070750336
48291,59.33622174480986
51529,44.39320879467593
70094,39.528669772826255
7981,53.94852420802951
68803,57.7917640569957
15393,58.11789021083419
77481,46.574600653343275
13276,29.442603262884717
60275,57.1354190053874
53138,60.56739279385999
13522,61.54580984271507
7458,61.208047766818204
9860,54.38433960275992
13275,52.40517284819745
46605,63.85346554382109
101878,55.17731708182938
7599,42.522673325735745
3545,56.15450257947661
56007,53.57474191293018
14552,54.79326747531138
57619,47.33681202939624
50391,59.625401306546344
62425,57.894758301555186
94434,59.02739140110414
20940,59.76835874474192
50771,65.11571421522197
7085,29.141949102499122
15479,54.12210967649433
28495,55.187157153285625
98813,54.21688111623321
90218,50.06110328114791
81310,61.15696819298088
21429,60.521569362798594
49288,60.019200557333804
92749,59.54571093064898
19778,60.22046694725721
99744,51.55228424393121
64609,66.97058286728921
81952,57.05051116657723
5672,42.52604469362712
72350,55.262964986752756
102015,65.56368385572547
81753,34.43957570428257
65165,46.0063721001452
17509,56.96974180205199
94113,56.52682316919571
53151,40.31536463695701
76749,37.49570495247404
61682,46.835074027115894
42680,56.49893869983461
44127,64.47762714777835
90724,56.57773639187169
40690,58.5273276047095
14089,53.85683946045522
88447,55.330908552886115
27996,32.88882366706598
21228,29.914960315695893
45110,55.33586939791579
16239,33.8111396237332
73531,56.784828252369024
86159,51.183412854059156
93751,53.46008009135414
59372,54.84236261932201
8214,58.892239096915425
29142,58.73671113533276
41415,54.001119002880806
49327,55.192780301325534
66300,42.2363540683492
27152,64.31180592352639
38536,63.926238772156836
83594,52.87867037948188
98345,61.12902278940096
98666,62.07010479384155
71523,53.288824232982755
20701,64.80502969174998
55020,62.22481356517116
85009,54.696030253240735
44973,36.96940066771535
36015,63.553903465594956
26000,59.43772716116909
14496,48.335300412173375
65457,55.66730512461185
82490,58.45746823441882
80850,53.25132819298997
99824,60.36238081744264
52032,57.87681540231168
58941,55.41664152272709
60976,62.14826854819527
36471,61.11097007536556
68001,65.40644337759102
4614,53.363877352638596
9724,60.16477096910231
56899,59.15594835321811
61758,58.831069104993176
92002,53.77217299388967
11160,52.78633578505247
84359,51.7174638913725
9261,58.00647054887248
49498,56.52768255887382
22078,49.572773981090016
46942,57.658115462805775
83381,43.89328021632997
73589,59.24462095474165
84304,52.508440598538336
11655,60.20505644993378
57638,63.58168242977077
11514,51.244541041286205
63262,52.92754901402325
84623,58.3903772275644
72678,48.75503009083938
24871,58.17697397568536
81733,43.92226940044869
36122,50.18475836161712
57141,37.00975643054412
46069,66.4697678325836
85667,38.55422547496062
66905,57.23260791385136
52992,47.82749754596454
49552,61.92378113918146
32263,59.378376032909514
72902,52.42543253101559
12284,47.169010119530896
29832,55.827428632096044
17908,50.558780047823745
6708,60.9940813187349
21729,46.38731595860452
42602,55.37623939874719
46793,59.675322488559516
51409,61.18987691357572
58570,57.18017260561626
40666,60.79976726048986
46716,58.58990723709091
73231,60.598176819336004
79269,43.17884112867017
89313,44.944376345635916
65174,52.15075994847768
52532,63.27375511322443
93411,61.11735750857008
65221,53.88723583754194
30294,53.50272981623198
53642,61.16708896612142
12723,60.38994756566052
25055,63.31452438876189
27192,55.2036953857166
96084,45.926535491023664
25198,50.93097711297858
32735,56.35070225567341
76286,39.10996329949643
92776,30.78103172263427
53116,60.56282918914015
45111,47.768828393769965
82085,56.839955834399476
35562,28.337785315133228
77028,58.00420886169548
19604,61.81263724236439
9329,57.24312159663501
36922,55.76006155262786
6942,57.57074851264172
79154,45.27334255587785
99643,51.29851686313953
86686,58.21130538180051
98027,55.35716316977248
48212,58.19242394934534
89225,49.02131459712728
76366,59.012292339929346
78940,56.17986419580436
85037,60.076469600514926
31183,61.71951384225044
41166,66.79689478317127
97107,39.34565356071762
91840,53.22778037121939
13839,53.278633288948356
11962,56.53885393524444
84699,54.50763017529017
79799,56.89535962159215
102029,50.350813541983804
50650,54.616537286456165
15037,52.75963448236899
20469,64.12743179838628
30896,63.07351217587471
75217,43.51227494777465
90840,65.68425658274664
25192,47.41718994428889
51712,51.922636070682096
14546,47.09213863577086
70322,43.583248374113495
19408,63.31063583664135
58699,52.27178023856539
5896,57.46969642020074
36389,54.50447334252105
48071,48.909097912624965
91004,44.38779500725424
53734,55.488253118542275
68664,62.249227846703974
26204,55.11918190408927
96013,38.18348814081558
78273,59.340468125720406
23488,33.481553210940014
71167,46.55473769742351
32459,55.64195730403289
10014,66.20631428705934
68385,60.44729507382248
30424,60.67566059825348
26518,25.170550895071315
12959,44.39226469491132
70139,39.34072409811219
25131,49.28134660099674
30973,59.557315901824104
97262,51.755492922572486
86335,43.616706360831955
63772,53.78731750353041
45071,62.35374704139214
28323,56.865075730587364
52938,57.01798927287667
48917,40.323624406070195
54699,61.9803110749222
56834,58.631941707337695
91441,57.04759119168945
92065,68.39962699036909
5769,58.54097335468084
28480,61.40391290791926
58455,57.45117305756297
24042,55.155323906794315
17797,41.65802775890491
12022,45.81636393198891
78090,60.143889670480874
32061,49.7632617144971
71877,64.95031745355985
13774,56.4870917931052
92669,49.76968765023145
93249,59.20131323878506
61895,55.354291922359344
79051,41.528633333557586
73703,44.82892705218159
19817,30.211647587220416
38230,63.096110130201374
34180,50.60582185176916
12340,53.05177234975054
44079,39.8192810750146
17060,35.69470227367194
99382,47.68231747085363
83917,54.520373548148854
7516,52.7964070910144
92187,71.17241617088473
40244,56.16587173812222
89768,49.01679700353167
93042,42.885866758225355
72673,56.784948613734045
98961,60.23546234585123
83516,48.25531480379211
76906,32.88826954877999
64963,61.914736868226996
99949,48.946782712481685
48363,58.706604225174544
64868,63.183871048394494
11136,45.615696158611414
20887,54.820385958581866
89326,58.26000699193534
37558,54.639351940385005
100243,57.91090770739356
10910,57.61486357424229
1746,57.3805229047317
23496,58.481044036173856
97002,53.935517248431
87192,56.74303672439602
47961,57.26224305675288
19338,52.87084780108038
73163,59.842785504029926
40905,33.86041216613969
8001,50.934481388225976
98360,51.87586595748164
12390,56.5951491841161
35556,53.103241588638205
88319,54.82334618581388
16331,52.98162549588118
36256,51.80148684439767
100086,37.93106356602908
98852,53.92022781375254
53107,55.08494786621823
5564,44.00058187451136
16825,57.368363642214575
59687,65.38322513163436
349,56.302335078257876
40800,58.34823898284593
72436,56.233277200553566
32038,41.89852719295817
93688,41.46900878892819
93808,57.9990374358031
79503,58.15920261485776
13780,58.692616277022765
87251,48.57263699329594
77020,55.16011335889518
26004,28.061987068501935
67907,38.97000949149586
101868,72.3593732663133
10985,60.43589565738869
74194,44.662790005729235
67631,58.47401445055523
15746,56.30491928980806
19925,50.957683712295584
32984,53.75513363752237
5366,52.21890282448443
50653,58.99083687682577
20096,48.907850779376815
3323,42.77556385402296
79851,56.49231003782788
28785,49.851722364833115
7130,53.39568897048798
84150,43.93769557438708
36777,57.475237817686136
35338,56.572634909088535
3783,49.61495698622837
94175,45.45135163149253
87296,53.53753398864275
77897,59.48964477345484
69597,56.74550976888897
56880,59.2914710264493
22185,41.15618735416757
65215,46.91797066408697
1648,26.358332330412097
12827,53.008254443422025
98624,59.05237910206341
72158,57.09830795869963
48648,40.072495994077954
80358,59.13395297992855
3958,57.35710282468543
43036,62.652701582517686
94530,41.427756702409226
48222,59.49381039819905
25813,50.88162181973346
62179,54.78104774858527
6775,45.8554859402413
25989,43.03568337279235
45315,61.680379903348566
82766,32.740197486211095
61279,51.76507787885549
68144,44.54612999820799
62803,54.90607108037538
21355,48.529328328766056
29539,49.186951266215544
82320,46.52325055962311
76372,58.96391920886643
101640,47.83514338798286
86107,62.43455231385468
21940,58.32737772710485
56715,37.60668874163113
44160,41.16044469365368
67928,60.630525791316714
101977,24.1353720914755
28035,53.56754338077157
60279,47.40124929083359
50395,54.24749758297635
93178,58.5279143105267
31558,57.50208265756267
14407,56.65663185468193
16985,41.94185834126461
101669,57.50075005487496
49632,55.50643428090358
20965,43.2286846649008
55242,56.91045903021523
6221,55.66385763267384
95887,57.658050431318784
29857,57.46601554213779
13991,45.377939466125724
52857,37.65847309795412
52346,60.29634200814511
53959,56.75679257957588
37612,56.22664031530259
69625,56.430851879007164
9830,47.61533571555033
79928,53.12341471782286
37942,57.97778165896436
59217,39.783404041155514
20191,52.06223779500926
37718,55.9040617063587
43887,50.99946507467526
42174,35.189558947131815
14842,57.40173325918836
96349,54.438433805615055
65004,60.31000276070625
47489,46.46949997085768
62053,46.05196879157766
73336,56.45662093006609
3462,51.25402414813384
17999,52.37301670413345
43848,57.46878036342244
82253,58.20572898498164
75447,66.00457303813275
2125,48.77641278679753
54423,58.46900786501645
34541,34.58315053687472
33462,59.648813651796004
94190,33.82007618354442
100879,43.31876275349044
100264,57.751224074597616
1091,61.45271725012722
77054,51.85345903839548
31076,49.50042646568358
57977,42.16037921587167
22724,42.507314575820246
34790,54.55430146779549
4124,56.594228438273284
6022,36.92463439641575
59077,44.39380378226534
16785,56.516951809543286
92001,46.817499942759085
17740,58.80032217279103
100125,54.264792697753364
43402,36.392123041577335
34424,55.687085689959765
58636,60.547452926501826
43979,58.43283737706111
98866,59.41454969118099
15180,57.040005443213396
56400,46.87127626452512
45027,48.50871032060249
37763,44.12978475270924
94319,48.81642292875269
55877,53.2419796599903
85722,48.00356923402785
10326,48.51449233009811
1645,55.370468376681025
29319,65.67645545080885
26350,25.99616600955625
96529,33.01493418385053
90034,41.00976095265556
90800,43.4652329252539
75733,50.90167595786773
45222,48.24504291336116
33323,54.38273687628456
41335,36.33819667612065
12813,55.85036622043928
43343,58.080493226099854
93739,52.2721424189722
8265,47.81092956484192
87603,41.08496799546423
83234,51.611780683058015
19961,58.20481024500569
48596,53.77092245275678
87231,58.794613459639095
66040,28.075347523123078
15045,34.70253626184855
47247,59.368529783409144
22703,54.714357987238685
19058,61.830686261368555
88301,43.10404008108002
54126,28.265344341469365
12908,61.363577777378985
97981,64.09619914215115
12032,61.7232897926077
39125,51.27735951351534
9077,47.734442526837896
87781,57.70586325972767
10056,34.540525612713935
30972,46.69426896269688
90709,57.53540920743747
31593,57.77799721821706
19001,46.25610087794812
12953,49.84988450228264
38853,61.908251940690256
38500,56.028594029263765
17653,56.349972954668125
49886,57.11487948205277
351,51.25344733087644
419,43.28277276507291
50477,48.28963978090179
79430,49.36926064509346
89881,64.38446805565405
78488,58.108485605834545
99743,56.44043944388427
89771,62.53665239532429
78906,53.24639408455597
68176,54.844429541066745
93067,45.55622449914908
62705,59.456379220193696
48365,55.44731696603937
32137,46.17297719981123
58581,56.021446157356294
1089,58.70947355609649
32732,53.929196226746114
47320,33.57221636726702
8801,51.76432712394873
36989,48.22297823682657
6303,60.97369759976465
12303,56.79519614153632
81840,61.03264441350991
10964,49.381467723428926
9620,61.96671292125155
52283,58.41806669125037
7320,55.08059846870365
90176,55.424752649557576
81426,49.8296068601778
13044,60.53849421271737
81626,57.67982913866993
36891,55.08382475416498
69960,46.84530617184753
64863,47.90373034651323
96291,58.82956974672336
76894,56.13064839930391
56820,40.789120404377975
18201,53.55913503378054
45033,60.625664642389225
11714,55.12839592051786
12212,51.588199587498636
43486,57.005448436877835
36378,55.62938482851862
24421,61.31494175777523
83252,56.13916112205195
68928,54.908222715710046
17865,50.2046861204096
98973,49.23113842663682
75689,57.501339158819015
41928,51.4742176628041
38792,43.31968120613457
99487,35.96042643692822
44596,59.936320958986386
52742,51.570273358177204
35046,62.2197732624976
67308,60.91210794490399
56526,55.008361822714626
54751,58.38640909446423
49455,43.712675938103445
10209,47.84647204406432
17857,51.23354422245462
2851,34.98002317741588
15163,54.51658556989656
19626,57.56267135534403
27100,56.128505102664256
34910,52.73605020928549
14587,48.57079975075247
91287,50.22983718475388
99291,47.33034616552394
35743,63.39781795958843
99730,49.362115704278395
34659,44.65893807458013
65550,43.36872215139114
98010,42.425831486429615
2095,54.6188083952829
71541,47.70975676206334
19230,38.17101102386356
90360,52.570673476078134
14430,47.893970756800734
90545,51.97893308830193
45981,56.999224150092545
95541,57.979697493344055
75190,54.75398559894094
63326,55.16129935352938
68476,44.37820878103403
49193,61.80102884922538
93430,47.27891273170148
81383,54.33114087852471
98455,55.64973925038398
4249,51.83551248202065
80340,62.282095069654545
61215,52.689034812711036
91729,71.06688747188403
10731,49.73287861043524
64459,61.31972595383331
33798,43.24905168533782
42189,35.96005131459699
22610,51.456352341788254
76821,46.344974044333725
13595,52.30446007394416
21223,57.33041981711949
89189,56.05415991519922
86248,56.821005662989315
14299,47.4833818998855
25632,45.54622143593503
35897,58.223607499325254
28155,49.39173072086651
3287,59.16383379838982
25405,51.554920253738146
80932,61.4511336562428
18243,55.432305605675275
95572,51.70141863013198
10662,60.56267296773588
83821,41.130352446611866
33837,45.61886172974522
1396,55.48464597140135
51654,51.45931834593667
81282,55.39185785812992
35061,53.845999947736544
52462,48.08518936067319
86477,54.98528721866044
81213,49.530953772300144
73956,52.87013945222986
4235,55.25912000431139
74385,45.98872330183097
15863,46.19752127205595
62941,60.04468464492779
11858,54.14496158484681
94692,36.3778164764217
42976,62.08366805055074
51149,53.79942046154135
96539,32.39449154996583
83285,50.25078500480787
20376,55.570940291920635
98978,53.358652845696135
6991,34.095323898229324
35625,49.446882742626066
46465,63.319480692873505
84204,55.61722401151567
54647,46.07310504668416
39179,57.836235137312656
62239,49.89547805190155
11430,58.22872294634223
74236,55.47524809802906
48544,47.935493138247864
85818,50.28123226055883
47402,48.86856645882774
95315,66.69254219644077
32682,44.5358305980039
84948,43.709915589038964
33322,59.662490865419365
5444,60.103814190450926
53355,55.63226576843767
95101,52.58784346374539
37952,51.33773988227966
9519,56.944313807452346
87872,50.52751774145656
17070,53.12328785548902
50416,52.641390220849566
37716,63.461438811454485
56228,54.72368100892783
68208,13.017138475459532
85654,54.617616777474055
732,45.342179232537156
34164,54.4719407003109
59592,52.53086333368525
48653,57.49761507372108
4292,58.522036370456775
9829,57.90231042427215
38711,49.923466025270784
34713,45.472922309728
40901,54.39045801374874
43102,59.83466372821317
76059,59.92101032373418
96197,45.970162626222624
73632,57.39703752823413
95392,42.547581201760934
13574,51.5479356704179
79060,44.775052860048106
74690,55.75815241324021
73857,50.24394432731319
64038,52.266394777400976
25121,60.34550448297413
38343,44.05781285099353
30740,60.143889670480874
36266,57.98236969126076
65508,47.27205987402961
75606,60.398238850271014
57228,44.51527496085173
87600,48.90514050768158
62111,69.01092703823281
79074,47.98939357031779
31555,34.915322366309695
4979,57.52530937278382
51354,50.85086892873421
38726,53.952232365566026
1241,49.85994454214883
16753,53.73956421977452
60582,54.470961189191165
61713,37.63438760700288
85602,24.58026732428439
70207,42.74612697516642
27305,49.971067200218116
78462,55.10921099417768
99384,59.024997603489254
40681,59.49461943878015
84355,46.13423930719099
18613,58.10267371054992
10199,49.63878372523399
84375,52.86650934421871
4665,45.87924916291216
8344,57.976604985596
52409,59.28624168094776
36729,52.90748621362263
89239,47.91371170199389
83840,50.47479749517881
68092,61.22391633542091
100007,37.61575350985218
101380,42.687121445066666
34037,61.68153898647002
48535,55.136265313962156
64948,51.607228400102606
72298,48.05951111383829
65907,63.775561057683994
67564,54.7752703876492
34698,54.388832438962694
39954,58.91366598306207
22423,60.60684993971178
2160,50.422371367440945
80102,62.67402469860354
29039,55.21359697180392
20445,49.017580204215115
67128,52.90158360873501
90008,50.94214097556585
32319,59.72787002187381
56320,48.42803525751334
89416,50.97116450202412
15485,56.727666324985144
68586,54.50607553995383
12716,46.60194653224381
20113,26.771669253803623
27241,45.34801635912359
39071,44.433258459350974
22351,58.419432775890584
79246,59.70221121420282
68522,60.218238072590104
59195,35.76656329431386
78327,58.75634394784434
29580,50.323052368529794
58577,49.855316266839665
64060,59.26784057109717
29238,59.46567246093395
117,51.68979212122503
80044,62.55280818225647
71758,55.43983419333144
59419,52.31558460339896
14276,52.90106718790956
16824,49.99994748633321
28178,54.43283810787528
64373,49.985110894816444
40827,56.32856497730247
39592,61.151519785122886
72716,60.396457949944185
80637,54.31662860179047
74979,45.96620999840217
82496,60.28385040011391
71384,44.05842707345433
10331,43.305439627558485
53533,60.567599998540274
11179,57.03056508472442
1496,60.018251287135755
89810,53.07125540433509
85060,33.353043991702485
94768,53.25184373610051
39911,47.61405034599852
82942,49.236513411996306
87178,61.55475128849755
20499,49.996175430399134
14732,57.855246944444765
18882,50.65985875026537
73989,60.65644195716283
30856,54.96653160527482
75835,56.45505041231151
13437,44.55282215079521
86254,46.970404320852666
44368,58.03622221592319
15978,40.61457683159961
97688,48.35908654425679
13134,35.463212397538264
90031,54.72158496975031
7705,57.096666520215095
57335,62.41051634565675
100342,41.001118806124985
64171,53.190560516534994
41468,57.5294757619005
69589,38.540534847747196
36905,67.74139350163657
36671,43.3060307353971
30078,45.91039888522563
51025,27.74024898045509
60761,40.727092242061815
3646,50.02402710592501
8840,45.72322121670797
95269,45.90069822115492
22410,55.89219523974649
68302,30.604453892451687
89187,44.49226804595631
28060,61.706080430104706
101754,52.43510532943439
21890,62.52737113985457
61787,57.82283265346445
19009,30.170935356109617
73983,40.53160886433131
47728,48.04970008050328
100576,39.51329391427049
79179,63.436143023814864
2491,58.149167313182346
54672,56.794163365725936
31955,61.36846714603996
10174,63.31504358254475
99134,44.62733004702175
89833,55.260240840120794
92962,44.968654529005235
80227,48.14314431781618
49730,64.75335177404642
36249,50.31527634858026
84199,38.74329875325229
82544,48.78150663641145
52708,56.12203713697721
100043,41.546967965057306
30499,55.35614804155444
62716,31.754612175111117
18335,50.02167068580557
96319,41.019913062473364
61964,58.170798816469194
572,46.249670117574155
90200,53.80959902049506
49007,58.078417697193416
90791,46.13176075812635
95089,58.08413025601585
54104,63.05799056068379
15047,67.8537598788631
36096,39.851694817151696
1904,52.61760778197835
101541,55.3069581685136
21751,57.204883810821876
59402,60.68743840310331
102276,52.516634959480584
69403,51.9006504479791
90937,55.70742389319002
69739,60.19503990725651
9689,57.97855252945826
68537,47.75230570733291
56463,63.96388454582487
25041,56.52303769047071
6811,46.13330215767542
554,58.847923099422985
60684,46.42311379201424
46379,49.70933141472513
35818,34.087869852221374
8944,60.11759684003622
61905,40.31428669961699
59583,56.499973837041495
100122,45.3955212662912
47664,15.772818547520739
101748,58.19522068595563
97137,56.76565971609833
67090,60.06421824215713
96658,55.045101023998434
8703,52.06218032872477
79652,58.00548721613863
85096,56.60877139904846
75960,52.51744580653408
22996,50.68255219709586
4218,25.419939460437416
54310,49.692700269839186
95728,63.441004538701876
11650,50.968682940566936
66066,44.55181981188977
73252,50.22404789233476
27269,58.133501115013686
65858,61.890081726184135
92063,57.96035389814688
15212,54.29080524652528
40016,33.1747025696483
48013,55.112919180809925
90173,57.32131770083981
43705,42.21872017153568
100642,58.49987317559855
70981,53.325869283136896
83002,49.932003897906014
66103,64.02072011896799
27723,51.96544078869206
73322,26.777239215383094
76522,34.98311901482304
17977,38.20954452133125
42930,56.177004770390226
68031,36.94113749734186
21711,54.40706165226387
19023,52.41085548253983
51518,61.11144167175333
59429,57.524511374607975
51250,58.065416538754036
7206,56.78707875360193
10398,59.18679768118278
47508,56.90590729711751
93544,39.3351244854588
70269,39.51472210582245
43951,54.830437262052136
79369,59.15677051393616
64136,52.034401383611915
68329,50.313144971544304
34486,68.90754919731988
26955,56.02864023036791
92045,50.29591546804572
82172,52.305904960090764
50779,49.593772371376744
66364,46.667689812248256
74445,61.19945392620053
99605,39.39590014635439
39197,55.60490409757485
100423,55.94819308075085
47073,54.39572407398757
63837,58.86630890575607
81060,48.919314634638944
71408,59.632840326341714
33096,49.566070612092965
3611,63.127335969120296
89526,50.58456679796262
63585,55.810848386133415
23428,51.469656156762255
32055,58.084885032053
53461,62.32451833432777
59546,55.0670549849265
100280,36.145823351845
13496,43.92992020119009
61969,58.12849847062315
87829,66.35454704498154
16125,57.050723583633385
30996,36.927218271858365
10665,58.33172614308413
41019,61.74367169085938
43148,56.1507751355661
95113,49.208371396149836
18998,46.64338366632029
102406,50.046432552537475
86769,63.05813253515345
66685,48.871126838298075
85821,42.23289377933389
29687,51.73578731432106
52509,54.00614367656178
13894,55.586954254482535
101729,63.37630982767571
37658,43.22986239045788
85021,55.985915268194404
68049,25.36984474819246
39979,56.32934307399237
84106,41.533470645418255
52443,60.45721088094958
89785,55.33509208775221
9725,44.044712548558614
31570,43.26438675782686
49791,52.45867709108201
86444,45.68623867403
9176,45.56006051111811
48474,34.458559133837475
79548,59.972471595015605
28809,48.232735251194775
69097,59.85096033434914
34812,65.22889300261335
24399,60.33610673877949
88270,54.39045801374874
39102,53.79185965162307
89751,54.567232609994036
54025,53.03840718389039
8503,49.100638334691425
60047,57.24574125240986
24552,58.40476058101054
45302,56.70443467470925
79185,45.582625958584444
62109,55.87019606617585
11718,30.330350997540826
98350,46.17110683198391
6157,39.51433231560958
67597,58.09962727129868
55626,53.56976434293767
15772,57.34103987893165
80024,59.10606041816489
17912,39.25709772373314
79946,55.50591037037239
29497,58.20048776222184
13811,51.861412666915314
68720,54.16060597249309
75770,50.30879768297403
12498,52.46137340676673
21863,54.04477445336603
70752,48.24362658634074
32232,62.06512532007585
32410,48.88185046984659
51594,29.64620547304075
9159,59.33132012469865
85460,43.084940929394705
27028,55.8253831635082
81379,48.28724784115798
26401,51.43823848024903
22035,52.28534241554543
52527,53.95264558968105
98620,56.93289795530385
59103,57.753909707203675
69127,50.345962913678655
48797,58.211082399664726
6328,50.86613915985975
12169,54.487527885566536
91267,55.720991205578706
51647,59.549507606085484
58424,61.88089634617329
74178,60.06915206676231
92824,48.01089735002752
47852,36.34224320640035
70568,45.637241261764316
24611,60.94266948726277
87885,49.22254702723823
42702,53.30497672202094
61980,53.81968790126706
52522,57.58325126958441
58591,38.124752215494816
61268,64.64727586516253
35685,57.03212941122805
20234,54.77490663196368
67071,56.28867549733003
21723,84.71046846770477
88056,42.13038832184417
65213,54.751057428257205
1526,61.6015411599423
27757,47.48871215879965
42027,48.99810583643987
68795,57.399845355441926
67102,57.87301933100541
88359,52.241111192664484
26232,45.93697939545587
51524,45.46104439408206
58641,53.13817176502155
31926,50.958931624734426
68934,40.789988319649524
60679,60.11922593545721
62873,44.45984511398472
40886,46.95589734893591
68278,58.85381854762546
33603,56.29437485581076
94474,59.17963289667302
9997,53.436843777534676
22910,40.359061925690206
62684,42.094741652716024
19765,52.81047870346379
62671,59.74121858859644
42565,57.159838061370984
19451,60.62968482778656
2638,53.60197612870114
54079,36.893458514011186
24849,57.14531713994582
10309,55.030721974072975
48772,38.9833060687947
85038,26.931232610573055
83845,51.34307261065576
84824,50.818436926564935
47059,58.60729605553978
79486,59.80256796980494
97546,39.36754200796454
15521,40.16219175481298
88404,63.96028929104186
53897,53.00873476607143
80436,47.386172831561105
59943,57.52018416234894
99418,60.68072342388382
51394,55.72907207919773
46068,57.7508158054537
88996,61.15265633718821
83195,52.90935023930209
17768,58.62032303456629
70365,60.457758813013285
55271,49.419251458522815
88316,46.041786257467905
62229,48.244766028691885
8505,57.039354565902016
11516,62.18580372049361
96393,59.96667596354876
94397,57.66674428882767
5186,54.50046716339366
35543,54.3628549539965
4319,18.32950435023371
84195,51.793782636721325
99461,51.97837806457521
49703,62.4301520277027
38150,39.479564787237685
1284,59.85453567453648
82476,33.96045086518631
16224,34.175992573020665
67629,45.66066812637671
47284,55.14713911914759
49263,39.0652876407557
85439,45.26753503937044
16175,51.41481527065077
464,57.62198959349256
66426,34.572767360581494
93187,52.090092405187605
5791,51.96396713980907
53458,35.663983626263175
8176,50.80060387621481
23517,60.110736949534974
86188,66.4601657882898
39184,59.910421046762835
71451,53.348108320444524
81137,56.40151118432421
76895,59.335431370459176
24842,60.040324410398505
37705,48.83881838994507
92296,58.2765278534665
101793,60.0916057940025
84036,60.74340850282279
10678,56.34656177925557
23437,61.17821717286007
75532,58.6981853458643
16526,59.113303061428944
54505,54.35786815027821
68832,57.05642997401124
29165,44.321510874713304
13579,55.549250293663434
16519,57.920848460968195
27798,50.341348450995305
70063,60.56061281264539
76767,45.79948079639232
36961,55.28190017614976
37397,39.34618854583729
28744,53.2873313770083
25025,62.44039307568564
58142,61.76106890588352
88097,46.209752862435636
34405,54.65471151097407
46426,34.63506109844722
77526,60.699356975289476
39431,60.51738325647646
46160,54.29713489968614
54284,59.572184203351924
61874,53.04886046882051
74836,26.706663626545026
102252,28.662265488627124
79909,51.92361525585193
27775,52.63062658680176
94606,52.68122930693392
71783,55.051368240432225
37411,50.922249278389806
16332,58.57153849488287
48664,61.004110837354084
90978,54.56617315015988
52912,42.62998588984352
78584,62.67903854449926
32550,49.66073271501009
55428,59.20688931102066
50596,50.730655804680495
101461,54.512953438152536
7646,46.794143952549675
13861,51.86978492524351
47334,58.079141663388796
50519,43.3261393566514
40763,63.07351217587471
34625,29.730766376363736
50476,45.944285331634106
21220,61.05616264366389
86372,57.100411449531634
5335,55.5974706433461
35349,34.08414436689391
17537,48.21889571153508
58426,32.69199707727072
55133,57.02105405006389
44253,54.6285021215906
58843,54.564151245441266
20951,42.789123696370176
65394,54.30261090409898
21368,58.02362134298343
95563,54.38047844255862
25491,60.73466186289459
25195,28.957839598852058
88384,59.22327952708183
7054,46.955466908630626
86714,52.80744914004475
58386,54.33639292335653
81033,49.56854253293495
41370,38.408115276327855
8968,55.53883462638643
27907,53.66130901504704
93075,49.40564198920618
69193,55.91743867120119
36202,48.85341162293056
75497,41.01403462705646
101726,61.91195317471539
57273,26.28488211588898
25401,29.311990997527133
94187,61.638786319825094
85409,49.082571606132284
78543,42.025202618996374
31456,63.8020667071486
36052,44.57939966942711
83361,32.03334099532083
52571,43.04308442623307
21611,60.347140720584385
62221,49.6311419650355
54862,59.62571399316611
31288,59.1110388172439
43745,55.6893815712504
21029,53.0170938152073
69271,54.15481776804796
65974,49.557772560338606
51489,49.39500746874282
20157,40.71189743592916
27075,63.156181112646394
85519,67.35756984170882
60306,45.308417342730145
82132,47.59480058741347
91774,61.657674008796796
25650,55.19958274341447
7883,62.5023055517017
85852,49.467093441298644
2654,35.938062293490525
58471,54.06942058183902
55836,50.78953772035507
61232,57.23737105032555
38359,46.174058127753646
92358,59.54134385369846
9444,49.25777596755019
82273,56.82193866347134
93968,55.39448717252378
44739,56.52982919505868
68108,62.21923369169076
15664,50.31738042426364
57381,45.918905885970574
59226,60.0854989005198
37481,40.163164860482226
81168,56.55361834753712
32517,72.65541609062815
88508,53.47948445718145
6333,31.52527284676613
61762,61.664468543753
36420,48.65614324544928
27330,44.23014545573001
100274,59.086374473228474
97211,52.340406519243245
98092,29.059434315734187
2832,47.78350917407996
23094,48.420831763137194
55408,55.077910179831456
84236,56.32285918439165
23678,55.8304801142804
102075,33.12463300338168
61664,34.36995572229873
93420,59.00617504059285
10839,47.98780240922886
80195,55.55518817098107
94294,58.84011110516971
24207,48.94499182592737
74597,53.91294655398704
44140,57.97196440973543
92835,51.73415770393121
65828,50.266653402187124
9745,62.776717928520995
89459,60.15122996536789
101624,49.830236402678956
46263,54.24459664358908
42658,51.44624860185208
19936,60.20383382836195
15927,54.54016171335129
82056,53.505410684190856
100360,60.50313575737164
20871,65.50721748551967
22501,51.58480959382585
20024,53.703176056126146
69267,57.789159581225746
1437,58.94270972847983
78793,44.071911102579904
80280,59.47671758318442
62611,50.4416031433951
40246,53.53725589547614
90949,59.065636228403605
53333,55.77523156916686
7622,67.88563830900671
61140,47.36997645570069
27480,54.78832054497055
25771,60.65841780339173
54526,69.32079684732682
14197,52.02305540473816
82613,54.15259623379147
49335,55.594959412247704
41998,60.628110155658895
53209,45.052448618932914
14519,60.46660075517425
70093,51.549958040396966
80658,62.784062990123154
93784,51.88646414688358
93049,50.116996088486886
94353,49.714972774883144
97184,52.78084819945702
25146,38.69227482733266
14169,52.85519961087842
44839,59.37707608005778
45884,56.18719054458066
86725,56.53793603817102
85697,48.08947049388485
24234,61.58199833036164
59577,46.59549528834774
68212,52.69663527029514
30788,41.33787719299933
93994,50.09748197112835
94536,55.304553392396755
66155,38.62985052474488
40431,45.87954206494545
35307,62.83531013924538
19224,51.81128045972201
19052,49.182056032030516
50865,51.77562301474291
75906,53.86005147256696
6097,53.76365890364844
37429,56.064041954211184
85114,33.63256134955725
29613,53.519394700136246
75051,58.601360242275874
7655,47.88048858034978
15053,66.08230654668768
75180,51.668691301922955
89120,60.24015254522594
14771,50.68765833741121
71702,55.28142349212917
23877,60.289925932160294
89361,51.752506090875016
3915,58.371187176899674
10193,63.58355455583063
23107,65.1519622088956
445,58.18735588205692
71847,51.382649453941895
64160,43.54299112631543
47257,59.53811595080606
4599,50.11669417847708
28818,44.91245477421076
2683,48.85271555919213
59451,57.487387493361354
101133,46.76715843532318
57441,49.33376078604796
92413,49.68479882120263
31086,45.705424649623644
2509,46.68567841517635
9071,60.03677768315261
2301,59.16458131214396
5012,57.85409839228112
74636,54.027308427530386
1005,55.0733361698708
84476,50.61297971073471
78521,54.64153529070827
73505,36.73046502234551
53816,26.13470589164086
40758,45.05317525980506
96525,58.23657853037748
1941,48.5202097644064
67521,57.326299159900145
68756,33.732211340748016
23404,61.325794128442645
13255,48.45456164452682
59505,54.16588113306433
78469,48.50138473078162
54311,29.633137420290016
29027,55.850832944493085
60559,58.13377332743176
20836,60.21527836922138
28289,31.167296382099885
38787,44.382861722737616
84728,47.86270871298478
95569,54.65864906619877
53035,42.61201596823357
59736,54.23769356409603
65430,49.262996496589565
62391,59.99106197478946
18600,58.094591162590234
13591,53.93722896408523
101790,57.4998872517086
85575,56.93617139457943
99483,41.41740708982207
30522,57.33146268809854
23864,53.262429130580884
46792,54.36909768051636
99271,58.826806778174586
52891,47.977056488981184
69409,57.152205778764056
101188,52.026633826960904
24795,50.71684147073323
77111,58.442336073213866
18459,47.95096844471157
100661,62.97896298684672
15673,42.24337654563358
7304,56.02904965736267
17638,53.92284993029604
70421,56.61069337635752
85652,52.41855793420637
43650,54.873491342379076
96787,41.76661421152672
58126,58.310073750350995
57061,65.76115026163532
88010,54.341508116910276
25693,57.200344375219814
13121,31.560718959028684
22422,49.1743164033125
78264,55.91126469799446
62731,46.47059952176053
87153,43.169557550341096
49843,48.235410431443825
20657,48.821294801142564
85081,36.583519477388634
41373,44.80722655838715
21652,54.7470402002407
46101,37.489302724876964
29816,61.12587437237666
94369,42.87348693650837
79732,56.46763520995069
62084,37.38816724189138
75340,49.74081037988875
7735,55.88405012732967
52959,54.750950278231215
77744,48.96990530226454
64133,55.544474283046945
51003,65.392872873844
42407,56.35592288976109
72410,52.23148080294624
37154,18.961403452491613
136,51.29006909395405
29826,51.22182662671655
57347,62.13002591609712
54757,40.652319550608894
14256,46.13650163577524
36909,51.626143808612916
87965,47.60801072558123
72534,61.604361469668014
22784,56.59617390287604
73763,58.454845892943204
57087,60.811277601654126
71395,41.88285852076231
75358,56.78826014580159
71363,39.97822181170604
64982,42.65509937110071
12028,55.774552666124826
21998,59.13275702733861
43017,54.86094677466134
80731,57.93318500387806
40828,38.76531525566864
39252,52.36568017742051
63427,58.868562146657545
4578,57.0074833856729
31563,59.77196585931405
7568,45.96742159818744
98924,57.87858761815106
54766,52.11110903887993
31533,54.229311911545366
88689,60.369077131119795
51072,53.37605795897571
57454,37.64417632911468
75714,54.981486705864484
69184,58.38538671265695
66302,53.148948781398616
65136,53.53879401606059
56580,47.50647123037136
76109,51.15621555719139
19551,56.5849042288256
19635,62.605575299912175
45148,50.259597272766925
26197,48.547762902544655
80012,55.43814052121179
92887,60.354307115350096
21407,30.954807561740836
35022,58.557769495894306
22181,54.18515166532885
87779,53.90175979173095
7644,54.676354607940006
79725,61.62835888959545
20383,59.45071690153168
39263,57.07773172193241
82430,57.896420717811836
5604,46.1797696567007
22477,54.52738858922158
28029,57.78002653481912
55921,56.23564244482958
50133,58.04944876665786
96886,58.23376220826677
11717,33.59857026958521
14287,51.502031546509436
73958,59.1232995738606
77548,53.80686156891545
58611,61.41318659158259
5671,57.19692863560225
38626,63.148514078920954
26074,54.5091816678828
33696,51.12628240753681
76279,62.95148172511016
58224,43.22926285612092
25214,49.50542954683455
83889,63.65769506259499
72411,58.812807434578076
22916,54.58784255507476
3369,59.964682981090874
85004,55.44788035096184
4426,51.03253868429738
84118,42.04210806744409
47129,52.92355987861549
69752,42.7783680095456
62468,47.46137175281129
38304,52.96154549432421
67004,62.430380722533556
15833,33.43809321418563
54426,40.8515951470352
9861,51.237562234596716
4051,62.63147809902655
81283,58.08442349519052
101562,49.48175472086667
17474,65.31649468663069
18529,58.04749387777653
40173,46.23598611201208
77620,48.79757707729867
79158,47.67564843338421
68543,50.23275322903134
53527,55.37210507123425
80989,28.3565586837906
26335,45.71120355166288
87014,54.21639365592589
18205,59.34328294809903
79301,51.22061028679308
57297,60.87527052679345
94088,54.269930174213656
79391,59.682212293874194
90798,50.63987818231085
4706,58.925833020537
86160,47.25022605895184
13106,64.3018035355969
101861,54.7242593945818
37126,48.23866444187485
25897,43.43927053586889
25494,55.43278325939748
68326,48.47238656678033
4377,60.42457480336423
81655,57.337257575098675
60952,49.75863648814456
78106,35.104084021213396
59885,56.60396596972601
29379,50.12957297400366
70780,58.85862706645036
10166,49.40086705363838
49975,62.70636606653134
27383,58.55765055114928
66521,60.717459599089494
15931,59.178123599099095
35597,60.09795939458196
60120,48.515586972819705
49566,50.06532717959506
14182,60.80009316074104
19314,49.55939233055094
57428,55.617930231728636
37298,34.307259262363274
95886,50.8829164779021
30260,48.5284281085577
48460,31.873646865030217
50951,42.77964449252531
33647,51.28085068200772
98461,34.876806903709536
88950,50.331809628505326
97105,55.30884275947548
52864,58.779406600376895
12602,45.82082469275688
4472,38.91589644306711
35574,59.4617036070356
66135,49.82574712690282
25274,45.4911285596684
42536,53.26444318276683
80777,61.09143705231821
18226,63.30411108743871
71975,66.16592957358716
70507,37.84158215499819
68623,54.95545862343368
4623,60.18126877584645
15649,49.09654977787902
87404,43.73339776146467
101462,50.765769491055984
86370,50.60464998532433
95236,48.572147481765214
15501,62.53896442425881
14936,57.664009981749885
53860,55.470891777444315
19453,56.140649957024934
34588,55.436964854183636
51033,60.834457645282114
100591,59.82650887300207
35724,49.1969776868164
86617,48.51298562124422
10427,50.46854985169542
50925,55.433014744858355
46619,50.12801477785516
55943,35.924414532292055
2914,31.073834121090567
96286,45.0105615900462
14088,53.86031852852576
89599,60.363018875477096
68361,58.54549645384838
47442,56.18251570151875
94091,52.47849900418552
23686,68.47873329098523
46315,40.51313694133218
28274,59.78226839950757
84254,44.80419499971691
52210,49.78801722762766
79896,62.52907400392627
67249,57.749444077644654
62637,46.06165865303237
631,46.700440436090624
44351,54.635853799316735
79165,45.384163920372245
58502,53.244170428253405
65402,49.967668144088826
43214,41.30711852762157
23346,59.85238808089611
25774,39.0880381425076
7088,49.3741267563381
92378,62.42134420182755
33372,47.0106455613138
67392,64.23582186213122
15893,56.963146964529535
6331,43.21134010500012
16830,45.279494814455674
47512,59.40448851907189
20051,53.5387414799509
82228,45.22530211229999
523,42.743605629173665
70740,62.10786671703624
83993,48.921865920930486
10585,45.415598834330034
37609,54.850515764209575
64910,52.561370578468264
90236,51.589747771309945
34661,42.92889972470616
458,59.97562710954305
37074,47.65791224607677
95938,51.180526524674335
39965,59.946413600432734
12403,49.763801027046895
85481,48.47187012905605
2430,52.33315016347981
49198,59.61887970300745
70849,45.95947725717981
10835,34.41261440894306
22341,59.3485024908117
11683,51.57563118567056
39552,50.226843470198254
28027,53.761160553107274
17965,58.636919488025654
26842,51.70999308995269
54483,55.70009403242124
18954,50.21583844740537
36043,47.73202068903245
73245,54.430507588351695
23579,80.42015003538435
9489,47.877577810649385
80123,48.50606171791999
6095,58.751675925286335
22789,53.21446577370781
67230,50.04829082738337
11646,54.02949918584714
30704,60.71754430005457
86283,61.42056167292454
301,57.19036278568071
27036,57.135189636552646
75342,45.69603623050687
79343,53.51017128468195
61928,52.16003341643752
30720,62.18829545468031
61788,56.274482977033834
65335,56.59348487549475
8951,65.35077807946665
82632,45.15966889501014
16301,44.04384139655959
96732,63.706830883428886
94454,38.19346351222709
22821,40.405376396516715
86685,59.85157804985622
74727,54.33730053284559
89726,52.827273223998205
100323,51.9181289705487
65709,53.7010472062975
96010,47.223758182449245
95594,49.58734160988554
60922,38.419434275553535
84550,42.424657527243355
98060,53.34669193439768
97555,56.90553771475972
59579,48.63784060254869
29651,50.02537388414084
66397,50.58398849785855
32795,30.791397461157278
24822,62.27927880273463
68681,60.016735799575
40347,65.4624255154517
63978,46.27235556216806
14058,65.13192340791184
71746,49.20038392245222
102450,54.50160561869309
77456,55.991825913766775
45953,59.49082830671922
50496,62.01117119070689
39359,37.778300300704885
50682,61.64358599512249
70579,52.588435336089596
102573,52.31068853387825
19986,62.02477193611381
31093,57.233997323483216
48253,57.04172751692201
73247,60.26675974960677
46003,53.3092652472092
22029,49.36625942474055
97160,54.95087386027458
84189,50.91940686050319
7497,61.1152911643839
37243,61.604361469668014
41653,49.20306118920976
50717,42.82739822332315
80595,56.887189375892916
34889,58.596041002647965
25250,50.31994281932624
62358,54.041362292861876
95081,62.65235993092157
26135,62.22719910898466
22800,49.46931337095895
48152,55.938280068378084
23089,42.03079006171408
43738,46.292478545664096
95141,46.76760861777021
33369,52.16727002994354
82693,63.9642642693882
51248,55.72391347739428
39272,50.190979928531604
35155,53.398343782980945
85483,41.24201758299788
76494,48.21046684470866
49689,52.3268224794364
10073,49.328823472907025
13702,30.716685503627716
38550,34.51486736954679
13021,56.59059301587656
42586,43.867947202119865
25042,55.26249465713826
2893,64.85842426041935
7864,47.81177135270845
30074,59.014788605625014
71685,62.21905993678175
29593,61.24431869958701
28142,44.20039856454579
62180,52.19503068444261
76752,51.234182902650225
101173,57.71472894988965
24770,52.028356991720955
11757,60.507623795485166
8289,60.445824810109094
98782,52.531006553678395
75966,48.44534468917303
74819,36.720705289494205
67534,52.75604577438202
5337,67.84845555942911
23023,62.9355218549841
56728,40.00500103640989
87154,51.9465505865711
51728,59.94142225398728
91617,54.75398559894094
97104,57.595908545579555
50111,56.26091802858316
64952,42.338227041876216
92754,63.2426513230262
1833,47.31814797661885
43500,60.461469347862135
41683,53.47922659428943
54060,48.154275725524236
16050,40.70753900828254
75882,57.8557334981877
87179,45.98823103813499
11242,55.63150271378931
90293,56.989742094947324
59185,57.65720691100573
28435,48.374181806549615
99898,25.875855136896742
63548,59.7204763103132
95644,58.85813679299861
50597,64.11860421899127
46350,42.47967777650133
59656,60.21222702530777
65217,32.96735693233552
72197,28.71441902556005
7697,63.952862929226725
5067,54.385499233085866
63875,47.53183305451154
44918,60.17222833857611
51868,57.130968931747546
77593,63.44134215641025
5393,49.442490113779456
90362,46.87731631948236
33712,54.31683825161848
43634,36.012799720664646
20723,51.53268509014938
9418,49.17827184265595
93403,49.332836587700555
619,65.37476035924564
1963,50.89969236598611
88932,56.96413061463423
70233,41.70894483598007
94403,58.13865358760157
65236,54.47910360966658
82948,53.95281687702453
49849,55.92627654142255
37587,44.49343734768277
44441,59.33437986649828
19168,49.840134705614034
7256,51.60180557124839
35999,59.966633476972945
72618,58.18905076178018
20146,57.04878453810321
84325,57.02675722117047
47456,41.27253514033051
3099,47.627355458187694
51923,59.323604120798805
38364,55.80797023333431
10634,35.216221437734454
42157,59.92357763166958
396,53.17360720057814
96833,59.276088264712655
80246,40.31336338799046
13240,58.158681343798165
17501,59.342519159265656
45307,57.99584286476084
47439,59.49343476964347
11120,54.77667842230333
60671,46.364051220717116
88584,51.9132016533156
11096,61.75637964125118
24095,50.17786207544042
9775,61.74191901531805
12122,58.720071383447596
79497,52.35909966968507
60958,44.18928469479055
41960,58.9736756226889
32715,42.30807710223882
56639,33.75601033121192
87973,54.35923240975328
102417,50.21361698450296
78239,59.38637623680222
17961,55.730380271856724
51799,59.86460701740735
25074,53.81608836299211
52323,47.58869116922637
21481,44.32195724473531
59028,61.31946753376746
30466,62.63385104636885
62964,55.496321670918746
7935,58.1387997249581
84851,58.123298708497835
51217,53.26483812091369
28711,54.33299890744459
97478,59.25087474467877
66625,53.1373507980126
94083,54.51052651703582
95088,62.49207595557101
63138,49.377967587172655
99785,52.22804864164796
60727,55.29539311413064
100025,51.47009670773642
92884,33.75951437310912
34572,54.77880005980792
46807,59.621361750964795
21761,58.88825279490024
5819,42.23296821824121
100544,56.89738356309654
48384,56.78623857175689
84696,54.776041533248375
81195,49.80578501156171
27569,60.80634479551973
48454,51.829329772977744
87874,46.44998023266109
8202,22.12294519337984
54808,55.64759593305468
22727,60.804841798215364
54269,50.02085015819345
43688,59.469899345984835
8501,62.21004224939668
91700,60.672876626147705
57075,46.340842273444245
4459,53.35038403426095
81873,58.936170105048845
60592,61.652059603155465
43107,56.76879800855512
70011,58.15912497932602
82276,53.442634375119404
74438,38.02529176881967
20193,40.10573442408294
50604,53.50166727842486
77436,55.032955281996344
101096,33.80810617855914
19991,57.8275483194421
88927,51.67025873597699
76881,61.23093075385043
76794,38.10189018381689
67466,55.31991600483411
95640,36.13785085456192
15363,35.96005131459699
1969,51.73198712710373
26981,35.44127922735
51508,61.89678223147145
25403,51.64847870349219
48998,51.18276088944523
70290,53.33618874778086
76638,55.811011126738876
85391,55.603743053130465
85306,62.123119250000926
58141,56.282192735236364
90139,58.546660791299566
47543,46.29691202813598
51395,52.26629501834387
21287,45.81115527658035
27553,57.93476723102031
60889,55.23690709432936
91189,51.71346315388494
76641,53.38226528365067
18042,47.78775893292432
35810,58.00069437513675
76730,51.11313918047814
4732,48.55843717499306
19294,59.05766837614503
31868,57.94131847508325
17936,52.78348852557082
21569,38.37175001725097
10227,33.175370112568785
23390,67.40741388324635
1541,51.71843332039256
21618,51.27990222382366
57125,59.21522102206538
96003,60.183854284345536
19769,55.88442479978863
44852,61.09246747774986
94969,46.35104472372799
24684,63.033211725504714
774,55.789465245039665
51980,48.75984315550003
85952,58.54082802815888
60508,53.0827039066241
91960,48.03783214448705
32233,58.217360082273984
63107,50.907507283484755
8517,60.288517790517496
10905,48.68070268685301
86919,41.11679454100467
17976,49.805496510581285
14878,46.65787449757032
52903,55.454210614652965
7789,43.14811480441916
72440,26.831111143968382
26230,58.494345055448406
67105,55.63801886332898
79235,58.469806886598434
5669,43.26357484816786
85445,54.44961553449976
28329,59.30710196810337
34870,55.14594842678481
1001,59.061087676261124
76342,62.69787964238568
72722,53.531784087586885
23570,46.29459466514925
84140,56.520721745908716
98340,41.367508845549764
43709,60.61719260738556
856,56.812983105593176
43707,64.17464416212144
33806,53.467244661009055
82529,35.805412516259445
55040,58.23246553659029
49652,60.85343290583678
329,58.98304013947951
61849,49.568980930159235
58433,51.44691258135726
58684,59.23101611140439
39801,60.36654975260522
62310,44.65602057511155
55573,48.772674064955474
93681,46.366866873632944
45116,61.20649249527338
64839,55.25769927272865
34498,52.53885236236169
54795,45.650177600048664
15097,57.42421583563044
1349,51.61081971355852
36681,48.56606960864472
52844,59.834072031121494
93788,53.63368951790861
22056,34.88415372646571
37546,63.83431926029365
54687,47.060855304956846
72027,55.9098011217761
17947,57.9964773668136
54665,62.412317575750166
101021,52.063820714560414
1696,44.62154370221182
28024,51.79959255052214
25545,47.81051079186538
96034,47.09285120226049
31469,53.246428187390286
88976,57.83704832947202
46377,43.844319609782765
63505,55.4511907882201
56435,59.634290287284855
81754,64.42751027854264
100332,41.020271206579665
86589,56.37506257520961
62639,45.789175429373415
66087,50.81182304506755
52629,58.48621375963815
23646,49.68510782023318
10236,45.25613119447065
15652,53.59319839528279
70484,60.311105710115584
8819,52.409422905925865
14134,49.23946514960211
9566,54.52680439905544
64498,46.84092068361783
62154,56.64102605487097
29079,55.71548633121472
82537,51.74028647377995
66590,50.28694670697306
91883,60.1713486376042
70383,47.144476729906664
102196,52.87720651743241
88152,57.334620722500084
95762,58.74834537233235
71983,41.99265644146335
27329,54.733193724689464
13707,29.38987009798666
72762,32.5781115308487
90004,59.17989156698585
28712,60.43959125338826
41846,52.385735427503846
75863,59.26243682612185
60081,56.78475542892513
78070,57.83848423758243
97929,51.15458181318345
88058,56.64714624000965
71888,38.60908120625435
35124,70.88516541773225
71946,59.33315282535547
18930,59.00716170828557
22061,41.72185667123273
22192,47.88119338685057
53612,38.05731470532705
67669,57.69280961014808
68172,49.012602773504135
90948,54.232015763943885
78523,56.44334515255467
94767,54.223850633744014
93841,57.06094104126279
45931,61.28473568473346
99336,61.071319860677875
25509,55.900720563056765
54548,55.39190671430282
16896,22.810218846639415
51798,61.31837746806093
20243,57.4687260110191
83557,60.90922027046331
33352,54.625301845851524
97247,56.92717669485766
21075,48.50919074430022
26637,58.57924357123142
44642,56.657305583750535
31376,56.28688134840171
76069,40.2248972870173
73184,48.538703312521434
3984,54.52591863876085
72094,50.66578611121597
9646,52.038335230772745
8530,60.262922561570775
59836,24.455886158159117
87100,62.82993448631685
35463,60.51536053151119
39418,52.166535942714106
3079,48.358272894114315
5981,50.389932130816014
33545,58.172601813569635
62050,64.75518937757235
51277,45.15162142837664
102101,59.13439250994864
31906,50.82725021104995
14680,58.63014247655963
85755,47.028023537895756
24960,56.12198203456419
85144,56.026999150187265
97214,57.62733420403769
100039,59.81551057207699
102254,55.80799402120002
21263,48.578724754682035
72586,52.69221629048546
76627,48.892593763524374
45207,59.93967160599509
33081,61.28692139610382
2155,50.31180138828555
97003,33.13736041274181
19744,41.40821166876086
57462,54.782778888976786
90258,60.25155101511532
25298,59.612661583293225
40459,49.67877414172443
77987,36.11752642821285
33533,48.241262827917424
94174,36.709627006872886
45306,51.80098622057618
42816,46.22204892612241
81692,56.93401314697395
91654,62.29213047122974
17450,50.229617426388174
51990,62.16220902718952
37924,59.48883623728337
56478,47.93801214286614
29689,55.14007122462532
3722,39.813680509624874
73126,52.794280078342815
69501,33.97855654586489
77334,50.928410636994016
82759,42.61201291551576
63063,31.00514233872301
89582,47.06082331073352
92448,31.110517137409904
44817,39.27900672387324
92414,62.37758516616951
68247,61.935125891063194
60052,57.108818011209806
99890,52.50462141669024
58298,58.053855215289005
44456,58.976192892053405
18879,58.24942303593593
78006,51.12097215542605
33227,59.88013458701703
57944,52.32709614698416
68580,58.99930337713339
32524,52.27515790377645
20040,62.04707293042404
99435,34.49455383978417
41929,56.73143400847161
63121,61.81804142041878
18772,54.26842438647072
84390,43.35909901793123
50516,37.84572539894907
93793,57.99330286465553
48250,44.7883610714277
97498,44.21938023899573
100135,62.21240516260344
97431,45.872760368335456
71187,54.09447133952542
52497,60.15141834492151
25773,56.17658026510366
91143,59.819312917553695
6016,51.620452037579724
28163,59.85666566367971
63450,55.22834618483977
33163,59.8766977943004
12563,60.96349191401569
98275,54.69922370233213
37394,56.27961716391096
46050,50.0194754199289
52620,60.127345156800295
41076,59.86967304244675
56101,59.0520179419606
54244,62.278977933792845
48225,60.00831179111712
16437,62.52489802018552
78296,31.82184174148086
87440,57.95680290134441
98174,56.91523203212523
68478,65.19994234206044
50707,43.614085863525595
70745,57.00871963090893
12963,63.54138710297556
59022,42.320299343569076
6800,53.213820403173166
41737,59.30004527859029
96367,48.35499704369437
46048,61.77090623639104
6229,55.75756762004397
27595,62.183907933894965
19578,49.78571509870431
23290,35.20137171039222
27159,50.0049473993032
74341,59.94862118978016
94992,59.41497172991683
52064,36.39262625618853
13503,50.64432917239328
25733,57.061842283386504
25453,47.96827697045639
38406,57.84364417496048
57697,41.472978225244894
70015,48.676662446564364
94766,50.97995210455229
82029,62.51544923364412
21313,59.03526988223731
62064,46.39241152026217
13122,51.77080762153292
96267,59.31315165593337
33497,60.63419805541131
6880,61.34228894700383
92916,56.57193653141667
54386,54.992552601545185
70514,60.12831358775448
99990,47.358941478910054
22926,52.25865327921049
86908,63.21888767842008
4443,59.311100148742966
40020,55.29363524547661
41844,32.43014756602004
35340,59.76831803551532
67743,48.75379314407401
78492,59.16607847936401
84666,50.29229848029312
98140,58.69785345102349
11404,63.718774154069635
7821,58.45662829511473
97527,54.53250629869649
88454,54.46242184053838
82979,42.952936335173646
98792,64.40387799512084
92925,38.052345874507004
71506,51.519735352768905
45588,53.16418948108639
54743,59.279392360712265
24276,51.29372386359536
14328,59.665522892533794
21323,58.87236008100562
16616,57.382840075993386
70720,42.19307632272801
52021,46.80154619151212
22445,49.32350786710224
56199,53.157364436694486
71497,45.34903740734249
87037,52.76729064077574
17468,56.269535981893966
7043,51.33017678740236
62807,48.17202514967728
71287,58.63205108531565
59590,56.465620294946866
85778,67.5865426085904
14456,51.865516853412345
102578,37.788119478883246
43668,52.47039781587485
21040,33.83423849463868
50939,44.70073400681986
5455,60.372710301814706
63902,50.75385745823496
88256,50.131320082258526
61859,53.24823566973549
83456,57.851932686533246
32834,48.666743156690835
84552,62.26821850610119
50272,55.139072571024236
52513,48.43092951173223
71483,51.559834547306345
45422,48.971142537393895
44182,54.20434468145425
11497,52.782804006913324
5936,57.89689699111956
90443,54.46127014955968
64500,61.79472736337157
96361,59.17909505182495
72733,58.67863489893113
12933,50.20279790232152
86741,55.81468614402951
78209,48.61578380323977
406,39.40323131927609
73875,56.362248115673346
74015,36.37949116810059
7681,42.90335400806153
15513,54.09176079612106
92175,42.39203175705954
74620,57.38342676972215
65106,56.79526072162748
59729,57.35986536045313
74898,47.17098045298056
56727,51.056213474905725
32595,59.30704791108981
65530,56.94758089383574
38526,50.51881184043358
66519,59.86486596509026
7712,34.68753271422298
53845,63.26165619696617
61906,60.63427776594853
16513,44.35488428200139
97206,59.38344762286353
98351,51.80701764869582
80999,46.63090996304272
76386,53.2916256900001
53881,60.73433258471414
96994,46.74414178941464
79872,58.78294765387952
42459,50.96621248113899
88333,55.02993175851525
44291,38.73594829127313
48990,59.42358338530974
39785,58.18729226762266
69055,58.34966632604052
61280,57.286703439710976
72626,46.38930484461103
65486,38.87436054933676
64763,63.86008578897951
50049,54.71367820718096
28570,39.42493410300591
17102,51.65503211435431
32223,57.2320437095157
90342,58.48036362345063
86058,55.522691248883135
101820,54.70883102552787
75996,49.15538699285782
78645,51.097723484670475
43439,59.832823726303836
65758,57.311021474877705
76700,46.6504944519555
43277,54.362014736685765
69384,43.41986278906012
87641,51.163381070501146
39862,29.35663659401543
46519,58.75795688081443
27436,49.27089394965296
50292,42.61141357581336
73951,40.4260009622121
96978,52.68322959621902
46208,59.50812368170669
12615,44.30831593770926
10524,55.348480647360375
43125,47.04926460190678
33738,62.4430752774272
96668,57.88698466608577
16108,47.55053575279582
10847,56.41295818019877
78046,48.26281241848645
59120,47.482388370269476
81696,56.32959179207448
62466,41.09282221249245
5780,53.125578362905074
39868,61.02187900140555
72304,54.93300713205738
31233,50.35696649347561
13391,55.75793758273883
59564,39.39034528767445
4036,45.74732538645695
12400,54.953484682579905
12823,50.62788166761427
18666,42.274416038471806
45983,45.5223596781366
29189,54.33842204661214
40457,60.31303241057415
31908,53.20119345675936
84862,61.03041860350245
27791,57.17586029783659
83099,44.415580907441644
51528,49.849593511786814
17023,50.54046605010345
52344,47.935728709374374
4395,57.58253698324229
90697,54.822386404596244
58242,56.167406738151556
20295,55.02735270524337
12748,50.54746315605753
15913,58.28909899131057
8036,55.323315184685804
26209,50.65958423723431
4081,57.54984026379928
89732,56.87938335398252
45553,45.33087959177261
91591,56.46820755113913
55773,34.897589919685345
66309,65.26959360721443
63200,57.20544933754072
49127,44.43137075813259
26413,52.246786649415114
73295,52.529475943596
102682,55.333755930034876
92340,51.031238780700455
58087,62.8672997587926
98161,54.775109002128545
8519,62.32674584431779
74563,55.74284137656474
75898,51.35662735550101
58111,51.45604611936797
99516,42.17630393475076
46396,51.52089130702127
68917,45.42427858484323
43655,48.660246774075944
87859,49.56307415800822
77393,55.18422503273868
3976,62.839056703530346
73810,47.93074427901379
57586,60.87701185111043
96766,61.47280166191936
29971,40.80894497911663
3044,56.27450395789286
35127,54.33096191532957
40815,51.65279825664307
59908,47.283389834598694
37476,37.0954961185321
19827,48.26974018939513
46510,61.86920591142894
34778,42.64188377574182
50343,55.08641116651277
17441,59.58081034826837
100089,59.36475599439214
101026,55.05986462781455
84633,61.6383386285122
52546,40.84673912761821
91308,57.84488875675748
18916,56.149453465595776
93476,65.14233971195617
86941,51.03167313494214
41093,43.6079043532644
2151,42.47656119836957
20969,55.65058508894572
93501,56.70401686962272
60766,53.37219145589165
98207,53.01167839084575
60492,50.65985875026537
21782,55.88654720337911
50310,28.778557606834408
91722,63.528743598564745
67481,51.80892283294486
33144,50.02251939319829
76764,57.864527237767035
58743,51.4052781496898
26587,44.8205479964973
19339,58.59085060341176
9385,53.76553541603309
83052,62.745991721257916
97541,62.47256357163374
56953,48.08491204099545
39345,48.39021222268794
74429,51.47393625088724
37431,47.555597632743904
23204,53.441082980514196
92010,63.66956908513993
62013,41.32655505721772
59862,56.94483099584008
44279,52.773432115852046
49576,49.946652039051365
65852,51.283783888000265
85119,49.66431846935793
12196,58.58565762132088
26910,58.608171179709096
89341,39.795840619583885
44101,41.72439347986475
7566,44.28242192529306
2115,60.71005157396974
54118,48.676789878343314
90823,52.519208018224916
8925,51.354707861931985
89407,58.25030758669666
16233,66.76398584515891
101479,47.090714889205515
81607,41.68330172466779
97537,59.511983835424246
4745,54.1782969994565
9604,54.25041935567757
51318,54.7526487111875
100045,51.65811755253736
76405,53.17245190470352
59020,57.18755047888685
21062,51.50119538095064
16251,55.903629872918685
55511,54.440624072284315
40622,40.27064566496665
28347,47.095362599866654
65440,44.08508805610535
21375,50.689370407406074
61747,48.35572051384001
88065,49.749962382510354
6087,53.45065776419478
100839,57.51770032887602
82482,53.34840924421771
23073,58.64065219602678
80914,50.7915089782255
2624,42.37429778352879
69332,49.85386766588474
5952,30.81589115304936
86084,53.231669708401824
21573,61.186996659625734
9780,46.694603729009984
16106,63.715269263073836
3743,60.704026219208686
79380,58.84952113554155
33473,48.91589492056808
53292,51.97227658128435
14689,62.751736352202016
30345,42.09969313637067
98496,57.98101578700714
54769,59.04834199182897
19087,53.31748138649534
26621,50.40914390430398
90123,59.35887860583354
77367,59.846896932685766
88794,64.88147423907036
29983,57.54850769156463
90353,38.137179940445805
65673,16.71594337370113
21391,55.285880072696834
77780,54.74365717029468
65846,49.12616214900139
35094,35.98181447348526
47942,57.110886822499026
90904,52.13371004725949
65224,36.076950701283224
88055,53.34650577986925
77166,57.868069608100306
3650,47.94560110552184
38860,48.890482222602444
86282,58.320707194570474
59997,50.87029627813658
29295,33.3140766826634
1737,44.07350417757253
25256,65.66945344337248
10268,51.42437689450786
2320,53.737802283458436
82643,53.94421783081594
91022,51.25654220315363
68228,61.6650569963944
7945,52.154428074984125
18664,54.58939691665568
53449,47.256429710575674
32133,59.377547341838024
55437,28.81204586267873
13247,34.038262497630285
54576,51.698307942526014
14814,60.25878413293914
89939,34.3636801794609
78594,59.94685019076337
100815,43.66613324561567
15984,54.13347358551241
334,39.42122211172936
90378,55.4967977070051
60646,55.28546783576452
24834,44.940107513209114
92809,55.77111963401265
57847,38.89926522890811
48215,47.718762755353325
1771,55.88733274701737
36167,60.85667523599749
75508,56.52826811737193
3187,57.06958071216357
61459,40.597676308198714
95739,33.748598902518175
19836,50.5367059146216
101609,59.212039354798684
2816,51.292437163973716
42576,44.903209093369576
57115,43.02889515897904
52506,48.44397838169937
88822,59.88699051846204
60376,56.29757266639389
80902,63.30970124071407
91817,46.355240595445785
80450,30.385548467017987
19506,61.135883733497174
50876,50.07784989508879
64588,62.54902629054413
102543,57.80399464925389
43980,48.42803525751334
66672,52.529738128062185
62851,41.52883143379257
69500,50.04233866219822
19546,47.643102211121096
42113,55.605439896956796
66803,62.44352764905773
7501,54.81375806638413
96478,49.14303201659809
94588,54.87512307573478
76646,52.84020336868753
23203,54.40591931706534
65171,47.399814323624845
45595,44.77503894538108
52259,47.197636549148314
91831,50.11919045303947
73056,51.03893534891506
97263,53.51781034349912
89196,47.53192933983662
54664,54.13931330461587
91778,56.18729486501424
21187,47.278913649342726
27886,54.28150636461594
6243,52.91330242665982
14432,59.83460283299834
89000,46.66188503371761
37877,61.66160588109108
46958,45.31045896751227
82598,60.75428097175342
61799,51.88931059295121
51882,58.87154902452253
3158,60.57494798719278
61408,49.41163155826443
81038,62.54186332959236
34974,28.99065232282898
64785,48.35946305468106
30390,63.359734685259845
39275,43.405320468073434
70104,52.847425672731106
18534,61.104649987631824
33642,41.93413726731097
68075,49.750649004853194
35107,42.06206114735901
3904,57.643201666015706
5628,46.32968144123364
25830,46.29711173517105
35514,47.82405893809605
37833,56.74044030161834
49412,67.54502081196534
39241,50.98820589726351
23599,63.74726993196057
3408,60.010646595747524
43804,29.144694713900503
50417,56.536142308079846
4080,59.79735446279078
39255,49.480363492149145
62804,52.611858393394265
78877,38.06910645254988
83190,45.511710996594466
63752,57.17790377937008
32826,46.95723457110872
76774,46.625693315646174
99886,58.623091814208685
26970,59.04800999543949
44033,63.16042046133863
41026,52.76738639274624
27018,42.315646502843606
56538,50.760127691903435
9965,52.94904529429799
51344,59.43315923318917
98873,56.683486927603724
90291,56.56409983422473
55402,51.64151555909274
19726,59.34992452901196
63804,57.922055019130916
36583,52.723869674140516
53359,51.4991170873503
92817,47.21771782673177
23841,66.96810821327482
17311,46.76809829734594
32796,56.80590281986519
33650,29.61468964581821
75806,23.70748769662614
13709,42.59933557316858
9523,53.66859305174228
4384,58.82974405309171
84631,42.75326095325065
30840,26.95574488435986
94163,47.277884109912776
41792,54.34549685416106
102525,50.65313956827743
64843,60.90503473720916
69540,38.741514147010804
100396,54.93264577616294
39630,29.156676529868005
76081,63.24766117765223
24259,49.3837920403059
19715,43.84641735194692
35692,54.27607921556498
66645,47.34989277494271
30441,58.00952876594411
27643,46.90114940519319
4082,47.898830769426326
84250,62.39889685247681
2069,47.63492677954693
46996,40.014311874744415
39129,40.6771298321863
65040,55.127821454619145
13329,60.03210371609597
55547,62.67027417324489
58733,51.9327399196449
50510,59.89574637189292
59118,57.860780251047416
30094,68.83716444059812
95948,44.029391890132246
95449,55.549477374747795
72595,59.367361561612825
52985,49.259993753328736
95955,37.534901694358176
23197,53.4547469252651
34628,61.42057770153963
92417,46.3314719706003
56488,30.773348714081763
5348,32.272927124976846
63081,61.189272509306434
7709,47.637614653919506
37430,58.74434360846918
19429,53.387695135134386
28399,59.973802487292886
56309,48.40223630290066
46690,58.6868908084806
21776,50.662899573170925
87451,54.6049887151635
68877,62.2450148688979
81201,53.19024328214101
33916,60.07267684940585
63460,31.203045665665744
44897,48.70653797911894
66595,30.48793128865708
84368,53.463179489117024
16868,51.969892971768566
94155,60.3514422453152
57776,42.57639469623537
64552,57.15916825072021
36765,59.493905090841096
88963,55.85093178050862
90543,42.498837362022236
25220,56.21795490119285
70138,64.21889683633952
96725,55.28146104401462
26472,61.19789622531458
4052,63.43731969741085
81346,38.94844618409591
7641,52.447692201669426
22010,33.9068311667315
67821,49.350731358299385
20211,59.11351886571033
67747,57.10467702018455
81599,58.342770902007906
33713,55.818673556468006
73498,51.171644504835164
101283,32.4165418297907
1376,66.1481910879611
38731,45.367099446477965
31666,33.61470926801589
56723,50.65957679893309
95858,42.55068095469212
11547,59.79373981156707
19282,43.06948828497498
9043,34.64931158810605
11588,57.68935384656347
58039,39.128355331018355
61258,61.010318029393545
35637,49.55330668389982
73541,46.341263397352186
2150,61.521480701932994
54037,58.12743008921868
76498,31.061373353337295
57824,54.62216502645703
69867,41.7897691212555
101410,58.39302340642445
53777,55.6103292644042
99492,35.201884459199896
70157,50.155997109541055
74104,38.02294420137724
20629,57.64391570354713
36696,55.7116537170945
85840,56.33051228410266
31476,48.105335598901114
24402,54.632353879336065
11276,30.747397958023193
58794,54.85183474456943
23181,60.20730324252588
81857,48.14617361537894
83649,49.88633135218538
102357,47.62477431038573
5385,61.69587865262404
65163,27.355673256723964
4637,59.51179397636521
95050,45.72808009145675
16879,56.02265350009978
47593,33.32169323903041
83605,19.917726496784997
51004,47.81179917363613
23430,50.596608876830864
10118,55.76870478187206
27439,61.01724250661991
3885,45.36666358150888
77100,44.735790828432656
54571,42.86322350304956
22508,56.670326964942916
77103,54.09494564624608
9029,56.129248255088164
32577,46.5092238500433
65787,59.58445446201893
94690,57.30428283537384
33066,18.533467564558286
25239,56.542095279219
75807,53.83239794513837
79751,54.334740464691194
73848,55.91859867025022
47394,46.35117148706584
102468,45.655127817427825
4026,52.33627727916762
97475,58.96323846985701
98688,57.929262210238115
68565,55.72481006080049
71626,62.45214568820862
28657,35.86465558207303
26427,29.420587237048146
74124,55.79496461269432
35714,60.40661863157287
34107,56.0591967085717
79727,53.34536661083441
85346,51.442850423208725
98007,56.108273844136754
102574,45.94354983896547
24880,51.6412987296233
9490,57.52518682724667
72870,36.417377154690016
93118,60.74460613405519
64613,52.77995515854012
65802,55.23001232630317
29272,46.831380115810994
2877,58.64356379471081
87818,51.91006367602196
378,46.21248490479677
86754,46.04827224803169
56319,45.9782638679401
69521,46.4694379429767
43621,36.00546960792394
93881,51.25202823980966
48284,55.640442725027896
49059,55.10012948447292
19333,48.073540243813284
70025,56.284737509144556
16566,59.382676681720795
70923,53.71386853289691
45574,54.85336565640008
58003,36.64544370678419
86179,46.788434546878946
83218,45.12645887553012
59559,59.76838763034232
51263,59.91118911007046
100108,33.04182815602832
93262,64.3703969263152
2440,55.57680059374237
42756,55.47183075774888
70822,60.546312614214905
93754,59.81779403947853
58725,54.789663750372256
27546,48.82978074128019
93809,54.83963178316435
28051,54.48159974248861
55122,54.225319863847474
42776,57.14554455311358
10240,61.50689049435603
95601,61.16865200029963
31485,55.38890001477847
59754,55.997463094381445
99209,38.223842864206404
24349,49.235342939622136
9978,58.22564674966136
78187,34.78806189063042
92097,58.30818780839874
34542,47.5603102993654
25521,50.25707509195637
61003,54.32135092757116
102191,60.89999601709589
24542,54.20906119007239
92699,49.96187561952111
74710,48.523795569263875
83197,59.07320856307576
65477,55.13286116061895
77187,38.58038453205052
47090,60.313174387407564
39383,49.11007604267069
84997,67.44033635758728
101346,58.84905385510106
69930,66.56418052959998
41006,65.93184757270807
53230,49.78212803480364
33188,51.107646834181885
75158,58.80540672063152
14928,36.998285542810144
66500,57.48095248966539
46907,39.72607515853961
37949,50.69240892060855
22822,41.51299711821756
19709,53.74653157854544
38142,52.164598222617634
1230,61.08446547869316
5210,57.40695634426524
48769,55.23127656904771
101427,37.550068971130116
82591,54.55940827980717
53937,63.36239542919351
97838,64.3515074743174
85163,55.609244519325955
5212,54.38273687628456
22743,62.07712042923079
91290,52.841950221005085
32668,57.7921307383646
58018,30.837912192012134
97545,59.85784012955334
100532,49.968926073548595
78537,43.89062823617103
36068,36.995446827755124
74934,14.436096531690623
1664,22.111424005939508
26759,57.690261520567006
99857,61.17969076937404
81269,45.79788089972203
19468,28.36462283442111
27768,49.79838990116228
10198,46.61297581116174
25558,55.38020463112792
2003,35.95934320681489
67702,44.59051853604508
84860,43.79596733311124
53377,54.07030431948853
98361,58.74248216073864
81730,46.87614494242922
50294,44.27454965793928
19268,59.09437520804653
19552,56.72440312313442
92030,56.59876190923934
67222,52.04513411387597
102422,44.16166378124538
81260,46.01523371387926
2674,55.55213852838225
101265,58.032124406244954
980,60.59963173635137
92478,55.95076918659203
62916,54.27498897670568
49101,27.378842582987442
54212,59.3858238408375
43685,56.518333108823825
93700,49.72607617311742
20155,60.35697200955626
39557,59.728914448317695
100180,58.395196934384636
12493,56.59040309183749
11228,61.170128101325204
26339,60.99622627033287
101085,62.212416665914674
14071,53.41012394564204
91918,33.00597240771113
12341,59.528205349645866
34167,31.539219748715343
59831,45.27863308472871
23503,61.20828319028706
21426,53.39896173647695
7963,57.39909427422054
63722,57.50266420257715
37110,68.52455453019735
42982,58.89208983047276
85395,61.77392251279777
67737,54.35156274288767
48594,28.211052782524288
33617,45.13533461221354
90971,53.383354104789206
58815,60.26509366953448
85831,62.88706196273266
34952,57.41833169056676
52211,44.99363649533927
98210,61.93871014519255
83602,49.37478258534636
694,59.155422462119674
80596,43.37785824489495
24102,48.88016940235816
74747,43.50012084881566
56890,59.60427008942161
76046,56.37551249695715
42885,58.14188701741532
32643,58.51241845637858
14830,27.55233225844689
38213,55.39004121148125
74532,61.30067055319722
1416,58.14034755607183
31688,57.45619455424179
99517,61.24302297662783
4055,59.06241082771377
29140,56.82866297490616
35296,59.09518201850829
49795,50.247016496328
41656,53.0209676328912
19123,57.39905837826237
88417,55.74080435824563
78395,46.3671086346978
66113,55.8536831667963
17499,60.77342448920801
70863,63.7042501829588
21658,48.867984567448566
75817,58.91095227078882
85505,59.540589538193615
32082,57.62461966155569
57179,48.1521124628002
9424,54.78324387885804
21508,57.862164850888334
19489,44.81283434648995
66000,56.68374458018389
89470,55.87670958684371
30009,47.51085280216732
55574,52.80823053726431
25841,43.55056234223051
39496,53.06599375592751
75376,63.24132570699872
22511,53.64518599214476
31394,57.04225943872903
63269,57.95101566111644
64578,48.26109794742145
73705,35.290412963174944
16214,54.325788766306694
90685,31.157911332521774
10391,60.34308448513254
23120,49.72354386906744
81319,46.28058791545656
68413,57.14338797683949
84117,49.15388565883907
5361,61.00364114626348
75517,34.86094389148376
75174,48.5865048476195
8684,62.39339396052528
97662,49.36686618186239
96654,60.65975955471898
93907,44.52011825093659
23178,48.26825937329522
47298,45.34917891375786
90213,50.98261501068542
27835,37.71303753669861
20491,56.35188286473931
23152,49.19733314377329
63854,46.785263760724014
26892,57.20678272641116
68713,49.55445068652182
69647,30.824512464952168
30396,53.64853794666918
44628,60.36965648111301
43770,36.041466749017204
8138,52.75085915364283
24058,60.28118970235728
17093,53.46937120988638
2508,54.90439486068383
89952,57.39881253522208
84988,58.52668278966076
18105,52.0803653590584
28218,56.82002375042431
42041,51.18831565665773
2013,68.91910481878563
63723,61.26849997518267
34204,30.57219765882118
23897,59.08411189965092
23500,39.336739817913816
92848,44.77847992552175
43386,47.60251350952418
29985,54.8654186605547
15579,38.37257557068627
52139,59.865700267422945
18457,34.11516972741773
33874,55.8743110003926
18694,62.097564134199814
35834,41.995107502106876
48086,55.66326438086111
71914,54.77636041577386
64421,49.902213876076274
35633,56.051993616633204
23984,47.64977287745536
94149,49.328307362894115
62301,52.95438667007384
1330,51.535703789356205
51695,51.82820873064112
58971,62.45523248393324
17286,59.86716826592553
68645,48.461838781565035
37425,33.40536928247743
6190,62.94299053638249
73396,44.20389551463908
37972,46.365438604357884
12811,59.36979194288405
52022,41.43484761372234
102527,57.21770668410404
26863,38.27183848865498
71123,60.66596589933742
21286,53.437410494022075
26767,60.114227720990854
14170,63.04336042581145
2054,65.04677831841293
17003,54.03872776099085
92031,58.34384941475537
35381,57.057958014593574
86212,43.5262326059827
87538,33.748022463034225
40456,59.29077199556
8667,36.216865647387586
53788,54.111941207914555
62269,37.85501819470694
18262,59.310419322322474
27805,62.79379864923898
72719,59.29609397422203
70492,54.425877455821215
67630,57.2152024232095
77486,49.99611949349996
47525,64.22830500970304
42573,55.17781100815878
87769,52.60834399972136
21309,59.10590505769721
36233,50.550308138146846
20147,55.09951220087105
59293,44.573043951904765
90925,52.49995730458682
42597,46.61787161744691
97812,43.94288703282732
56240,66.77722271874869
22517,58.40373327731439
79639,49.92239101133986
95659,58.40297589180129
78099,58.64857769772307
40496,55.57506278877659
73116,48.50198987556297
92581,50.418082785932185
45198,59.83275510526061
78217,51.09707747509318
66194,45.892528679543524
78254,52.42887978398359
42650,57.55354773399891
23831,49.34237336539099
41022,58.45144738990008
78292,44.90741549920848
66978,56.484338879193515
98952,60.155579766817084
50362,43.3964177199243
19915,54.080552282713825
86903,62.51490669944584
16760,42.79454769345502
50995,58.78934553427722
73398,60.87511583927317
28850,40.73450038144638
98520,55.156636540224504
6271,52.3985057256522
87692,54.54088920231079
62007,56.88895402982312
89681,57.35295801224886
40177,50.0113019653464
3697,56.279849008212764
66802,49.5445424948464
64186,58.24330248731014
8696,64.20965009937862
30789,44.100523013428614
79972,44.72664208616619
79381,56.57357135757662
40435,61.80750060170921
20677,49.88087507880339
23061,51.19133417116217
20459,57.838154443899825
89969,59.92733110853835
7633,53.360961303876024
97415,42.096873860040745
93619,51.45528966883677
85679,50.894704968115335
82231,57.01661011136286
70307,37.15056277709157
99610,41.46623750102664
87506,46.207774560999574
32920,54.25998799579642
45095,44.26600729206445
24444,58.606601112585615
69874,31.489081228527436
30410,41.87094212737142
86757,40.05345851073471
83802,56.63895282627958
22227,50.73625338853138
28485,56.6556474029345
42695,55.08381969375728
38039,54.99380550658754
87637,50.41652653018543
71191,52.87269893701709
74603,58.60142880316251
61742,52.32014220598189
98231,57.795142311572874
87701,53.077769621933264
71389,59.107133638486616
92320,29.42863051557321
21885,55.14276684572549
16659,61.58981571074507
84094,57.63553271465697
14626,36.19028921442658
36467,48.1468951327199
821,35.45827633500596
93498,56.369874108089995
81812,58.12413776444335
11523,44.79480372378717
87537,57.2331125618397
56074,40.01039852901448
166,64.01206657142775
4984,51.03235678613188
57062,52.112499014524985
71063,50.214399546362365
88891,56.54671912503561
91835,43.923788314959396
31838,40.86134840278268
89261,42.884543063179215
3383,57.65720691100573
1736,52.376750429052315
81435,55.827698471908086
98857,61.635000739652746
3652,56.721539966537776
37505,53.90341372259741
65932,51.78627613234986
92694,52.96792683928893
13422,39.96623792283579
4445,53.58069192164076
57757,46.46068319450046
70966,45.679740944579514
10794,45.87866363434902
42797,44.09548526484938
39747,49.31954637693009
33984,52.26222324667037
94750,56.23191796401139
33220,52.648667742333096
19151,44.435982337343894
99175,62.07093816063105
71143,54.85807908383148
30071,48.92419635591831
37384,42.45141469005855
84508,61.663683651564185
75230,50.61916061387946
39850,50.83748449826613
13897,63.934314447489946
60802,56.10384456667853
60016,44.75538230606735
93111,59.77732727303058
83357,64.75090443341008
47871,56.73835175050987
20178,64.60931473426271
96955,56.64670418172657
11471,59.09881437714659
46511,57.067828353392166
84404,59.54640439414066
81258,52.91752839630277
77531,48.047298889188596
26538,48.30070786352798
2507,50.63493907336284
48923,47.6216905080138
62870,55.57024540251187
37957,53.04376093667438
14187,38.3728148802993
56040,59.54312484849456
82086,55.17101826290652
42532,55.71809783192899
21760,42.14711587666888
28425,56.274650173608485
71432,56.749437654703826
100819,33.434875969807436
85198,50.02559762558366
2640,57.857368100906065
81916,37.3752033709554
6282,47.588061335991554
89525,49.43773755343188
68990,42.399506011821174
36484,51.304766838392624
71161,58.533760368191
55810,41.65682412063855
68767,30.154786500112365
17907,47.801891279894605
45534,59.047225677660705
24491,45.90653283905348
88528,69.17822689127195
95062,60.30456589732508
52567,56.01589666682226
66793,60.17008082247418
40536,58.05278685929774
97408,57.830895710843684
46133,48.13888627430812
52008,45.84490594715353
12775,48.002849667785526
5171,58.04390059631258
13582,57.52761511263815
11843,64.62151111549048
32974,54.57993881164757
38278,50.19826815730363
65868,51.924937260519236
84365,59.95536894763788
54646,53.16969143331066
10291,43.14929191970392
36855,36.04563002588589
89121,61.71382459479758
54349,60.07766948224943
27634,54.45420029296559
51190,46.53604166205053
12435,49.53773054144598
30106,56.76283087022991
62703,53.6114363955986
76802,59.02823147434903
68899,48.683321904375646
67355,55.445746706878616
49451,64.749747647688
47358,46.59080114477749
78452,53.170058564292276
91449,58.40277623507346
59241,53.232932368661636
446,42.24597388046649
3164,32.043294153951614
10348,37.31766860932199
18039,52.03417044238632
99948,47.511941804556216
96083,61.036811847841705
27080,61.3235033260692
6529,39.66654182389094
59684,44.00420582781777
10355,57.545391324488705
73288,52.65676270945604
60799,53.904252046742045
54313,58.80817967257641
14943,54.260763815452364
373,50.14644563183327
2329,58.89321547381874
86425,57.89553444333324
64950,60.141555842384825
4243,63.56317962153437
1856,57.92559347727207
29370,51.458499452300984
24977,66.89012019532471
56984,62.68076475254503
70881,58.76751833232808
27585,50.60894884269888
69895,54.43437293748551
100729,43.46452922871502
33518,46.55091723061077
86542,50.62097819716609
73654,57.9068995497024
68397,30.69236414409153
86091,57.921159247900235
62573,46.073363843433164
19808,45.435634380396166
92288,49.157997594725536
83807,56.253631161854884
88875,32.02875409543506
41796,47.60159382350952
45190,51.010541791802915
88492,62.47603172182152
59733,29.16139325309845
98438,52.04884909922515
15130,59.33829713077415
88381,57.230523472360936
84165,54.09229504223054
20512,55.39237785654598
79228,55.802813412650735
27348,0.0
63853,57.16694655962996
64993,51.88781254500636
20711,34.54690195293344
79204,48.461860902934724
97057,57.041289356196295
17849,52.401651909072726
42687,47.36414481357014
93730,52.30293452727272
97028,61.73401203252751
72963,59.597857913977336
56835,44.52731628844668
25013,58.1438734548377
50761,49.926070872852875
46761,50.689136092072104
5265,58.362457495797926
35356,51.56283156708666
101990,51.00133414631662
44272,39.394897356019385
56038,59.475659586431924
93324,49.294611222808506
25972,33.02765087990589
52255,58.40055130279919
15954,58.79473668013464
53904,43.25366435669096
38723,52.77135931824621
78451,63.81180080912305
76973,50.51723996788411
73599,47.12927968807993
15567,37.84916193419526
41942,52.47792602793267
19010,55.94985700545902
21484,58.17314885647802
49858,55.72622294870236
76143,50.993763936773846
96079,51.83137470346836
18668,54.73125983417583
96655,52.88850584024786
99144,43.80318635887778
69227,53.000289301313494
79797,52.122767091355485
58093,60.357804988777296
69386,57.91062932769042
41340,57.37604257389145
8219,51.58404284638801
73560,59.2038047426026
84491,51.552726693089674
740,33.73167579253428
68635,52.63549485675559
44135,50.77651512387739
79601,54.04756407935154
75939,53.91803189845026
85040,30.377333767724128
29970,59.3854118054016
23564,61.01527006417158
101354,49.349762134748865
28573,47.494112147897184
83996,60.884683018832675
88017,60.31183139701056
26433,61.85500089221339
17594,47.48808254146047
32383,60.00189656735621
26917,54.48213453496248
75314,60.11517613859007
22101,54.13889728957204
24594,48.67760779804061
27244,58.88678301364574
63534,54.75361748767846
54325,45.873037134327475
71959,24.912850619807678
18735,30.693000319334672
56578,48.411407904226174
78302,44.98302563311439
45022,66.29700581651153
8931,47.04849019914914
66035,58.37539548025495
39653,29.85241953414128
57458,36.39199661102108
52630,56.38141658119576
67036,37.92601602757633
8449,63.14232633223567
8798,63.17096355545213
4816,39.57811126709569
73143,61.50810921199199
49017,52.08491987660432
34386,49.88188220336739
53082,52.63250499484424
64901,39.83035963020862
83998,48.857991471781645
60517,59.36050186085299
39843,34.078059227174954
52227,59.4882662658643
4568,47.745416372900415
95468,54.87213300550585
96407,62.652049268905095
38401,56.59028011062335
34929,46.59085489249906
49443,46.03177965921977
102424,50.22267563666107
3524,31.563998935231734
10448,58.63504888349002
61463,39.16775994283073
20833,48.53438903672434
17601,59.632789726003054
52422,54.97988351063732
58955,44.79336803726595
86255,31.990340680962476
79641,57.05326813105653
82782,54.525172828304825
27230,61.057617591050615
88684,34.39887700800269
60703,68.2357740649822
69947,50.000865448854846
37161,60.466577785942036
97624,48.81971532749568
53723,57.642469549833365
18346,56.916879863568695
5256,59.64741164339407
53499,39.30741500550265
21378,55.35159669776653
72351,50.410102749934495
14753,54.93497621761618
15389,58.89266697934731
4169,52.727895002429975
70560,59.81989370971195
48736,34.45502929145805
90896,60.356787796557484
6756,64.3083067070544
39841,59.95048052897329
21897,67.5852162320549
73574,47.43645735396646
13979,63.512661673413746
25244,56.90100943481057
57972,58.030056246694755
55802,57.14717757370733
52649,62.52255203753424
32435,60.49344502960744
64450,51.57793533743359
56957,46.098745659687985
93150,55.17301165969653
3015,62.007608571795
79302,57.245706626998256
45697,55.50186165460511
69931,54.02635672044354
57201,40.90596298056868
27856,59.17107238082111
79400,57.65247525905373
61224,57.15917842518815
15644,61.06252327786317
8643,29.60522372218858
17052,56.74202311014804
50764,46.157510605475174
23890,46.915715121604414
20451,59.82174599591236
8657,57.78611978339222
96501,44.99397598156439
39554,46.73219926595799
81968,50.71427892482594
55037,54.38823112691039
92282,56.90421775173887
21838,30.949090993956197
94279,55.25624037394003
7610,56.08905344353082
42812,51.76205497809791
13622,68.56155118753111
52484,58.75874128370011
30525,58.2432199632466
28454,46.297645828672486
2073,56.795272782592534
84705,56.84442349794089
101083,51.731040737811696
68432,48.85136146379407
52130,65.15603617875058
40658,51.45931834593667
20585,31.804039664109986
88218,51.301802053177084
15065,58.476064980138915
935,56.579259904403855
48371,44.88838283523661
78031,43.38332829210241
87527,51.37427649371644
72399,55.0863428468286
878,33.80314685960394
83272,57.5722560207389
71015,65.01267236275746
69279,61.55370782940241
34819,55.12863767163811
48325,50.82715882477086
60261,38.69118520390781
67605,51.11014333182621
11183,47.280798254610886
96025,53.058668244794156
47807,64.2052180309062
38582,59.24038781259659
19272,53.07404672660924
58321,57.259489804680385
96408,56.89775734186765
4853,39.702695795890584
94790,38.19748101820871
55691,60.231350838725504
18699,51.55154060402179
63490,59.67392930975148
63551,57.71348144301431
58533,55.233411639028944
1948,57.87439087778972
38493,57.46404313446763
32870,60.014261797949516
79932,59.381333117813355
47684,51.91104612468633
59922,53.418548691637874
102005,49.25931538848137
37083,60.74460613405519
46618,47.95319761758965
56169,55.51366699946911
34315,29.904227682384505
97362,58.93697534392715
21492,37.34077875426915
90666,52.51809005074038
1357,43.99115197844169
45593,62.63119508951836
13560,52.16251721774078
52481,50.999262065608505
54459,48.90236752341388
44827,57.643660916529385
93323,61.26555063090782
94128,48.77705454517355
77867,56.243395514795324
61324,45.475649943516856
8883,63.01234687786426
40445,55.04371388909377
56812,39.97160223950228
51313,58.49308164569058
27183,54.376395527466386
16460,50.804499408332426
40047,59.849631885694194
48104,58.48327961941632
99217,51.65771456658684
50196,53.60910108764227
79618,59.49863615076262
38963,58.50625519837078
46364,51.827616207899126
43216,62.946685129722724
26358,58.29493578518287
96031,54.16148794794519
20529,62.043369939759195
72798,46.75866538716853
72520,33.42905493241323
39276,46.564416957184186
23368,54.99735863936445
11324,52.46189758367729
82038,60.796734832152644
100010,34.52825484925066
76690,50.45221788197075
77900,40.72988852276013
79482,61.90503321715214
64145,62.336825614437366
54819,52.23531979470202
27370,45.40139843058744
79489,52.7760878827135
68306,55.43674496888631
8795,32.00692884627571
98556,57.91949988867523
73087,54.62436278214158
9992,55.649519773717806
96368,45.64984100073397
70944,49.166876795845035
56819,33.52125734803462
84814,61.59478385000871
58701,58.349833243729385
7642,48.60774432804326
36187,52.518388816945496
12270,52.218832047814104
4953,52.2196135304062
20968,48.89125588879252
49726,49.259772033964396
7719,59.23601834872371
50900,55.47565670339696
6017,54.00154662023286
16539,29.622881312579768
44592,60.143602657377684
31821,47.43474871704487
100673,45.74595564842282
3590,59.15005798707662
96986,40.38262204256542
65252,58.66994084946355
100308,54.92958446808491
82200,64.05200682870316
63540,45.48172809483979
57509,40.298388350660005
19099,36.05776417710041
8880,60.163648822037146
23639,57.19269544993008
25305,52.96892689135278
65059,56.584707762974084
9462,42.34401770867163
83544,48.94055584331869
11721,56.580623479953076
29562,52.08249471316079
55409,55.279323442779244
16465,59.128443540161356
57357,58.24477497593123
102232,54.99382461753172
71076,46.32330605657424
61052,16.44964429650503
10030,40.491790354633736
56184,57.51987508758701
74634,58.84265008175971
92518,52.5004707874328
52044,61.20303820417479
36407,61.057232676214056
27331,39.9660006044309
36866,57.509250525520905
30358,33.99276264297825
62293,56.87791725508137
91751,49.48651066057822
28505,58.76013289640781
2007,60.923532055886994
15547,53.859007745788745
92530,58.36955834405187
65902,52.05298796478344
98876,46.88661649556907
95362,59.30390325205198
5777,47.847724027349976
7416,50.13201221283758
1310,53.96497797253964
84518,47.285731524691684
62900,46.61839916005439
95772,48.185953214156186
48714,53.705923116421474
31163,55.137172354718714
99547,64.79169928311072
11260,49.8546881466975
59403,50.46739150491824
72832,56.95531650723297
57504,33.43562281221355
72656,42.23686994450884
102257,60.0262697362127
21351,59.45063453995528
12281,50.86195679869219
39581,39.46640158644107
998,33.720441525298526
48572,53.06879310903672
70670,55.01354531541503
8933,55.161597664952424
82210,56.688294303454114
70521,59.993649649291214
44296,57.50723885201837
84564,57.33112398369523
4715,55.974515733714604
74798,42.343184702985596
37835,55.618203733218834
66469,45.44863942453354
66900,55.60642820828002
40307,40.72161580971911
74247,49.124192027345835
36506,28.567806337726058
191,61.32213916020605
79873,36.069878431392034
35678,51.91474215400238
74228,51.40741790372975
88338,42.872304342198646
39078,46.07850348472373
36133,40.579167193717225
93138,62.00465819705721
5,58.80684702873299
87065,52.39463814469525
91759,58.328146337963034
42307,61.01645899760783
38222,52.08542819917615
11374,56.132477991187976
92961,53.058376379997235
53465,52.735993644628465
93316,53.26043988816174
82084,58.741259798534955
70973,45.119815244263165
57110,49.37029010090645
63556,51.30753106280086
98928,52.76771286339119
88942,61.3862605455565
5138,33.99471349958034
41035,55.577435194955854
9005,47.283917236956164
96104,49.07630405303935
42492,43.85885717390302
70471,52.643190413697056
44520,53.24878191591047
32192,55.966730946312225
43782,48.66283280138989
96228,40.181836744812145
76208,54.38165113519972
101887,54.56757213829551
94794,46.20414349484768
65441,17.263711501820193
24744,55.780112779467856
35392,37.571988466964505
30394,38.50024795136905
81710,42.1585394361675
93732,30.293180710543492
51947,53.86842371075613
76857,54.98878448149652
78660,54.51270524536954
1943,38.295684543558025
19950,45.799567914936624
25082,51.885722180008116
52470,49.26065061458914
52041,54.56796970747053
38629,52.32697520365768
33754,51.364719104254185
80103,52.722088031266985
94169,37.53724294229036
13740,43.694217861444145
65146,61.49914406043352
23417,45.92848518627558
16438,60.48553584807921
27632,58.30982556593063
58203,45.47606679275787
48655,59.82902529026943
51934,54.87929162005065
37538,52.02664421450844
69092,47.23289931068819
41827,55.97973086681683
63575,56.397845775980514
6473,46.516795385025496
14450,60.51544993604738
44850,52.25090533459238
12321,44.936536793716684
95425,45.572140088783996
31707,60.22268330020378
89464,60.97467196476376
27372,59.08292067460231
90309,55.459736108440985
48186,62.95579452240537
62956,47.43614064132631
13742,59.43176833954426
46450,44.68569405792831
37150,56.18890126316515
44481,45.61856722933924
13840,56.612622187467935
3570,59.23920474328304
63842,50.01931294926996
66893,59.368009734964836
90183,44.06953835117903
6465,58.401019059730416
100619,57.100925404681334
43930,52.561395197099245
44325,46.377605420112154
77012,57.34000075130835
91810,50.09715594134494
81476,60.92470829326012
36843,58.182013444834396
44778,54.1751720936305
59795,63.73557769194552
34593,52.54049997712936
86226,53.72316243311202
48869,54.97493870662947
40105,65.9750127130734
26595,60.36476691912196
48185,61.61371567126183
48784,58.4542570310617
81229,60.029567764524884
27404,47.71443113380132
81698,49.0676272464982
102039,52.71818029977519
79105,59.706357783273845
71804,59.6119360564707
97339,64.56427377635492
18933,42.25793902317458
98003,28.409562426692755
6067,61.99906053125226
90956,45.97436315411797
91328,47.69085209588927
98328,60.18967035074801
49400,45.955420673664754
67462,58.1556513016633
28250,44.34847663227409
98911,44.37779274162204
65584,53.84517004021387
56267,62.322955224121436
19173,42.989712563459754
96453,43.28875096081612
52781,65.59997574734761
88376,40.57852187182379
89617,55.2574866469113
69603,59.80610585464759
19117,51.317653577883156
9068,51.44406441859072
19610,54.896625392724374
64713,54.07017005066787
100253,61.839056486227165
55854,58.421387026268555
88895,54.45965288366768
42086,50.34045070676437
53172,46.27079879863763
5827,40.26136338207525
102328,28.195810121963905
21501,56.675952991684795
96908,54.31908903842285
26253,47.851290208507685
1772,30.803743374034436
37131,57.17634545736189
14651,55.88287180821072
56505,37.91960007575054
71281,62.28685053046137
11239,55.42415703742751
49161,58.81855971499974
89942,53.272331513813285
20654,47.69346763974492
21264,55.18054271545764
90459,50.55419210133628
91618,54.2533142446259
33688,45.88567683564693
66907,38.744182721737204
46626,55.32737214830726
84559,53.27470106432071
81366,61.154228023269894
24432,62.22734463722364
94168,49.643410004367915
94253,50.539610378739866
83279,46.356936051503446
59673,46.75044275167705
38914,45.171270695481354
11130,46.21564991082038
66038,42.64999217841891
82820,42.6163943434271
67640,66.11271763594851
97118,60.31602552590681
80823,55.435790368662786
75973,33.63471440090649
33344,59.70022444441739
98668,56.5284003894229
99162,53.41591784246968
38811,38.52916687518251
55222,56.259004668306055
82612,44.02054039271873
10882,35.8766215584213
2185,49.29803166083558
6958,50.310519359314185
59517,39.24961734792453
99974,50.71898142606136
99080,55.12477187233808
42973,62.79832087566424
75993,52.71010159472003
14464,58.93461760272177
82485,49.3167027907086
56867,61.130494759948974
82928,38.3781041768251
78706,51.904683759683294
45026,51.70714170379628
88640,62.22158878839235
102229,59.83613669017532
28365,60.52557626356757
50778,47.95852725809195
58620,46.969191649319534
101363,61.55568798172695
92039,57.10533397876341
35469,61.23484517612604
59000,60.33082569979593
81933,55.70703827072098
31584,44.2924783172207
53039,45.03684753609275
21028,55.22541161885135
29018,52.17059533411674
76174,43.235569788598134
97928,62.31100610869629
51969,48.889586836398955
6968,51.81283319027654
95708,50.164290505975536
12852,29.992249677730612
20524,44.6225908560104
102627,33.90296809133955
73746,48.374882543393156
58260,41.80700050287351
43200,59.811632797760026
54016,57.00285288292811
68218,43.963828294011414
87717,57.1853856543188
33394,51.04283550759465
85476,58.60835149819402
42742,45.128659569594845
36751,47.55239680705376
92230,49.35871259684515
65988,35.4213034319122
64906,54.84566279680343
97191,35.60184535038462
97075,57.4540411466641
98283,53.35204001736226
80834,25.18287386470471
58496,47.54915086348494
19877,54.71475350662779
84907,57.86990853430937
98416,60.79896530657727
94208,33.02020015851914
33509,49.63811194206748
95548,59.767821463272725
54383,63.07595343631943
6648,49.862247046323404
30988,41.91926577556396
12112,58.351325084321715
12243,64.50397193870977
72735,62.50086491211417
76720,63.1628232083274
91898,58.69871235213681
21612,39.666217483072685
97873,40.88870355754175
42844,32.82543880116175
88864,54.4921414787491
46822,61.54646071271215
61924,52.7190235825783
94887,44.471385955630005
94179,45.314733023640926
68497,55.915356534927795
54437,56.523284687719354
10929,51.474527970851184
6919,48.94222122654012
1984,58.008813102234726
87282,50.24432674848682
47751,54.3075365747859
33201,58.159002387020536
93936,43.00749040569392
83076,25.132297601718598
94288,52.63556236873381
73584,53.95820160842425
52934,56.56439448395394
11232,58.39660888534702
59871,50.99287104815955
15759,48.66372819237243
61795,54.96647270998972
2131,55.13723115071055
32362,35.783216376058235
14023,35.98965872262609
65658,51.410742091614104
70440,41.10372401114416
15715,58.497405042193435
101681,56.95113646836375
8027,51.55632435414428
49899,62.0461873362697
11995,57.892795167369776
100128,54.77308277096955
65503,62.01040245208817
47858,51.31373985858799
50936,51.63528025291513
74360,58.11965496647973
93764,56.2784233292507
8254,48.147187338942345
13924,57.28142911117932
37722,57.56043666976917
66844,48.99537374345512
54193,46.270108567583634
49302,62.568712937323404
77176,61.84915640117984
25600,59.65789375351886
63538,56.730366668730646
72753,59.20511558035538
75695,55.47672239474271
26493,62.388997483579644
85095,23.289396586334135
68520,49.452860859299015
100293,59.792214311856696
76954,50.3765459485068
5759,49.60839357459163
2536,45.19862441134099
85802,49.594344252863344
15779,56.49691563138174
42693,59.98135834779181
89378,50.86998912661635
43880,44.69684977842894
38303,50.76686903558171
89774,58.37778481217026
29619,58.894464724339564
16313,47.91560981252866
78400,60.87378484080078
55570,52.384110299355804
54299,41.00489934859313
51155,55.71371279420934
74077,47.85859669574405
82358,52.850734296039825
39442,55.02698625612725
99333,47.96587580923086
87409,58.627759871590875
66172,63.639265299900345
68312,47.39981722707437
57349,42.57653649990695
57499,56.2380731927808
65246,60.55893933960596
100799,56.17134861407889
32413,28.901476108213167
86271,41.06728504087636
4234,44.18503947621112
79684,45.412056018367494
25359,50.96032087415258
27172,59.52893673035851
46080,51.28094198652943
41086,50.75036244830638
62766,57.10576045655057
86343,59.67014803654469
25621,56.53199574468335
92068,48.01144161289655
31000,60.46660075517425
36196,58.88949146615848
93782,59.02863503746472
40804,52.42785771275284
41557,54.01842507144241
91790,54.10012080816871
89971,39.92256880022775
51857,49.487063367979005
75647,41.48268914212536
13190,49.46171241019874
98693,55.67076156950456
11532,48.33418352666222
30859,32.874121534378375
91584,60.337049904400715
44299,55.224504191745304
51037,48.20972229364549
100577,52.5036242580119
1617,56.45698372281448
59614,53.66389652452083
2666,52.611024588148815
9298,41.89195558753347
25680,49.77897484400337
31822,56.33002434075955
89913,49.46853241804387
44415,55.954974490668924
11645,44.33844472444285
54525,61.46330054670544
85202,49.9302593770865
3938,44.9844959398834
37615,48.934774690376784
98938,50.82685245837398
5019,58.01732898769746
3837,53.76739908794766
20407,53.321542040033144
99775,13.63257268313258
65620,62.636847193970056
31336,58.39451968968882
84317,60.67490227138353
64398,39.71189886767247
8851,63.242516624763184
24819,48.45960295632805
86274,47.826901964835095
62320,62.0233084160143
67707,50.158575142815565
53716,61.49110793772215
20241,56.33111056765215
5296,58.12743646614672
3793,59.92873255815929
11893,55.346308691511624
78561,35.04217307818975
51427,58.171877938210244
13249,58.6243591336735
90269,57.73178312494473
75077,34.16715854000171
32843,50.20659110250247
56238,50.56261144275941
22220,46.435964862910886
64388,45.46926510635107
95181,36.22549513075211
43372,61.494917309559995
46361,36.24696617014697
11357,47.03133852739044
40586,45.1276520536727
73942,42.89448673994304
43130,57.11183870730333
163,61.65631153790818
43936,55.48164279717755
34566,61.94031169473258
42936,58.52099259370168
69817,42.75354506387593
34830,63.9904241972375
91208,40.24320670901911
3464,60.49416657363088
67789,57.49511985833001
102482,55.15178052956423
17946,47.48415678687892
8385,57.462380308626464
54907,54.68104809034538
25744,30.905629355717924
75026,51.060483141443285
29782,62.493463289672675
42024,34.544811265665864
54253,45.12938277121797
13606,58.391235919834344
94339,57.3939839091035
12761,51.92676815062828
51872,60.03860589650971
63862,61.576198294704604
2014,49.751638226406236
89115,45.73646336961265
29890,46.11693717173853
61320,54.188530064825244
8832,38.48403112994602
100498,36.34938404920204
24211,64.45645548265422
50042,56.07164468098409
91501,63.71118192067189
39921,55.5952724507089
48840,61.843646537654195
81357,59.00981378105911
76027,56.42367427011527
15354,34.94309015191972
87033,53.21524624359702
80599,37.07230330910021
48970,53.800196534779836
31776,56.6993786768289
50185,47.50765118373904
13684,59.94818580940067
58449,54.31503496107966
20319,54.88665690749194
95561,30.11489072277391
72453,56.81248987368868
59560,45.22401978690583
74304,66.2978127064237
79113,60.890305793620215
61207,64.64578421863587
22208,56.77361300855424
69173,44.747750614415686
99967,54.89207752377663
24464,51.911639688649416
18049,48.958780482168756
24020,27.693902158138474
65267,25.425714057557382
4792,55.0822680656982
79933,50.377656002565224
9798,56.18909678273563
53747,50.05128845789879
17428,49.38771339340483
96168,47.26323163237388
33639,61.85016740131846
32773,57.86235864613967
99783,58.54929434400599
101829,32.42864148018415
81401,55.198167949538075
9465,51.41260134035112
101571,60.52791856912977
21619,57.03254785885777
86030,55.10268175104288
99006,35.50435490298479
94620,51.97946706189701
59385,56.90331742902677
28352,60.50419249721337
80551,47.193699735175
93726,59.78041839417318
22656,49.145817213323355
77422,50.2203366756215
102551,44.08221246453727
99554,51.94487941494449
51585,60.489993199665975
93019,54.40455213026274
11898,42.139870444211795
61550,39.14106400299312
2689,58.28905812628162
24740,57.149320417207576
92501,60.67276733975947
36284,59.33882956664002
56632,59.078359204246055
78925,22.59100614634255
101469,60.124547823616
25795,55.07624592898917
35649,49.7840208299201
2516,48.692865515539765
8394,59.310036682545174
74159,60.34280897473559
83434,59.06870670051326
70843,58.179718838144545
58920,53.96980429097271
56342,54.98556293466561
61282,35.39850092039851
37601,52.75652452232608
44654,55.31192087902004
11187,38.59665354467319
11996,58.18850714633887
87054,58.88567632962264
15773,57.89213412849739
89237,58.50687589567276
49005,62.263540545469496
26798,55.38709134232687
94058,53.53467088035401
16929,42.744256357369366
46899,59.859765173449176
21301,47.37250696485018
71665,50.90044609268076
33006,39.09527861585362
8784,46.49684115059778
100435,46.82843257305631
79824,56.89756361930533
97574,53.43463339023021
19719,50.44299203196752
30578,53.081929890069645
55499,39.586982497420195
75036,59.03035778254452
62195,43.58644995500813
33653,61.02158950396672
89557,28.022480425304938
70050,56.95240637992916
99636,61.531649772473344
89788,45.07389888063587
71672,39.50226153952034
60968,60.63163082722032
71910,45.106463609855936
71038,58.599440560204684
26836,44.6638583034867
30564,58.17150210497751
52275,46.24213890708961
45143,45.50821788603086
25567,36.202956309888336
96366,58.19770231050235
77115,59.10121086530978
96756,54.154960530988454
98418,60.51354836543483
29212,54.371503305029925
69142,44.31221363206248
40023,58.777277697143234
1054,60.70603172508245
81582,60.44423148559948
62857,50.54682728295661
48974,54.76387171660467
95303,61.727777301018676
4950,34.91830819238767
55785,57.466185262532576
18685,56.15280358910081
36077,45.2919019186674
43071,52.71354230791151
76070,54.39850226350596
96435,53.579689031251306
51126,57.201392163172514
6622,56.06826000002791
84679,61.764774753749
74605,53.39165175859004
38373,49.592740039028655
68146,55.79428091761892
33826,50.43702928834687
75367,43.1011841756088
46174,70.66084168091128
42847,59.98153370607292
40362,50.12277029847916
97080,53.18303308433489
18937,55.76383806915032
82914,39.801358936130384
12172,32.020163286124756
82959,50.12832959694699
95301,57.125251211145155
43059,56.044129491598554
4241,47.00007145655328
19549,56.30043564349879
102408,52.214756068053546
98914,60.311329498294086
35491,62.634637875232706
75152,44.280938299820924
32393,42.94339681086904
90941,61.43703038769324
23735,56.541863571390614
64039,21.43701199612979
25625,54.695209137413066
61434,64.1298337559182
57917,53.12442195409427
40677,57.35024970322123
67656,55.99698426834191
37943,54.48917574172712
75177,44.38168400842552
39851,25.378587443987627
88591,46.431546683815725
41084,53.43176155640039
68280,56.53461606514825
74707,44.99858952723708
70236,57.30728315064799
73305,59.62246983469766
7289,31.248523256518432
40297,59.85066866420483
65125,50.03638542957206
79848,48.32512815598856
69368,62.23214967799715
80550,57.851346590991504
48638,58.86608842972153
59345,43.633366908000106
14931,59.31243850508869
19545,55.80987564402771
89391,47.04639857003623
33415,40.76356784904461
48094,29.342572192981162
86322,61.7006749532693
45521,54.620577523716825
16337,32.87776915371469
85089,65.18315377860071
92886,40.382671578752074
53809,59.39474911033135
50705,58.33210737382215
27823,60.4513511068712
84807,26.981833236450363
15808,52.38399164134332
62096,49.33766599683088
27684,52.9084466080224
51420,53.58320509087272
26317,39.46604161205767
48920,57.253466362125835
57056,37.299969494697876
55502,45.12380924167244
89376,55.393473731588955
1867,57.55728418565301
51462,43.801187503001394
89600,43.411537197186256
70597,57.41853036645146
62707,58.281902441077975
51429,57.66938999529495
92113,59.93531673493948
96351,55.001848463150196
52563,52.9406649621857
3688,46.03643376788936
91458,46.75879157765058
43466,57.261506175271286
25994,55.983759531007536
66977,61.09180147157729
22863,56.874357736374755
69113,52.59827878975615
13750,48.29405438577622
4907,41.440315476010014
46771,55.944986109102956
88169,59.5707729070831
67,56.55183765399647
82265,32.51731292679139
95947,51.72439699493513
100885,44.01234719794119
42461,41.933002034670935
91638,54.09011861495362
85557,56.67971488815152
30844,47.77907794697154
97418,61.733162790675195
76907,57.39937540602868
4463,53.34897780330064
37123,59.63888500842518
82301,47.42889352252159
31430,62.77940103466376
91775,53.17378707885402
87020,39.0344018844045
25179,52.19264058113923
102153,22.687550451814175
33980,52.28704449086239
56308,45.33513056481666
34342,59.43231255552684
25786,37.32160687093959
82455,60.429242966520846
29124,50.934134889244994
74058,59.12448971214777
81526,59.37020572523457
24337,58.32279806503846
12461,48.76922322446386
45061,47.3751982060783
83084,55.43269807365111
35723,61.252686490623844
19206,53.47799379259636
3576,49.7493984980669
24675,57.21504379506037
95748,50.67883845895144
37637,41.17245017487147
92138,39.083561815500275
56306,57.55749192698197
62394,50.633790361335244
39635,44.08100110331028
81280,58.620507281560904
47024,58.87978852282839
56992,48.5299530987013
97334,46.05866329293643
35453,57.08921333210004
56887,46.2906991848
63578,64.11732680265965
81623,53.97721382608285
73888,47.98860840013933
25653,40.527165519948554
2436,58.135176349613836
22356,47.1486310564553
46490,34.104503973549356
82511,47.320919422190904
85506,60.326791778474515
47282,53.37615923212851
86383,56.758226030288014
37653,57.28195064124846
79645,62.379393211507946
43844,53.72234629288302
98537,41.32153598622793
57205,50.404277602007426
84038,42.439504959311186
19046,52.73688272915509
41950,62.072729932596786
46725,34.705598722632445
38837,49.56275693180132
100604,57.00068105456464
60166,59.14534778303917
10797,43.3328280775127
38,46.16968627987849
25675,46.99620595346014
35822,32.210118680922115
13661,55.81126235364348
20798,53.878881559202185
13113,36.82495045034598
38330,43.961142973831734
37840,51.8493746203635
71921,47.97998447006657
101579,53.864477614834904
1906,51.39910779458239
74431,35.40210198042126
102020,41.80629026358619
72017,35.28562698068022
50009,61.951799196769976
79478,63.29609703546521
35791,52.52225230852817
96279,39.02775197577216
90856,61.368406339601506
37240,40.53745449210869
63457,55.987633793413416
97623,52.88853278220151
40170,49.59051662146778
100092,50.87999179406647
33311,49.56302192653784
3268,57.93738731007852
77332,47.475929153754976
66440,46.55880866473374
62913,60.48337317291876
39172,47.372085606595334
65622,52.040918034437624
7426,51.58399946837037
86523,44.92742266037945
98107,50.901098232927744
61445,39.6571331987994
99042,56.29983984235903
43266,48.098611119252254
50269,59.18989288831516
88346,51.46383174695424
55609,56.0705007921734
24331,53.553788415111796
57220,57.41644505595421
59526,60.100234655289036
43712,60.0047367763007
100379,54.64888266587032
10808,34.29945646339543
56602,59.560708099997264
47057,60.230607850892426
50430,48.73340109492536
16507,55.20142711832349
73761,57.08967728546786
90984,65.50245663161988
69301,51.515725213444426
20007,38.61035819528733
26904,54.17869202520271
17615,57.172701997492325
69754,58.52037887643913
15659,56.88978151478853
22019,52.16139351135954
41173,57.748216277640495
61242,58.38920034697074
6345,56.46557330680581
14829,46.08361756526884
77441,51.40096605118294
35364,56.80256749858126
11390,59.13412264740181
69549,55.59296143095469
62874,64.23053670824979
89956,49.76331722098434
79336,57.559331957924336
56093,54.28825144077473
54905,57.404491159883705
52009,56.47189414700703
64204,53.45469003717621
4744,51.09333494985615
51759,57.751705515669734
23301,54.357523646406165
88488,49.513337525757855
88675,46.129409661054154
35962,67.95229179682366
43211,53.335375684944616
98900,55.62893578977534
67013,44.75356849235599
85417,58.30870013496075
64579,51.18910153063156
52720,56.52850675074411
58366,56.25685509129724
27896,44.66927591584778
12828,27.393464396586374
51698,56.58001244222582
55258,58.38077379727908
102122,47.36272267582774
40530,36.536644473478276
37598,58.036377181740654
70188,47.07596661068601
43258,61.765806511568925
53069,45.47169623329974
71250,46.182116603443845
69215,39.52509168510372
99576,59.13243122451878
24118,51.74081900285695
59764,62.247095707599684
86541,59.27293738768574
38003,44.97168208325426
78087,51.33153655520276
26663,48.36953231989436
77892,29.84270937059955
59962,50.36318994146043
66516,60.52846126115293
32086,58.50597592158384
59273,49.558393994018566
81404,44.814209151013316
68946,48.56347306959765
77492,51.36321235708872
71492,56.47084564259372
67294,44.39616057722237
81559,54.34024626628093
21524,53.705765015470675
71713,57.17275866742698
86290,57.62151528955697
85162,38.557717980416115
83056,50.12407972773436
87080,54.662470208431806
65981,43.60809438984998
80786,44.05288842624838
81341,51.88568919251657
9245,62.12801360324809
11367,56.8647028042637
102213,38.99381005963728
74807,46.01365206397685
71030,49.87910391412373
80791,56.45663490844428
49316,55.553569889583386
49979,43.48076604460896
86228,60.78104109607433
12733,54.33121242079156
64730,62.91939297227987
19132,50.53388627707499
70083,49.24242076043618
34335,48.378440202550706
62512,45.18267797274387
6026,48.74813571116869
43996,57.7575359517179
64909,58.11500064358766
7750,49.098547796429024
64379,52.64940164419991
11240,52.33971260232473
79261,54.83258589317339
70243,40.91255694777635
85337,56.52907929254925
70867,59.31192944947804
39691,57.581859007070655
28426,42.93964563846763
71917,36.392333225559376
46885,54.32759377177999
59709,47.925709669498325
83924,52.15621045136699
60618,62.68643040925121
98191,61.04216376221144
61562,59.549021760571996
68444,51.35659549774442
28277,52.644124461639976
19500,60.89374420383932
42261,29.57458413972369
2111,33.66267780292674
56237,44.45791526255992
96545,58.34370894069379
102128,55.16009964157064
45801,44.23971111029837
68594,46.71755400132848
62141,54.91157165509739
10246,44.232714848293355
46957,47.73516838891177
21258,53.097642219044175
48392,56.46211975400521
69356,47.93617141431819
52215,58.662600878199726
3143,57.55114741892177
65219,53.919850455592396
26828,49.92040806685906
16702,49.69494199183991
3340,58.60945031583701
19387,55.56228117757487
97065,59.72997420492092
32052,53.95502652053254
21655,38.86254340861528
82575,51.42785097805055
40335,55.14876865616306
39007,44.00611978693751
50787,51.630115214914284
42760,52.59598603168258
16419,52.12143091376223
34708,56.9125667859807
101614,53.11162198768681
90491,58.412023849822134
24670,33.27301756704001
63452,52.22601234928548
2029,58.87734900619124
1937,55.58726967738362
50552,53.722060194560584
64606,63.78604711043616
23058,43.74492538368018
62675,42.42510336280234
60163,59.339947183535074
857,33.15778743777298
59549,57.36159574166496
1787,59.376641439013
56952,51.91615347814602
66639,54.94196023369921
50175,84.09078151685583
54910,57.91213151014311
79784,23.940798717829914
85272,60.631906503128604
39726,55.17963338870357
77260,52.383393899629354
36733,62.139613445947944
7564,60.146053485294416
85090,57.65148634001857
48742,57.794440780017936
74246,61.498226979047686
37362,58.60013032193137
24282,29.326590903895287
25109,44.496920500043636
101717,51.07631257035553
15551,51.44284162911493
74444,55.144902102798085
14566,33.02395593716072
52307,48.335637913893336
2956,55.13447511184375
32343,50.32311695529654
6621,55.55151275428284
51705,55.25791766227462
2288,58.78928446025084
9856,49.82298202183955
18299,62.48524922895239
97023,39.88095832952026
96887,45.2684638348236
76791,61.58988171395571
37683,56.14131287586602
49345,59.307469937605276
83830,58.536598981632466
72208,59.20995917913868
99644,48.224628429768636
51588,53.43358706615944
61328,46.55974064630558
85832,29.977249004870615
50351,47.82240005511806
37787,63.77570246163526
10989,37.089227113405
88550,52.46715325278523
41353,47.98897868281429
83133,61.045739544518426
83515,61.84517221541937
77276,40.19291253835738
97580,52.28043063921053
32972,61.97795456842938
50759,47.73922661665312
12009,50.26461065256855
42354,59.37815483384901
50824,60.806609062111484
74393,46.82257541891893
28010,56.2461505026984
98444,53.99167848303833
91172,54.9404683073264
32576,63.335835851050504
59805,59.949461779877154
13641,47.36663386315115
7309,31.59186882643555
57104,55.00422588272536
77464,30.431046568714052
75185,44.74390902978596
100609,58.533678624733106
19189,43.646100688628735
53970,47.39747505913691
77386,31.641491205474093
31474,44.838999844235246
20342,46.75854080716403
95245,53.913782073414396
88429,54.72359072616706
91714,51.96635761903758
76718,52.827022789379086
24096,54.654827034590284
3159,50.852171095017525
14711,55.885816039948025
77212,58.24965684305231
16023,51.25020807965778
98294,60.0858904767981
29470,51.90465474131084
70693,51.881386292625706
26238,52.95087076230017
17372,52.56964550467496
17364,50.05385457823016
1250,64.75376999967605
53229,56.29029019025915
46770,39.234811382221366
75225,63.76412559709197
87426,28.66660399225866
87107,45.31546709141836
56399,58.895396003277426
43403,51.23200512271586
47359,49.633713533285274
39978,38.04293442645985
9234,56.894996902159114
58094,48.87098630959759
18024,36.86210465016217
65023,57.53743466635416
39981,33.99838551351539
23834,53.95028694210434
61901,40.27992173215067
22150,54.26659256204085
31831,61.30815793209552
26421,43.04219917579105
11074,52.452569652619474
21124,59.15496305001167
64964,53.67062231376973
52670,57.12699422263711
36566,59.03617573309159
51590,54.1365213537136
88765,54.411353475404
68553,37.28973901952845
83716,38.15184839823911
38834,60.321643764656
32758,56.78638903695858
15925,43.728433867465185
13866,59.32797311844974
51704,51.88358782931727
67213,61.70348709737094
10852,57.62567351154389
72139,56.868363542636075
33804,56.14174061461246
63051,55.22184379957445
25506,47.533695104572814
85212,51.58292138800069
44087,57.10345286452028
50522,47.073612065239125
764,52.30591082018044
45720,57.045817108635546
55276,54.45559126343029
93996,61.01617010363126
51806,45.75865045092883
59492,55.95685441939332
67523,50.28684455377558
94896,62.9395832152854
96175,27.756812431473012
55170,55.79278629593554
10762,33.833765613309254
16948,46.61381024704452
19078,60.48389043130126
30938,44.0273729773715
2888,59.42735627500355
30630,52.50273666604411
16603,57.59015810612284
13757,60.57971176058416
88096,58.42206356322059
14620,60.02403483855548
35559,48.480086232362495
68479,39.126347263964405
8679,63.06050395987995
2839,42.783296513762316
39814,61.486572646674475
36610,43.098535765494276
10253,56.264913570018614
99283,49.42116060383376
95835,54.663993306924525
89798,53.179018635186075
61740,60.872607371457235
79987,58.94465340209575
90852,49.78466308506272
19738,49.83671092586064
23284,58.07180879218876
49692,54.87989467168773
102553,54.365531781905815
41444,60.22022733457428
49848,29.011281377505455
99724,53.19491579037435
62454,45.43445451405403
94399,43.9459890242306
62041,51.714858064682346
102669,63.95687965572685
64528,51.99803678169703
62068,51.384012548215246
58553,53.43498537092738
19643,50.986398204554334
95232,59.961578577141296
59841,41.87912557883739
25896,45.49590913828344
52202,59.858971563912476
77671,60.18962591522099
9426,33.653234370921794
96827,54.08546118943809
80647,58.76703320067793
6755,59.57274851345974
95338,51.86450411228135
13386,54.05656426013972
89553,56.754799154406214
89262,60.289701599251195
100717,52.63346606030788
92790,55.84019110680494
81338,61.781504921891724
56596,57.13379805701379
24307,56.32726851954373
63652,55.552029846928335
18730,26.390490908604146
95385,55.855113488838455
24728,37.198630820967054
10156,54.935184450857356
66703,54.975339731630584
48098,57.41351581641378
90860,55.69683826083425
79719,55.236878581165634
85600,38.96196140156168
60053,53.07448545955398
60271,58.877546745689315
58607,52.872167962536466
69936,56.97303336670956
17325,59.21026411923751
54693,51.51408135365179
84382,49.352274386112306
51243,51.07962475008898
9286,48.67401209558276
5908,55.030075625703844
6454,56.67359316044194
11797,57.881265713187
86840,54.92046821599587
88722,53.5596693609959
18984,55.27443425944888
21680,46.9764388842261
27260,58.71485005404397
28037,53.3947567227808
5072,43.68022562585992
29807,62.880817270475134
5972,39.85134367464143
2226,58.28395208319733
53640,36.629528483206855
72278,51.811684560542815
11322,56.43321322210689
42468,53.41012394564204
69983,60.00337155011442
35836,48.0089845343167
79143,59.14522862440404
51019,31.518103302675296
64252,57.583047030174505
34591,62.435999661249646
82751,47.94669127414269
12907,54.5555369902465
57217,48.29425180466948
63755,58.47066187655001
35699,49.74445088961133
100834,38.85981839408111
48204,61.09166405980852
4373,34.76798150914054
58207,37.24495626622537
45940,55.25011102891167
86539,60.81341767517439
6645,58.2659283314689
92276,53.68976514818661
58302,52.49043053810572
57302,52.34142422148096
97815,56.27218476950251
100319,45.886312394761674
60210,42.91755244224804
13426,41.197173810593576
5240,52.01900510327079
31999,48.722810672535054
57980,40.42110742589917
61350,47.277259249046764
87509,54.775421354714126
34740,56.97314738257509
92067,39.81732937603247
37102,49.46617749420043
26438,35.54259827467994
61262,49.9734114231362
6244,34.54531759602372
54839,53.685195890901696
39390,57.69694592703143
13539,60.712583600145756
26257,62.35378664142817
28687,62.312506136239314
96762,55.358942581267314
35415,60.78501699079058
46075,65.89714114546774
63425,55.85734712580972
52706,57.62750263388307
13373,39.915682419890885
33021,51.62065003713333
92873,63.999523089070934
98474,63.10049926209865
36330,51.7599160291247
53111,54.4666991065095
54805,44.66795316970597
87003,38.06798570760425
74427,53.44316050973668
36087,49.49209230196568
59316,29.307591772722894
7800,39.149717343611336
39769,56.58044652764325
723,50.82633843481089
64728,51.486724944255236
87436,60.48249057187364
31222,51.5623078591066
81359,62.15275221319925
42656,25.61798788489136
61839,55.14064550341135
27749,59.86503500989571
44474,28.586705644605015
44916,59.03512757866348
29744,52.493374274310604
66597,55.100746622730746
60065,47.38230108946558
49340,52.59845345375215
86802,59.83103452269607
44949,53.90488485406551
4827,55.573692029097714
95400,57.543768034369144
27233,56.26355932001324
101880,46.6871806272512
56390,61.58645262279693
55313,47.66114937665726
37648,51.46744284452246
43898,54.848221730945134
70180,60.868980952510306
92115,53.60426345804645
92557,51.72079143142083
64643,62.755866473725476
41499,60.400133299551484
50838,59.31640401117221
58975,57.054469882055066
27224,57.4654302583168
34596,41.821476275779474
93230,61.46970409640129
87362,35.82116444009545
61522,46.00711815429764
12382,63.46382599480991
54994,50.719913012506595
63343,36.389481910823235
7710,61.580404766149584
83487,48.38280595131692
85118,54.54329470695786
46405,64.069034772322
57276,55.68536045175021
58474,53.706973545456634
80475,48.81300612911396
34509,60.09136747516234
45379,60.611983688385514
28345,48.8540043638106
39003,35.429721141064526
15573,59.84162786752886
37063,30.383739443091482
99813,51.59169212167721
55484,51.26143128165744
74111,59.970105043015046
73849,55.717351478363355
1820,56.0320545776724
19079,50.33326887649459
89024,56.512291056103564
57111,62.396106395443326
77552,54.854279935199834
38508,52.922578072377284
67223,47.180546665813985
77285,60.229037312329055
73381,53.490830310505224
36210,49.016837199264934
99776,66.20096845949541
13413,35.9246422821773
5583,53.834254860272125
42540,58.48394460115427
85204,48.84770458608986
51015,59.4340832582964
85770,55.947550944163595
50455,49.42909544995191
102127,60.938472016335695
64407,60.30797982038447
56092,40.20185875367933
37848,55.72232517242936
56789,52.520260067223255
35689,51.755668206850814
74825,60.668827092720434
87074,47.15952507231699
7209,55.865762247798195
39640,58.15855008513786
2697,59.41703421178348
44912,37.590069586820135
52701,68.03891083216246
388,36.91368140116959
42462,49.12003792791446
66508,52.181308037388646
94266,50.12557156965275
47748,55.76887875177799
60095,47.93158253340298
65304,43.81815639866982
70912,61.096778219088094
16457,52.81589777026942
19736,54.700422308282015
35205,47.05767257385625
15473,56.18603670747594
33561,53.60964852015713
11946,56.2784233292507
94777,41.83560122471752
92419,57.639185586860066
14902,57.50603220547011
11903,50.0904478425251
11295,55.23971731831064
64194,6.97335502882504
3496,63.1385793632752
43302,44.52001520239835
22465,52.73876773053517
32448,65.85768105095168
85851,37.60300192240004
87123,54.79175226923999
63620,36.42793514367399
80423,49.21775810459954
93664,51.55523186868264
16362,50.88667993117232
86039,55.6456088683323
54489,56.080192003232554
66200,54.43560832041305
73040,58.82866406995312
56428,62.698123865160454
47098,39.05278038479977
86079,48.848549671411185
38863,48.98463455449163
13657,56.14440359724294
49778,50.98384330747279
53228,58.61677837617454
1476,57.642241923277915
597,57.61858629840795
38931,59.884617275915254
61260,56.332286381503906
95299,61.83923268409758
54545,62.35336178649271
28312,58.27971480729206
9851,60.06579346694887
47857,44.05549967983955
14742,43.45400659194658
30762,61.62162640884587
39645,62.550798281173684
16366,32.89621072945597
58329,65.47724219526114
5362,57.59196294228587
28680,27.29097904836932
9147,49.804001731515385
58906,55.402830053967214
668,45.88509090146881
53772,58.81940365543811
6548,45.41972412460368
78306,59.04023711057422
70054,53.883085212343175
36756,46.60595329386049
90731,43.44759664117036
102152,45.50012409495729
73426,49.76885011723536
23266,52.75712272192849
33659,34.94047389764374
102556,74.46270282086289
82514,62.673995258501535
50573,57.59789348503052
14163,47.330025322769764
49598,55.86445156686454
16701,49.70556729155952
38315,58.33203984390492
33174,59.27244969077523
42779,54.31657509137315
94603,56.487497682024596
86634,39.16807663738928
43269,44.81447820250561
24813,56.55594396475833
37501,52.27787429283966
60445,54.32676903490576
7885,62.61154014145508
270,57.31723334209053
60228,59.117849202427294
56754,59.33038233268884
30616,57.91821825924541
3074,58.44029310674765
12213,39.67526852214917
25329,62.034730068219034
89932,50.326248865223064
56358,57.61391148450039
59658,58.867900046647904
72633,60.95204242227218
66610,39.26846348155166
50230,51.12932823825327
94061,62.43046334411132
37267,44.386320467431304
8378,47.69803093525256
14962,39.602805508793736
8279,59.60661632569841
6661,51.299262438662076
9493,60.14074153032469
86162,62.53208042562827
80416,26.043552442594333
101175,42.658016166220406
55374,60.222368842673234
90352,48.478594500471644
62029,55.73488912935069
90337,51.24540494651646
46303,58.29529066775373
88052,55.626327651653995
6802,53.110686303329615
41708,38.61102071344958
91108,36.38226579918973
5459,54.14950820047805
29420,53.33888069470711
67025,55.59765393836372
13692,47.36926633589698
4265,60.144120912822615
90490,49.841558791722406
87241,59.04052965504294
3368,63.45951493161513
21118,62.01863363038791
16678,35.96005131459699
20707,48.01254088272757
58963,54.90061811036588
101516,61.035846897196244
4182,65.90689146175811
101222,55.33038951409011
65250,50.35901689786688
14435,50.42515570029333
42941,54.89053393199073
62107,53.31731024282492
42135,59.57221006735228
7582,56.17175269946853
41042,60.8761522635555
5984,58.42076038648126
50772,60.9942835048382
66136,58.461705286893796
14724,64.16271394735122
13176,54.92640822438079
4437,54.49254701764163
18350,37.326158971384245
19210,42.483253723817974
24163,53.03737053048223
60856,53.20750309415166
14303,59.521436547004114
100551,28.117132891234924
55603,53.482677382860885
35334,53.764434869139706
77335,45.930917442181695
69111,48.82034087781229
24068,60.480850386738254
82322,52.15778446627155
31970,43.11283480078364
67710,51.862255205842764
52814,60.235837053984554
46573,62.44237462522635
38167,58.003765346101
94121,59.074233687227874
43541,58.39437700886201
67305,45.65883874304681
23578,62.808952152124
45605,49.129526926379455
16138,55.05769332675278
16189,49.21933706123966
10525,53.164210227659666
101139,51.04745710835453
53862,48.26825937329522
8760,46.253117778249795
46026,60.99680918330401
28210,47.68661385878462
65805,36.59608456619426
55157,36.95528120270098
73570,62.4322926374
58761,57.876888127653196
22713,59.689855083891466
43752,63.78195127446559
53979,62.04954658733155
32193,36.98589596647365
29824,28.54936387725916
54110,58.821869432379366
31672,46.860062895769055
95437,52.1339663698668
59373,59.66483242687032
71024,46.40600217101094
85579,61.80102884922538
7143,13.00603612711729
24979,50.3849001863958
27130,52.951744988785315
45322,51.1094050138145
4546,60.6796369647534
85647,46.57363846980782
61531,60.01188412358643
74639,50.70271763292154
12997,36.181391499384084
45375,53.63852075736041
94472,59.42263712371938
27052,53.89766046405156
74949,53.4446330700967
85810,44.16161656947012
12569,60.62687961868131
56562,60.4565614226492
87672,40.350592786432955
85775,52.49669980714236
93546,41.916099418075426
1513,45.75790702135107
91478,60.86695225803633
92996,58.78342374356228
89444,52.219351961377875
46741,56.452955225712465
41002,33.35084718182158
53674,56.76523019431402
52306,52.264713366960336
69320,53.26873070373307
89099,51.35124768074193
58508,60.7086042606291
99556,59.19724077886435
67369,30.123397475088993
81392,55.41783617158757
3220,60.48135233947674
36414,38.26141595126242
47946,56.59273048707555
27619,63.29748837574344
20010,44.05336141450416
42829,56.32350922085374
46968,55.436584173924075
41145,54.50352070373397
18722,51.58291429327396
22135,54.05017477875651
6694,39.07241197611013
9205,41.77670938660353
74164,44.1890963561439
25284,52.82866568795841
42412,60.02666349290867
13015,59.90861304027531
52840,62.1522852497785
67011,46.46386765965385
77832,46.71615718767973
65866,47.464112783561184
70024,54.70821667126622
43524,52.53597432349496
10323,60.60096045405031
99869,56.08178845631893
84874,51.878842024708874
101228,49.31697565747332
87554,56.4405293579752
34866,48.83333918487581
54851,60.77453980511196
101225,47.107367241570785
67089,60.745684119275275
78192,52.5234828943996
4275,48.90529177989811
47323,58.45895342571696
29353,46.92806436401705
71349,52.28826664030322
31813,54.96735597826672
80963,30.899494174863587
50232,70.42722110785282
62408,54.73484131352021
10876,30.625108271031227
74115,43.29660678443964
6676,60.33277668956036
25303,57.19543190465404
6231,52.33213114735575
6398,50.259931380256084
10424,59.93593920601093
51715,43.42961549052506
66925,59.50908913464266
34935,35.04920501070828
29,56.987020931200234
60094,59.38822269321075
2355,51.104231420430544
8246,57.22410001953407
88243,51.14154692236555
6266,48.20581719206314
79323,48.315986388459145
26623,48.88207036161789
18407,42.88757514926993
85183,62.88434744229315
91994,52.04613474609531
80651,62.75383927413411
87751,35.90852707834681
73971,52.93328824075837
92571,58.50508040238513
44095,52.24587446105462
977,49.88767130531704
15716,55.57059038458688
48088,31.10173859353429
62561,56.378616687981946
15196,56.80470899881356
15245,53.269126233894916
47802,46.53691219971096
8280,42.09552117994607
100195,31.88167755600827
26388,47.8763387397554
76281,45.41258695139059
30610,37.68520368735795
7475,31.401162187766904
6827,56.89626352325965
32291,59.08719393266812
52696,58.27090802976976
30917,43.87767378407278
59013,45.05354400909773
90346,57.096747516080505
85275,37.90846473065808
23294,50.2382458300432
34300,45.68843984267586
92108,55.953173198184004
53442,47.93968089649079
68866,60.98572715790947
67054,29.54486308093773
80249,62.13080913393813
71757,45.07646528275274
99982,58.27512542668039
67395,57.390563216750756
69414,32.751110896149086
97286,60.93802510556868
60432,50.75645652792674
67162,51.58651931205028
31953,45.80235402587712
34549,54.161748854772014
74352,56.79857362683618
86537,52.3080586521773
26302,49.72606443074584
28141,64.87091569568916
73921,38.31756706309743
83459,65.10518743581889
63482,37.81783790877854
21805,55.22502204026031
54789,53.04037366608837
53613,36.70556437719886
92650,60.18678406148282
48313,59.24055025791901
1483,58.34230676234348
91744,28.96579728953544
99687,27.26685361629519
22481,58.77090838743126
41271,54.731073368014016
57685,54.44498409503874
67538,57.318882028659075
52951,60.542046155089935
11537,55.052770649927766
22317,59.22029369118678
21310,43.33788661603441
22499,59.3645080780073
4678,53.47160083858545
102496,59.776776607188665
56160,58.670073583456144
92624,53.51075047005391
57314,66.57831119188482
65293,37.260933861237646
58545,53.62929055142916
70834,21.015905736194398
44366,56.031436970230686
70164,43.209813002450296
60819,49.85938382858186
49620,55.37210507123425
92696,53.89146266792175
58343,55.29169911943985
1267,50.277624097884086
31946,50.14840516588307
13881,61.17833332364504
39914,31.063946618045343
11626,53.31349099362997
58928,59.111738733833164
10739,61.22616519932307
81053,55.540344809825314
71886,56.28439257545509
61425,48.41868676086652
85222,44.0487546935326
59703,47.07732339223482
55729,56.569221016139025
37128,50.7272722939774
42143,55.75700393371471
63166,58.657716690655874
82082,33.52796235455713
85569,54.48642801926793
11447,55.31848721872503
12158,55.461771676319735
83458,56.90745504745029
20356,56.999684004093304
48825,52.083347327047626
84300,51.398139065113966
43969,45.36032832037411
62475,52.01171614539584
31919,61.89333392764338
11569,57.33223282472603
12076,59.45123203084631
55507,54.013968120953926
38196,47.58212284248921
62575,32.926296259360996
87512,53.51457561111773
55237,59.60311837052793
46210,30.867100771739125
63194,61.53130682714735
10871,82.1068336330168
72003,60.11918311815619
51387,53.536935851305856
59188,47.92303626427717
12083,50.765729684476895
73701,53.56274654861022
45052,60.64492351757936
48729,38.67829165070067
43330,49.84988450228264
58273,38.38479074486873
86387,60.109873928719296
75576,59.09563955887688
52749,60.91422639853948
10186,62.46209480243972
25154,55.73867080330336
102166,59.94821284634485
66554,57.19987495645573
83297,38.96122417401588
10746,62.6957239651592
1748,56.40699468530562
54501,36.39889158275335
53043,48.20984637384051
43984,59.82903592994165
37534,66.16559109468268
21174,58.38871692398158
40261,61.63735876025232
80669,55.888382441501555
5538,55.893757295595734
72904,54.06506629693616
431,60.745534183147456
47689,51.834276767050056
93927,36.80257414907972
21348,61.17568191847047
78015,51.88254480199094
64520,61.769899302951664
33796,47.64614399112474
40048,56.5171830575126
24168,48.772530362879834
34728,41.44819197367314
36221,49.86160700498835
35598,47.80087699881459
45215,59.54903159063654
56322,43.86704383580694
31679,53.39580273958903
81921,50.50292697832764
913,29.631122409924224
8681,43.28711358891326
68810,60.991265568736445
77786,58.9401143647055
86002,53.05070337911564
77876,54.71998670775581
22002,57.544436834480116
59465,48.57065098359994
32618,43.24356566000313
93916,48.43165107986346
28810,59.9870620872574
51283,33.964431140550246
44153,49.01942187816224
28059,58.33283990315031
15482,41.28907409098621
70642,50.923588242385065
16793,54.43350004501978
88175,40.05151051451175
20190,58.82461608841998
15590,60.03569008588682
88786,48.366553815379184
8715,51.43017373078087
37992,62.631885902324804
11859,57.43185414963419
62245,57.141243786290325
83616,52.65897763937616
12161,51.23588827739371
63290,58.831932495334755
79827,48.332091531411265
45246,44.20054552608829
90826,55.62032938652552
3359,56.66430810246113
31402,47.65321361818436
81660,62.19360090832803
33891,61.24272624851782
66009,37.3471720764047
100521,59.65027259376646
65686,49.44814992588511
84447,47.12625348987023
61294,52.42767631813257
60173,46.85917877833772
73448,60.11379861978092
48752,56.011072439522934
31339,54.4085081050191
33618,48.27424365756823
72734,48.335723605901634
77431,28.212487489565085
48310,55.95966733656562
18731,61.55596028414262
37914,39.07429293424801
7372,56.14194123373081
46495,53.1209271003587
3053,48.16470596854841
77161,36.42634395309375
55268,50.975771873441595
68064,62.9326554348556
101649,56.94388105731205
15017,56.668556656617824
1063,53.483003656662085
66020,58.17153421291468
23818,53.52648093995012
73077,49.47638725483886
56551,44.76031851694169
97666,61.23761035740901
41492,57.022886793810244
20069,60.83067133368636
4558,47.54057091844463
65873,36.20045632672206
85324,55.46875382251965
22092,55.34692934193686
63272,43.43926863052344
18076,43.41084272703397
51366,45.01639551154483
75659,56.636196267329154
86699,37.87198482569765
84096,62.79030758131184
41374,53.96181142327155
81432,61.31466402032694
153,58.99270086241239
4618,42.44177842142106
57707,54.24844511443099
47997,0.0
564,57.30435528824706
64816,36.333325670024536
34281,31.689369221849525
5139,44.16001729029264
49262,50.5402187916454
43494,50.03765152416268
56946,57.88481809409736
45912,55.34343092730083
38462,60.83839970173891
24627,51.215546585296636
15738,51.148877602435824
37669,48.40075305369534
59616,59.43155263951608
82388,59.50728259548132
4619,26.16825917379476
20477,49.74035121129939
72268,50.188142957762985
31135,63.86910975611642
22263,55.164594374092005
12760,57.800989037380056
18957,46.28956138399698
49319,58.48038374824025
17250,47.34629341446234
55009,49.97324508335814
75789,61.260471597362425
28298,53.26198353273079
101399,55.88864431603001
25901,50.64666020569132
76145,55.61323074173883
38164,45.38054794417066
47685,48.9559547608421
5005,47.24419395956656
28894,63.03029125776753
37494,60.95834096348192
62537,63.163442536307336
64272,45.3739057685889
76312,45.545575087542666
63992,43.16105505930257
48213,57.9068995497024
94594,47.96788518894124
99089,58.57424749877108
13179,52.28669712516743
89943,52.75460977413745
47850,55.82593370114226
93129,62.57615397569459
84691,46.56743075429634
58400,50.36629912358662
5685,39.391785665706095
26432,53.470062512870854
37593,54.8242181049897
12345,57.34057553673773
77249,55.23466057562364
82094,57.66646977612975
44190,57.900001331681345
47084,53.22341748924588
4250,53.274210562104045
17576,54.260304780366596
18009,51.95934242907284
3870,49.140749609741235
101086,59.919382510534696
3450,59.2250567077485
95237,57.57758810443296
89646,53.98258803557873
16325,51.69239315948701
98059,52.29276171068584
31616,57.03996164688785
82565,51.67091853329281
1385,50.506407092792514
17127,57.103612115087685
45542,47.096280818231406
42481,56.47518904351048
101296,61.463820501822994
26400,46.52342857966028
12317,59.54442468728499
59669,52.25728130736076
83265,53.69990627550157
67556,35.839671825460805
100292,43.131552330912314
81202,61.93734774917449
98308,50.05720691824337
9995,56.58964986213797
56452,38.17724114170261
101563,55.79999622518285
9846,53.27135236449104
67244,59.017402760843424
53873,56.52892783379856
66408,60.81823111312596
24500,59.43595609485817
30125,46.341420972643036
21312,48.33846854507737
37807,57.000513581147715
29071,51.82627116846176
23518,49.43694919253684
33336,54.65490550135033
11862,43.1362608390044
42430,56.649701580136465
54117,52.352074217354456
26517,57.81350161719713
24761,61.32438113352634
55172,47.5988455364492
81353,50.1527100084263
19789,57.98407105443414
31594,41.00730306365994
63584,57.05730051849868
27008,66.16592957358716
63554,44.95592612471388
23928,51.21462270095376
93774,47.04532325553779
88625,56.770811476937936
47715,57.363406158631356
65324,50.29484204759342
79939,52.99905090335971
69472,48.750282631416496
13072,54.297269956440395
36721,38.484035969541644
96434,53.106247080280596
99342,45.72322121670797
69367,42.8481744750095
16016,54.8264662710356
3210,49.89351947552535
91826,43.51287680241668
34716,59.090588243246756
3708,53.68427181754672
23804,61.9685628553229
24297,60.806020692363205
6700,53.08830316893872
84149,52.74975653051633
86839,47.2344787901924
7782,54.56533182184252
4465,48.03875241829866
85314,55.92172228723581
81709,59.49782762507462
23320,54.40507107548872
43212,54.15732214189785
71328,54.91298743314426
31530,59.110856590255665
57856,50.773128435280015
68424,52.74526854818971
18317,51.10243693563787
70477,52.42798785633795
49136,61.573997148989655
44797,56.75298229048077
90270,60.187933498194255
53910,49.02262692855542
38866,50.99029358323861
73355,30.578580712471002
81049,47.721240438454814
72692,60.817616854469236
11157,61.31937559703676
87731,49.2695962320204
82347,51.79447863597926
88337,56.94150324639107
65885,50.03934834975636
63146,53.10268647794874
88546,48.610699329709725
26975,54.54684841827131
97061,55.75686264202254
42673,50.30918374465217
303,62.65289463523462
33309,55.087553176071
73324,59.70516989178403
55675,53.045640652923595
49905,65.84424093111033
37565,49.36667484621318
72443,44.347651645740335
45685,55.982328530191964
45044,56.610516513286605
49165,44.354668504005865
40556,54.567340402803545
23918,55.22463644586595
28275,37.030710537969256
53974,45.78717391365686
41265,50.73478744226597
65189,52.25404712994798
24720,55.757225958721016
6336,66.77717805029447
76886,60.04872359465106
11451,57.76990336461174
84748,55.13464109458628
6678,60.20787434998849
3440,56.233370606626984
88054,56.40828559636934
83237,57.71344047619086
74891,56.10228391453966
19667,36.57522887584062
51286,56.122423936510216
38590,48.90823233718882
3558,47.0345986308945
78474,61.35929726224888
70619,24.50659437868375
96647,36.820263028324945
40409,62.928679087595114
78702,54.27506242082658
70570,40.41236653078221
82177,57.11669608350267
55439,54.99168889975481
75084,56.272745177953475
99954,63.094721535436314
93853,46.82616284846951
32142,29.518363247615707
44868,56.46211975400521
4740,59.850886840479475
1667,59.83434607870847
13371,55.337753039070385
51063,59.27084020412034
15274,60.962211054664664
39378,34.444253810328036
28241,53.478639396767356
54369,38.42499441584964
13870,60.298390647382206
34635,41.11157668297775
237,39.32782880647857
93390,53.66411330809109
9371,53.67169451370517
24683,52.596440961133915
86775,60.648418162783436
70882,57.188187129817734
17894,56.04660862095432
35787,50.77360875797465
84509,58.47771745341605
7892,32.85654006738754
46557,50.45749503912463
8066,53.64111755919063
49183,55.521300305389616
72373,27.133427533166465
2631,39.790594948367875
85596,52.17209731998961
86291,55.93975307887417
53079,49.87478859192895
16360,56.97806411329519
27953,50.950596099218
62363,50.613096186264976
13793,50.863365677424085
45566,49.670614621587255
47805,53.90219254178649
43736,45.77245400666464
15712,41.671028082171304
12857,49.901589027329905
100712,66.33285626686549
44429,60.59834169880575
9301,57.72285557238584
86662,52.40282877929842
47004,40.385579910017846
17430,61.55226513663108
96465,59.8544654650415
97912,46.24957035190539
1661,55.20716355874362
101735,38.270739156102856
85616,64.36404202249847
56496,55.548539713074106
68826,38.518784199144385
80025,59.29476608533432
5024,59.03774595501852
34504,62.084763155996626
79678,60.62159742120774
93088,56.58126547080037
6123,45.169479574414524
7118,49.597153908376406
30041,58.10773968803048
11094,64.634950524635
23807,57.65261219010941
67144,56.479356447682825
84110,49.88476868109368
90532,50.86516453762444
59439,54.62806619468204
69571,44.76831122683751
15598,50.246691953508424
21721,43.06802465740819
64987,32.80442944776494
5629,60.21348702302622
34982,0.0
43523,65.07615950604136
22811,51.329322449042955
18283,45.58816037193602
18525,59.48592422171359
48200,56.40723652312204
33479,61.173359440784566
49594,66.2345759145961
74646,47.72483153859538
45038,59.3578087094107
96917,53.47851759523895
72799,45.0251749642652
47859,49.540339251851485
41777,55.02342066872
25513,48.04374691479807
55456,47.25942137907082
35911,29.105170593827175
90770,61.25171389987266
5346,54.02536973065488
75603,47.54452297867042
22875,55.18535343569814
33333,50.23121069026262
68099,49.44719599683579
28268,49.439033327095075
19171,49.59584056150881
96441,56.36359915576369
1246,41.97271014276894
16282,60.624454933434635
38490,54.53238083409625
6758,49.75734460437417
36792,53.46821504071533
4847,57.45340374155736
50339,44.073563876381485
48678,57.009886354085474
91836,53.383240857942326
17168,56.7656827449612
70212,61.011643708307474
19758,33.95777292847722
13653,51.26780817400581
76818,53.55229844205002
44559,58.46687169681771
89012,58.036283726547644
63276,39.13593370093062
68593,64.58869158482733
526,43.36126183995702
4627,56.83064191975123
8648,52.42389062113463
2418,29.14812180195129
10652,50.3252681299014
71991,55.74136463684092
54955,42.867150322415085
99025,56.014734837718194
23957,58.48112066400452
39326,62.78700936091863
9467,54.04716515145455
35,58.570963670213175
92370,52.161751052152084
33024,62.354997049808205
17099,48.512471299499644
39146,50.71757169930174
50313,55.9453781699318
73228,42.14632279781728
91286,56.579052066416864
36444,47.905377843712394
34228,60.6245521711254
41231,55.580511472973654
43596,62.22367202750736
23176,47.41354861911824
18895,37.51514887635053
46128,64.48223291280831
102049,37.431535133189
50582,57.87335699756541
48574,57.70954138285279
14581,59.99991289062544
12920,53.77977020440329
3981,49.12235687097808
64094,55.716754841082356
71413,45.12331770990846
10529,60.14477947214783
34144,47.44548792105143
79805,33.00639419016109
79502,62.43046334411132
35069,45.2935563160723
7228,45.49707320704834
86520,48.35485125016256
69005,53.494126008313756
9427,38.47080125579734
90438,42.49533540560544
43433,50.58016122078183
36870,34.35104282632993
77765,61.91160215866486
10011,47.859577785675796
73691,55.22649720433327
77511,47.093082826121545
48652,45.468334230327926
4743,54.85687824085873
6999,55.68019584184147
22521,43.95602038963055
23887,50.95916476349576
79313,51.28447557070445
84715,54.91198328790223
91228,48.60732980192275
11836,36.96958725154018
24703,52.039614010357234
82888,37.809797018069084
100415,53.2814638245528
97083,51.77380090932881
1324,42.083913595569555
15814,61.6795118712572
42757,60.754784222381666
62799,49.17646972483028
9573,54.80943474493223
7779,49.642854333295524
16137,59.08614335679118
22805,54.180735584406236
101840,56.739788347524836
5686,56.413680094406594
21675,44.800916822015296
35537,59.34875942912383
25073,53.46071865923325
12861,51.29141480756443
24550,0.0
99882,48.51583580223233
54470,32.20719774959424
91613,61.932980862651675
38447,49.48911983038794
71081,42.992019134507174
75102,57.40306619025173
53272,47.39402428127649
16623,60.115600382635144
71180,60.3049460358888
39550,46.049503859473
86279,62.649665795536194
87492,53.21575369680253
27369,52.83137708426358
13914,47.5290423109096
7995,34.95793797377443
53262,41.24767435558003
17796,58.45430920681496
26662,68.97342748607508
25,51.90987199464505
3300,59.46120831390634
72915,52.76584368807017
89385,58.77770416451049
28296,29.940560865120524
72162,57.97100802601468
58523,31.503267739337883
25279,53.45259973307009
24374,61.24483400159515
1611,52.48896722564827
59840,49.991212344920214
64850,51.697283876398224
58820,50.65173123184285
24513,50.830020050667144
75442,60.152382901898584
6387,53.54082672313293
102577,57.53994213043126
57040,53.605137014701235
79506,56.56907818257954
48739,57.45028140981613
62400,58.355649663554686
22596,56.949469787975886
69422,47.77947359231762
93040,62.2297532906196
60581,57.12810378605636
13658,48.22042072347281
66677,46.875962426938365
94951,44.84161640521061
80703,48.37900801048791
7200,50.59163967450431
17858,37.64805337971473
40949,58.135216114608696
92161,33.23923248354993
51637,50.70939167376065
11927,59.00803217545466
63963,54.729662577123506
27703,57.27363102461013
22248,53.95211757757554
46721,59.05287972976638
7251,43.049492831024494
2493,51.13021571320378
51538,53.093821858537794
22020,71.78128690863123
20590,54.210893028165344
58723,63.90369138132121
42809,57.637942276338165
36504,58.467368108482496
38624,56.796656623264596
74330,53.416589749555364
76179,55.35138247636192
37764,48.61842470119199
27659,60.49633301062805
80581,48.6975532338432
77290,58.599332610000474
52666,46.73764928532024
8493,36.48247973516107
6185,49.26281639270234
74055,52.751488784722895
101937,49.10768201390053
36,54.19447219223179
70633,48.22981787866261
77071,55.618967147506254
14420,55.88322385994631
32745,54.970193091108484
65751,48.45269339603345
36245,49.98117788667392
28690,61.529267907294305
74443,58.03608056449996
26846,47.32388806277294
34518,62.050857617875124
81306,31.1442554950156
97902,59.606462468159975
14455,51.928825133703064
34832,58.43733678487139
8262,62.26363839467325
84714,46.931600155023915
22819,47.594615322926124
78802,60.72915881073092
51065,59.97013994029078
90172,58.190786106430814
97872,63.64668975212432
43438,61.30754755884096
75720,38.9560295940944
97504,38.01389847936443
25478,57.65487836006152
87772,55.2277289484132
55323,55.281886261384656
63400,47.47709092797295
69180,62.51812881272333
35790,63.71423170104531
65997,25.7421517906601
86276,24.43838065280724
99210,55.63940248385168
20538,40.009710041354346
82104,51.22182179212964
23554,60.06329737062424
46818,62.131179462469106
78759,49.93937885571884
60520,46.33967732296633
56153,22.68676898149134
10007,56.84262270631943
65958,54.8903903556302
92832,59.72196247581564
69820,47.78900014406851
90775,57.42302290683243
10087,56.13290017475313
63009,43.664374485960465
19705,52.944062536620244
100553,54.608357849237215
20539,60.06775431489022
88475,52.723487336715806
49816,60.06239622629155
76872,49.590227081942665
34139,55.16129935352938
27076,63.955784632805894
5775,34.057905243714885
20862,56.945821914590496
26129,57.856478524674124
63440,42.06639712975621
66524,27.761959565884727
37725,59.585842813743305
3130,53.08313692046213
45342,61.96715099435731
3629,52.303706814356424
1460,35.70810543060436
54537,44.64955789057647
56909,55.54484689214677
80229,55.60172642343775
42587,56.11718889905083
12833,57.2336014251964
45094,53.3711520956373
21333,52.32949257576244
61495,42.14811621099937
98218,45.27601386842253
69827,46.21924791240357
48007,62.89299240255509
27777,30.394624712003353
15593,53.52141649259529
49072,51.149734114403834
60751,53.98264215583223
73034,56.3742437599395
56023,55.87539819661248
31374,54.69555210252987
89683,35.6547323324532
79609,66.88604942685045
36963,46.01258844127484
41865,47.37201983794111
45956,46.888329683572685
3295,59.5072274869313
84667,53.31753582441795
36834,56.23033766951597
21909,58.706604225174544
54049,58.464390501453835
45144,36.67074311165142
8961,65.15419128703459
86794,54.044764382031985
42081,58.53316904282572
91236,60.01560695875867
17264,53.94502618601226
71319,45.86185021675224
66633,38.671153363337346
71213,60.6541062364576
81086,37.63675467714272
85242,57.06312842513795
10878,44.57546863686294
30067,0.0
58495,59.661672290108704
65528,66.82534698165003
68490,42.522096333751826
17711,49.35566194916259
4956,56.194001829967874
100191,58.651839702735856
81786,58.20099752838858
23728,50.41938080465714
39989,59.79471619544428
8402,59.85095992515104
47207,58.91298626829387
11484,60.25082877740552
13320,43.089331170187315
43828,53.791885994131775
81493,53.00903546178273
58063,55.68864002045214
36182,54.01935566496518
50822,55.441986304741484
61364,20.37290889654498
85271,30.254915883893606
2305,47.16253690762953
95559,59.800632495597704
4649,56.539026544427415
28363,53.25100917230284
38555,45.810439591793276
38800,50.04778372644806
34948,60.114802233117345
43748,63.47442230701437
56481,50.09236227887885
96166,48.60722751807812
87210,40.82466395081501
82961,41.41561081591536
35599,58.71887643659221
89161,45.83869304407744
98151,56.32295726743219
28663,58.18645711330518
47067,55.87618345085547
85255,47.98324103725726
77992,53.84395257963469
28083,60.2206666542579
42865,61.984748165901415
61315,54.90727632203949
66209,62.92172687247819
46060,61.457381337572556
38382,63.27019357766881
65886,50.32673687007938
84084,38.735899680440255
94645,58.70239127789694
102568,48.66863855974674
1864,54.687049694151646
89948,60.56282918914015
29802,30.58264004590182
56511,38.019739069497
62334,50.41571145779731
89705,60.287161268287505
28431,53.249481949695976
100216,54.5576469048694
34035,49.70997025143517
34787,53.90914983209463
88268,61.742683190606975
84598,51.087661398575534
95103,55.35071055983193
71742,43.186543833939396
41504,52.347679051417295
2801,50.759496468505034
44146,39.00510191381429
16400,39.185121669540194
468,57.08042068792438
41207,53.30132416215083
100973,36.83402414151798
45428,52.070223255644315
92718,48.960927630436
85,35.464017480107245
80504,34.961903050659714
42322,31.540712146753233
25791,34.58765481076458
74368,55.73743112628698
60364,59.3163853165363
71915,57.7728736343131
2555,48.557423397977246
36406,54.98643599691748
83445,61.465175543127046
61785,62.53750222583362
50472,57.47225281852659
64574,32.04780433523429
44941,56.255385398588444
17632,27.21230465149413
82562,48.97817570949916
100519,51.93980573397433
79439,59.09140874809114
62893,58.47731183099011
3521,52.671358233055024
39017,58.91817670655087
26002,50.73831091327219
20908,48.52724607327761
74738,48.40154303173943
23760,43.157401490008255
60317,49.87682786665057
81312,53.03090401239874
18010,54.832551299296284
71606,51.626920338409874
16270,59.38437335871937
5723,38.0872110826924
50388,41.30094853598631
91877,66.72914503450816
47012,44.77427904956277
29055,33.794741382710434
71792,60.830375839111944
91050,61.169123855038876
91520,55.161169743961025
102134,58.35122416467583
40656,34.68343264734856
36431,43.24955711718776
39155,60.07531956363409
92504,46.764185246468514
13871,52.3948700831694
39846,44.02097149930047
85651,41.456489140336615
37445,45.67949177599304
23919,61.02979930329825
88838,46.82307827783851
35739,52.02717386965953
80935,49.0869529038967
13921,62.15882001728864
93446,58.68361614052189
78000,56.065138133667325
77130,55.287352949088046
99296,56.21624833941904
7202,53.71150976050085
59106,58.893990460637866
59887,51.57568366153421
74447,57.635273428352285
53525,53.40866896913949
82281,53.1701990807677
81183,45.29750697567173
16755,49.915251125712985
12795,64.17183576965019
37574,57.00174215624375
37631,59.96059447847615
80991,56.09406019286794
2534,58.796045082107945
32490,46.450899579935985
97285,38.955973348182816
24568,66.15770467239695
37836,56.18197645938959
12627,39.01462804907468
60328,61.74088019918646
8094,30.787671824062834
13164,53.25757273587697
97425,57.61268021272071
84787,54.90407267455505
83070,60.00510779251165
83689,29.129400468548713
30753,53.71545426163436
71517,52.415243668191145
99875,45.61032387460315
35298,58.9596984357981
70911,49.03586743076271
40604,45.03124702460448
10924,54.31135311973723
102013,57.68726904031848
91540,57.30956709920505
69941,61.50648512871457
7673,62.61010731462005
45740,53.03647735060724
94191,62.34417400144173
13890,52.70841312991622
55902,53.04232651850842
94743,52.2241190507414
69262,55.59283090649979
76679,57.426670737162006
13616,55.47755627811351
51143,53.95056260898161
30913,40.591823276525055
16013,51.10498386728429
45440,62.45167255926264
35502,18.26132858721995
61329,37.39243074298062
90538,61.67901112231387
11224,60.2875523815919
2532,59.67840673644487
25634,45.36020104822832
1105,60.966819597725845
84406,59.46985830978149
96840,63.59596843461134
19550,62.77255544203945
7970,40.780801961674904
15973,51.28943868768594
15478,60.91110929653584
6847,28.545547045940506
29918,47.66308292252053
55179,47.86838809570777
95162,56.96595356390206
45688,53.69602481638079
6128,45.34162243937443
52106,59.513417130522704
74633,56.99990681426469
43355,54.66963599042104
64731,60.77035835545578
28356,55.01958732660582
46136,51.19221051101946
58231,26.926161072761246
77233,32.501007617447186
27661,62.34647922746199
51686,41.84593569083774
61759,36.06148938771755
97908,48.376408189703014
97194,60.27727647715693
55461,59.308188980032696
34384,62.95406645288878
50933,46.40785031104394
36073,48.628201366741244
46938,47.61786942581769
46976,58.055170471555
1380,48.71069399543139
66477,50.314051897029415
45586,53.89911265883536
62653,34.83431510735306
33080,49.1574764421535
86140,60.133578208103
78710,60.97230007750976
92132,55.751724004573504
54021,48.966500579134845
78017,51.7722738795108
29862,60.09286507168241
5838,45.035913765204185
94072,63.50775176202725
44731,56.58707406335969
14831,50.40400057792818
17072,55.758950752861026
38056,58.5107733178547
49384,40.281310713269825
48256,60.12973811981211
47361,27.290500871350236
66444,52.91350549508499
33148,48.7049556310201
2533,48.59247771472326
9304,65.06711324544082
76581,54.809070283793226
95560,29.33299793140168
93325,65.50986118879379
17510,59.48457574412668
40667,44.411046413270654
7253,50.58798778734511
80805,54.03033680873682
92949,50.99440429349243
99462,48.056359613179026
27792,55.62332160742604
95995,55.7673552411613
100823,48.57479986393576
45831,46.02646835525946
64022,55.14501254360436
44059,57.95751245663274
10428,57.85653200140984
4995,54.050650123410556
83737,57.628386228582855
82493,39.00323526363706
86886,63.18821946925194
52370,56.05143744141998
49332,53.56405076269233
70036,59.89974394461337
79921,58.276746379575705
29882,47.637216447943516
9925,36.39077728291112
99626,60.81385993825704
42406,51.2059874710015
70478,59.81128675584415
102337,53.11525103857393
92709,54.58848338679295
92607,44.616665275766906
86112,56.05017252670945
30764,55.73086518650145
14804,44.39720127114726
23802,55.89965788924699
47410,55.530613849214625
1110,47.9499860418784
25686,49.70950532088011
61136,56.33583415287218
23549,57.7457521791239
95824,60.29567588197011
95641,47.48938293446148
71128,48.321120677922835
14691,59.56344573819101
99236,59.17796484398063
88688,31.001657170346704
91799,56.05447539205165
36502,57.215749393898044
8954,54.40368132970293
9609,42.23909540784467
63908,49.63567822927507
26908,41.09460703278368
15121,51.84289336065323
47960,38.05810735168069
72654,59.51809779080704
47296,48.411618460946265
14367,43.77483286680098
52801,52.556591977145544
62254,57.14211059017573
65183,46.27738919142013
67738,46.74119188877382
24270,29.43851796494436
56211,48.175835943512844
94298,54.54140588578086
80716,37.948452910883496
50159,54.76497252509193
23721,57.7544120746488
78965,40.02563043083084
84156,54.04133090100632
14462,59.999431694215765
52065,61.90830651187841
63472,62.12117274081254
99420,44.827496695478
77921,54.76685264555387
61780,36.51992611792103
45826,58.61571052885028
16982,58.137727953657084
94697,51.85266506266798
21753,50.80103956363767
6011,58.25055549704413
82439,64.67374978034877
81409,65.4624255154517
47043,46.82826926523636
4861,48.02174407523515
12433,53.162444281602546
87015,55.01400729723489
5023,58.37061427901095
96851,62.93081821921702
16668,62.10532622742952
81181,52.79493595236515
90640,54.39625878376938
82601,58.351243754680176
34141,50.79984222618246
11143,53.30204950187621
5302,48.29355106605615
41083,61.95318320162115
70580,47.70903863396339
28599,61.38335265189866
32098,49.75381859171742
97129,52.159303821480464
23154,64.06816614971511
76058,66.7168627588597
85884,57.13796204168537
100101,50.36907960894272
593,51.18094463363881
28640,55.40051226273653
10836,53.81255712890285
683,58.072009346029056
29241,59.166929337608664
7700,59.20071670068933
51220,57.36722873808042
88457,46.5818969338773
60257,52.77008989204699
92507,51.54314661794589
46272,51.84703241978257
84057,47.71881550787706
5250,55.68394408744205
98764,55.957256694743876
43099,34.474291869027134
72471,50.77782049148103
6098,49.63779184056139
63052,44.24568229593409
87919,58.5797449250121
86516,53.54561921219178
36358,55.2949034976596
90819,48.653384963614556
70889,59.49101085373073
77748,55.6190188715222
87570,39.026739564331386
51097,52.87680529020442
65473,55.88066860498729
8322,56.96899033168354
92468,50.64369198575022
88910,58.33428536956842
90818,45.87655673212087
65151,57.29247781017364
4031,56.0378100327792
54710,50.680939632273734
98814,61.84186941584905
92423,45.74171296190151
2072,51.4888666506897
43903,57.09122803028521
10433,33.69245206565725
60740,62.57232346762672
19366,43.766744575435865
20582,46.63091799630604
3250,48.5114631314858
82578,58.758261624754994
32399,60.83981767140524
23958,60.424906265733306
86583,44.3728367371633
91288,41.32040587245395
76784,57.620092355724175
56123,56.544216115159486
84089,59.3383603971623
85343,52.160207862207926
68659,53.49150740300469
90434,50.03407757983181
41678,49.78513826533887
59415,57.84503421568266
17020,58.184286771861224
51657,48.63355958990429
91571,37.12252796878919
98111,57.735553957464916
83550,35.21647322054472
2582,54.94561202051405
74305,42.296184697390224
48731,57.03440570839021
10111,48.90316831247624
24485,52.02387017174234
46090,51.056097030147164
63077,55.41444402041382
17962,42.621994670983625
93804,54.35510168208911
13226,58.336919298614575
89677,58.5765330170074
21730,62.37024374353306
96304,63.27646534451843
4144,59.29306453782412
69665,60.626520277863655
37866,65.394651102458
8180,48.362043598166515
38458,48.112131096667646
11745,52.31598697770578
94415,48.91590674324821
82633,38.72793598842141
41288,57.7743409311868
4733,50.92669053477922
56441,57.30276992578267
37724,48.849457145708094
100583,45.59411066221871
41308,62.409934160935485
13858,57.76383341396484
76183,46.12157880737147
60127,62.16529587887533
20326,32.060322100226884
50664,60.55463935775372
38546,52.99275287769176
28130,54.19583090729233
41009,39.202185120796
18493,62.89590071541965
959,53.499235315244164
72958,63.02834353044403
27198,44.14814046681568
5299,50.43092741683436
80442,47.851735750729326
21994,66.02360566986515
78932,60.5598196607377
94056,58.18972218876489
101387,51.596406974454325
6829,36.89549929958875
72345,63.13712169650495
32155,58.94791818539946
33848,54.27168564810085
55360,29.1299459351659
36348,59.919504846763004
80959,51.38764542149472
4942,54.153963021904566
26536,59.08016949657741
57346,53.33355068607044
31763,54.1455224685067
15095,38.268313491166936
49312,41.28113248335369
25247,45.94553541191225
6445,60.7502815339803
59621,61.64128145053692
97813,50.95281155137926
7003,57.44959475722953
9748,49.69541959503015
40260,10.470164949882175
79529,48.83927130818162
56902,43.06979936141661
98178,55.000177926436095
76094,59.63575019764248
92590,50.66146937766167
78685,52.67037295064384
18224,46.06300086709792
72312,58.607257350285394
37223,51.56651093509323
84785,51.893325980819704
72026,50.01879771760095
57888,58.70912966329065
78887,52.68129931146302
101397,28.727621356458847
85796,58.985033237367446
13380,58.290879661904654
24229,42.775354192565864
14882,52.54765459212641
40688,44.54469602669175
92614,48.97186886273015
98521,56.5376192957085
17077,59.260161359744394
3875,34.84387314151241
3238,49.67524147972368
18272,55.34051515663966
76438,62.06390058792607
46753,50.261920724708006
21973,59.61944996569383
96530,57.93849955331856
78390,60.697013332387094
48128,58.960979775799075
74907,53.78820376245582
74340,53.3045699774082
6238,55.9740528306489
78293,31.45757046490941
41491,52.26663638576759
60636,55.60801818052468
22630,55.62181121647975
72221,62.0212364762004
28138,59.67146796528363
19444,51.20151965388253
54776,38.10350101549765
4569,53.33894192558788
3134,57.07551774479241
25799,54.663258471892064
919,61.71433273813918
101250,58.57710236309578
63982,56.76137560138406
68634,52.890060750420226
6429,47.50979535237839
54634,35.233087084750984
77887,63.917302987692096
84859,51.18921308573315
56499,49.052378992275486
22504,60.906428042885736
80357,59.080786260413376
30505,48.72103493978992
97055,51.4705495246827
65416,62.25793228303837
102350,37.50128656147733
44729,51.90385514018998
45648,41.90275591089942
25838,60.40228027113712
10454,51.136860476809154
92683,48.08220399925301
11381,38.731180503267574
92285,58.23132212154238
25147,54.413220324142515
29380,47.94911230035761
11446,47.134877957249884
23604,60.35042786884259
61554,64.55089798006853
15214,56.41517177228469
101789,45.769092880401274
59696,61.71244223606617
63220,56.793406607870146
80196,47.925709669498325
45093,53.47905272066231
16815,59.706571670866275
18259,58.77159840816341
8143,57.418968930525565
71211,48.79612871272018
81497,51.93948692773095
49947,43.73020782440143
28736,47.56865342753912
15765,63.07683089758814
34330,59.64112763447985
41269,51.219318584921524
22230,48.37112560916353
7146,51.44814773227731
26231,48.48170139334789
33805,52.25789249690454
84256,55.90182523592039
57867,47.47701952918386
57422,51.32250585358242
73846,62.29980982809065
83792,47.768169519709545
56091,58.45781766416017
89488,62.77984492804899
6567,63.75031041999267
71605,56.4051422701123
45169,59.57792708991859
84357,51.08600855131647
96574,53.655667836097905
70003,34.58189826584659
31737,50.95313087715331
96178,59.93606973378311
58679,38.585054179970754
86429,56.725121399252146
32734,47.52133459163386
88879,37.63970784097602
91327,64.6630597372593
28676,47.618112700439895
6669,54.0049610553744
51630,60.43322866074772
86925,57.176962440144486
91176,35.62314614422098
47254,34.64124917079799
31444,45.17478367583146
93065,53.708056117118744
99472,59.46675656784723
41886,59.38192100273314
92154,60.16167148405627
22569,50.547747790845314
90206,48.621967357531
417,60.389033792830006
23282,31.222636754213664
94957,60.448798865551524
16927,49.597644701103825
43798,21.71134881238295
15994,57.97612503354222
92492,33.369826304085116
59873,59.59572744145601
9296,46.347761800967795
79696,37.65130383036741
19295,49.082180092579016
11475,56.18280826749573
1097,50.9621717796155
64010,59.96765709602751
91373,53.990529693428286
75231,57.837266754088134
63067,59.52082232247462
89059,42.13783786294781
81172,32.22414997081635
100724,56.85089896413027
31816,56.29688772882681
47965,59.21682646270689
52865,53.280304438429425
69775,47.98110036125528
85936,63.349485017021806
58310,55.52652986131428
28219,62.086063085405165
71912,50.318179777429556
39881,44.281989979571414
15796,42.179600038493675
40160,36.40137643640997
62992,44.37987220199815
97944,47.90373034651323
25939,55.78986652160807
83020,50.684889039825684
12333,47.919197023217095
68434,53.318032200333306
20346,58.108841303151195
86696,65.55361587946403
92164,58.959357086681266
84208,63.947092650825226
24998,49.159478144757664
81167,42.90024344771246
5622,53.51928903404036
58924,40.10068264694087
41008,62.358671144876055
15119,37.93871189026188
43912,60.619517198461054
48815,44.667649610653996
7101,59.92606615972127
33346,45.23294664672772
19755,55.01325553220009
54472,57.54546253530529
26051,50.4927341835396
37367,52.41904776025025
69547,56.23534037707663
44658,53.93725328639215
41924,71.0300920579077
41109,57.657579973321475
15848,49.577491818975226
63398,49.959127296845075
82672,54.377938540034805
27971,60.06329737062424
57484,56.18934577279338
97255,40.186973817942125
43023,45.91896435604212
79785,53.44729249458317
13849,51.12337487525416
57431,52.94929545050683
53242,59.68405519323812
35410,50.532506387811196
88051,61.44468938581454
13123,66.93290209525392
69661,48.99862162868506
90234,35.533331391627094
47647,34.35102657405095
62067,61.65226925942737
33747,41.02402315173032
96062,62.29618865948926
49715,57.422104547676376
25812,60.304363892305005
97177,45.51250511693697
34934,59.67991905135201
34776,53.42413909469243
16347,54.80278308844924
68962,59.19667516610794
94470,61.72246157193672
6851,56.6589470006428
88697,51.074476639793176
42253,46.352946865082
78322,51.389703900589744
8446,60.862828504884575
82443,53.838909734336276
45203,53.996882997447536
56779,59.62451343287106
70531,54.953988306632986
24066,39.844973395182905
99637,47.52706103772429
86534,54.63660816532687
18847,37.31022075083917
19328,52.47473814884916
28555,59.71381892312466
88515,55.913514003952024
99093,60.61161776374398
1023,50.233180314245615
22942,32.53936277765365
93194,55.658953091691934
31413,20.77457766515171
87375,50.835950901216805
89220,60.12250366885106
4016,47.99344436772439
3247,53.21326044847898
10918,60.72466681071192
84980,54.543668599918774
18821,56.397845775980514
3356,59.951104372779064
76597,52.79170304347697
43677,58.62943433175611
38294,52.34765266494507
63676,57.56014855539429
89986,42.971131576164495
61113,55.381227690839324
95583,44.17758597704834
8337,58.15523589853091
76771,32.55029595456312
53743,45.61910250241801
44636,44.03164022867468
23416,53.48699354483986
21381,50.55316096655335
73980,61.23768582377361
19103,61.05606239050222
35289,59.21544179184024
48031,52.06764889754968
18968,56.143426344484574
97604,71.08653888685643
14386,33.13038755343154
64988,43.66388815859683
43795,61.642339718017865
18169,39.5294675595947
29876,40.31941758357041
41975,60.64912549221626
43992,54.203270532899936
66030,57.800226152725955
63933,46.38381558347372
64150,58.23459249156288
21277,56.91872339181427
81877,57.72853652766142
58250,52.267585873778536
93243,40.25954615855236
39716,55.10757331426947
663,60.25786513278747
85464,63.83104046657935
69762,46.68527340738296
51589,61.617647969203986
1353,62.30846636593227
57053,34.924687355822
59699,64.54016141016976
64656,58.29119413640222
98454,41.00724481233159
53577,55.72669287246604
44934,47.12855869927788
38082,63.13900852323347
17995,67.76352446287493
65957,50.646085422129765
2502,56.772835344991186
99253,52.611898431012314
20065,61.89780939379115
91965,58.6955795238457
66169,48.21088565589558
19165,50.99190599227211
316,49.78331355468723
51181,59.311447386291896
90390,47.47254529071494
8274,53.83808922150354
32542,57.34950474946633
76489,29.729420042480047
79291,50.168608623196334
73814,53.23948246579139
93181,37.77067146122707
32633,49.683266192737506
87113,41.37271053171819
44109,49.014488022155945
33865,61.41133689904376
99654,30.35255033605144
74197,52.556119690922806
37913,48.939590674322154
20791,61.29662096596248
38387,48.35627924933002
56450,34.329245026445555
101565,44.407508288585404
52188,50.044503871497156
8134,32.33055646279879
14307,52.23475484895139
44115,58.85628887223388
10496,62.49925248364535
86308,56.34127912525115
89169,52.501334201295776
66156,46.34823385905004
55977,35.77233551946139
74488,51.562236354087865
23814,54.18334716943147
78177,59.160167525974444
26357,59.22122259165193
9898,53.87687170726312
2269,46.676447971941336
92077,58.87008229268943
2557,67.33052968543564
76350,59.81070898128361
46479,50.29508291160739
62527,52.9909201510578
20826,64.8848127687707
81520,56.973794141563275
79472,56.303408191735954
73940,52.98472552001952
79275,29.074039911805325
98249,56.107099563292905
91402,39.65593164096914
49574,58.12729682157376
28641,43.73381047089896
843,50.153581725593845
52120,55.36819664740242
48789,53.94626873634891
45147,55.48597941727998
77542,57.64795901241308
98190,59.00981378105911
91029,59.058888938713224
41958,62.583905933279496
40703,42.20283399663315
74695,48.81680881179322
5597,55.8453445632612
8437,56.26916351897818
43076,50.173514803503586
30007,58.94422685331071
18607,39.42439328750353
100407,59.34699761169597
17804,53.559749540995405
27704,48.77953412069712
37477,56.92691909613034
85485,62.379259782515945
39308,49.91187853344266
67261,57.66042057505188
15639,49.65384265292606
62271,66.30114554198255
56263,47.39099561581863
56049,63.51215308048204
45182,55.09834741946851
99065,31.00457497158894
42180,52.672398289871545
85024,53.23531047897825
43327,67.2547792488803
64618,51.37240637870247
78497,58.4332403911935
10297,65.26013927411711
56691,60.33715964021846
90279,59.54281683373996
38489,63.761338830640064
98908,60.313174387407564
9904,45.402857107063085
23810,59.59884641415029
83734,48.638885699022794
16147,52.80476756828665
91893,56.74162748677448
58355,53.99459804875409
26092,52.584588907038565
12807,62.3582133191518
75765,44.020686487262395
69456,54.74159668292015
82039,64.19691077243985
56574,60.51411720213863
49838,50.73229764259325
54604,58.13593619907042
24975,50.17831915498496
43075,54.228538177720026
5825,52.18388121178137
69659,68.5947733028359
101941,63.31478813213151
15281,51.422162168762995
75900,59.092897486738636
71215,30.982519900937238
23129,60.380919065780674
73782,53.25991789958819
102516,33.96643251399187
89650,53.17209919564597
101744,56.46084347356619
84358,53.11244971850709
17086,45.73690539215608
27069,43.37964757575518
33948,60.16306229140095
16184,53.679232537277684
70913,43.420811861947584
96835,39.75087992022879
2672,46.86182679550945
97389,33.062547863189145
38819,47.018227166370664
74638,52.37241842053932
55248,46.718075353311946
84722,48.05158609266344
42165,63.93975802524264
50720,57.01388514758155
49096,53.27141133628265
48040,61.46766762859026
7920,44.17269756645898
27559,55.60814339244898
85656,48.405632998946515
71519,60.008101104908036
86093,39.14574744868709
20352,54.48475134633923
39553,55.19905342356559
5382,56.951639421927155
56800,60.815610225447095
69207,50.575869260347254
5504,55.38554439002853
22965,37.208288721722425
61093,58.440923820264985
98196,47.47712178217787
91804,56.32217726489169
35844,50.100185030537965
35306,56.58077776499822
13615,63.114009083785504
98257,54.80961997339567
13250,55.34952507229584
53393,55.841382176232
94106,54.2532186351351
4704,55.92280621710852
21699,58.50247992333528
101866,40.7467076262955
93475,54.41207710517076
2380,58.20019507603107
69437,59.221762008815986
13510,63.792718081452584
2733,56.241039580963395
49497,48.7298639029487
43547,56.80560951100105
64614,24.274348595415127
10804,58.069838486392364
84108,60.44044764729061
41052,47.684704909628806
18462,59.58014584509065
93586,55.15692793550501
61998,52.39202690397854
42972,65.52094888735868
97609,54.6278993250372
86972,59.54921739850191
35345,59.80978165121358
31414,70.3824702306232
21336,36.79437325686212
74456,33.20148266037644
101199,58.924898355566455
7489,62.049453038391256
33566,52.460334180994366
65510,56.0860824093561
85676,52.74835056588739
75316,50.03474478282254
11112,54.46609589339065
94758,53.001207256629996
64751,56.8060196473987
82918,51.83111201417194
56855,51.31880441421731
87950,58.31792665572322
72805,59.535629081670024
90135,66.71029833955367
43210,24.230148923077323
37941,49.86036371998378
76092,60.68884929677416
45135,36.21383438549324
6953,51.21420809436049
11621,45.94309871348434
60955,47.48113717731417
44389,51.85950239116081
23551,52.14945234762868
90790,57.79872865324434
45971,53.15245115790179
99254,54.98816788534021
93171,57.27878433509904
24597,60.84617973205205
56105,61.6275545859411
102288,60.69102194428423
37903,52.669257685760044
40857,60.42459715840231
32728,51.905598988743904
20186,60.76555921053043
57859,53.46904337205738
66147,56.951404140549606
16630,59.91118968694247
8300,60.5115083196809
3947,45.59016793692628
21463,59.18230675903605
99877,40.72728092825877
38231,64.20616477460717
18012,64.853987724251
10550,49.29587773003222
25629,49.910021997043245
95014,47.77790438302092
46064,61.054824132518654
62863,59.17764137169705
50166,40.33552762104924
47755,45.44038559425611
93602,24.410125344191552
48110,56.095902023988856
23441,34.09245111517896
74955,49.78088170711814
20259,55.82272422297419
17458,52.3997323256241
45775,42.11619546657059
88251,56.378045594805904
56300,56.52623107340047
20640,41.291009601594524
46532,42.192221517960085
48801,49.352637599473226
45007,54.67030781808572
24828,56.97657185164284
45980,59.829904016867985
66423,36.79214862081729
75444,57.79218260444779
38611,42.01775235930938
7784,43.26426154229581
63823,37.66381870840253
13217,39.53767309204698
88101,58.58044687106137
72647,58.0426471796895
167,55.378738708422965
88878,65.2204244399181
47413,46.47063826620086
76617,39.862359034674725
68436,55.84058862594883
51360,59.7561262718722
95012,54.83958637707265
86147,55.67908577290092
30940,55.01950533649347
54888,52.669446034464045
84245,59.81213834173782
92574,58.52698454283015
69696,53.56377414585982
42910,60.97257410940743
39784,54.290851378627856
2012,61.73818382658248
90126,38.8400295908994
28753,34.21045317835322
5918,57.864994802029265
80350,59.08846559343872
37571,62.30189358292594
3109,52.324350700014016
52738,53.266321458649536
65404,57.91387499698832
84947,60.960478899624555
60845,54.95928209768091
20042,31.20819565955721
76379,56.795953550828415
99355,62.03972290587768
11668,41.932393299944536
25085,46.2180224044634
41059,54.89828968855688
82927,49.89727158972644
146,52.8933885631067
78432,58.23026835461464
32855,29.957617254263738
82723,47.572551734244236
24016,54.44928747276588
2593,54.916406815475476
47618,48.76616024048323
12191,55.516761938828004
23327,51.96906367034408
101308,50.36443930690373
6082,52.02411794049542
63951,48.843776864853766
10387,42.02303645914518
52751,58.97407924898042
19926,50.631768867891246
8864,33.40172676641846
93741,43.06452016548175
61470,59.25953296891453
17668,43.15375113512485
52117,50.23755043400175
87237,58.440866868456496
44174,45.55252688174125
11244,41.645606844956234
74659,52.14235424024809
6047,60.78365282775668
91493,60.30876243930152
83283,54.26063463547674
95252,50.74097306815687
31809,48.59386024181802
20094,48.370770964824814
100439,24.191785368403693
44789,55.3568248127707
73311,61.29512684174554
19466,54.40051962510738
58809,48.94104619094927
11479,58.277128360018516
81104,48.22507880187763
35922,64.03294070058452
47355,30.623622023989142
28872,64.73429865898116
52792,53.90358791854976
24861,59.97328175732642
15844,58.19470567084258
60695,56.39417431882948
18648,51.9877423924612
82542,48.64357415944172
92231,49.29092970177952
3494,55.2307474691338
974,62.92203208041359
37960,59.0110790980595
31337,62.1436160230694
77339,52.77920333896931
91741,51.41474742791144
90827,54.66248020905376
18539,32.64564458611395
72925,65.72875411939295
99777,38.83665440366831
71547,49.484984943735526
4726,54.43506160441567
81920,61.82812600624681
71310,33.78836228732995
38257,47.87080032820529
89042,56.10599970440825
6901,54.459674683513235
50536,57.382999037692166
13429,56.59380436470986
1462,56.411327686387935
101611,56.78045044585005
76363,58.396392511064036
87044,59.27602153010234
23874,55.46088682302667
8918,24.007765490196988
10024,58.969786155937356
54069,41.94496578132341
78304,58.68198706379104
68466,28.384870684941657
68628,53.045571528372996
3101,56.89821682540784
798,58.737671782625014
41228,59.13859287126543
43961,42.44640385901963
40926,56.06560411346367
27278,34.705876595295216
3993,62.23393623168052
57246,58.08489723239322
77479,56.03807987479337
28558,60.63413823348115
536,55.61117071500538
12038,50.331807743001804
40319,41.39335412301745
10872,60.49891849938369
71776,42.860977374041994
95370,54.19892145106909
95122,51.43358791020812
99520,55.6262455736393
44159,51.4798336889457
51639,53.820492247278246
33226,63.0062518516695
102467,64.63580445956532
95401,57.52688179206448
75969,59.5415679402322
62313,50.77204615778895
36165,49.665223001381854
60897,50.81212700357461
28460,43.524205168327974
55618,55.947409356447245
66751,49.60257644657212
54935,56.066401195621836
59269,44.478204504043596
81517,52.93285992708423
81883,56.85251699998952
22588,46.25165070441394
8514,52.015261564994034
96761,60.060137750611446
30312,65.20318142796144
30643,60.62152712854916
4072,54.537104680168916
60176,47.53973936864243
55762,48.85745181530755
51147,60.60881245894021
43551,39.889159429361726
3333,45.05045080822197
82843,54.358582701897504
61814,28.775579684773998
31234,34.0030952741493
40163,60.38825441579674
45968,50.25095761478795
53139,58.24349302809026
17572,43.4007675633222
28194,53.77503816425085
26929,43.463571343915106
40632,64.20565894597124
45043,50.47900882054925
47123,59.11793545678166
59700,27.7619485938586
33017,51.49843246665361
82625,59.394130240984865
22712,57.643721954624546
33303,53.211781134690746
48746,54.948639030767005
34651,51.3527137907368
3660,52.01153480776148
42584,56.92907691597695
37815,41.21197287707775
6507,58.74216087108352
20552,52.31641549716209
100357,55.631807526984645
94226,45.28400340956671
86085,61.03939900190551
8782,54.01429990871719
30173,57.04420017801191
38403,61.2805968526677
9550,61.759925699462826
95249,39.133403805782
59972,56.76039102809403
46673,47.22353432005082
88561,57.04900118339681
69143,61.44392230848346
5351,50.19319792521509
59671,57.528221882804985
29422,51.672135686094464
37954,40.20853779872034
26441,56.2784233292507
22039,34.37761780305387
5224,60.589890294004135
40279,68.72760555113848
14614,46.731717647504034
6542,54.023418305680714
5330,60.75915949692757
65971,56.515174443246266
94975,49.85576046904496
77703,55.12512680655822
94075,48.10480263344785
63150,56.105332799382005
90069,51.47133987077386
1074,51.41956575839056
16021,60.19556541841147
16626,45.15740765414502
82399,62.06487642666287
27294,54.49961473945229
43202,59.84319786271129
19288,54.317952765137704
61952,27.07476320895189
43209,49.28943997567315
61015,61.87249711218114
24498,58.07227203356868
62330,49.137542270837685
44694,59.56210862307636
19018,50.17103441438435
65497,57.07529537667875
15962,55.74329221730342
29634,51.20840528427038
62838,55.060178119344556
79528,48.36754690905635
22094,53.689744102620956
102381,42.93413661611724
48516,56.595619045992976
89193,48.61433348822785
38654,47.507707472110916
60158,48.3531354500485
56954,43.17531462711729
42417,53.67183337405063
35546,41.18775270893733
16711,55.02602914694576
62660,31.124580612208806
35457,48.26219405320838
37232,54.80313702739513
12490,59.47315262729163
43653,47.448221419484106
16320,57.26003935280484
49092,45.09136182620871
27468,57.44766109446116
43766,58.60392491636992
82814,45.165950974224
56329,57.204015459264
78259,51.36557782564364
17270,41.369093813917765
94628,47.68779403194236
32506,44.78600463738109
35807,55.12582090463091
64813,44.382561931408056
21123,62.32430830325806
49553,47.828726723232954
75438,55.562987962545684
45028,35.76031328750754
16207,53.61084499127574
32888,58.50042404170703
84273,69.01749707074515
56427,58.09367501343701
29489,55.96527697926609
55591,55.81732052117999
50209,59.969789037354744
24109,50.597975914510386
76393,53.053307504602905
3017,52.329969424751354
61861,49.36363028183047
61178,37.05397509969547
76716,58.69312942640963
67998,56.796617004620025
65575,48.40651961004996
37872,38.93662610453957
48513,49.876956118998514
101135,53.44991380305924
99734,35.55196722353001
53259,62.77710280018513
101914,33.64591992106074
48032,56.82378172379676
60908,55.80332006139547
86564,59.03974714390504
52162,46.76717158912005
63180,64.75992399627657
12477,41.020271206579665
60801,56.14984615114
37821,43.26279294633179
27697,58.16638687241868
6653,52.03576116206159
27231,42.31729285827257
6039,49.799004638408704
95989,65.57796044495132
1544,34.40127350464787
14300,42.018138298703164
92868,59.98755392779343
39628,61.05614508554257
35977,36.547002164976426
83117,56.802021764288185
63848,54.01270235023188
81451,30.42473924208127
14233,46.16212322958631
14122,49.699014261807996
5977,47.29276358096571
28265,30.065953086639666
46834,56.91762127451886
43349,56.019310817173974
14841,53.08470731113784
43763,61.368725476667464
73928,55.43670648894043
5650,53.80674342237144
63474,47.87737971372549
76696,40.5993537086888
10935,53.650028061058066
100183,61.778992146847955
35829,29.701244994194475
72630,58.45215622565062
70487,45.1711759708165
45040,63.72921610188345
95855,49.674379378137836
6938,51.97616643434351
55001,61.64096279700636
72014,52.21535897738519
30945,57.49335113644432
57140,60.35431291744147
17713,57.16976996041506
4220,55.03722054459447
193,56.866152369291314
8915,43.35925205852572
75741,42.45663362522929
68318,44.389567798333445
44616,45.39128212235054
32694,42.652005304056374
30177,61.70447482270275
97336,30.150864361484395
17550,49.7590088547779
11013,32.20133050515425
31520,48.33416897059069
23158,50.583451588901774
101576,49.87409121280822
97461,62.20207263158325
13257,54.30522060419467
32994,47.05589460616761
86400,59.48033388476028
36357,58.56037154929385
56510,45.50787009005097
47539,45.42011397626818
54522,62.400599855844035
26093,48.280035914724934
47040,62.81832397182004
80670,53.05613234452762
91036,49.681386553018164
50481,59.113170303178705
30003,49.032445510608866
38822,47.34434370884582
61355,28.027660262573004
37794,61.27774043283071
25066,57.616719803476364
52712,45.06007633829267
74061,52.28608789798341
23943,53.92407575511315
60526,45.886934027380846
49182,56.62779466723895
96381,38.0613577326539
34282,47.83125719356783
11033,37.16471641397547
33458,61.148389174296746
81467,45.248289907770136
13953,59.87926928428127
77045,55.41657403838509
83019,50.691836708581754
91950,42.445063289231726
24536,47.563677579641634
4722,35.783216376058235
1350,56.385530809637245
83290,48.693212943995135
49104,62.940182707773516
86989,62.83227232823073
48631,53.24674827342939
35703,46.77035630317125
30709,54.8235302776744
281,51.27690948217528
64304,55.56412219781977
63044,64.15621175186361
90476,53.712805127663984
78314,48.08841261273109
101356,61.319378756994574
45629,44.887362958010996
6006,53.29279225437114
19341,46.721985380341316
61437,57.426257064466796
39778,56.57272441871619
77638,51.763287716260066
8992,50.13582688913712
93600,52.35233010779794
36542,36.29744439631303
47810,48.05852972531602
23002,38.726367253443996
402,47.89634727146498
64951,53.36658467328076
21080,61.94745962065216
27959,56.5554979268542
98956,54.83258589317339
26724,57.290574689951484
33877,55.56278266647188
70352,36.05227257958282
13544,51.52363529716044
95501,56.923213519151574
82313,24.72561028579006
13171,53.3377193003499
45872,52.68477364532512
37673,65.80974773688627
93156,41.89526384088196
3525,58.26634074100781
16578,54.19918680411568
56071,39.66056487552127
97322,60.31990093327654
18884,41.700971888566144
81233,54.15315088474988
87339,48.19634931446375
98144,57.934243113802836
39458,60.12604519758123
56063,51.607102956955096
40641,57.435876472946326
56827,55.20720252676601
95474,57.41788201968529
40092,38.21934897949575
73815,43.3181086705302
24441,51.817959487026904
79162,55.21514636921006
84573,61.39096056874085
73351,56.31700023730204
54568,50.92631758287819
12659,61.667147128170676
47461,60.70066480860869
11579,48.02801765934579
64668,38.73827862178275
6294,40.1263569106441
18511,47.58429972632379
73376,54.04176382875294
78044,40.80342138647482
24736,49.47581678487131
11501,60.54240268964512
62562,39.678867617931836
29377,44.648613623517114
57562,65.22777267603816
4682,47.56064806314341
79365,39.46390998685582
40568,40.5746772616912
101417,68.9122961117185
69621,42.89430634243331
18867,56.606795128164016
22110,59.914513939128526
67417,43.49765061074408
29575,55.58577935474994
22998,40.37996934222859
44030,64.24610313657563
49768,58.351196517203306
49112,22.871156388770817
50457,65.46731407465786
73684,53.11391989851795
27788,53.4987737822608
89145,56.775292823833205
70115,61.73379955091264
22880,54.156399020354186
20819,60.681467393398194
81755,32.099887706789104
13221,42.052943952450605
74203,55.05157620843265
102165,61.55171668498337
69942,56.272828955026355
97454,37.593903330417795
53540,58.78969231979405
80554,52.67969022691639
11531,29.698840101761366
86432,55.94371797771112
1078,46.86647941201633
89872,53.016846147593064
38451,51.78376491877611
81773,58.790347581308964
1196,58.42202633950873
66504,48.732367870957425
9343,60.28485125032959
31134,60.716194655884024
3946,48.29196907224102
40655,52.695160036496674
50084,43.399235327250615
25806,55.45137184291792
69268,38.51315682332574
6279,54.788086305555716
58179,50.19900182895362
42917,30.9550565747058
26967,61.070694414027535
40460,52.54593819491087
70415,60.05371323751253
66092,51.615628524006524
61186,60.285596278328036
97566,58.6581393923061
89233,56.332227949087965
98531,54.20325282317217
66463,52.77787920715894
97658,15.732921976556522
42498,51.89112697263068
6671,30.180961982146428
31325,51.45996293013714
100100,57.48740232749305
54944,57.45444531025869
7877,45.37829637716581
60350,50.14547725321917
4532,43.66246473426931
48569,57.16840109367139
39083,61.598647326923285
31681,55.047791623070175
46846,52.13272923750292
22935,56.888438798087066
99050,53.724991211328614
15778,60.50536021522507
102055,61.23404885652037
6480,50.37734144163596
48125,45.30458813128765
16094,50.35441209226017
32632,49.16809490628343
79912,45.92210189253034
84293,52.73788003771353
62267,58.005737434911225
36469,49.0153420556348
94500,41.539384901647686
18682,54.457712238347064
21270,55.817315520129014
11788,52.8884818008683
81045,57.50893483188276
94882,62.72374329070664
68113,53.37260041393165
35333,47.76452391210848
98173,53.82670425423852
38605,52.72398743888632
102163,59.69965989046433
23484,58.1448559667094
8921,63.939842833837844
27680,59.43744822364607
68246,51.71467187535869
7293,32.50506389122479
8693,40.599023898174806
78833,48.61826220777168
74600,61.467935166998224
79623,52.36994365115007
69981,58.9543227176174
55948,50.47343446407409
17371,58.33944519280767
94765,48.99445111030727
41063,33.80961402531986
59971,53.076080556300994
24944,47.43493888401592
26786,63.204647443092185
76297,43.009034592925566
81108,58.61293743531888
52893,58.655767697197106
13138,47.649083504723556
85148,37.4582091099777
30675,42.458296596449834
45282,59.700254897533924
76422,36.93280904977799
21956,45.59140799415734
70323,58.87328037525339
40836,51.062069039177906
17179,46.70911053708769
5421,35.16203544662825
59416,61.41414566950378
5589,44.32252842388344
65461,59.007743266558435
35705,53.04287130548646
93737,56.86316830918406
27014,46.39122226138885
27946,52.419395689966215
52092,42.50972757275485
22097,53.77179072153065
50534,47.81030365934515
70668,57.21939244149793
78489,36.77561785112483
36344,49.22663231899104
5350,59.37739870329274
46439,62.34844562736275
72435,59.45310407363516
71226,35.96014209123546
16596,59.890835580939516
20813,45.613810426877755
101919,63.16079997722871
20293,65.16115821212784
45608,48.058238603639744
12262,55.221287038436344
13620,51.388272242274084
91643,58.3626147225098
48778,37.696047414069504
10857,42.885226368045515
88265,59.910304470338744
69788,53.37967251535495
99994,51.478018924241056
84767,57.513944781759285
77423,53.46262117524651
26956,48.260787707079324
43864,37.733850862822166
74950,48.49846373910723
89854,56.753360666630265
17786,57.52161744412222
37078,57.853715758550294
70388,54.0738037330468
80486,60.782970958626684
51989,48.98331577780419
28538,54.75275697345397
22570,57.090693196373934
34189,57.302944794770475
79886,58.984630776564856
91111,37.9594236643855
94917,46.52932739575334
2183,44.52422003943111
61028,55.34411379690862
71378,60.95301458517055
53505,54.79259309097805
55416,52.30970639095763
69929,62.10202355918978
52790,56.22543689693726
94245,29.953460449220547
47484,61.084493306387614
10673,55.512507639758425
10940,52.40259273864576
80281,38.784760513743294
99474,51.27779939389844
97586,56.65325970527017
86509,61.34427788724202
81495,62.879317177739175
11521,56.512172691079655
26394,60.227735114421904
91256,57.72166483860723
85145,51.20677520347812
81864,53.70924236093534
10711,52.573882195284284
59682,56.1771799834193
67032,46.79134684537219
73436,54.052906174107235
9935,50.58352957535587
46424,51.78213342063426
84262,56.9780648463522
42637,53.17015056030363
83495,57.47933078039731
88264,62.90251659037757
32449,60.1408525211376
81543,54.354400495279904
38943,44.67949859587184
9051,56.698320217616015
85078,57.843285962361136
881,33.94444313133079
47895,73.63351700081817
49219,48.9349726847676
19439,52.16191088531511
43955,49.57645203759605
8545,55.371728257577466
76912,56.01583369015535
9915,49.707793502594434
93895,58.395688624193106
17396,45.798659046942774
80119,49.37517644803541
67565,46.77701404795825
100607,49.21949018101761
17699,29.14522605928067
70782,50.27557006143802
87052,58.25798804231549
34345,54.71025873948989
54508,52.65512885396165
25056,40.41917143239072
81966,58.02036764380419
101951,52.21811713467492
10948,57.709391869743605
49517,40.703147574632624
17766,49.24276547643786
13353,53.47334786042693
23716,46.317967413212436
58010,32.13268097862144
78286,58.14342316323471
21359,52.22069072481404
95068,60.10679176493556
9431,52.138095684500016
60719,53.17936638554962
20936,32.332446207041954
74237,53.17823611392746
61442,32.05656470601854
66349,56.61721312093374
42285,29.46277705013548
7505,52.98451292763046
75341,57.04480544658047
44661,51.104276097163236
5151,52.84963314005649
49710,49.99668300285397
12166,54.98285180713137
63644,60.0262697362127
35300,49.98149324422945
24046,55.47236289340843
7327,43.00623135984095
30028,57.5463400945273
69628,48.77571399880654
91505,59.84521727823198
92559,58.30569492317378
73003,40.58598114439641
36385,58.12800458087996
18841,41.55444956364255
24035,46.185099760397684
34791,61.69283481009264
84037,20.492017940909044
34368,46.00727016897619
24824,26.78947295221941
33377,48.34077215776862
32370,37.65815420470014
99113,63.125046015662996
72409,48.44237691699621
102332,60.56204588626283
14467,52.029977259348634
28769,48.851634018584846
64589,61.026561321924795
33356,45.53943134993532
81281,56.51273720155234
38842,62.727131904317275
3153,48.29351473490011
65716,48.31040116952229
92055,43.06495759406444
46693,47.198105921643275
31766,62.45832480192819
51308,50.08081603507867
8328,55.797048700141325
56813,57.66261989676606
33995,30.99844830697443
33131,59.40889406592569
84188,54.395789400746274
8476,52.74263665737236
82966,40.62340410383589
6089,57.95561598208251
61882,51.66605858317901
91740,46.68650759402051
57449,61.833218659391484
58356,26.241545952562564
21500,39.32055302178274
58758,60.686260033649575
53598,59.917501237152116
40498,52.7430122089519
15438,56.95163022767032
8485,46.10001996896711
77644,35.95251301683417
14976,56.01651583137452
99026,57.35996536214066
38162,53.294621461265365
14052,50.23384788660105
33150,56.34899100460373
83286,24.781240978379717
28643,57.33701628943233
57385,54.50564518926164
65444,33.47398898557892
35199,54.69965693702163
49851,51.90215182301883
12592,34.66855273616732
30342,56.73392694636162
14648,25.83927153290307
44959,61.12358189549393
44443,49.51177239248617
83729,54.223289789848636
35028,47.6927169844939
72135,56.104737840581706
6104,45.47964842116853
39776,24.80051738610201
43878,56.86047026350284
67862,62.026803064946506
93362,62.702991284018694
30494,55.076797792709755
51611,47.022816530473094
13809,41.623817393065615
28829,44.85057083328638
7350,51.16798972086754
10988,47.962287633909376
32008,48.00395895266794
10632,51.260372713127985
39712,60.677538444043215
58704,60.85890940681839
47393,49.40686303258609
52381,57.65089158998296
61027,54.87512307573478
6644,62.27326432747469
91140,54.05527220673231
101361,31.8973296381484
93610,57.652104884971564
30126,63.66118029982156
79970,51.870767185827816
95591,59.277441451147375
35785,56.00321544000898
34955,64.27856048220505
91940,58.899895273451776
82373,35.42991663924811
9755,37.92797735424014
36231,46.47866486312583
36962,49.78947252132157
22850,52.716269877099336
19142,59.47020161903014
67138,58.80338637488272
77702,36.38507283885663
10423,53.08734654743601
34693,54.05748236936413
72886,62.34173280374546
16389,38.886464258895515
60117,62.11179802051299
90425,45.49957856110852
100696,54.57993881164757
25807,55.52031177497241
58412,48.87540118454495
26807,50.490576423970325
101282,60.81257427119128
31653,53.4054972136502
70202,57.26227795097206
11642,53.98911051135976
89588,54.70824981504019
4850,55.08821270823843
28731,55.470152541491856
41160,50.55286232226876
53184,51.18469752902163
48410,45.13949697971982
35981,64.6756100025663
50255,44.859519757621094
96936,59.06295496772135
101634,51.86720328271383
73728,59.168890935845795
63123,58.55437266077718
17092,48.920563115581864
42888,42.88538612574434
19632,54.934423326769625
23165,58.36653472200844
17753,58.22956963322378
7940,49.796359038683136
31839,52.63972853614587
73144,52.178770356204296
25117,44.113042678766334
57284,61.000311380140104
32389,59.39280116137359
60433,54.461553209875504
81506,57.160710719933775
96259,49.40232792673593
23552,47.60617142898037
23006,42.56904874727128
58706,49.4813680972963
96456,52.713436882362316
87968,63.356930166783975
60046,47.71703820764198
34738,51.151684875398054
7163,30.92764439257951
62217,59.22000680697814
4606,51.25654220315363
33363,45.214258953156545
70416,58.261048015602775
67432,59.95212134617351
70044,57.71545833929376
28220,49.99991897056446
73736,47.92472926595857
74933,50.032723782774966
19075,56.79360116603144
98043,49.75298082429938
49084,51.90141667317947
101759,59.22169550058443
40141,56.88561125325052
93942,54.882177214538416
93826,54.14466146429129
28620,48.82199424625025
87399,57.42556272515056
50990,61.47483625128632
39256,50.57913405227869
77894,64.16447047714905
4657,46.82136639550255
64047,61.220887011664814
79879,56.42792996164731
6146,49.00283739349841
14446,62.592854429740534
41061,52.151213206913056
4524,54.760772572637364
84563,41.473579750919974
45226,60.846730807286775
89467,58.00398923731275
9922,61.57208166825416
54560,49.00892399925954
33407,59.8286584916744
66556,58.14838190315565
63083,0.0
25948,59.11283170289911
64734,45.82168637346839
48084,61.1810676417486
36340,44.698108234422996
100755,58.845172379274715
2292,45.53033520520961
9386,56.493150448462664
22425,56.87834880325011
72806,52.35176870229704
92505,53.74314372031479
49052,52.62273690893842
62049,50.399026808073664
16074,46.35518204773346
22174,58.45354761692757
51492,58.17404873462826
84792,64.21136165588405
49491,61.00994878112552
93505,53.84877778945918
13053,57.89984134336508
40434,59.21984433303054
86144,43.258615429211744
59861,36.22614653144848
22324,50.7439539127282
40254,48.732335841876456
43741,41.228485030045846
15038,48.98220884624157
76741,57.40935788311319
86781,52.357576810783044
87259,52.838315124363696
56100,32.74683679822414
54679,59.46355522832219
87461,57.353771513671454
80947,55.25948684426131
73974,53.81108359116772
4498,58.3496634719141
20205,48.01658985567168
73422,47.8860866737265
6162,45.70502923566807
34513,47.85445315265558
5173,47.852822000048164
24497,57.799352901368266
5469,56.88523762291089
91755,37.9511088860274
42505,50.75346658378183
34415,52.86883823829721
52076,52.77296402622262
52494,52.04184792040582
20812,60.57691025403877
80291,54.90129236559188
58685,62.52553689195285
93083,59.53415391515426
81995,55.61762328066638
40314,31.94403478114676
53125,37.27449467060223
49618,40.124943701770164
54939,60.80518697859513
25911,47.71926295499402
78717,57.289483221765124
81182,56.57317486765658
80361,60.06028680125103
32832,35.87921896555587
16096,53.14646635398093
3989,63.75787363111756
43363,60.09505264668536
40458,58.506062948398935
48208,61.19091585161824
2176,61.48892042988322
25871,39.14966898558313
90913,32.80900158643297
87245,41.28363900743098
83604,54.28014746750182
565,58.454868160447475
33700,57.2081776617315
96962,61.54185269744365
27638,31.313794923153473
76232,38.27885429162229
44749,56.82930558982478
5124,47.378202112378645
74063,62.41565272620443
7370,55.27008645826825
96464,53.63172392123237
25645,48.77528163262429
31315,59.29094313516799
17318,52.25339711202639
55138,57.0633492822368
51373,59.53638506928689
1144,60.38957301750075
8341,34.46449794213753
102379,34.55615593083296
28158,50.82125112406356
42943,56.807596361491306
27285,59.90889985179152
62381,49.22077244311603
58634,51.42671135120728
64904,52.33212105288897
40403,48.29124897576982
18135,60.3998385343677
28738,45.14833552159354
60409,57.307002608086634
49748,41.17587730642438
88537,44.53767064413746
72803,50.73478744226597
20302,62.31476987375592
85610,50.92721392429632
13703,28.408984605475087
22109,56.703670820532466
31381,49.65973467127876
46388,58.92742541514415
95124,54.35054261683135
6570,60.650957826040816
80397,60.52697489831454
86669,58.94598739924868
38794,58.30550773821532
82546,37.214673369665945
75927,58.95328569392255
55637,60.091777970785586
84032,56.67484996759588
932,55.6572833374826
101035,55.348480647360375
94485,47.24944416315076
42118,41.96219547048502
84452,45.638454792509634
51266,50.26068266047132
99921,53.337283346608956
77925,59.43847584727983
60515,59.08025318024064
53886,47.82699028736765
5419,54.38720246953284
67939,46.33738973559904
85735,65.15868990111387
42861,53.22778037121939
44064,57.13665376941951
94373,54.0714839670244
40346,56.97924424859354
43786,58.06156283964593
68889,48.7741306040937
15166,50.41061660722914
66226,40.869666475023216
8771,57.1538618465664
13798,55.119325921187915
44317,59.57598112032576
42632,57.35370304725549
31029,48.84021147868272
4809,52.90513116410067
88862,58.1587606421684
95251,51.73420189528286
8047,50.64174657501981
16607,63.60317983001639
47875,55.8919307943973
39315,50.57236496401029
92409,49.539185969501084
33594,54.71588399679976
76529,53.263494641695175
85576,59.32279604907673
7386,48.77497824856098
43087,63.50468073660742
80764,57.072946520847275
41075,59.2914710264493
65515,33.98105736021708
87320,52.94305395522902
61749,62.97655484627768
38607,49.30974591435243
17305,54.86846660266359
93441,54.31662860179047
30627,57.30662728533731
27759,61.07919792089422
72196,44.813466989061126
13605,53.95236845807173
21319,52.1751254855987
13109,62.43950164900179
1412,50.0186888658311
43358,33.411402119823926
41999,55.51820292619566
60881,49.03957894478083
33496,52.1201640524
21604,46.346620162715304
6674,47.97282494774852
50482,59.45516242106899
73583,63.32316946389034
23738,54.13908922310592
98367,45.190716873160675
74085,60.531104959695455
22427,38.352332849069896
3097,57.120717233058244
6320,51.17244437103091
31031,44.804303150393544
28117,57.779154289316125
33664,62.30974676575756
47523,40.7828575362517
18537,45.52284824641833
76888,56.27353998735563
49001,54.939188967597865
47322,49.077618758959055
38312,54.32260704374472
51470,57.97388749922001
82740,55.81322118168969
36728,55.043665330953395
32414,48.58286853853565
16709,54.578540810017934
80605,56.62717106305134
10416,48.09819458898957
34571,54.92701122914722
60838,49.97577157126318
94479,52.594018298054436
92428,51.513107981368535
59144,48.48897027481234
82146,54.00626691830442
62997,56.22632067858248
37209,61.56860199221542
15348,53.7137098233529
66046,60.755695164107514
35600,59.526578020262306
71366,57.63623550111619
45850,56.72891773882745
38290,50.82579354147175
12937,42.61143423376015
31453,33.16393018812519
35386,46.3309651022265
36562,52.716612087918506
21169,58.60949070503669
93617,57.308535137770384
72997,57.434963137267665
16328,60.244698799470015
3258,44.85159575261411
60910,58.58671765986848
42914,55.100753883273605
20628,40.26987844640962
87995,48.70048261944121
93863,41.161343078931864
36886,53.87756326810479
70856,56.203272591907805
32842,66.21993142178187
28126,50.857143472192206
29521,59.96437481805668
64853,53.615755735548625
39430,55.39553926206586
54405,41.207237799780835
78063,59.32979625515655
52884,52.26088553380258
73714,52.013559067071014
78990,32.49904384013989
63305,56.92806364416943
80331,53.77863389954683
52962,51.597909452848626
30176,44.70529471244959
100347,27.979757329647146
93759,53.34816168867528
68059,46.63352665372759
82396,46.102971220751144
4877,60.54950974644814
59941,42.497518906254896
30186,45.11141497285097
11048,49.1882487542078
40068,41.55816104011158
42840,53.53088194621674
76178,59.89339159145632
5241,46.0678679643429
33812,59.764322662265585
41294,52.68096524537677
58245,45.31816114571378
4982,57.06900071121547
29000,39.2118255009601
10478,50.46971746306777
36656,42.31465516412268
53290,52.48313206309439
38107,61.43942125981169
59470,52.10825415732126
41819,46.737955581015235
92232,32.91458450425456
94980,54.185944057456084
3932,58.08033929413704
8797,65.56509296524773
5405,64.01991741327151
15601,45.28220545413164
8277,58.54435079912896
55939,46.65172614833411
9411,57.98760940113833
7523,51.39385308320959
31467,58.08093637033349
58120,47.109355763219185
15195,58.47348380064349
14010,50.54209921611112
9514,60.56160146503622
62626,34.07263909716934
62062,49.8989399076462
89394,55.16170737089776
882,49.46147439771872
13623,56.59356992520878
66808,48.789407263657715
82331,24.659067751185972
4836,39.34709406280714
39944,51.54360740601451
46496,60.67439912645589
32042,43.16480065608009
82498,43.96159712792915
52797,47.59786245420048
25211,46.57149133989894
61789,57.556708962359345
22478,47.83714879316419
60782,65.02114865744731
21044,60.752440018983236
26277,68.35031938472328
23987,61.529533340029516
13654,62.87732994411873
71162,50.52563048100951
28574,52.97038239933914
23961,63.116702274745684
12365,59.06021786493329
98731,57.31499162732718
99966,57.926634906667346
94189,33.35971667903604
64683,65.92228883258377
636,58.05878716471225
19302,52.10582435189447
101630,39.32264867144189
68393,54.21449802548462
17889,56.71790241403147
79233,35.750068820085765
28058,61.93834494386164
31177,50.908692657251166
57708,47.66797353639253
52502,57.15912623734424
94368,44.79953618781782
57495,52.26218530365647
34234,45.036541926660455
27029,61.19895035765144
46717,66.09733241425276
42699,60.13804574215433
60578,42.18047944914796
3039,51.41977385806311
4756,61.00909360084504
31195,59.13305782405375
56671,45.786313823521844
99021,26.873302932583478
65835,62.45718431481844
7124,60.69558967456986
98112,60.025275190330916
56026,47.847153596680634
13272,51.1059764818397
40947,55.53735869340507
53354,51.36739362592251
75117,32.55802665158165
44374,59.5834277703555
20245,54.865195281294014
356,52.4025938245159
50475,50.250404427878834
4980,58.046147434087715
37867,26.34378438579674
7298,56.38059291548909
38022,59.66434278405617
45810,37.266489956742774
31317,59.799010570754696
64333,60.564143786926756
8894,46.30613104180454
80701,55.214404726351134
27960,45.86301244652123
70358,65.07961901667791
78039,37.436546469738815
79064,55.82338571790872
92490,50.10222503663902
88341,45.52606822395068
96186,58.26251827086887
49461,61.20004211774823
62362,49.46876079985559
3332,61.66453574687469
64739,52.58034498075302
18818,30.693216065232548
73719,59.9902307213716
79454,58.277128360018516
30013,45.6923868633494
48908,52.398957260343444
12595,49.11597950054504
33784,48.257709189480664
43983,54.780874420157545
91938,29.02564611512054
48792,57.192171783378285
67960,62.55883981452393
2128,58.19043127365653
4024,58.067563046583096
75300,60.182518034446844
73716,56.53900191148529
71006,29.859837560450988
83301,55.18170486648145
60425,60.522081845864996
81416,56.67448692516592
84473,61.99364198088446
31743,48.520236578881324
50197,47.031291963748714
42471,55.0184450075352
4767,53.08614532023434
93525,52.81376324399333
63808,55.44162761610052
78023,60.903070841779304
96152,57.66308677448762
54078,50.629321921952666
72005,58.745091110351154
37784,56.73142352756264
21089,29.90867559372624
7441,46.9162979054177
18744,47.43568486081267
97479,56.65263505406145
21633,44.38035711579086
67112,49.59368369286065
99241,56.100622251240864
89028,58.052773924888854
16910,38.69004838431104
24407,58.516777519706295
9170,27.059087792148148
85425,48.10373569374309
61712,60.36286146827568
69116,56.725387606457204
61828,57.26237855622095
61707,47.34063759438563
78689,51.01281210662357
18801,51.96683625007497
90778,49.69556224899624
82185,44.64967516605006
12449,62.21794497215133
20109,53.94172479388237
73058,61.003588334013216
22206,49.83701204250629
50890,51.385889310601925
42022,60.893358045384296
92116,40.9043643318901
34382,58.09275235022753
28386,57.64228451213241
96752,55.05128927180851
74403,52.805008639079674
60994,40.92130926740446
48677,57.45136724817631
73973,48.74660308120447
32573,59.17483413720384
18857,55.18170486648145
97583,56.39225079258148
67805,55.844818930032964
81339,53.716261674829795
80112,57.099650233059066
56482,55.733173990372926
31137,60.379096688298624
72960,60.49708825066104
39809,37.98853832029676
18963,53.17565694971716
49605,52.26762815193398
52621,64.86022044674654
13031,68.82465668601549
84662,54.16980963712196
8955,63.85001284237081
66692,34.18098277803693
61734,57.045979800288826
12535,52.97769701272586
55671,64.13430255712633
51164,46.17762165733027
44271,61.738184438039724
91400,56.455704104214036
80401,48.447020826297006
25053,48.74580793081245
68016,48.47160011298726
41687,58.00510607882233
57011,39.87925682715345
94632,61.184953911457285
86397,53.75077827031206
92032,57.58920713036529
3416,59.758521516566056
44904,60.22388134753525
62484,52.00740459222405
54677,53.455419707928584
84031,57.35281465136789
30906,43.307948127513505
14522,59.811275583088594
63867,31.066547475772516
38342,46.52980658519011
95722,47.993099118430955
65184,31.47608863327538
93317,43.37964757575518
98997,54.790546213812824
20845,37.75290686898292
27498,56.801445750352585
30608,49.68418571483285
13621,57.169055138720324
54673,48.140099993556554
71948,61.197430226080826
66011,52.85361542995979
29755,58.46064664839751
67544,55.212357718873456
95407,47.758269397035356
32786,52.22033081132946
4926,47.38890558933903
21234,60.52512191153545
71480,58.02825441176974
73784,60.49363401789863
7319,59.84902819271452
37332,34.94004469687027
64652,58.864647961171
92854,50.64500258474856
16849,49.586903226389815
11028,45.513521794200265
72680,47.8745380079893
36074,44.97650455101204
14609,45.04631292728048
33277,59.91944844345394
1138,51.72716327045943
28348,55.44543155181149
75101,71.19496534547262
65310,29.832844515713074
98467,60.722985269164724
16242,58.70257435504668
17708,37.270330960298516
82778,49.592702954185796
15646,51.55042877139041
67806,65.07589616997868
81403,46.69596719040403
25731,43.554354487755205
74022,34.491920864166985
79918,54.65021221419642
96597,60.38453300695182
2161,57.215687472077335
38383,48.771597791268874
83570,54.22463445781664
66859,50.67967288268627
70751,53.53275712605712
11708,50.67758812802345
16155,39.710913107494086
19590,60.20360446805947
10230,36.21684286841298
70347,52.518505785067205
3992,56.205414867420814
101141,57.828617579511885
76241,54.15011956375493
46142,52.08637096746323
91364,39.500302479561405
86798,54.844463988357745
12045,47.671543175481716
80482,58.26075841304367
90785,51.94364108054868
35489,55.78431783075714
90000,38.59309688715631
30185,50.4663275198132
101575,52.11022388689589
46092,63.88561291205055
67453,59.12563401958335
22955,59.56157498941056
21020,37.451722943623174
39477,39.012784922915785
102197,52.11994209234255
14380,47.43287701171423
56524,57.03051885049073
67931,50.723427528990264
799,56.668556656617824
47023,55.94782057954191
85731,59.7902737361575
36523,50.868655310631
11119,67.79714194543979
64253,53.45713910605141
54274,53.11102345085537
74871,60.07623743974425
8754,60.76666221401412
40099,50.25523433567726
12451,54.878786899204364
100431,50.278142696288285
96337,45.22628840325596
5953,42.53982554519548
54553,53.9521142924241
87889,59.883548956037316
64990,58.784412033244024
60502,35.8437557122209
86663,56.49641939959858
30626,52.891138335026376
8209,49.66489030053081
10944,38.39146697695061
63304,60.3514422453152
45682,52.36612986955501
47286,38.661988334512486
3640,58.873206162695055
4302,54.727967092777696
46814,56.859688267074404
72667,63.0373735241558
1802,23.941022888463923
57004,52.9799795264409
56553,46.38035523324121
71730,51.87707632665466
15621,48.000948803611216
58185,48.40726473179371
101692,51.11946714992425
75387,47.754866086938485
90313,55.979864218467156
81237,45.35343520217443
97530,52.89848110054079
33345,40.691700862959536
24101,49.09223100522572
97593,52.05979898257158
11884,61.10661905277419
46132,51.1545433816029
499,38.11043001984113
21285,58.44061672501321
77482,54.0948757448795
83507,50.88901245410466
84176,47.948333876388354
9469,44.18150536004423
58164,51.14776162701308
1410,59.03635058307944
8314,56.83359166137371
20273,49.62245646994045
9111,53.55525004617365
25062,52.018167187998344
82275,49.50525565722012
53824,46.49016718845726
828,54.64975956962352
63129,40.71583842587153
49881,51.326215122957855
16655,53.24584610767247
5029,61.408155180419584
47925,53.54418533476338
11176,62.36898388058822
61703,59.91607450493689
41903,56.5621532490514
13916,56.693635719153285
15086,47.45281938686841
72267,63.10317875334551
47175,55.89698327489693
92726,47.0607472606689
91880,52.19890625831671
83102,54.659952043564495
19164,58.90714887004176
56808,53.455419707928584
29799,56.75432296666047
1172,49.48464487936008
72939,44.67325288468882
85076,52.9957867755506
29177,55.281401822305675
55551,55.82095911049478
44534,46.9602782497959
57809,50.21809591230247
31870,60.14809392260047
7903,46.543247225314744
84558,56.554508008004944
82621,64.42743487562032
66689,44.331781554587636
89387,50.41598897402651
87836,44.428089370432026
58578,57.95624801917985
40820,49.88752514833808
44701,59.82403015875916
35500,47.55493536989529
86422,55.136395607566776
87386,55.81140603228758
176,58.150789945773155
50082,31.78682252207019
58522,63.371250986640696
50032,53.19620958902012
98100,42.47414094185981
28578,50.5871371414835
1570,44.99154633911786
94693,48.88989734305035
26800,53.93431771705962
88357,54.879789442885325
41692,65.22445531569112
101804,52.88358956318692
94779,57.24509586372379
37248,44.75649230325717
15251,58.4103360411311
14515,54.29856368155458
34171,43.439637273773315
47069,48.03029682662126
51236,53.031152390133755
64925,50.66013256371017
4418,56.62763041788676
57383,46.28586020373704
80867,37.46448139120722
64667,46.19406796868289
87573,51.57341765319524
1333,43.931723394857535
97208,28.78093321933276
100331,56.50938712835285
67589,56.78912487013777
98637,44.821127163002835
66774,62.317494076860264
80412,53.75163202116687
2716,51.78346604597822
864,55.56161694933517
5398,54.8412864305559
83187,59.960883532619455
45202,56.24482149944909
88848,59.024519103666925
7234,48.52307004148063
61031,63.338050303115104
46352,56.69996733777495
80285,51.82293639431381
19683,56.68982144734353
16062,56.63058088438129
14628,52.25818015059121
12900,49.527854862246514
81208,58.6971044901611
19253,61.23522740623645
13442,55.98202301677692
95393,55.358027990336105
79285,48.67663445100769
62173,55.4267644955918
58311,54.39066387154314
57829,41.414160367302
25257,33.72088330946795
43530,65.519606652177
62960,55.396696780696715
102008,51.1574610633229
64319,58.635067286096024
36898,58.41366949036384
73685,51.53998176827792
3794,45.06685215673062
27293,47.306974736471965
53590,56.095527370800795
12572,59.421554638200526
86426,51.974246064446604
61755,60.363669450268546
66362,60.065248452663695
45747,39.69929941135308
47893,41.912539975979016
5121,52.51325629182679
43953,47.29664132232948
96255,47.585866672976714
87491,48.502405969683146
10834,43.989840612037234
82258,45.94677676540629
27367,51.630512257626336
21296,61.82065212429404
82041,32.84875536158428
7620,56.48436981224852
100283,58.63898569949508
72755,55.007757526069945
2529,56.02760489061593
41832,56.73799971517025
97844,62.021504257877396
39942,54.04982895557388
26794,52.46584602080743
85304,55.613253201454384
20114,47.07902872282319
10586,57.67716629917381
69678,26.761724439250738
31272,46.27892314929937
52611,49.07224547082915
98679,52.62573971004514
44993,60.64530487548749
73945,35.028368734931604
35610,48.27847251257835
11778,56.23032550788863
92397,58.87978852282839
39873,58.59297445096708
72844,53.365072181413616
34057,46.14627212242031
60090,47.19314818597232
66419,52.30329932418984
34339,55.26300569782849
39525,43.11366768770436
501,47.60259684706145
75156,39.23081118992498
32467,55.56597581346402
39528,62.38222830203423
94213,51.62868646030234
36416,46.53383333746341
5727,53.063565871046364
38901,59.51022596292081
99344,54.5618057043185
64000,50.92970618785688
96240,57.08169047492795
74499,59.94245988943798
42101,58.4168942711021
84367,47.62380148827578
12327,63.83757986911618
23506,50.066712860748076
72084,59.88063231727787
45381,58.540202248035264
98930,50.08043757947517
99608,58.887692928281766
38236,62.96946532476953
69159,47.251770925386026
23538,47.94866112237015
11289,59.31640401117221
69605,37.50128848112527
22602,44.09155439258972
66910,42.9652007738726
95055,45.11282625041683
56269,49.54853108013013
22221,46.546807361646316
27770,55.21840681897193
75546,56.146617832563415
100782,36.08019233246512
17370,39.768686695978516
5112,47.78616058500324
60531,28.295237368269984
47771,51.71105819745087
25619,58.03665165123911
44371,54.16281090034113
34535,55.89529853533085
42103,61.80585663942532
79328,60.17150074334654
18530,54.15835479390091
56648,57.44074788750594
63757,58.75668004300397
13995,55.13626272320043
50258,58.994380528821736
48305,50.74537794369306
79333,56.5979297202481
87674,47.3706507356129
77302,51.672216668192085
54511,57.22851790145436
51402,60.51452375181791
18920,37.27563304788163
9961,59.03976148298749
69337,54.318601456564316
24957,53.68634813378331
8960,61.082031194147014
3658,51.40961480173878
35446,38.08782481110035
5420,51.469924825489656
44231,53.40811523217756
46228,50.2517033912855
54098,52.88004807212024
1498,28.195425074703326
79249,59.787204247157206
75055,52.71354475802212
5208,66.94674518819707
14604,59.63238228630658
50944,45.92612533759632
79287,55.36696472440666
98559,46.1041397986805
86579,53.29103605303626
85259,58.1561088635947
75520,44.58180280407266
43166,35.427043473382675
64130,46.54215009908123
55860,54.6014783924459
45909,51.14102109752127
71471,42.893039819173815
20400,56.70850932152717
14956,54.89296034341398
33682,55.042500904588294
67677,64.39815847223065
74103,59.16685933128277
98632,40.303835872374755
91091,53.045153069958864
48108,45.114831931658244
17120,49.20217613363137
14636,57.789511523619055
18291,52.850650114687085
96113,60.09276123933232
88701,52.03758945722821
90075,50.80056714263675
41752,59.42579052615452
47438,48.836846072146216
92763,57.11735625346183
50419,51.56235522195785
69022,37.761144635291814
87712,53.90776183634591
44482,52.60067692944316
31648,66.42681726381814
8067,63.301468483793016
96258,64.02902224382953
56841,58.27231617091596
87833,59.03112484116245
52833,63.42807381715093
63387,59.65984902663624
21785,50.80170096006367
45619,53.04305969406283
83922,60.328029083209245
82492,58.248669127047094
17215,56.002853929636515
21305,55.32343096527957
22471,57.42435003328455
91536,47.46763456857628
82148,59.14126437904601
65355,50.01907359968606
32313,60.714370461668345
7748,58.969327565489905
92605,58.40456160457063
43735,50.964405836628806
5992,52.52852700831641
43015,58.318939302391996
100118,44.46601420192955
39757,54.14643726733105
20587,40.91838178455565
32100,47.26410074148967
4846,53.57804920955995
16066,60.59417424906273
92360,58.13030154850134
3265,49.02412960980415
59043,61.98567503814535
52952,52.03014252877665
76994,45.43968339200693
23504,26.931718020882634
74309,59.88130053135459
52262,55.500220771702445
62936,50.05007727334189
93955,54.033526581445884
47054,46.9737645012616
1163,57.7213944726957
2815,40.43556464977853
65368,55.18643338358369
85048,51.77442438068845
61220,47.33896534451354
4723,47.092376626022975
66275,60.70974030800307
26620,57.29270365765583
83379,51.59013324283811
19677,52.69221318722773
57094,49.59726350016609
41974,53.859599253695265
81734,62.0951515108967
82066,51.92504077541304
71633,49.07632717098464
19923,61.34113295277167
93792,49.289498606194165
76053,59.246600149269966
50242,34.84341788638376
61649,51.09234470873645
74697,63.11650360179353
57628,50.916351362021686
45336,61.79986231685183
82893,61.35853792215697
9266,51.136227208244655
42391,58.16707134300578
101189,50.798462102029404
24370,59.86877462148669
1083,66.04549514254441
78373,46.39840483942077
61589,49.595417721885475
6050,41.43121814392026
33882,47.8256849521556
30058,58.9467510985326
82732,57.54510772654603
77596,54.12479065277668
82423,59.23287347096295
70674,60.61553037576008
5191,52.93155268761936
74561,51.26967336828454
84079,59.74128074685833
32922,49.090678862721845
33811,45.53490347738433
58838,48.044941652754794
28475,47.32317670905488
42281,38.83643859033669
45917,52.87575784407292
24242,57.14869160537241
92190,37.14617248195888
98420,49.39154857798854
28601,63.28728585243397
17811,57.58594107526093
43931,55.84287755608021
79685,51.310469092831276
82110,49.03911473250608
56151,51.872414003196
46181,47.90441236091846
17130,54.720145101932744
58196,58.66133064183286
33716,57.59924388402995
10122,60.64169459705572
94813,56.002502871844435
71988,59.74440466365756
61101,39.73620075841157
101161,59.12295000333343
72705,29.50407509279894
11021,57.65783470292531
29218,53.02415404198187
17885,53.44867930733113
88677,60.79540497721929
89408,55.54907610313403
50177,55.44198057053134
48587,55.51618629223948
20989,43.46577091478121
28745,57.488212201110066
33079,62.12074365673728
3214,57.993107391307504
44638,51.35970859304272
32846,60.594535873466754
54275,47.479087309636974
43865,50.579527577247745
56276,54.25219864327441
36746,49.977804905068126
7437,46.52165677496082
12007,54.2067976985724
61013,59.458793621434346
72446,55.019215700361194
9448,56.63117104241957
35360,55.13837782833081
54176,58.92785937117823
66232,49.69426394654331
96710,50.32279168969346
41749,42.62520940372435
78978,54.27091504547106
36062,50.92118473668409
18647,59.54618955567939
44526,57.87205449592771
59717,46.80184044780348
68034,46.145356432933575
82157,63.98848508618202
42067,52.19104899210423
78574,40.052625627292365
1019,57.4326672357106
92266,66.18537952627973
32365,42.81488007613954
77872,51.36739956775933
99029,56.6873942229926
57187,53.64731892599433
93214,49.98741180608452
18849,48.84141647168835
6593,57.03090502297354
8469,63.28379585516024
97745,41.796842125656056
67975,55.81831247110833
2121,52.6267405895246
95871,53.575581734623384
32621,53.32799055913114
23183,59.360185451395516
31859,50.032723782774966
13011,34.93284781342053
728,54.86806950947407
96743,62.63605857774967
16800,53.25697967578776
96837,36.98166955151537
74980,45.16058842551834
4889,53.09519163433564
79941,51.84398477269539
36670,51.64087252989647
44649,64.20148831719331
93660,42.154428223012204
39859,58.03310523746326
93236,61.07414262933743
38724,23.660129423129447
32409,47.69504360188563
45021,50.867916466423054
78817,55.936709984545345
76071,48.38309817174103
48607,62.356452424712536
50974,56.16420659500688
90894,60.85488115502329
97712,54.384988511014896
29466,51.2994039759069
21791,53.031035701278235
19510,52.92232789900305
24942,36.34059409397218
44102,54.8432431224094
30446,49.67241932347818
45029,54.20043116702153
1177,50.51938797764296
598,49.06002995433384
42226,59.443139833815586
56355,48.88016940235816
92717,63.15184228491389
86666,58.620562022450954
49291,57.23371299969556
99526,40.018608612753425
70904,54.1703024450597
28428,60.209257230286454
9973,54.38713713291652
92946,49.37925550676316
40514,66.21910770684134
72455,52.20332887051981
73114,36.4257983620922
36939,48.6728246180441
75904,60.51634090645205
10619,61.57551956480721
77465,59.30023603140409
95837,61.277138591219625
33740,58.41764540106783
24876,46.28873080733001
37928,36.05622547479965
4133,57.95548387849314
16847,55.56528196395514
11238,47.964682786984255
23405,51.405544620028884
79906,55.497566732129236
17531,45.44211312102045
84878,61.706186833280164
34100,55.74172951477147
90647,56.65831356960568
78673,54.735301703077376
45934,33.63927947667689
26146,42.40751460923482
67958,53.68225830528918
48168,62.27992109855194
4062,52.12349986519902
20684,56.14407063586758
80946,56.730079800401754
100572,58.67983911056689
95453,46.594700070731704
60647,55.054347301804626
7841,57.54443613651722
24024,54.68885876306848
100257,62.493688109958114
21960,49.4016227480263
101495,61.658182066685704
17038,61.26628929539646
102499,33.34775992461203
10284,49.9632844782996
22871,43.10593432380094
47443,46.1137192394378
29529,40.02596771116059
34137,56.99001972566849
67983,43.04510958867429
27023,59.76686529010508
5439,37.01886815818422
87782,44.312991672454544
43360,52.92108326489307
3338,59.359760893661665
40801,54.59511069194987
560,53.02205853193351
17978,54.389878510097766
32036,62.88434744229315
34511,48.07052673810484
93858,53.82418150226438
80921,59.72336833013568
15899,56.006123688848874
9996,62.95579452240537
1686,38.1430940220066
16296,57.91473780279183
79554,50.26179640808938
57215,52.35731725819592
51193,59.27740824019858
97115,62.77161585046082
51496,62.99759510524102
30757,51.2922420176141
89122,59.959389529045886
44582,58.87536210481823
85703,43.97058963820591
82738,48.71551049130937
6171,48.40474954493858
91785,46.83040724195265
101179,58.07262040568753
29997,46.3236280329999
40880,52.129328251223775
5320,60.902908232679096
51963,49.931552498714346
14280,60.69256628722371
57678,44.27935807983365
41505,53.92870421490018
25278,57.2580095132774
90665,56.19465130201074
58377,38.73711402989274
63306,60.702813625899175
36114,50.663150357711395
26958,59.612156030679515
29611,59.43596219557131
87216,39.59069688161177
65182,48.378440202550706
27297,55.03306519397492
49172,59.03126044917073
43630,57.79066965638143
3139,57.85894073724211
22565,56.146788170304255
35431,46.781744571825556
46150,61.55510760405025
12630,52.38139850684218
62504,55.51656594548929
45662,61.47067817651091
59600,55.26122680745634
14950,48.56780077772362
50488,56.596481031638014
92212,55.787340371750375
76240,53.12400860206722
4878,59.59869410986668
54872,56.84857029294829
55069,53.864449104589895
38988,36.72584839409426
32775,43.01452411806897
53694,58.962636151951564
81714,31.422519700351188
39101,46.92732586405294
24048,47.90942767206459
26651,58.86471025315951
98076,50.55840346178272
101803,55.77272784684691
5764,26.562564561090262
62277,37.05246905400704
86462,55.26548537162751
29508,61.3279969222573
3402,27.377179403258832
1463,58.38600113994029
14405,65.88206618982339
92003,56.35893661014096
42627,26.644618348310598
62643,51.52534817347192
67145,52.06523481646352
170,60.945172062356946
55767,56.77601696653946
20403,32.4096448776351
41420,44.89566880433426
94759,41.938242077346516
60762,61.1844818286308
23587,52.595745794898214
93228,50.691040665851745
66086,55.797647525748516
25166,61.741802042204355
68770,52.42783784816102
33568,42.9559003219576
64072,55.87346382343098
17082,60.32988561290895
63040,60.69243801349045
22107,60.10427330247598
84556,60.62161090555625
12447,48.57859666058834
77243,64.30235500494457
40805,53.79431800614291
95868,59.83835031555383
10256,57.71467728576905
3492,54.34344219959513
60548,46.66546506518671
97969,43.361106543213765
6102,55.08609690941153
29573,55.10930187884887
22238,47.009915003328544
2332,63.862919561810074
17767,54.38692171786167
12808,48.814977284389705
66739,53.13954130334919
73348,60.84880680494976
50844,55.60995260514663
28238,47.580093900290485
74582,49.400315436463984
102057,49.226518754995936
70308,56.012439932066556
68239,43.16105505930257
72100,71.43947854985774
69701,60.55009222538869
28911,57.076503017438185
60920,40.48113948980704
42003,63.40389856950766
16229,49.86336071291016
39204,59.51490306691085
43617,68.36942541222166
53126,45.24960686235499
88600,60.30797982038447
57539,51.2417094815462
16751,52.999697937151296
13156,58.21335848525314
82552,60.99822426096271
78747,59.19724077886435
27664,86.2983108979559
59216,60.83076646638455
24840,47.554565157375755
32460,55.7137943720408
53004,58.4571504877184
41563,41.96597022742177
91518,61.66605609566739
3878,55.99331686399638
92582,55.13987074833386
26031,54.389027033981904
102162,60.000538087279644
54618,55.22743490009912
82077,46.43375957694132
76625,58.94070988953877
100327,53.09112317736398
32198,49.62507890481878
93247,40.04585743383521
50044,47.76290778352751
100337,28.793975288108847
81307,51.914733707785054
54630,45.3579537876626
90671,58.10254963832837
100120,58.014584686523605
16901,43.93475786730673
61095,33.9418565850431
69654,46.05975221414175
18162,61.69251202949366
94546,58.21880353661496
94689,72.19104825083068
4452,50.23694303799808
74860,60.62593127083593
93309,51.081347998832754
15085,62.70636940631961
25446,52.38089632600108
53148,63.497782773689806
89762,63.88717642382911
33202,49.168668195880464
101695,45.25844370455677
86407,54.29099931813328
53293,61.65376408177356
22911,53.61701176466788
90261,54.99102900853137
75270,34.561942393366465
94204,54.89114889491108
8638,51.240245737168436
41384,48.95851487916068
16500,50.58302241852686
24543,52.358769367758036
81602,53.57684598910327
91,48.56628297034029
90327,45.70566174522609
62814,42.963089036625306
48398,59.908549488669564
32332,42.00893557642834
25873,53.75205939620926
99469,52.852642332980174
86733,58.89291088086648
95988,39.397789413352086
63363,39.9132320024486
55339,55.479765286811826
83554,53.248071880998225
6744,44.453602566923465
97217,56.759580060307684
12509,42.1558011479089
40670,31.309172333749952
65317,58.353948016633026
45280,54.171781131029945
29089,54.700131872582276
3400,52.819623600859515
68545,37.00818291638542
99062,49.59906653558353
31573,58.61583211188198
22016,46.16273052186816
42743,54.13814544021942
62520,54.71750491682978
96966,54.46001620579406
26180,53.90063476562825
93763,55.99625357753056
86899,50.53032368069456
66958,28.217647627885643
24609,53.73300124931626
55035,51.00658676508706
100471,49.536817276736365
10071,51.66595447670468
80117,56.046786030063785
89197,35.93861453591782
88,51.08912370429375
50637,33.18770357419188
49102,48.24231288727225
51146,49.226612692492964
13713,62.36160873283447
97463,51.88944004196384
21144,40.277131639110216
1713,57.60697811763079
19766,46.55173378580036
40369,50.87050959184768
42578,50.90328812706923
8700,54.381512480146036
45054,47.14416002349477
45299,56.20676839992685
101513,54.80794819483562
73979,56.29715549646434
63506,60.24397622473205
90642,52.46609072090285
1126,46.04495756164599
9556,37.126783378523044
28692,57.98166724592736
77639,56.927545550482826
11937,51.21178027832952
3456,58.927086824286576
97759,47.34138397591805
38686,40.33866951216189
83149,58.063043672954066
24023,59.51555400239963
67859,50.45569459726525
63741,49.95299648763101
23127,51.203336749719014
36805,56.69246138698854
73694,50.51360008769683
93906,52.484617691092424
82400,62.77244050706252
95211,44.993069872588684
55275,57.11446791463551
33422,61.361406809353
33649,53.80478995559106
102209,57.79783523910998
57342,57.2032064034256
22545,51.7027352685981
32279,60.3780506458983
4094,60.864166096506395
84544,51.03952702405452
40841,47.74147024709307
28201,69.44923379367933
91435,59.718680930653726
33143,39.91813530542288
80631,52.034064147578654
18405,56.48894441113878
41118,52.910883220480194
96244,52.968130619548866
49391,62.052210163020085
47153,50.909204863558365
39971,36.937503512811915
27966,23.900282426531277
4397,59.87031008720233
17449,61.34271953053181
2252,53.51933023541462
59148,63.570341101307875
99038,48.955213019928266
12767,54.78792397508199
87955,45.536784787525114
2735,51.988868904535444
54718,54.53073907581109
41961,45.33219898007916
11403,57.26873593855924
95615,57.91639997393598
92255,60.630525791316714
99161,51.491920201313135
65682,44.65531586265053
50532,55.41353932368528
73210,58.76016139900197
82873,40.76659078581765
9167,52.62133611155498
97693,49.348956987017985
68772,61.71375483471939
81594,43.4628894814436
74215,44.658930586359816
33964,58.66026798922505
7027,35.70898523003778
21995,54.36320040900652
55803,42.55786405266298
96938,49.325296784567634
22824,43.24004097843293
92197,58.89207480428548
18808,36.842792743441805
102159,55.920198527534886
15411,47.78724181216981
46031,61.76815199499522
31965,36.02091589060158
80685,58.107095027342694
78796,59.707682268384104
70262,53.842410779896035
76832,57.31927414001877
4849,56.88286911954452
90831,61.54105161290222
19576,53.85132483307603
6073,54.45010642628771
28086,53.89605848621875
89495,47.44409966159658
31040,51.89932986718283
95064,59.46675656784723
85704,37.64496040213491
67079,31.273038971040496
47888,50.65009226573679
90382,56.740518352490724
46711,70.48089384886468
9113,57.118533683099315
22874,36.6623694841306
32434,51.004568236011394
92927,48.420448729209404
66361,51.92872082869589
71998,55.14222801411796
50066,53.82660185962126
34691,57.0517413922164
21596,63.08294082528935
86294,48.82572528260963
16880,48.6724710401365
27021,54.592933549979236
67486,53.55973551829677
70853,58.70191293585178
78579,52.10275537259001
35769,54.91928351093379
41730,54.33620537580359
39362,54.6991557851513
48450,49.776059551953644
59931,33.29377938607521
58516,46.03739615768113
81820,59.47020161903014
61088,46.59631577293141
99918,57.032926681358404
39767,62.28906093901383
79611,51.38565486099404
23980,51.9727952266742
70551,32.67479119244574
72083,40.90077300604196
50977,56.40843398069127
52535,49.590861788230654
39092,45.30222958551935
72465,61.30021373811968
40826,44.07793711147748
30736,47.01180839744757
44433,70.58280586607144
71872,58.815939086568086
80039,51.67485563251363
59765,62.282095069654545
76804,40.73827247699597
46459,49.99624344590765
49121,50.856912103869846
66917,64.17084088666029
22646,45.81954201081393
64170,50.05166901982154
59078,30.939744687723717
44029,65.47400585125217
34366,55.483044227074366
5954,50.93677365012827
44812,47.35728368658316
66646,61.57095090468151
44523,56.63139537787797
2650,50.568139442350265
77060,59.30585104114567
31151,58.71362051008474
40797,40.723769380637364
61122,46.54625927279518
80533,58.94962381626679
10738,61.93099934924976
31208,54.187494338861605
90245,61.31946753376746
78197,54.9133166447451
78602,39.79717510450712
22566,42.50927149516255
63531,31.389216344493
87493,30.139772215144315
70206,39.915855950221115
85361,58.85307245843645
1506,60.14004681730879
70475,58.46569914907488
49877,55.46225802290087
99180,53.48355028228733
26963,44.340035993917155
99889,61.114315642914455
102293,53.87672406610107
22642,38.470528876357236
25352,45.58817514999068
35037,57.747547268916094
59660,46.32831518431069
56248,57.809373612274065
20008,58.5836531757634
92303,50.66209734292215
5739,48.44481626211453
93884,40.63081285380587
5187,53.226101257266635
89517,29.24491593109579
79586,56.571078227108366
12121,51.96998200575709
60140,58.38466534778968
40200,37.37978921986095
89549,57.15855315847438
48906,55.88653853918953
16779,57.35646753448004
86111,52.61762525882571
47078,39.20362231075422
40111,52.66864305093976
77801,33.77341022779689
47408,44.86748361967504
17957,57.528312787172744
55870,57.342908104566035
28396,45.643550984172755
31397,54.93738315965441
57337,50.90019722787857
83464,58.73020848501899
72726,48.77595569983467
96657,58.127987831241306
76008,38.64624088955638
30140,33.64793883432172
33092,48.428806294706135
37843,60.56601807778004
66605,52.14982813357342
94895,47.761098816349865
25460,65.35143810162816
16059,49.55988100397026
6545,60.30119764836499
19114,57.398554846425206
67831,54.38788085442868
7116,31.890827746253315
32719,49.663978498719345
54314,45.16123397148776
14959,46.00813288420725
100582,54.62934751551613
66129,49.153291514892736
49736,52.190337717567246
2971,66.6804197916199
47249,51.08922968363765
99617,50.67645189695593
101060,56.492561058813465
24995,60.08714298990603
47833,37.14203901114948
37647,62.291190215709
52980,23.578107782423757
94457,49.5847856863765
26726,53.37744210268656
52169,59.10984361097418
24178,50.80276893458991
33601,57.93227860112965
5278,32.675207398698525
10713,51.11190696536317
8211,49.45086532663749
19254,41.718970342828214
93656,61.92500636232649
1354,55.91102704493476
79963,49.24094914057116
95592,51.124347110830925
34308,58.96696904926556
16913,60.617096941119996
13342,31.662795888208624
66747,55.58385198011218
87738,51.29486412589809
75749,54.49277862637346
102036,56.39553554007993
49827,63.80753327301899
12564,59.85755652543578
26348,49.39057404403833
86302,43.13944638801615
97856,48.378995582351706
72728,49.96383792687243
3087,60.57081851870406
42873,59.81332123753115
24776,39.75679723140764
75571,51.76005069573654
41286,48.96724768853427
37369,43.26091046324468
22868,50.47872821668016
89697,62.88822386226504
34924,47.43500917100762
13984,53.75696810889446
69680,58.62997075092144
42071,60.65115958906907
5177,53.492602402042834
50669,34.053741765372756
58945,50.724562366587094
50557,51.230317232908035
68007,52.25211045368314
13258,53.80853717185388
75384,53.785079406165224
83051,51.45066488745608
62572,62.51412891517863
76335,64.16868971240672
16911,56.36908760805873
33821,57.36495662816114
50767,49.68298006613223
11963,62.679149392804746
37266,56.96584915409822
4451,44.39456101493224
47629,58.97136546031645
29538,52.32875178119022
5762,54.7317793510442
52795,57.94604712392325
39006,50.16855247646495
53432,59.68236214916879
37573,50.40568144798875
12868,58.10874897010942
31228,56.38476182455306
30039,40.9155859146038
30447,48.913559122896736
50440,42.16937844892949
54249,50.52887599978163
33190,43.635110822472264
12097,65.34668357039732
47863,51.95199505080062
6749,49.014268551007966
9852,34.183086014708444
17992,52.62842252695986
84335,58.48470763793195
64503,33.97717196499221
75790,48.87465170260076
295,48.08698306722493
8320,50.422131124051546
89605,69.30831786354764
100116,62.659872560351474
66119,57.959124452727224
33185,48.858722376402575
55946,47.88287606043487
5300,50.19509308825157
21421,44.70273457939004
7205,33.080594705766984
99309,56.11355992719477
79046,38.828901885867936
54518,54.58965648746219
12614,59.79071694197752
60122,59.94818580940067
54967,62.94299053638249
96560,56.595129683001446
49251,61.09821168538525
76923,59.138099531363245
102353,59.18530505230061
27056,41.11951163825525
8794,40.91003215604437
70985,36.678491584727254
13215,62.82125738457236
88958,40.1263292735222
61469,53.290309281297354
25341,56.259931571510776
21091,67.96642871376939
83573,61.664571028851974
58168,57.506580952383715
55865,46.691319198834826
95498,55.57680059374237
93255,53.88883745189518
45998,55.55121441688787
79031,61.11955621775326
32544,51.094202868887095
57976,50.802143510966644
40781,63.4486566604814
1202,62.38247661394277
98154,60.846816673302094
9918,41.98713193686226
45211,62.486624888797905
62287,46.732487923538635
58445,62.39689698019252
49992,60.46592224133369
25947,51.4008711458106
79787,49.96503410800611
28542,49.595417721885475
102497,39.50223376303615
6830,51.17172693906391
65807,53.19267191201266
27765,58.076509107338076
59448,53.22533718257382
8236,56.52224764707868
20649,62.5788795132226
44229,52.45485350524457
71198,34.48978419943672
13268,56.797264222683
58178,50.85735294171967
16376,62.331238725578885
79579,51.36394513416555
82906,51.28107591760205
9833,56.351405449691654
74772,56.78745453954846
46112,57.420280716381335
21817,64.43981435979784
51762,67.00024178391257
6564,59.00981378105911
23190,48.57926833601032
32330,62.08840915597756
10660,52.15236050600192
27929,47.49365618950439
53950,51.729529642897695
53983,59.046080877015406
72353,56.882245897903054
12598,57.07056085117788
59875,53.79886506031738
25971,40.593266751661965
82195,31.65212179228046
87264,48.4956028507026
1473,50.63542042629818
24837,59.66400701538243
59842,58.9557447525062
61432,57.161182344225104
34665,60.4386042023347
50642,68.90014907533103
53279,49.9475062304804
59662,51.07217321963408
63438,61.87681062384266
97579,52.20355468480993
20664,32.08332640606759
45598,52.83049223172789
81529,58.79686224139603
23873,52.18976000697161
28721,48.88488617933479
41465,36.60566609627164
16295,56.51513735684462
38314,52.38661353841377
38612,48.716341793844926
66928,51.708685589009065
86190,56.10133940639096
78917,58.88278884915706
10670,36.08834445833546
70532,47.58464332748557
18532,51.03725826610868
82795,56.944313807452346
97082,44.94515094539831
102677,53.7022957662123
60694,51.58194953706186
60961,59.01974704790089
33515,57.23412401630081
87823,62.006518859755786
56561,61.099464396019
89173,54.04398741266118
96359,50.18157563499296
8006,53.94573472849496
56041,47.36613278804364
65379,58.715881110096795
24574,47.23547587641305
2068,57.53497032348008
65514,61.787803577924535
53434,63.30978886002789
8849,57.41959563061971
5144,52.75195429262837
39531,44.4727008289118
27067,47.80079016948818
101325,55.62442789554728
23817,32.8646374139352
74924,41.12233668616434
15003,53.34351855861159
60181,58.1556263874394
21240,42.94168496522546
86846,31.10482075192497
34430,50.26592133258902
94627,30.492541094325297
63204,61.265013757939236
43725,53.19098636149691
63461,62.22350719313645
31117,55.84613994264653
30617,59.933886040504746
60423,53.847418507262915
35877,50.6669086123499
93350,48.119917590691074
83322,59.161053452249845
38322,50.61242868048152
32645,61.26767910660855
27175,59.20270730668952
73134,49.33879195771996
91429,63.40869464312823
4125,56.68208603203564
100716,52.24678611614811
97120,58.00860467705493
53514,46.47706888349961
20047,54.811528194115596
78874,53.88591557856911
46318,60.73136815088827
51219,51.562477794874596
61236,60.41927072302064
30232,52.87001140143384
29490,48.11853372779926
34453,55.16318623734681
29504,45.47911780823294
15990,39.84344951754003
42795,55.219423364910185
62343,57.41667188173885
39547,31.44280482545273
77097,62.75724348272355
15740,50.29581405767584
30215,63.4556254940407
42294,56.69535690989134
77013,52.963082469464275
5659,42.2918728769771
84456,60.29955235513954
35366,55.0862990280827
474,56.705345096813716
777,51.104133352343304
21389,37.70928237701246
33994,57.026467557706226
43694,53.8240499232949
14044,61.316891062164046
25512,49.278360748832455
31118,62.096999177914704
25159,62.081437000390274
58692,46.319950569812804
97696,49.51905744848291
83989,56.14786181145199
34731,58.81135825902665
42066,56.366392179381975
42338,55.40529267611475
11424,53.518849356817626
91783,47.13869563168759
34190,46.699671731225905
88631,59.675640399341354
65779,59.88455174368718
48252,46.496955249359075
64971,35.75852110160025
92313,52.99409151507993
98687,55.71687333824611
78728,60.287738220995706
33014,53.06543033747197
7362,56.38920776239877
54,53.08856271757728
8324,51.03385626052459
26196,53.445596430485296
4690,56.18598953984198
47076,60.32685878743729
34263,48.8114994235837
10812,58.97487875812661
8618,57.070105508361905
28292,62.790838424699444
49895,54.58380850694945
29598,57.59453376405675
19383,50.750397958719475
101697,45.771721068144466
55311,62.53832180257242
95829,55.540775059057395
71890,63.491597899345884
30196,49.67114955817617
47339,48.28082130810421
102059,65.32067358899718
6497,65.62204708207236
44734,48.70946776796663
24746,52.491487662792004
45328,33.26541443049142
66215,59.24285306353358
92679,52.28048326147206
21764,63.119859185329155
45355,56.97051670907365
54340,57.52663130136424
40416,60.58236376096286
4132,55.38744765512695
27818,57.87602392813096
71643,55.752516165218594
45760,50.1063314750442
22644,40.84459294575542
51914,55.451502993624075
79045,51.88454418991762
77121,44.1755120083339
85374,59.35846672111481
67236,48.77472102348307
67870,49.25100536447198
47219,55.993030133656305
32898,60.313590965628116
33546,62.84431986959834
71986,33.232722942197356
101200,47.09685357672878
29793,50.591609415217164
80881,55.26583673893581
62648,48.28033869916502
75839,53.05934071929092
77967,50.890618619077
51765,58.98340412577515
28918,51.80142271113255
56281,62.11264792452896
82736,59.39888779274193
54344,47.263614844102214
58338,49.381467723428926
8237,51.19640695332261
80540,61.57298079086543
93283,50.67407478698943
61591,53.05822763459295
78225,58.92327956682549
30725,42.72003989376126
64081,57.3269422116681
83225,61.18850413597569
30553,63.14901050770616
69555,57.73464125512163
73468,50.16980393792073
43498,57.53078001859093
40327,56.33052088216634
18643,50.05437543185281
5440,68.62329436179083
14547,60.70388390360587
8605,60.10522240021293
51310,61.6892711542844
59307,44.026776886132694
97299,60.818978982147236
93265,69.64482971994303
11844,52.641672886432254
41473,35.306340965136485
56116,46.72932794057342
467,56.42876987177196
58648,51.501871618604625
2609,45.695876941857335
68356,55.216642429806
22315,60.932165114772545
31125,65.23610237536776
91410,58.934255223620895
57017,46.86320841264021
53511,62.431770699311244
49496,63.74300577514941
62601,53.803770796244905
56465,23.86763014421068
26295,61.83014349853596
98829,60.12109077644719
23064,45.562384272282806
1594,39.182100324247344
25306,43.43169850520332
35936,50.721052078301824
19917,58.20420122698056
54891,49.06417376233403
89602,42.214498323901324
92912,33.039758760904476
70850,61.09246575555252
64187,58.70243869931936
8808,54.1492080726838
64865,55.842900921986
80085,53.416583416650674
58837,52.28618513030029
71026,42.99244412745462
12558,47.49567551353021
7637,43.99951138257905
9623,53.44489633429836
102430,60.963786134248835
93517,58.11530238578356
38646,54.081999372336426
64311,49.92053961472848
43767,50.448896232748346
6061,51.9794909193651
71178,49.91407481245764
22311,58.83194058019958
40428,51.88570146417746
84337,57.785335158196276
92394,50.94234798713872
92421,44.154301731160224
6142,57.734109124967745
16567,59.429083974516296
77606,56.801162787468655
74170,45.86184196710226
12165,60.78797038619565
46705,45.23767212303201
53108,45.546267266919195
102455,66.05064236622802
22401,30.618501181359033
25345,49.1187175267929
18608,55.681675209200236
25441,43.588516103172644
22000,59.45344873860225
6647,56.24382847047347
9460,51.285151508456444
29947,59.5760414246031
27982,61.98620387301474
4478,36.18550658596338
40785,56.81945450419589
24267,41.17194612342057
81934,55.52206701766354
11396,56.10362942080706
5855,63.81509872481868
33214,56.223718695628406
18093,57.359105895906566
51984,45.09082072337769
51124,47.71716834076826
38355,55.652016220139274
50480,48.643862172852835
95627,41.68579896509478
3311,54.45798646696025
48586,60.05055900141153
74079,61.02719505778998
50855,43.63416979242061
93101,44.42889456382019
12560,57.37367585833884
78301,39.68815998527112
29050,51.71796300896665
51202,46.65269520174929
49865,68.67073473225813
57295,48.7729495199221
71775,37.900034017181625
65419,62.85008474134503
7985,40.59207028699559
59395,51.89733728714688
1043,38.200262020854126
100411,53.86921978055253
80231,54.31659927131781
4821,58.82088812321007
68988,50.391916156263896
20164,52.18272524772473
93393,40.817019862996915
69889,57.89681551614236
10941,22.689344748393793
44343,59.44354697487098
61857,57.68082334320479
48079,55.102027928574195
72797,33.57998896496876
83113,58.73157086263949
23903,55.78037986143633
89816,50.690552540181784
14059,56.48881855870157
27151,57.12272701229275
74758,59.25352074578751
69411,42.36130907223105
35316,45.94956404185901
37208,47.10048636014619
68039,53.27306593566845
60832,54.63826487152941
20210,61.22845444158756
77568,53.17993051812884
96823,49.85803666311252
89061,60.58987621882198
49909,52.324646383547375
17184,63.10825035156891
28023,60.26883363171769
45426,46.77530882296437
34490,59.990539624932666
21516,52.18098773294169
77512,58.33575728264753
32428,49.307713600524956
21043,60.01170617547619
34634,57.490179649367924
41876,56.589036545546136
49929,52.75241033314918
28802,59.58247715841378
29990,56.46302529015054
19885,49.55898051663817
97221,50.485464206280724
92903,55.01734760016594
31091,35.16853351535106
49032,50.33177506751768
41745,33.980535293635896
98549,63.96621362742803
13532,59.38025552439184
60982,58.957466048963596
82424,43.05522003216934
28922,47.99014226792624
20431,63.2553896368623
89787,41.61095947540789
102503,61.33010401155831
96002,59.71522398062202
88460,44.554713980704335
11217,53.50333667066403
2824,50.65400082099018
18552,59.1755693332871
96303,42.244492368738676
76203,60.566605052250196
4572,60.957859188169756
94247,39.30904970601691
61903,51.829747003166304
76328,47.54628059349152
17669,50.74834059985824
38784,56.06241862810738
99087,50.68993082578845
86973,54.910987833091845
94141,52.318807560245155
82005,51.619423027745434
79513,59.98443961280174
50154,56.111804649500925
82367,60.54899890061957
50234,56.065974197753626
75451,54.95771388387257
39228,48.29292311941547
48459,43.95589412464741
10642,46.735191799998226
85883,54.16084942282217
78096,59.92512896462823
89438,52.09004962799453
60471,36.07290888601396
51150,48.935628452999055
88563,57.52681820541387
15396,50.01659656682451
26676,57.482165278473495
85601,57.701314983864535
89704,65.47043342171114
31270,56.00772101179625
22618,45.14895452659297
96200,50.79017906224093
91456,60.3624370975143
102539,31.58504834026298
38274,44.11058849114977
58469,58.01004618034924
87543,42.78138132132153
56487,72.43122843846935
80392,55.28190017614976
54492,35.964500755349945
41764,46.811869798879805
93904,59.00395180466071
31145,62.48640546886935
81919,58.60628420485065
52775,62.97957938473935
14588,57.2291970890671
77360,44.01737997511435
36076,50.393769957974925
40296,57.49888095916306
67735,53.0147612994259
51794,39.09958392577997
2855,55.847220658722385
76898,48.133459344538394
99815,60.7216321492075
26479,58.27121731896273
59,50.44945445668198
29045,61.795247244797096
64267,58.07479162898446
1699,85.23168046146435
10264,59.77567450797112
39856,56.47744879946085
99069,52.647273454978915
52284,37.59943855396682
97804,50.99973383693203
21725,30.479618692839995
93649,31.90768850641133
26552,56.382428037035474
28723,60.765711289977794
97571,40.554410819360186
80873,58.811073710553515
94624,41.36712342919416
17547,58.87423885825743
90684,35.86358260253254
56683,38.014989419614956
60600,51.695471440338515
34494,63.29628637077971
31181,51.21594446703781
17382,38.72389454097635
52080,53.98264215583223
57154,50.698427854333445
76135,59.912248639577854
65230,53.53731683637492
14201,42.652013160057585
82047,56.81888503182323
62043,59.35433316560871
7073,39.319851142631386
21086,58.4336620054075
95289,59.003110401735015
31774,48.60758848238435
44309,53.70983967854359
48743,62.63585642762422
47463,55.541262379529975
98303,52.33012354850423
8345,45.692511736090005
33886,41.459849049452615
63130,62.43974649836108
102592,33.609946336867566
72093,50.43621162274088
73562,37.510403203834585
9602,53.15647922470926
28788,36.219111875331436
93932,60.990751770038166
98482,64.03022432138445
97114,51.387271935349546
91660,53.79434375120705
86449,59.02058395830666
54361,56.70132816938465
44673,57.3720295182561
18296,58.3109311070334
56987,50.00624474475677
84669,42.82892878104116
71040,46.80316323975524
87381,60.656331982850006
85808,40.16967714258476
6269,48.29809160446676
58671,41.43327010032033
37436,40.49712250084746
13046,57.914827679492085
7583,59.13152001284328
49186,44.102070811328986
85010,64.6402468974961
98783,55.79350094022356
92748,58.17234649863211
6768,49.91763561918079
56146,51.56856158413083
98034,51.40577303959481
47700,56.18109864392532
10432,37.743614602562126
28047,57.73215064717102
96563,60.313400082171135
101402,54.657918464576014
55315,48.63071329444104
26249,39.48927615497523
17851,34.283749820624315
80907,48.148098085091064
41507,49.999429977656895
101960,53.04627256897211
11882,46.211911743012095
87013,38.346126939158594
23460,49.307713600524956
31071,31.849079981013965
96847,39.21788443216958
54790,53.58485182180136
73759,51.662818338446215
1589,57.414951107098275
22888,63.443401141726056
12225,45.18607106408682
78381,47.885465295006355
85788,62.227829117673274
74274,48.44839437525044
12392,50.75436237820396
39728,62.440562987689916
59090,32.219633805089664
88089,44.286408846626344
8899,58.82090233732452
25725,54.03580622288557
29216,43.730319539592266
5638,48.92822553790942
34476,51.88783592263454
87937,62.23091683051812
11450,50.7155630076558
16718,53.04369781393058
77158,54.19358937526739
49923,50.143479567579824
89299,55.28662928827273
63327,58.43690037923997
46555,52.49986598625493
24253,42.550287247745544
14032,48.83594091438841
84455,51.29070155675778
16961,57.38299398502795
37363,39.42870081622059
10224,46.21721267399687
8994,20.47527163557258
75871,35.53103615713834
1486,27.596645777235334
34986,46.212233192756536
96253,52.09476940670941
23832,56.02850467041964
70611,60.118879990266784
87292,66.70575552125746
13093,52.354677659936414
61068,45.64956266714965
83873,56.93425926516277
3762,49.72656518288591
41807,49.785615020624526
51632,59.87497310800332
61944,61.405371234155716
9257,59.28960984441638
85717,46.42247611092577
87019,52.69916392587273
85880,63.60009738674316
93415,52.25892293288071
20238,46.860525272808275
75782,60.49339142684337
5231,43.565530292063336
29108,53.86342555007238
85438,50.997261620084075
36027,59.79796538938632
44096,52.11886289835316
74183,54.82308465726163
36722,52.29913533314687
599,59.93422911811941
35538,51.43669470272882
82679,52.09857635731069
25863,50.02539610677556
38377,54.87275060782994
73699,46.39140009206803
20994,57.581052025870704
6823,58.38616910928267
9862,63.04738434924945
42099,58.68304283708434
77768,54.14307687561697
57467,48.08434214910801
21377,49.36368889399528
82706,51.02638552776828
8867,55.83714659900838
88708,57.38342946344133
3994,42.81553841927449
58880,56.3248977762127
40812,50.55312381951246
42817,53.891472910570634
87345,55.106669081264755
51587,58.41793026043483
10966,42.60243239030886
73867,55.871725142908524
46581,50.378910182519455
61246,50.76842872426217
19999,57.05823590659536
26048,43.83051155563965
70726,48.67727851444614
36973,66.35564146625032
1672,57.38686363320183
83994,47.294964901031676
62174,31.812799704144407
24154,62.40516696125076
99876,31.30398624773815
92510,57.17710695910854
77261,53.33513973023235
98590,53.37739854836654
76185,56.70506018416228
90326,52.46160731071225
43255,57.04665152834094
39347,58.35240983610278
68178,47.46061665623702
91484,67.26514632299526
9018,59.58189737635911
59314,55.260813891048635
68202,57.16419413004221
70163,51.306056793433044
12631,60.306918152043735
17800,38.72867833698734
97569,48.84727081203375
2102,54.6420313784353
77818,40.54186524894824
99129,59.47848240305785
22550,60.16331386005396
97162,61.3512269253221
20609,59.768278960120625
98525,27.968203946302538
99594,61.247364658149564
53691,39.420075316812174
14556,54.64791623193786
82665,57.87351328936385
51029,59.06895233698461
22299,53.552182154944816
41751,50.492350526716834
14542,36.02958266830937
69446,50.22585054169029
4585,59.57316445731479
57665,51.10887363933729
67189,60.851721233475
10627,56.68882686746093
11233,57.52616485495087
79650,55.38858403047122
91770,68.46544261392674
65030,51.86602981602294
83343,62.69795430456625
57560,46.9984947600297
51082,61.581805935025486
32084,49.23478531134025
78449,41.402984973603786
37554,41.17131578369524
87753,45.30742681176859
96288,61.215456953666944
10730,59.787202834795764
101240,60.07163125603607
25814,62.2197732624976
29830,47.91373098198615
60264,58.94562345896935
66003,51.709908624959226
978,61.79472736337157
23126,56.88451781637679
51028,58.64753660873389
41209,52.74931816782079
29349,53.943660920067956
2058,44.855197777397045
34266,59.33292965752558
74557,52.497382813761064
75528,60.410681917533566
48763,56.32970899525049
2050,62.61065705670634
90537,59.052957523439645
52859,61.520267339117915
75983,65.17578471056842
75390,61.85654185054922
86125,34.29935175816216
9742,60.658798177770024
67528,50.330724236133236
37955,60.63245568923389
22587,35.64169842573417
43884,61.97795456842938
19940,48.657465495923816
91407,42.77850237579326
84478,37.15777137994835
45473,54.180972764243194
62903,43.432947338058916
59989,65.4662895997032
7135,54.73931007117903
55886,44.36901445549758
2222,58.14366925655266
3330,59.654981711969214
10898,60.58519488692062
22577,45.27223030650644
18365,63.30318303755193
75971,48.53205236733647
8879,48.47702964893184
93612,51.04863948491233
69423,55.528678310912525
42655,63.233532450764635
44333,63.06997858411487
99852,54.49550261662758
89843,57.01032848230587
28705,57.67425034709778
84184,59.94701070092619
8129,57.93806948135329
74379,57.24453108708488
62569,47.10012210613874
37193,27.89231216300857
73220,52.06100732283387
68491,57.92268384652391
42638,32.1940960395309
99795,53.60875373966063
85607,44.47549711944653
63856,54.338077694530135
16732,38.72308190378806
14324,59.7178300880773
74030,45.85487382158777
72194,43.862845984929436
69194,55.43701987416785
68573,39.679793709602905
90302,43.52101008797514
32221,60.01399892572244
12297,51.23638325262279
35720,30.77358856688525
61999,56.25969277807859
750,48.744199632934894
45978,49.37189932632054
77397,54.9737099615451
28471,48.44571579263733
64542,57.638398060765795
62487,57.44380923304784
48276,54.298175872671756
14306,31.960372697179558
76457,47.27550593677891
50997,47.77714814043454
90844,57.04124258243026
2316,51.032251825376264
3563,49.21263283765419
90877,66.06791505992541
97538,61.08650279671753
45361,57.969232392870936
15753,36.346515134469286
44331,55.42816092414029
97528,47.48218081860558
50934,58.6827575426529
78716,63.51412402916537
7677,52.435364263411714
31988,63.33603573285457
24785,56.49031880424096
63539,43.429426252173684
75089,46.07294512635861
34201,54.397001051429086
12671,57.10803380535002
20997,55.149496331995564
31787,51.08471803830243
79681,57.65530200485684
34547,58.34024751872539
70818,56.08544286499939
31571,62.823484589560046
8355,56.90745504745029
34015,58.11537787963349
16009,29.000229269675213
74779,44.28895414923898
328,44.89717072085685
62797,51.199988871699084
41838,35.220036835805395
12903,62.43192464522728
78487,56.71964885762063
25942,59.54903159063654
83168,58.9143628772258
61273,46.24882168121468
61922,56.723955790461055
29148,52.840833066251264
25732,50.69005679841813
4131,48.58515855372192
63803,60.14432105483777
39065,30.45455619767179
19724,33.35567546803091
82103,48.247561852907644
93891,66.10835514993539
97277,53.61460688592682
6536,59.06407785127398
67042,49.490160625701
24967,35.20034924380645
50986,63.969356016167126
22616,57.14457331455325
61000,49.044768542350205
85006,57.59528032981447
34525,36.236574743593145
22340,49.911631366287395
90243,49.28999821097198
91067,60.53881117345101
15998,50.636170270573025
99216,49.72075488181535
81212,47.62002006344742
40053,56.493596886896015
10722,52.81679906085663
37745,49.784410804917684
80692,49.06187282745497
95319,57.95114692397355
29779,51.397399858890296
76108,61.296863035206485
29906,50.76620423030585
71673,66.02392411027948
56586,58.08489723239322
39802,56.67754996272878
99607,55.102195506730745
61179,37.26678610601273
90760,56.317024674460974
87208,31.873903087695716
6380,60.57130584113238
17466,55.16676773624586
86588,63.22902507071069
59408,63.54591951933082
6272,52.45402175222118
61925,50.20588590840644
73027,45.08551788028612
6427,44.33646995011081
56783,59.51910357819591
64716,43.97869752531334
63111,56.0645222393139
68074,51.86578838718526
93092,29.386752776604467
102267,51.038693574806075
14057,40.30476702132811
46795,55.81312344561653
82305,57.12114059223681
87531,38.926693745839124
58721,49.144043439844786
88262,57.537456843112025
100233,60.945773581478235
41609,60.03617583866915
44348,56.67700035493066
63838,45.27011997603214
62423,62.50345043549457
89172,50.16669453022244
41833,56.7161123592972
72981,50.637382356369436
49624,45.4316665973377
70609,55.0021322405512
100071,61.48111987834618
80446,59.33634179940895
7588,46.94198512738814
3869,57.02349619612349
21214,53.884322066730185
10325,62.98595390078297
4198,49.2334830354827
4875,49.66897699986712
50453,49.31069840737684
29099,59.290444483819186
31966,56.4587732257326
58991,30.239411518922985
70953,54.38285847622196
85664,47.514023961887084
3096,27.950067296918725
31987,50.11249348223499
74450,51.268632221992824
54920,47.97261071523215
46231,52.713352472761215
47381,62.50294049170169
102243,46.80876014905624
70836,58.210095227450346
45705,63.23651511997393
89534,48.76204896743263
16142,54.02360076147764
50277,55.77532320908459
43950,58.940088313451966
5073,55.357857043960365
66008,55.540945280025994
51733,35.87452281436663
101582,58.6032161283177
3288,61.42163529622196
5558,51.37573715425426
65167,54.27599633585103
12625,57.65483576056071
66032,46.91736672461444
11366,38.136080362856845
78154,59.1799421886291
55353,57.48224791606712
58814,52.66927940892632
91664,41.52152907256376
37410,49.16841774747321
78160,60.832516182123854
21034,54.00827562571989
87255,54.90061811036588
81613,58.78316774502811
24742,58.93605350805547
71798,51.464421495501966
35824,60.99241831483571
38125,54.118013053126106
47193,48.93397013475341
4741,50.979538954901685
6704,59.18797152012275
29751,55.16317360366115
84051,63.33756941878576
44670,60.02900071906847
82155,49.20493341032479
51843,52.67267066371495
26323,53.08232450181686
79940,55.556360506422735
90702,59.130075970201986
6591,54.61570260682886
93609,51.18379948944074
21194,63.71069236900055
84041,59.4800119462248
94939,58.03104059974809
28685,34.105567235451076
10473,59.17632227428721
11400,52.69416463632389
74631,63.61874620980767
68230,42.635019798982796
7848,47.045263937441085
58632,36.38761264571693
72367,30.197216882844295
87972,62.74378447238385
57460,50.990513278327775
42028,58.70103243126685
86527,58.66011251506849
32451,24.407220060480824
13383,55.04446282740379
91747,50.464652605051
15660,56.45701058218004
1108,54.970005305433205
38264,52.51076117776385
81118,50.40011065936707
30227,51.432750711648204
58188,49.15770885439879
25343,56.18817767160448
41338,35.744415116242365
64415,59.8795098359819
85470,58.02199896516322
75899,58.400141305270964
58680,46.438141539341096
17024,46.19405786457258
18436,55.83447679100854
74606,48.74061513227538
36162,51.33642138375354
65022,48.40794918249807
71856,24.66988528074164
34056,47.714667289801625
72600,51.70003789300446
32130,44.163820477161785
19525,47.077543783716436
91173,45.561950100941424
46374,27.578004057732834
28666,52.45213408314647
100304,54.88305418518338
60446,54.65602076765438
90323,46.170491819094366
15703,52.740068814782205
12673,59.3820997508058
77298,45.75089033184214
96998,55.31991600483411
51727,59.8792489882665
21599,50.74504235232241
23071,53.059295365324616
14653,59.86790602023932
19848,52.28302020878745
3916,63.04557273831701
85556,58.389990990396505
94162,56.659774870216424
29411,50.04471028099976
13374,42.626590350743314
86651,65.0314344214425
38381,61.67849007822978
67578,47.51514784737549
55643,56.406188792622785
57021,32.96925064869772
94131,35.681310902359925
35690,35.97572460874544
98735,30.66841164383787
79534,56.50137376333086
51956,62.44979816963043
69241,62.049809551803314
47380,61.17625789066856
41963,48.6068797150501
33691,55.83254038194723
100628,56.079565756026675
53306,57.58715338374628
49174,49.05466798240669
72801,48.41223550753105
46782,59.587963362375014
35181,58.61724460337939
6635,59.74606415304891
14794,34.161733635551855
70671,57.05413559375226
26469,55.38914741983611
43754,59.8008410329542
77312,65.92836128670601
72718,44.40465845545763
49016,49.77755560236395
43659,36.78076228296554
6295,52.80585886292148
72422,56.66891440442723
92092,53.766469267447974
69903,52.48614839814371
379,57.83530643528357
57820,52.27707641487424
55418,54.89062606258754
43000,53.22045049737001
35697,56.48916399951226
40155,48.850656642406236
22774,60.776070954444116
82440,48.625852722314384
17413,54.50147322392864
21266,60.12274099151445
42755,55.014422867102894
100910,44.7353761382262
35480,55.64533765276919
61860,63.98548530631028
58308,58.46846545685801
48224,55.53478745515508
33761,53.686509024386055
4092,54.23944672483145
44419,60.957701704435195
92195,47.34780788017458
46334,63.943898496803904
79819,64.03479792754561
58129,47.36720483257815
47499,51.72294396366746
61898,32.710447445552006
20942,54.052367759678084
27647,56.32538376881539
40950,53.26694064235931
85502,58.46994460202821
62798,53.856420881732205
100797,56.36668530650613
41028,55.064441508340096
98762,48.3174767544973
42451,57.85166267916587
2258,27.984088145300255
64497,53.219647916778804
101693,72.62118376944522
71982,33.44873176451917
74373,58.88105923620734
27596,52.33029198301854
82726,50.11180032139086
18359,49.776060504098304
83210,49.03319105735185
85068,50.08850669810192
47149,47.43562551190283
72207,52.1125971685006
86146,43.39900589760778
83254,56.17298068945005
65794,60.00831179111712
792,58.35514637272543
95083,47.73231918209733
69790,56.5946869515903
32783,48.17559208994101
101786,46.78422213213786
78343,43.99026787690215
86847,45.04830422155145
21126,63.055889788412244
88655,51.45020923932825
56296,50.13538134959637
90487,56.047546372876766
5424,49.917698353261436
66154,45.84502701969077
96297,59.12994331113464
77320,55.44947076056013
64276,59.050536845115786
66589,49.071965397350105
82401,57.912614070432134
88073,55.32063870692039
85524,55.75627246401846
17207,62.64132481637846
6307,56.014984637743595
93217,54.65207411732844
37147,47.9098949833884
56550,54.324523646404145
76911,50.69693839998834
57865,51.369026962685446
85421,59.44778260013109
101449,57.74349312002118
25836,59.03974714390504
4210,39.691398771067
17295,54.36601616568582
33187,58.04700655209393
8298,59.86557514398096
60195,49.865614338355314
27525,49.46255177977356
75,60.98453194825539
8196,55.312873170269896
79244,60.8151878729332
54186,54.168158294533
71668,60.12172747294197
29206,50.1333738246823
95882,45.85336723292082
53187,57.4965830049654
13288,39.1415147034772
47917,43.46642669001035
36804,50.349704340738874
18715,39.52988080360147
84475,60.04468464492779
64975,49.44131956171522
68340,51.11792951401883
952,51.22078360076505
15852,40.50190546406938
57406,53.47479755579411
80901,58.227546123558966
13263,57.72282239061637
19963,58.378207980919555
7600,50.026467672885374
68590,69.40634900559095
11920,62.467795861698235
9481,55.237312400931515
94242,61.0793711687756
8587,42.91880678888272
58978,65.26429310939383
86309,57.320815733405496
41626,54.23868216458242
63089,41.10633811030057
100624,46.13841718967582
41793,45.1034004598066
32158,55.574581085742466
57845,47.88225222004139
15376,62.22350719313645
66873,55.67636951218083
30631,61.07899326576265
87724,50.79761772396344
21159,53.44982279397733
59850,51.8335280246513
68506,53.390420108161315
34907,56.784828252369024
72153,34.747962519254145
18780,53.658635368408675
2760,54.89026929664075
101272,60.002358304302746
52067,54.10719267196737
99292,36.55013908630422
41082,60.83304028523334
90262,56.48749339838495
15903,49.76407224632753
12554,59.17675204717533
66930,50.722793514603204
23856,58.94134428879555
81895,59.738466080106214
63045,54.838101758979
6601,55.214651443582994
21235,62.53835796732696
23652,55.054105217745644
48816,50.45902901590639
10422,46.87875527497713
71814,58.07510064743568
75410,56.31821162310381
87441,61.93031594331734
19865,49.48886530582009
18273,49.362297234816914
44162,50.63947026183628
27449,29.100224217962516
37472,46.34879368791067
32246,59.90593502337176
11737,35.49496387681906
93326,53.51712275726867
73444,63.18316606694875
101059,46.23636314845492
101284,56.34948743358677
41866,52.96337378045263
36383,58.19185040642297
52244,41.98679226613064
23202,68.447403105604
14371,49.340823658822934
44497,55.58190902164226
61094,51.25011670403686
76892,52.021570338453756
22549,58.03677998096341
99349,59.09938662787159
86178,59.66723599300472
53024,69.56850589013257
99268,51.84381961245083
17113,50.02795457881972
92437,37.87105684606247
13629,46.8294482206394
15226,52.497151756154985
16898,56.578762015866
51945,59.149994184257494
18927,48.9852468307085
52885,55.964374425727165
85399,49.52995615938885
2387,40.84043626728525
6213,53.9754885142907
2852,56.029587889179936
85203,46.8295028096021
58844,56.959297838200605
76940,61.7523026789475
47386,40.013843203506426
36240,49.02803267664919
28391,49.29896824716014
85711,51.37685056632632
34195,49.80769924624066
32904,58.42695894130442
20548,58.77088822163275
9057,52.70874818798777
62892,55.84427263141674
26598,61.96319659945688
22413,58.732030815166226
16226,63.88705084202043
27822,40.55051180527672
2236,62.91002440896472
1118,54.353983127375265
92705,52.491846784046345
64068,42.4489504780736
37886,56.11805219663351
83047,55.079171250953785
48547,54.5140333493325
30863,44.70466833018791
59982,48.86650530092915
91577,57.11772041319171
34306,47.183582283705015
54593,32.74109213404792
95997,54.381798266816695
70060,60.33742235468371
2613,58.81417492575141
102501,46.45470040735961
96595,59.92973885556636
33486,52.77100476655573
84102,63.32102335496563
88545,55.61692051182347
8191,53.559844607766735
17317,47.221936158778384
69398,48.224521416791546
92059,62.00365766691347
77188,52.46715325278523
57618,52.444198548212206
20985,62.854682107654845
7611,60.26543698599776
71493,60.29833661459155
87105,57.884618975391184
62260,62.31947197753888
10066,55.63014217231847
99377,52.25540362060533
58454,57.0939179755332
29150,40.95330802261887
94418,52.39963142340159
34168,57.636931092078655
54682,55.348480647360375
59319,45.035942439312215
65127,53.86638541605783
1632,53.717277174645204
31709,40.84575504794155
53011,49.069839271235224
9203,56.95015915782499
16408,62.12579345688248
97730,53.63744075109294
90603,50.90193377633309
79708,46.17707355028655
80797,54.676790980091695
81327,37.15372280667415
8548,60.84014336475987
81892,55.79057064341541
35894,61.49378587549754
76068,40.21573631474627
96660,57.648892151508505
80254,48.315688828165264
69291,50.82313879253444
62842,46.55998601221939
84854,48.61059589385712
32462,55.00753665298854
45635,59.10248829174153
72815,22.672551930229307
43571,54.961573000726595
57344,52.33830471354792
87274,57.912761059483486
2948,52.22281394358702
26411,48.93189274735558
92610,59.982905419619485
37103,51.75535678489514
12961,54.903208413669844
6281,54.266361519219146
21783,56.0967989968298
18345,56.48916399951226
19998,58.88722181142105
26799,49.896542256429505
37173,55.637032161055174
80037,39.870069648750544
46726,54.64916114250073
94593,58.917839571666136
24581,50.93107143941061
78298,55.780112779467856
43331,53.771582119536205
68359,61.36997203825282
67340,58.27367837905648
44118,58.14372125236542
3846,47.41669804114045
82328,56.391017403687904
89711,43.22766688727574
71656,56.40575308894947
56439,56.16737826712905
11380,22.25966539813067
29854,43.332360861910885
22881,51.183315337494925
91678,52.764512448797255
88267,35.441298039100126
87359,55.13079347175117
75723,55.966852607719176
16920,46.76684334288936
9753,59.084455122128816
44517,54.66289822356757
33892,45.11111663045778
13879,53.835438212713655
94999,63.44176534215448
43078,51.42523564601874
77263,58.06106361142744
72934,39.297667890780694
27800,49.60370636488782
49919,58.585423587396924
13478,46.183390345731304
84660,48.05796551978973
65325,34.08522537532194
91114,58.67494422887488
60359,56.610886874751785
83538,49.787522256243314
92017,44.60931194025841
93353,52.485306609067
7974,57.46464559727323
44000,63.618605923163344
71655,54.10124557583612
76885,48.13859944878195
97720,60.720684941828935
43035,54.54213145012341
13178,59.64235329590937
11830,57.0113065171658
15528,56.4305195239797
56672,62.71690503211276
58579,52.44603420616915
11841,58.51034115632229
80878,53.99459804875409
33931,53.45259412142996
31307,59.032366093292
83540,43.187450005905184
35661,57.27454011318452
46815,42.77688251279419
37649,31.636012790812313
68353,60.8141298113586
53031,46.54531895067289
102597,54.49989198546451
23939,36.3861786709818
99248,64.08409533945783
44924,46.97522073288349
75691,59.85992221200439
39567,48.609585756236754
55280,45.49751423812226
84002,47.707080440658075
37136,57.11228382627291
64371,53.64099194779197
50170,58.84657319636777
71279,62.08475991612377
60803,59.263273713079826
8003,55.56578321467791
19034,50.53849832093566
19289,47.110515977673685
73907,60.617068762026435
21185,48.36849686671459
84147,58.75987028884779
74409,51.30169051080263
71201,57.67393324504951
67516,60.19570659070543
96225,53.467351098603395
54209,59.414175451215094
71767,53.84231305412422
36331,61.97395306475815
88801,48.17371516808378
28710,50.090975883572156
18903,49.16182163556677
27961,55.43138572523746
44195,50.04337221651763
16448,55.71064871720323
46641,53.11070434554873
72646,57.38448634859953
73320,37.295278075369446
63943,49.74931442197575
31811,48.240654170236475
19450,51.34588533461112
65777,61.58513130296772
77057,53.93000685518808
69292,48.716019931537275
59109,34.76075181469034
97401,55.685172000024224
25595,57.772247346074934
24870,45.85401189973372
65516,29.805213508714314
75291,50.7596915534723
42076,53.1914154103469
69545,59.19267337311795
72674,34.398485933697074
7916,55.40835332882928
54780,45.25122686042917
67146,53.21982765603661
94370,57.914391568565506
50816,62.400918630334736
36366,42.75991849730165
26693,53.56631330514267
46625,48.81736565189398
24455,43.43955840320554
90335,52.69437049613981
19556,51.344766365647764
15508,60.16453755166791
31470,51.32148011420961
6719,53.05936554884639
2097,62.184834738918774
88802,39.67813922479836
26308,51.11275377225765
73748,57.84399919387222
101775,65.30173852919094
68813,47.266099858104035
81491,43.24086222600014
14494,46.6161911141417
50365,36.84596025540624
71524,60.93199758983229
77398,47.47023441321613
85359,60.72312398511823
612,47.97988837952181
34773,44.611445411898394
102668,53.76552156224393
72318,50.939931922793335
93064,58.09180377413672
12015,58.75886197424575
21372,56.87605662849401
54002,48.187113335136786
90809,58.95373743896969
81913,54.66483569295616
77055,58.65131366394154
75707,39.65554181316055
59958,36.51587835817506
88917,60.007446616831274
84913,61.021045798026606
25556,51.916385975746664
92433,55.064183826069254
39470,43.95767008330484
33153,50.86985727875237
3509,52.51893338625592
84537,49.88951856505386
32153,52.617250041736966
7004,49.46758417429077
69529,47.9531111933626
13990,50.794219360452786
100011,59.22342085851592
91470,56.28448624283174
31845,50.61410263690153
93259,20.22195021604601
65860,55.89369835014482
38587,43.10004043747857
23367,29.778847638758016
85695,56.10480328524628
93624,58.34746160940003
80367,60.882339148544204
59854,52.30553828194633
96697,33.85924024730522
1955,44.46695792700881
12999,60.01543283858172
54271,55.56801610268627
69444,56.05588989104509
83040,54.39045801374874
97694,40.84599823054293
36864,51.61229386162312
33269,47.07395118177101
89645,55.89489388164505
90161,58.98394701074608
54748,57.789100228625365
41186,62.291460432711716
53595,54.38532597174859
66236,55.3887098699846
41268,46.50107273856901
60112,59.64728087641571
18753,45.98441904225567
92750,44.84594280749975
73225,58.60285734060042
9842,53.26286963272804
23950,63.17038226919183
33583,50.933538387963424
73213,57.33147009783252
81185,59.67267500355298
67398,57.553300798091264
70027,48.974291266237
16310,61.179813684007975
99957,54.29082104341934
90195,49.719139994952315
92578,52.81786198026551
67502,62.77870053681642
55210,48.49807875956447
42070,62.22293041226449
11452,35.41611832095488
72108,59.11960027477218
41289,44.45997761272424
74421,57.50754905674626
58110,40.66325507242392
14921,49.696661473372714
80710,41.38299303982656
82168,60.51905067062977
17883,59.49640162558232
68686,57.31863833128342
16554,56.0238947517431
95826,43.15210564563877
85800,48.47682217958429
54873,54.203977117863786
54838,48.878751055294536
84352,35.551427334841875
90070,58.19389008865158
88230,55.431044113605324
50368,57.62652482681574
12259,57.96099545461061
9099,50.122545374740554
64641,57.04420017801191
17324,56.92995471597939
69731,55.04675702189091
9273,52.545046092623814
63730,58.73247838283549
10113,49.99168872807604
72372,30.936805842103272
24300,46.91339753474922
76569,51.34594029608789
28314,59.457621830621335
41971,51.737671880068895
31749,59.46357360622276
22753,51.48931266565898
19015,32.29601193002203
23011,40.274645895066
67306,44.05532415302673
85039,59.017402760843424
80496,54.58618098519357
65715,49.75840232496863
72491,60.66982212311874
35054,34.59713494713558
48431,54.40212331071154
70259,52.11686966349666
47785,41.38629413665741
6260,28.872518137360387
101428,63.26076164895238
2726,59.34967229131784
42805,50.41089855122003
97596,31.84466832114505
17192,57.50758143328567
32998,58.355108745040056
68620,25.00205393028024
41600,56.060948234442606
34848,57.107197310574215
66468,49.97868341516988
76271,60.103076887232056
78534,49.56626605886618
54572,37.6394299110401
58382,65.19451140710585
27665,57.763510295779305
70454,56.196528925989824
57278,43.38401601605164
53960,39.39861731699797
16770,50.40904529218468
66699,64.70586347439502
78055,61.78098992595339
100421,59.00094591335557
69480,31.467938447017385
14682,51.713118401282394
73353,33.694779289153864
28502,54.08518052634564
38959,53.935517248431
74401,59.47922438516162
48280,35.899571768486396
60051,62.36244729346834
53643,57.26811181247019
70793,62.946159260198705
36501,50.791001504691614
42194,63.37951493672742
64687,57.64436079190662
33833,38.29154927761871
2617,52.50668054153324
93787,54.44734930678314
78337,58.18513468953673
36428,55.31991600483411
13004,50.59762862415252
87022,49.5066445627307
54471,27.681340036934134
47590,55.794382859204646
30072,57.635771887050396
35860,59.43876448020408
4763,57.529139842815574
42315,53.18608016811629
30528,60.62699959453097
6372,46.055362617938194
57393,51.52104720968168
12837,47.11378520818901
41229,50.58319514891503
41247,51.51788969209919
46329,62.76271551967059
10725,49.230343465259175
22748,52.25834070863207
6952,42.85905577192139
94055,40.79675329164084
12200,58.235249829733974
48008,53.778680309363665
77147,61.72438711120166
34846,59.07706645774529
55941,50.78019146387855
10629,65.11150892557542
45625,47.62895414336855
75406,40.47107327894589
23119,45.3008926847632
55757,61.32508499577551
48491,56.642995086968696
64026,58.528134764948426
64196,46.74678060585504
81764,48.824084940510915
84887,58.31109642299052
93034,43.36804461763885
63615,52.055238623223595
94955,54.046465217740305
86784,59.15436233969233
37024,51.848063390278845
31084,59.33594555839721
62605,59.45250905103816
7757,40.83065348902037
43250,55.65168365845253
58180,54.96928753808414
52006,62.49197240236086
60388,51.15184868466516
21083,42.354553487946234
21576,41.870116393897916
10059,62.74176207141404
79788,56.45719737190924
50912,44.09699224457012
25743,61.508799023079874
29758,62.71020245057594
26114,56.2898420965444
54260,58.73142201931174
76797,61.68006372476377
61598,55.5725870353029
39261,51.8985981261269
53729,58.90929690916432
15951,52.26054412551064
74126,54.19794015514954
20438,58.005838543503046
36535,60.4731400675454
61107,57.51597832704998
94984,65.55840774735009
96763,57.83069095708511
66686,58.89085261052412
29653,52.49043053810572
102227,49.96132742519541
88486,30.993680986828892
9571,62.83033146035905
92948,52.268100974854555
3073,48.1704222176935
74243,58.524656268937875
40213,48.54014181430553
70494,63.98175335353632
59639,60.1196309330399
42413,45.67163197816702
38960,41.879384435612984
33254,45.33646237588897
31500,44.734303269551475
96991,58.15971642829511
20899,59.80556486841135
69189,63.643621934911835
15463,58.19966693908575
90878,55.71849810242146
84078,63.53912747108731
86482,49.90708614465805
98601,35.31156785537407
40061,68.13917692623029
27522,49.592611206922335
75046,59.62433290727952
89652,58.17776962836305
67921,54.483349946325866
51825,54.90081103686888
54159,53.56272801106016
74180,50.02170386501159
6485,48.67469313569773
82817,49.24408671906748
86961,56.477789653215936
40247,55.87545339630512
35745,62.12957613388715
60676,59.55913373858284
9163,52.56496323845027
53234,52.30792905657739
42934,41.388985967135916
91083,48.698763623799735
94372,58.640882901577115
20276,56.26691812205739
82943,57.55849664752079
58658,60.002980439099076
19179,63.25127103779237
32030,35.95177586516911
86776,50.00938674731627
76337,46.31207529871266
58106,46.74752564854428
333,51.693283671376534
80645,56.93983401280628
65193,59.308499057495574
93832,51.14830465835527
11492,60.625664642389225
10456,53.73992455968079
75660,61.948848744200035
24665,74.01855693048617
32044,42.46641957397041
66657,29.689311142424696
98710,51.858478562523686
80519,23.64148728776128
46204,61.55010931943046
84612,59.00603233072765
9262,36.73587015018494
80575,57.10956457412154
40332,46.179864834572335
19000,55.29273330270924
17349,50.528982123914915
24978,46.28313702589301
9394,58.95980364969951
17175,57.082872312570814
25097,46.1428208402237
64164,62.52701465645481
32442,59.7021780815361
13481,49.31696343065097
6597,48.06275208644235
96143,56.48362847737034
20095,56.16923985857061
1621,41.799706931069665
17517,50.2541777573969
92742,55.80889758558531
89258,55.31251137090913
16989,60.76666221401412
74308,58.76204955362647
72664,60.0097475702029
89347,57.325088858620376
59386,55.12842491822724
44302,63.15028102507759
89504,61.47037339820766
102596,56.73760089808389
11353,51.28210066598085
5959,45.58146161351802
75378,59.60677300464476
45568,58.43930945418599
52087,56.60109327181078
1002,42.6600600215693
19568,50.02590458666799
101913,57.3529964046372
19499,49.59131752294023
60204,65.3290861124417
8370,53.99863514093006
63686,54.06999098275018
96922,53.151597961946074
18129,57.3804105893538
34369,61.73545641789494
14781,55.21945630541049
16993,27.990133400684797
85865,42.212633954014585
9524,53.16840902664025
89684,57.120474266944385
33957,62.10901968716565
46734,36.8217736056883
84678,63.07546647866205
93484,46.76910751578664
1574,51.93183670353975
70893,49.466697221113485
83418,59.11816130566605
31807,53.27307051349786
24976,40.90886027058204
93474,50.17977109801083
31176,51.42822594212632
70370,42.172527202544316
10503,46.17873381080456
48643,56.595044398594915
60400,52.261556236523866
11023,47.802860778530125
633,52.35509655474749
2817,61.24408909832079
77858,54.20719023344328
50379,17.235789349181303
2088,47.53736761293531
57902,46.21873941039379
44725,49.31282728195949
51856,61.16049039711913
72796,58.03039381121052
26484,52.58939833852705
98502,52.902632077802856
62388,54.91805424661817
72308,43.3728499278535
8353,52.61315761027872
75561,49.27243378759117
57057,59.967027536637644
1764,65.97422510950486
63281,65.58578555450737
41013,57.96303487937806
90397,45.2600040369251
71382,38.59257994900669
60983,43.29474038068783
24176,58.928307069389895
82037,51.02553214288528
2549,60.11428704770837
59393,60.03167191757457
49721,61.9316558908273
59917,57.050724880059676
75022,53.96207969446324
42047,60.44174113711338
68672,47.33705338085062
1968,58.381984642053936
7675,44.29013715484502
96302,42.75646695209031
1618,48.669557057387294
30990,42.14889884572097
65334,48.13237326943622
41447,59.1999718517914
83563,54.06734797406512
83228,46.8076353595288
9475,37.50082806817347
102609,53.42874693651928
96241,56.24083980635896
42547,28.749360768693837
33430,49.86961724427677
39670,56.327855102909496
74653,61.51978473756377
41429,54.46966492455374
16970,53.24061105527126
76578,49.343969059465664
86253,50.76302195464523
52257,59.116382864162645
93058,50.884652845190516
6839,53.93224052432416
10605,55.15413368807076
70151,42.893369446101474
32963,57.226349890930784
52203,59.09013371972106
27053,61.05544194616629
5004,59.98562034960627
52153,57.491085646161
43283,50.19639561921855
12304,47.60503496251096
18662,60.08654099262081
71429,47.76367343858887
16647,50.852801697784756
4458,60.10626808670248
98584,60.34280659612437
52105,57.33136541648268
94102,55.902769830808055
39958,51.21487530633023
6550,60.27785546333989
25330,58.873966288004944
27854,50.92754245725172
82162,51.735338118748835
67045,51.66969080370325
45347,50.78284332586895
68183,62.92286984799859
78433,55.98503893891949
69217,61.814128763772096
15694,29.472133203721217
77727,49.549036067000976
86528,58.87598286500719
71791,53.233610512012284
61996,60.68692090585796
44143,60.65043222975594
33547,40.69407959420757
68579,53.89986540763874
11332,56.490186365155196
82170,52.897236638851936
69724,56.50310762731453
52655,46.36157686844615
59330,48.97985973082661
59940,57.4095597819332
29526,54.28460645603105
42719,60.59512704850384
44262,40.78299945996284
81487,49.8678902730835
34601,29.25866384700426
13867,50.71609288798133
98336,45.78906591222567
82495,50.6888819511091
24049,55.957702968192905
69008,58.53278382258745
3564,62.82316010265032
86861,58.236073902805984
7283,49.95883301063039
2763,53.04350690288295
25173,64.9258083300602
22919,50.80479412875038
79520,40.29653693188371
53985,48.85220855387947
39925,62.268732983292196
51779,57.1538618465664
41090,54.0172982738001
96878,34.13625743731724
46508,60.71610772723886
72047,47.970911183171076
4841,59.057417536463774
70663,53.31625984948782
35348,58.57681179731151
70086,52.244653614823214
35702,33.39886070336071
55796,33.42096649264596
75856,57.9701248375175
38832,58.91701353606105
21694,59.3720310262121
20315,66.03601929181586
52925,49.71495798303239
46184,63.1992614404142
101599,60.00376887638826
55415,53.860740203029366
86139,58.005838543503046
38592,57.79444116011654
58295,61.71901978148536
1239,59.53925272129916
21707,44.993090308900165
27062,56.461787255209885
57532,54.97046581360559
61114,48.41616363699166
7152,53.41704925615019
83159,57.58376699383081
81659,57.43378216988347
71505,52.087062068105226
42815,48.35165903422247
87945,54.99378854775494
13200,49.01320541044834
77917,52.07379180663197
68047,61.15250136609881
79849,47.27323132681005
55469,56.548580005748164
41881,51.29823792548189
14104,48.98250278356531
39928,46.27504298906301
28293,63.222779604978044
24065,56.93015793714545
97260,45.563336952708255
67559,57.93531642774579
91037,61.58817737980383
46903,40.435369990734
28583,46.66749760397135
91171,59.38989406573007
75119,48.883993000825605
38608,63.486807238717425
50067,50.07505749330822
102240,53.474967383958386
42324,45.526471643170304
76227,51.271565903154624
64729,49.14157092833201
89095,49.041786891051856
78207,58.47047784633579
24657,60.47710661835104
94595,60.28864581156776
26757,57.882723406062944
82844,61.04667319936313
75115,61.623563966099226
35496,52.898498778167195
1849,61.33331945158293
58069,59.84957368390442
57522,55.13551880623675
89447,57.45255620357301
2600,57.007070848782405
95881,36.71480931593347
43612,48.80023402485787
76605,57.98505962860025
4181,57.61227756603799
14101,45.37594287901403
20591,63.878473439467136
84736,51.3646850630794
99598,30.32967403914974
46730,56.96400180608814
26590,30.488692149464477
84648,47.49706268284526
63704,43.30024652043694
101317,58.14919274449609
60649,66.56213310136582
98715,44.327097122030175
941,61.44378454115616
33635,50.579558920288726
7912,43.48070168556081
45244,22.508350230293022
33909,33.4384054855365
56417,49.693123446626075
80160,60.0338201410342
26434,57.94481922546973
84818,48.00518159287603
75108,48.330707939603734
100573,58.11905796684404
10141,57.125402405678415
70147,55.53942282258023
14731,58.31088936781637
27606,56.233498977091514
68401,50.128200879845174
41646,54.78432159200291
61235,58.93819779872523
3820,52.716674660545266
67110,52.210448378038755
1991,29.27108155895586
15126,56.456258775435224
57526,46.49497496985429
81143,56.56756185794722
87804,50.191427106885996
51196,55.447352109749964
41058,48.39578816536691
20041,56.64037786025267
100374,45.918486541931756
41101,53.208512729805136
93143,48.92020489876819
53061,59.046923808341184
5011,55.42417334176669
83354,41.664740327553496
69358,40.24529926984737
68255,49.15196188073265
98181,35.23153541708177
15219,61.17581256694247
102068,56.505818167436516
62715,60.853863094243934
41497,55.9597311016014
24304,54.272090401534605
8938,40.84004398344614
16359,59.75768798075676
32942,48.259207806418694
45679,51.10354750875908
78320,53.61329635050903
3930,44.42026449123192
31479,56.74564083090756
46481,41.085863079242884
3684,55.68879434284071
56388,45.17407812195046
72191,56.72970810935656
72202,44.71446932712763
25421,60.84015272569354
98593,58.63759851505433
62012,29.900113631129148
7874,42.56468402454049
98563,46.78522993401402
88122,42.38431776898585
9633,51.75813546737433
74165,63.15511840461246
30651,55.54830795617742
64916,51.09181263824818
94335,58.53947339292584
235,44.68704459465764
74787,47.7359161886514
27442,56.343329674748176
8560,29.71589774596211
67113,64.08633924655491
57985,64.15475094861077
95850,54.05957602881356
20986,61.844141488702874
91105,58.75768037495568
52626,40.46561209915855
43335,58.59294120178648
68549,51.65415446963656
45482,54.13470472068605
42938,61.00727601887877
62165,51.49687824705567
79124,61.97125046485388
12774,50.97576841006917
73490,54.18039278463773
61744,55.28349913128981
82372,0.0
93846,42.261616712300906
52491,32.864357072247614
102344,46.398380413811594
53068,22.541503332658127
49466,40.520835535813276
36273,60.54340224667525
27099,52.28267309125398
86629,54.90788849455682
1336,45.35534006032403
81446,42.767649223987725
80054,59.88104366878057
7028,54.44071001701432
102144,47.84332712300634
49173,50.41897885888437
15518,58.241151868239136
64842,59.63865069467143
14500,56.93196807890549
90146,28.144034946550413
96715,29.1555790112301
92906,54.01121293666077
80957,49.76626692059915
58883,52.71692624152374
81839,47.109162607572195
75286,61.188374151006556
65841,62.16519945992179
35455,37.80241392682876
13724,50.5624315774089
45199,38.09086477879996
27814,48.62654522919382
40707,53.587717651930866
20413,59.710635781842555
94972,48.89077390720726
25282,28.717353648073843
43034,49.009183047114846
55863,53.60561567628301
71273,47.68779403194236
32430,52.371677232220684
20616,55.20187996384803
25455,54.44324979519739
51157,66.77247959208597
94,59.70178664838489
86296,60.25874433303481
97636,62.71370575342429
9858,67.25144726967808
56070,52.11585556736228
62247,45.621292119106265
7148,58.047620093915114
73656,51.95539984900594
14084,54.835346364131965
71280,59.29947131472876
51444,58.6032937589145
85643,38.75517258521338
41631,42.06962397173538
62413,49.6534974302594
13733,30.525555608845
53812,50.696668079123654
13950,60.60766246247929
70306,46.047199006246224
30767,58.737642014952336
11188,42.91361170122655
23997,62.31405229974952
