id,target
25174,42.418322974431305
38453,65.45669895433394
29013,68.49783681437277
57463,74.41216810401224
51264,43.53562642666847
38911,68.83668494718734
1229,40.50179815131133
96000,59.854570930094184
10270,28.040611245489217
64513,50.616844346376936
102534,58.0811633671996
59037,39.939361420850624
34298,71.05905443323178
82669,27.41793784418661
100687,85.97236588361713
73522,53.70704800116037
48734,31.78352513173567
56168,54.936223331260564
84658,21.64124337895644
50646,27.944584330026295
1360,76.31124623601968
52095,52.496914050065364
65633,46.37539712389359
28205,49.7872267409018
57218,45.14874929905646
2601,51.714819572697294
85520,62.57178894407948
45402,68.24312247146565
93231,30.902881952648542
39300,69.01269141214308
67877,19.56151276808897
33330,69.33360633032194
79050,38.466645513204426
5081,44.158155278656054
13231,48.135776954334304
17628,41.55377323179981
80388,85.76765650441351
76808,43.94835888101822
100234,75.5658226187349
81256,59.02782662724212
57152,32.32812475378648
67477,67.88108197145809
74377,85.97456931111573
88292,68.82427559260204
102460,75.42740574589608
72878,17.653808189189668
77878,52.48385853477738
90885,24.15861875221218
5562,45.04492427151045
85283,75.0144978252483
66509,39.81436290859135
90296,79.41609658694739
4503,84.13648457918993
58293,39.78738228247911
64079,31.768295618280973
50451,52.32908763360649
77648,85.05904953593542
91697,40.0726221527351
28935,82.35672861405729
51809,43.27873471415115
57691,30.543898430748623
23043,37.53516785978286
98788,42.17010637984723
46943,41.24987137559372
34807,55.75381087648368
50520,29.939893657401267
92943,84.90509712182663
75909,46.84201504672795
78218,71.33202782060678
13225,64.4632653236459
30514,40.19753636680889
82053,76.06954323311683
3112,76.51375168003193
75999,16.855183242345085
58460,72.66427500593733
90475,59.69265499226216
33888,49.30613510571791
9299,73.12545783075045
90094,45.93552298421748
35904,72.56723630915951
97149,33.71808870468881
86693,26.663957841814277
99331,57.88804855142429
83095,41.2755071139334
100329,34.08990938262177
93056,36.366527224218096
30873,53.826149702799796
28579,13.955520309467666
20217,70.8823235622058
67433,72.86222193278975
56104,77.99179296492338
25681,45.39109673398946
10891,86.9101386056139
86004,38.68181230063186
36851,69.1697229458907
87094,44.81556627576052
12066,55.00581797092264
93555,36.73018241404832
79483,61.96659425325976
90391,74.44360712444558
85580,61.484045029511655
61181,34.633794252020806
98828,27.982652419436338
36626,76.9559165574616
13846,57.90603612351362
55091,39.58933482299373
46425,42.550484859932986
1363,62.9735355530007
70646,46.02754779315033
86481,49.074463167472715
6316,70.49319252864689
37261,35.23726103501436
51903,58.23289274000891
68887,32.826504534682584
3893,63.174598819862965
29502,31.33966325978912
56572,50.57333352051296
18999,58.48944732303092
2587,74.22979975700353
7854,67.45063878809393
29378,43.43659126678239
2036,69.5649918986895
384,32.867480628247634
9674,28.856425949504338
66574,27.44982676758331
48355,36.981662020531346
51730,60.672541994468176
37643,42.774035484488515
51348,48.1536495697939
21597,64.38573971585467
9240,42.28685481454262
79816,79.0706192153896
93877,62.98321190896624
39407,53.28760162265404
86751,63.31635994863857
59338,70.90032122935627
56405,29.164451860409738
17866,39.34742266730628
64569,75.90887395657847
90600,54.842870460534996
25963,59.111961526600844
7961,28.92505894978954
39127,46.087091599671325
81991,68.4937997628094
52426,43.213198144834664
93850,60.39471964978555
83904,21.57982779886226
76946,42.63174774903343
55666,61.18859003495866
44289,64.07754048917235
8845,31.772583901453572
73107,56.90875462511707
96428,64.1732681225233
52052,67.48649817334473
100865,61.03219238090884
17457,51.98370300512586
61472,62.24409732230372
95172,49.09828596393368
93006,55.481093302550896
94581,66.94162450454337
43719,76.45649148325695
101570,58.00155588078202
56333,37.64744015856835
80782,40.24989694184653
28561,23.057408622197745
7871,73.12880575431483
14948,67.08039734317646
73653,32.01027119662997
57372,73.18405732799235
12414,50.47924954929533
61951,32.32954153063726
30372,49.17814788940235
28909,65.62856671704338
7009,30.94499895092267
101554,46.65965406381033
26085,41.13233535530587
100443,66.18612870416459
23262,67.89627007800586
97587,68.64454727466325
58705,34.192221294781824
21825,60.693622392362485
67844,38.29195858022529
64146,43.93772409706472
16120,64.15539255864496
23555,66.60559614965211
65554,53.493794501149964
70589,45.457686211467625
18725,62.18133547529986
99419,60.0754044259349
33451,41.139763280121976
67912,70.33316218958123
101073,33.77210870052133
39319,69.84106607141149
101711,46.96480398829172
23149,65.40401207771434
84451,74.87491314498153
47784,67.97303235482757
61553,71.47852649216084
37353,32.04385941268515
53168,92.03904950169886
90985,32.34522509958745
28546,38.77858271121085
94706,51.5702364491669
23231,71.56686169304345
34618,54.75796241457106
29137,37.01879912508896
31660,73.27393609645779
54047,55.332133859043736
93037,16.97278924846919
83173,48.47937459376608
32113,67.47942238612997
14395,35.59774394511826
67820,39.278192865930805
67040,40.82593687440476
83797,53.73170590130589
66231,34.01617106436675
49705,63.28670140589875
66764,56.365582382306584
72603,83.15358882927762
12468,20.89844775347865
54914,49.796217308247385
25137,71.08620793559686
59287,71.72342546570205
97008,75.70382568640238
29927,70.19379012458
29356,41.46891101461748
68914,88.45792707554699
34806,54.21547888018522
47948,84.24048898108063
17065,59.716823040867276
87547,37.14663563518669
37608,38.21530270132999
73001,67.4546645890106
77299,57.39076984188674
16735,59.9016817865987
18155,70.36150677748049
46480,68.72435248409758
8278,63.51763802605271
20781,29.12520096152444
3365,68.82329398316398
40100,71.3975989080979
55431,28.57640835210659
61484,43.34659143283899
70277,47.95767017792368
76867,70.4536983653895
24955,33.6603175767099
60828,34.467283274638184
22397,66.76367365717033
45920,73.10376026339435
76307,71.68840026519554
23948,84.10388862383351
53542,39.3667428175684
53625,39.15763921470093
72657,31.33203954074046
12093,44.45806091865383
27991,37.82632418449219
29171,68.35886902314188
27844,81.37392284988226
36260,44.1980654863209
18861,37.840386812622654
69954,65.91297728562353
96138,78.5302086899321
21307,39.11315628577191
561,31.835967587089378
77051,48.73637949672222
16909,70.35827821602373
53517,35.452566966795786
56650,65.21279134118909
86556,56.83165989557351
50889,63.20075079609261
20658,41.50643397956857
42039,49.542257745992146
2936,32.12132116342472
94511,51.43819666174735
41830,36.900985050242284
15269,65.3467607383041
40190,52.05317690932534
88469,57.02858460513703
88531,23.955930509684137
5062,38.43355447313601
39591,47.834806056838374
93947,69.27903209888106
74130,33.31362482239666
69128,79.28304218880405
88896,37.45789562388251
42765,31.265936244347007
20325,32.28501315506352
66746,67.24160707615991
79642,48.8674204027298
67563,34.54667159494123
51951,60.374662688320164
20540,37.76406336342587
57913,66.1942335492437
20016,68.94571132154135
52745,51.637603460671365
66425,44.49671326161703
37685,70.2220038201036
80473,67.20965791474484
15919,73.08402909821247
56921,57.51208261361816
7392,59.04073276333867
79670,35.066792572627875
69266,41.821700130008146
65573,56.689020987232915
73198,39.89820816358983
23034,54.12037603633226
3495,47.251173442657226
1522,46.406685148501936
88656,73.32858558134718
89420,71.85722232022812
6168,62.53969898128056
26638,60.44403632791945
33248,47.70907417334904
43637,43.886245039543496
97437,68.89299839545859
96250,34.91204962972585
29856,50.08257473480767
27846,47.36859629046333
68876,71.03615404986652
17429,79.18525559760613
86647,42.27997699432751
23334,65.01631832585397
32234,70.5183499080976
71801,16.494935644285036
95706,34.757365131533334
41845,38.91840543465184
74067,40.606957422126555
28960,62.01528710690695
21442,73.87493336422298
69263,74.84099621340962
20470,35.54434150711852
99015,24.460049412861643
7204,40.630254309611935
72926,80.31014113489644
102030,64.75450268278594
16605,32.58122907281048
16632,55.13052116378891
25543,60.517507901749084
66480,74.96435255213133
92866,66.42586490065842
1766,37.44282613115231
51495,49.899019581350274
37839,26.50305128551277
28978,49.68391156684741
102258,42.50052577657311
95105,45.98157029280118
40118,48.662813504083154
39698,74.5474118960895
37594,61.703284306331625
64025,70.31469499031496
59992,77.08409154556375
44050,57.42729637522487
27523,73.69210032197745
11505,47.677550324478716
40413,46.30864274405336
20076,66.78424051101946
102136,64.90513203061255
65139,64.39402024998813
23407,28.056784000461818
37464,57.2498866025507
59916,56.720960956526554
12042,73.26790918320393
64577,47.99276334427013
81331,78.857791903043
61920,34.33759266248558
39099,71.6703605719565
78166,46.405711530888894
73131,66.94828458850196
64995,53.077293319941425
43278,47.32769600704715
15509,74.40542962641916
99611,64.79245081545632
67257,56.84824272201186
96245,42.83918675300461
52205,57.443375191309705
67084,55.75339876022103
60524,40.13881411817076
76518,36.060950584840505
50679,71.29882084806306
1038,37.694929806029485
55932,62.56033249767661
82634,36.065013577596304
79774,34.130937226804974
35445,57.608587834200435
66283,71.17255914569384
37874,56.07584855882912
1129,46.94255041841332
44255,52.99792179189069
26531,53.74454499773574
67720,43.97182390140015
43546,60.79896143269543
86304,74.89589177537766
54034,34.191097258919655
23102,38.1347759783666
75085,39.80206541261219
89886,72.4223354082662
80597,47.419144807957416
68422,70.7340503023119
89966,38.90519440578223
41867,73.84504447592823
86966,73.18656779739007
53117,57.48903984295721
34227,39.11772146713436
24411,86.12661664985983
44985,23.27172529557898
18292,51.577288396665665
62252,74.13241582226033
3776,65.14170103263451
8155,61.031359049827145
44643,37.22422467510881
85819,68.06069778111316
18926,52.03803353136843
15051,58.29959770134768
21057,38.244349912487905
67219,84.44174999913247
85931,75.62539616204973
67760,37.86552979987097
56298,82.01805203708653
99579,28.108147996266357
56522,72.19805589842677
65348,40.66148106954124
22855,65.35238638900424
64814,25.07076896062745
64759,37.26880553637611
79136,60.730092150493654
18683,63.758817225442485
88070,67.04386789115533
19704,57.198544285863875
77265,32.5829595841945
32378,76.7970435028883
31652,73.8621177596035
69355,65.98211633079332
74731,34.18033073689942
56810,36.139972490416056
52075,47.039064045421135
68203,67.55027821815831
100238,70.90790208146701
52796,35.564051318648474
24678,36.556610448840544
58568,62.83734160262038
84344,71.35257489263313
80066,68.72497183725058
78648,63.86309903425047
7840,76.6550681202489
56387,67.90999113151356
7102,74.06874877062168
53235,55.9916652151016
92914,35.33846902270433
15197,36.040993895800035
67686,40.070234433998486
74333,55.54480213149401
72818,48.807008312867104
80826,37.142823614820216
99341,60.13491506859205
6895,36.02696179818272
81241,53.791585247116416
34998,71.89456004626763
15001,36.244087307635546
65601,47.74763555489987
801,54.90068413107113
23401,31.001559135273364
48766,30.46160450583705
7512,80.43405608088291
72238,36.57228552726376
24405,45.42710015516661
41046,44.54953795282956
30040,69.44109138491949
4331,56.695980931272395
90802,67.96415004837462
19690,68.04244569038369
28920,49.7050001061382
63849,42.71370375924697
53012,53.11444319166238
14970,80.36477455542806
100686,33.71352847066746
29119,66.21887066082022
47898,74.7960178309445
86388,32.34278199998062
100259,68.96237333557133
25668,58.17065688228277
48509,68.53461120574116
17366,59.819245382062206
63991,50.863824340487284
100528,60.25049108956225
27299,69.61549450683098
74367,19.633852654557483
35579,32.049573809915394
8470,32.25510730107776
32785,69.3654565517524
89832,39.48723859145077
29223,46.7232059950468
76819,68.78248158752359
35319,42.559231832095406
67683,54.11848953634424
10462,32.919612211098695
99150,31.26902267830591
44618,40.84250806660774
71516,39.727354946951614
452,67.39125671196521
32070,55.15826788746212
85512,28.189450311255655
40581,43.399854800611635
70287,40.64073427413668
102544,34.8944232804784
35374,33.99641463305943
31083,67.85624911913544
63328,50.10666610011016
79069,60.435192734470775
82381,44.66832183173175
82000,42.196635866184835
17444,70.76943119267759
75006,20.07858334399568
1625,51.71337168349221
15732,74.0384920087356
85953,79.58705942254645
12170,31.639822286137647
65872,57.986935356041506
61894,64.60988955734182
37250,66.97833100923901
95582,73.75468369099076
23003,85.50711183073722
43905,35.59641071143732
60297,79.69852461089758
17578,81.17874976996397
20622,72.32539312673073
42469,54.538533957323565
84521,64.08436784658153
58464,71.05522428980285
3597,27.48034932568277
72504,58.67733477482436
29935,65.1836144169931
10116,59.47846000737736
61776,57.01549562123962
57839,40.007171811996706
88219,28.739930433425837
25064,39.512209874376744
39513,35.145734429617114
64340,74.33584536511358
18742,32.49130720692288
66223,73.3583246929007
62850,24.72051364528707
28207,41.14043998993792
40526,74.51702605160477
15675,63.90338660665225
35341,76.36630002918861
53141,53.83997922263245
84607,37.10055670049833
31501,31.641706912806484
97590,82.09485475544932
44023,66.33591655136036
36759,76.1475029378839
18375,69.91757830477259
21506,70.05364854741998
22575,45.891929124997496
455,23.18481646982963
91307,38.19027881742089
52359,67.59796087712726
29992,63.0724985382834
48316,16.076861604678967
97178,63.281632999844746
86109,59.20241822935176
26754,37.68523283571687
13057,58.42152257205795
71514,69.75513661422885
48221,28.790873509209433
29415,58.00919981180626
47330,56.232975129654456
89770,58.53777779284099
94732,75.99284225838616
21854,75.66971603872022
39596,38.978254241253026
86092,71.33941694511434
64233,63.86899804995123
6707,74.26014794220653
78814,85.36841865564992
92921,69.60897643560884
14193,38.09368371283303
3609,45.007190128632786
77919,41.27828461580876
32986,37.10195325987579
18820,29.564867460286568
44107,72.24837814618789
17605,59.21138566421858
34198,47.73325881178077
23081,53.917348339449966
62176,77.53351420152791
1518,40.9675653354665
35627,44.60359261203706
96457,76.98070707580479
89918,42.850402641749184
31104,77.98930176419279
30635,35.32047162993901
100756,64.80634134930908
102126,42.12523315815801
44220,40.97548952198534
8151,72.11227277395724
51491,52.33497150712549
87051,52.072127579674365
102064,24.433423311848482
35132,57.95717898967142
85544,81.3936949168434
1862,77.8905381442729
72547,83.69288559827987
4609,92.21118465775112
67065,48.83628222553957
11132,43.902099528635034
85339,49.030683913761436
63229,57.67082723674676
94647,58.473340399698124
83455,36.87589708951273
83426,67.26390516477238
66470,55.693833914676944
65669,66.34783277526475
57896,38.57676435151494
34420,30.225117375396472
91764,39.844236248336706
102281,37.227814511543734
40432,47.76457968680764
98977,71.13751202153612
22628,51.52952861179625
92800,34.52486596391672
8675,56.27687754935663
47199,69.89460263592323
41078,54.330348041050875
19695,41.276282217858444
18070,43.75206397374677
39482,86.82510911023303
45065,51.89272864880522
98251,46.029190016643945
17289,38.493899466432815
19934,67.69240705110616
9613,70.08100436922983
68870,31.84911142011482
99778,56.62203031205936
9883,84.23244061006815
3296,65.87685324475939
86826,73.28086810933164
26206,71.8934029629671
45821,49.15716167199847
56965,68.49617181420803
46920,71.48787890517585
13746,49.275240896129276
14868,47.989967992178165
79773,82.04663348691196
54097,11.630344737260039
71196,43.60933199248848
100249,80.2881332500207
20072,39.246268479447906
90728,51.919547129245856
52102,52.065604270392996
74490,57.931243089561605
8408,30.213104179134756
15067,49.72655438049102
39798,47.568220609571725
60048,45.08973433627225
83248,77.14022130278316
88686,61.958951507747955
43133,77.92810478458688
31403,65.51244949016329
16834,81.13837406851766
90112,71.97476737356087
54038,51.79673357527902
34403,54.62057633805399
91436,74.50322124152513
96135,68.98804430864973
37827,40.510191913649614
56531,74.33452169843935
95916,78.1644742582572
33480,59.81872267944028
30845,41.111129103999325
79388,38.54295476299701
41312,53.856565905896176
48060,41.296421626454254
27162,54.89818872196966
57264,60.582489240953606
13098,44.80045203353539
39589,66.54924594060932
61008,42.02552524981842
47089,70.37288794526528
60353,28.98036677621551
5900,68.26869658836631
66676,31.32137849216332
6469,72.03303631128628
85917,86.99551581616423
87704,20.672008044763952
70145,50.326968421934986
30943,40.65721652007652
99732,25.27039327504328
72283,61.33944764950144
32564,42.62595587756767
6356,53.00707467937663
25941,57.90395372828047
57142,44.50047434157163
61388,37.99496612720772
12718,42.8113515232595
15043,48.838425677526146
68526,68.05102246601403
9591,69.39040798789094
17682,33.89965359226312
20350,72.26377927277052
89910,72.90728193617569
65826,66.36215450281158
85088,39.908241712097904
34483,68.63023246246414
84180,44.04845379200707
59576,39.13056526004174
55966,63.98455337091088
18007,62.17464498670404
86346,36.993630773282874
79880,84.67764888378126
45518,45.96224115466253
55165,72.93329258293898
58700,32.18785852076413
71706,35.43295631343391
23078,38.87125072646158
5087,92.87661500596093
94829,67.10086643005835
73932,27.04208333068705
83640,61.773257110792464
66612,76.18517102978689
94205,86.61347134955761
12296,41.63298472339602
52798,30.41897779904433
99200,32.051213396193816
45384,34.95110768219512
95283,39.569106966254665
42204,55.1442282306505
88726,31.433611094099827
96480,83.06021229291056
66870,60.91642490923232
16406,51.37757505961862
1062,46.44501768096226
70332,53.723894280999076
19742,67.89146871422457
21111,89.77778742429932
34769,63.12573409518333
22842,74.41701000672751
30137,23.80792907421636
87363,29.276538176717082
8650,63.66016549566699
13708,59.835026441026955
59063,57.14820575949672
58276,35.872450734246044
76904,33.902713727048614
46445,58.108348381658814
30302,59.85176035820456
100980,60.63235267837671
49108,69.12200853335872
41241,32.697200653836724
5680,58.64412612937127
29965,37.042569504960035
88144,56.53291190421631
87500,54.13073184116692
73360,62.766749791789806
100316,59.149798650687565
63608,35.404709675539294
63567,56.29911611691412
17161,60.320802949066504
2590,59.569182505424905
7919,59.25440481837022
99375,54.69951131197692
99299,76.06736846180192
23630,26.460785197109857
407,29.85428374168673
17719,59.87907467284353
7343,25.32164493412641
40481,34.18752426195103
84424,63.06273954784324
95827,26.118833366160565
44848,77.5279012893433
19167,73.15817591710001
63970,29.96167011490829
97377,42.97651520863026
62196,71.0420938151484
86464,83.8551162119398
94468,70.69132792514722
91423,43.43054781622142
88647,29.424815255668815
317,64.749192496618
81066,30.848168652355422
18410,97.66650383675835
95287,42.65115875715606
62919,68.5871694126712
38879,63.2455342672569
8207,31.544268148893003
26307,27.47771156186571
20943,55.73363670600504
53299,76.60221233902533
51425,34.26429037722534
23662,61.85057047265566
80520,57.028240236415996
8090,72.02040850588159
43706,43.06138253764082
27994,68.2468188974869
39168,30.103563608593056
62839,83.04619234707178
83696,58.3065159799014
90637,45.26573550379613
78069,64.4939100607516
68153,23.080387181721182
5392,57.67220784704877
26744,35.59454234501332
57414,57.25685789454911
57561,37.367429069513435
55106,58.626005643004646
76352,49.47705917180877
79885,45.14789313257816
40188,35.38077748938804
49298,37.17927644288523
86049,35.65509984379465
31401,70.21801840238255
84610,53.24871863846766
85508,49.706377267150394
89128,62.42225000608174
58432,56.714898331795915
69636,42.30550150672121
61674,60.7727161468834
94488,69.92591928123409
3626,69.22877489905414
19281,70.90903541417525
72049,39.49275133523653
85164,64.7052904904234
48216,65.04018109475291
37808,73.27257612452259
43359,38.06448550123984
60675,64.27840088579518
52113,71.61408602463003
47830,34.98534686532481
99157,67.99098024161188
1012,70.44983014644257
10581,69.25918167573332
34333,43.08001322162209
54115,39.622232777391815
67553,35.4211616277745
88080,52.08415805100146
98557,39.222877848988134
101902,63.71381439316932
71221,6.5939102461613
72193,82.73708014300202
8032,69.55840509107995
88116,76.88439950820863
56289,58.025059605619916
95159,38.0777189061402
10195,64.2023209368497
1620,33.83131854368192
53001,75.5359172544988
926,43.28631685852598
76290,33.873981631034425
16650,47.800849425424005
39737,42.36460950929854
1926,60.26693681221001
81097,23.044105059726917
14258,62.11254842730911
33035,71.9163430089964
99228,88.68469373844408
40609,43.98037695691763
87484,31.30216462040241
36755,44.15019555643985
1248,74.31020892181036
92100,71.03871338371277
84331,31.052947912133693
61605,43.031384336740444
33749,75.15716131451126
53469,39.474786811072526
18391,54.21626039342782
57426,54.18962680664524
77444,41.94347767321598
54878,26.43119017783372
31675,35.5249200325224
99312,77.10437729503249
97996,62.491363588582516
95770,61.195513224224754
85059,44.55822725194761
5985,35.001078995447905
51465,73.0216809363587
35144,44.62479980470122
33390,29.183790474003153
88366,64.33895818470222
34364,57.72181194945875
55239,56.719615287550866
99816,45.688238274359236
17546,96.8331889422419
7833,44.105216883371924
69664,68.93919863794227
85578,72.5911150035187
36489,32.0854393805659
61137,73.67413022305743
23842,37.97472386604581
61511,74.32657527157433
48807,53.89094070923764
1192,30.58465270175789
63628,35.395479485481786
11383,44.48274537493524
85497,21.294820062785536
3043,59.734930873665085
15364,46.34524695879321
47407,41.48997802146388
50421,57.392262291458344
45990,67.31997444029601
56882,71.7036329016436
67276,42.78874243183739
97062,28.524815870721575
59954,67.08716899531174
14906,64.26797251299672
22519,64.5774703318606
3801,27.841460250322044
4523,65.42333986415585
50150,32.735305367375275
86240,63.78874972611661
73111,66.77774336622238
90354,56.885107356615755
21469,86.89000548654556
85978,17.231044344606325
36698,37.166061074743546
45761,44.467281318442986
64112,23.130805696532445
63234,68.46474914550944
23994,60.76910189594278
63648,75.56985497265008
53249,28.16080376367003
18758,33.85347654209839
85050,52.13863035534659
48440,33.96019791419783
67791,48.43348345207605
18924,55.22380516544332
76419,82.95898773212882
31179,72.8238927235677
88387,82.53321958120483
87240,44.38152406450677
6417,49.6059829463944
90091,55.120812935611966
39967,54.30818070791715
19492,72.11918384371847
15745,71.6729582957687
41829,29.869787064553847
4276,53.656439485976705
55621,37.174406187727726
46194,37.0664433115064
34114,55.04815321126955
63700,29.4058783404282
98786,40.88214122518697
84316,35.80316893180206
31175,63.967675092025885
25437,68.16667987150598
73036,44.79945537357534
94543,40.6466125286821
57198,70.09866641397342
34067,33.94354889740417
60025,79.45896665978647
1705,59.512745210352705
11061,33.45420344040304
4711,67.79422331512768
68347,66.29616031192691
53326,40.046200123869276
21441,37.30264128946898
9359,42.041037652648825
75236,80.65999254572222
4844,48.15675385603859
5578,64.72047014671355
97777,35.24157162446506
80253,59.59810092215103
75298,75.8383109358224
73495,95.94758803725253
59708,31.258827992733256
21503,69.3473807857499
95525,32.29093163993143
53409,42.37477483054598
28592,39.22977343039355
22076,63.79140956625211
61609,48.53397435458926
73081,36.46808545930823
44158,61.26795494331128
85458,75.52936151115814
58361,30.344139711751268
49907,57.08582893439622
64029,13.55075598596623
98730,50.4451389341003
60439,35.600560257743794
8130,60.78274179077056
93625,47.39645971798186
5519,38.66224085405354
36858,29.28451370657513
15883,40.17942828229983
22069,74.4046847465834
90829,80.6093134174791
60075,50.4339595100307
91097,68.06039555163827
32583,47.706338970187176
102038,64.06373003556014
26560,73.73648346527
25609,65.56561018571614
38845,42.68167465699617
68566,37.27388101322727
16038,30.885752898122757
53584,34.86507511882877
83759,46.99875481020764
29102,71.87162269769662
60977,71.38060361516983
67874,34.04452154190986
28764,59.92332373959037
90667,62.043067391226934
34484,51.0847896674226
39246,58.260382120294835
79402,70.56596969860777
25533,55.34368966966089
29723,36.98141657762006
65912,46.55586297383588
36450,80.31758128225073
11219,88.44765559429867
66863,18.884174344565956
71105,72.56396606356151
2341,72.15259470122905
87791,73.78225420297042
75522,57.76506080744865
78108,46.27001209153464
39835,63.355861986181175
89377,62.82389931475315
95542,78.26607928727915
1162,59.67886947105309
73603,87.01441033000222
94171,38.374652049985094
78235,57.454817137354226
21408,57.82720551592546
6120,77.71253272266227
33638,65.02521336976974
67184,34.390793601868104
75407,26.917962485416037
35467,37.658611027910275
31889,45.207234056088254
55463,44.00422777237203
74554,23.88226286376144
58279,16.402949055744752
70661,40.01382016030252
8475,56.69808767180839
27820,56.27601674438788
52048,73.94927536664403
83350,43.03656886817292
34624,35.49129674424523
99045,48.385576637345096
57991,23.192539286319327
91623,58.87802950463799
100652,63.94414418296576
3979,43.704033978888404
91961,83.74026694234857
53443,31.940466730410854
51355,69.05305436491439
44856,69.17014809592187
51713,56.664083879602586
81922,29.747973074556658
72924,69.40641572190134
59127,55.96178585856661
27708,67.94510602126002
14484,5.6519686147059645
13188,83.0175188854655
75813,37.80598469664153
34413,73.39621871323894
8478,63.3226763380318
94525,55.05563218593174
90182,40.35302862507104
42554,50.61499623490704
68690,97.73120981075948
73345,35.267076997881055
79808,36.068349115439474
99140,73.63012193685432
84181,47.30171423479131
24966,63.46727906431683
58858,39.52676971602201
43031,56.517376246217225
18003,72.90886036683995
72601,62.56748706714746
34223,41.06798543261134
57669,62.836387397184225
38472,76.10331905781825
94140,43.537049788320786
78779,35.912645482707866
40584,53.63950051091444
57675,38.68245192857909
59810,58.80326856198252
72124,68.83265973203906
69980,70.8484796817205
14769,78.40494017681016
13683,39.67279694817972
56022,68.5780192575526
71569,67.48089540170835
67667,43.211895473287385
68050,70.65043635136477
39664,28.56093420962884
33607,44.90319124495899
11772,76.74724393670584
4010,72.82374788404375
55761,35.90456722153761
101074,49.369763660320935
26576,78.48019792872111
93258,37.911511761526036
4315,29.47454572736999
82225,66.01624267744631
48446,24.009235806596227
33602,64.6986802124678
71976,32.53681678528902
69460,48.40908415681815
17336,71.78189665094627
80447,64.78527180266778
65691,45.27649307420975
102372,78.9718468891177
26753,37.52042476165207
35209,20.781402319566574
42524,64.5435633812896
5681,32.28315974096484
58354,92.45659902775861
71571,76.31403166740566
6395,36.76615829142625
44386,67.68785885619002
68344,74.24179076622883
9530,37.61092105745585
68440,58.56310566053674
27292,53.10350268120442
85047,63.50225830724738
67817,69.69970472188399
13656,63.30892875575936
32600,59.078771445636036
44663,70.45136305841041
100326,81.97438960560342
9831,50.4862817270252
28202,62.125296132180665
4833,26.381266230617896
4179,41.26134101436496
2401,27.464231378664486
23226,66.00512335744746
97103,42.779915401956146
18631,65.4995892424829
85279,74.48177135916609
99425,31.479672787684105
72201,34.869160221182284
30119,71.93512370912788
49837,48.61879459060178
84093,71.97828743602695
57645,21.534965473447773
80594,71.97284146691165
14077,72.16910564785047
24294,37.18884844568177
2099,37.27796198521802
59391,75.87606557012832
97925,67.7945248961301
52936,81.20483940232883
75629,35.91683784377595
90707,70.9560798577305
36871,36.598597534163815
44192,51.03893908616101
47349,37.314372570294246
2034,52.70718430576842
4242,66.75641168583023
27266,61.92663536442742
5902,36.390962861977066
57988,54.009813427702056
32007,67.50142395211964
9813,67.4870696489879
88202,60.03020331799621
66051,61.23665949124369
10798,67.14661933202419
33775,46.034716128878905
55741,80.05983508850957
96846,42.56958208050841
99538,63.215637037458016
94682,61.29461143698893
70895,31.486009191007604
70418,55.171502563966996
13280,88.09315673699423
55923,91.43150511544647
4544,68.59152831174946
60522,43.5438939281465
19869,66.95482770165216
69412,49.10731568973446
50393,74.79476509417384
68912,60.772725473822526
34233,69.93385996642232
51613,26.414461895797825
22034,48.370650357265646
99207,59.92274565488722
80076,72.04448238437122
62024,78.74027591975064
36684,33.62932556623462
3161,71.68006519840586
31879,66.41146126566848
94391,60.203985745835844
43586,72.89776906888623
79954,65.96064807671925
46422,75.91716757499931
71751,81.37760223861977
1815,24.5892275175616
71490,62.87843233551031
16232,75.1031028823731
1040,41.6714462459863
60068,80.84027688064992
39169,42.90879126509155
94891,72.02220731358946
53094,71.35801910634885
67009,62.54650776384227
36752,62.412699174071165
44372,61.3712201584461
54813,73.14882683547262
66682,25.677706654801263
13277,71.72080346275632
90976,28.879187178122137
84462,65.8634401198778
95096,79.24692874493874
59291,37.62302743913969
82260,59.0256802569479
65891,71.71250892039005
69989,38.66083182210614
54801,74.79698225455682
16262,70.82447764144847
35700,39.44670190317941
58863,46.647268356895395
39688,44.13007449598595
78722,39.6229762031185
36563,39.489486415651676
47019,68.8043261702881
48082,28.454238949068625
15492,63.688667821645794
74982,27.364612624245765
41279,39.74116025546996
16453,34.90495174154379
81368,59.2135509166561
29925,46.383848094005856
44212,73.26514360794721
101942,29.93038157481144
88594,53.14748438528002
55830,39.225951935242584
25674,66.84611674541777
79149,32.683974544656444
44244,32.54607955646699
40898,70.23058270727331
44774,69.5920759049483
68534,55.32882844142484
16730,45.663723742284276
43614,78.90034450340832
33183,70.88402164687116
47848,83.81054110909261
56416,39.6748291821554
46458,22.84489374406912
4229,44.54962891773815
27926,39.013604183314214
23325,70.84951351688579
49472,73.5997584924161
1306,64.07313777310327
97762,50.62050644497453
48467,61.053024072556
19244,49.58414888116945
101903,45.53979685862734
86173,72.89197754452452
27594,17.063666970160945
71173,48.58835560979328
49216,54.761330465612495
46169,43.709118509101884
58751,21.40669173676052
62795,58.95374973238235
57916,67.19418431840947
15408,73.37134627623252
45360,63.85688136957344
33275,46.90094616641038
73331,30.15673116998437
30813,40.10619083691371
15502,34.385432945663474
93716,36.86300012148542
11214,50.33909555275301
87270,26.852473754289456
20471,87.10013888539075
61848,45.10271716026366
60791,34.67752404912064
61802,55.398957702940905
65465,36.09380620210238
26027,64.86607767595422
41067,43.67115816040348
22677,53.17825689756066
12651,52.21107009193864
5301,57.16097048267788
19531,60.39531823786952
4773,61.49155144397052
54667,73.6595936552875
52728,30.348570891600748
12917,37.01021742975709
71245,37.36531179926224
60555,71.42895146459831
63577,30.03120424879856
44186,79.71610569507757
34757,52.73583114166608
4597,59.548227862469716
7895,28.659442040875255
3131,77.02335018537673
65145,45.61894148019171
58850,26.824961615310166
71257,76.44893887089714
44493,51.44200133913125
97335,40.66210325634225
78609,85.68788274570767
51926,73.67671542691963
96819,43.48781863715397
102261,35.453196396434386
57547,41.979874214599235
53794,33.433247300845196
74056,27.647409871817402
18213,34.93797072906892
17492,78.00068421618317
1545,47.608064487026866
9282,57.12549022709806
80556,29.96297908991633
171,40.35315997413418
8223,29.152664886925248
95496,46.129655797623926
15764,73.36723619354335
23976,59.54167623365491
97050,69.99961956068901
85817,40.99621805845248
56464,44.51333819636777
69862,67.4547046222304
17104,37.2932294674701
93169,39.32713501825494
62370,50.05571446090164
24061,72.40461723018612
18373,46.38978125982182
35696,71.82356432545794
81948,44.75027282148977
76631,75.70099742892343
78971,62.913392729573694
7545,34.29806691321058
76435,67.97862915619248
75478,35.1892531432189
6248,66.73624944459547
90680,47.68854411678653
20746,27.609434244458228
47269,70.56492643496505
80846,27.466455046572204
31313,62.256911616726036
14376,45.918511565460314
81621,76.95518407597007
26601,78.44701109794742
64370,55.97250533299935
10162,37.949712685527665
8424,35.44395808200708
11220,74.67412722288346
48804,20.464087874585417
61305,32.196161647287305
1796,40.67697383583541
41419,68.05915845226316
50673,63.41232244493348
72053,54.776496069230255
91087,37.67863192581221
33584,30.24857202334013
26720,65.84673101545863
54713,32.164912409585945
67681,73.12333458281941
2138,64.01889765092915
29871,18.419085163952445
59969,27.75960620453909
63178,63.3924833528361
65667,38.852565666777544
995,34.07160091336139
26341,39.86895038765754
39161,43.140660905493654
35659,85.74169112808505
14346,53.87114092173866
85629,33.493642262010695
76618,74.50557296631509
100136,31.661826022548627
96748,63.196013272212966
54835,30.80430074895223
67182,75.88993023284394
23990,70.7096812749046
55129,74.9123351262972
8392,67.16909906321754
35114,40.94779060417076
76168,73.80036181080972
13700,42.28322660300654
36029,61.09325782943692
35730,38.32276230670931
31898,34.048978191017
52011,42.49724894276321
21171,58.64504938509296
9349,55.23619985431543
61629,77.27457509081485
94329,33.50830600546874
37215,41.33994616758495
19507,36.45869581090319
52432,55.07393184897438
8538,43.01062025052233
47053,71.40904119192541
65675,68.77423136303699
41588,48.674456450296006
78086,44.60621283627941
28433,55.406102443580295
19581,40.77045148432876
12424,77.87453973336679
60072,37.5662265013403
24206,25.784054747872922
60938,46.90047055752514
47389,43.44561268889237
61790,35.95322767188242
7626,37.354609812369134
1243,73.26998905096785
97864,44.49132572778898
40862,53.69583866041065
101493,25.980545678242105
19905,47.48122452104085
39878,65.94506032462164
76674,76.20328453154606
28733,44.800017033818435
100378,31.57263287857669
27578,34.97188042122369
22134,64.66486276656099
30388,74.32489493590134
96920,70.48963373377276
56613,59.920546066948646
12410,77.45370446247205
69826,27.81100684762461
34187,68.34287724521215
2239,31.315189358748288
53902,50.949534182888335
55663,78.7368404430918
54578,80.66045786456999
76842,15.807888690892938
24600,61.79959065696839
24913,60.34433997788004
8608,76.5546014303137
12415,71.57132927408122
755,71.569067679536
31800,22.439644843350873
79706,10.881550012316549
23007,66.39717035789958
90633,48.09163766435714
14444,32.06854459547777
76055,30.964305818174573
33196,31.0363376674082
47421,48.320283802881995
100773,34.36606678336686
14822,38.73081451512326
20486,72.35970525367489
74730,46.06677034897736
51316,61.2717219797063
25843,28.474532086429825
73844,75.29754420365762
93149,42.72264496976414
33475,73.13200364525937
87222,52.525680542893575
82097,32.46761212646579
65610,7.734774586645152
9536,30.148744628556692
25024,55.78621255089094
66608,73.95798037216005
69059,38.71429937048648
38202,74.23119570488197
32220,35.32723247999697
101556,58.258645994756776
33844,58.74539578965454
75075,64.35456201344786
45615,73.62362771844099
101891,41.48928213707053
12904,60.77117969256245
58405,73.54490082933938
93974,60.3992361970939
77019,53.079962888207945
74027,60.054581601654135
33619,78.87168846124494
60386,34.42102234328258
68637,43.77909876371133
78272,44.36549902733717
14373,76.5081584368381
25119,30.110186351691645
61144,60.13043922153407
61422,44.787568942275435
18842,40.382528106638645
51997,34.88876684604821
10081,60.53140693251274
4413,27.88140094545628
10590,57.698837795969695
88315,41.966256635256144
91998,62.523671472110735
95056,57.58302544162708
50215,49.900516449892315
73215,65.83773732343494
71908,38.369246289348276
77329,74.58533333533389
48968,39.08262417049718
91486,29.592471921793784
67254,20.55880172142302
45419,48.06814452837246
98450,46.76566423074301
29298,39.49918958833622
79028,74.06073426452662
25290,55.37472098017139
3062,32.767878249978125
23548,38.84264574512394
75696,24.68857646796821
42429,42.549062862480866
93335,72.69927090907478
23296,64.04897451510533
66305,79.8544865329839
75605,30.072477883894468
17186,57.933271210575036
92483,35.7361655343614
73949,75.22510315553299
11199,67.98803230133801
77687,68.14653145344352
30454,50.43796424262639
66176,52.17290669624733
52338,17.46201904016908
93959,24.540158981544458
60125,44.37141891105765
96045,71.48443390951229
28351,75.4788154088188
33255,76.41442867756706
67673,28.783099764096434
75594,63.89041474602518
48220,54.09413788479884
14384,17.623019474240124
101243,76.57333546172796
93521,54.54172413465509
58096,28.505135697201553
79815,80.6576912092452
69478,28.017116769758907
60756,67.88852379296661
66714,47.49532244426946
40952,27.486378762745602
34767,36.44201118063543
32017,61.44185534315096
15912,66.31404010462818
39812,61.17546692091101
17635,32.644285690252524
82317,6.792529837052488
55824,42.51751703881815
49145,31.333238452822485
17828,38.73054068560883
28002,71.74578107806471
18560,61.51243349413683
57648,37.90253932755935
68563,60.778863667370274
56934,24.745723166794583
17297,37.282530815983094
37945,67.34471038609095
62612,48.93914926709823
16839,65.33546196383193
28105,59.93882844277023
83663,63.837552313406896
28168,42.58717637854072
28231,85.27767254016143
46085,55.12197961080504
37805,76.70847218462919
21766,69.66231495390335
2302,38.87913695776943
35265,34.771143738187476
50240,23.753152678521964
80862,66.10972550052512
5924,30.033000224552204
75239,77.18727534758506
9682,51.334704119534834
49666,29.968990141988854
88278,68.92385179846254
80585,59.33149971870022
92228,83.5973252936058
90513,39.295937030898166
98933,47.346230496642676
85226,48.49436558341344
77557,41.38817017421149
88043,71.60886302839248
15455,51.4089480116837
80876,71.48489250915418
79394,41.45946563492961
74049,57.840986572664654
30638,61.212060333415344
32945,63.27133641644752
21601,37.101323055313244
96493,72.8152902000555
47411,70.2932306470675
82648,46.087633395305744
81859,62.25629817816258
45771,44.991357749806745
43560,37.5842073825653
47316,37.602890784616704
101158,63.993125445739366
56472,23.50251610127122
65848,80.26031449375694
55540,49.74608692772033
72323,34.320181319128906
19730,48.58157935595874
80918,43.52881970474185
81287,63.196599845280176
70994,73.77122356446039
95268,63.90582632282782
10161,72.32650649854301
57209,62.21375379563584
53340,55.569758765468976
15597,77.41631215394185
604,53.19415532578202
36352,76.48839043898187
98089,75.14149389312703
32379,35.5593095963138
35727,72.45713622390392
29681,65.08327788254132
82259,68.8836341424269
25690,71.23706814244764
65820,44.03611920599817
58798,71.65421203816643
90988,73.29154720792282
52216,63.44175456781417
46067,32.38531636284473
23979,79.09405179505816
8247,40.79363466805799
95506,77.44774600919037
63160,32.458801333212094
82007,70.62541189821238
8366,78.98810088064278
44811,73.33358914009668
5620,56.83327088231135
14954,77.76006582665816
53152,40.403368597152934
22454,58.145603512029396
49158,72.51590433550294
38774,64.62543366186259
102462,38.44069384798442
69579,64.99652808817623
74543,52.64174606117215
88178,42.7830541693129
19420,40.19471570988783
51001,68.21545188472062
38424,78.29341205130767
99260,18.306376139212805
79625,62.13661780380467
95039,64.586220527784
52328,57.695168026053345
9037,49.70579763585867
24512,72.97216847525203
46264,28.996036196812803
12712,70.3885461213828
44841,71.1561391355101
10101,89.14789335626425
3855,46.931781113169286
48430,68.85910112433513
50320,67.52538404288157
34004,74.50672297701142
54610,76.79887100791942
59308,67.93416897949359
19536,75.20105556942106
30130,55.966819964518635
21901,66.589886419075
48794,45.45958301073761
37693,51.06711651054039
96961,22.23197453336883
43691,80.1644320400213
50692,34.889405977664424
9730,70.20700818098545
25576,73.11117560947108
45822,40.41076248173363
47121,58.15062429284093
64764,57.56949903053627
39191,28.01181590581342
57570,78.1917623811247
11334,36.47638032140732
93765,31.88366907213883
34095,44.752279042594665
18208,39.95959291367238
32224,76.17713327414617
78242,80.78814134944108
10228,12.103970264628835
62701,30.258252233386465
12118,51.73949156725013
100566,71.68381792079876
50749,43.282888515489276
21640,53.000582043732884
23090,68.15646483829727
29661,63.2214243602526
44581,42.22859332101474
69306,45.79274703152987
36102,73.44428550822937
45160,36.26739388231029
70462,35.92296086941154
28157,34.58381056325918
101810,61.73816614066311
71159,32.285693659174335
82136,33.710632455109355
69824,77.81253014955718
53784,60.6241170241059
71701,60.2971603255614
74025,63.64228752413956
29060,15.0828826327132
16560,65.08149861902217
81759,27.123587876614202
46114,61.32617693040757
50261,25.33845477967906
52377,73.41118732832325
7781,47.878811564963044
30189,64.9835507018663
96767,34.107808173394275
6139,68.26821669720249
51138,48.72482761135285
19864,45.61688067022544
88211,55.51867139513813
19588,72.02410423325108
100539,59.83297506579774
34583,39.40733934745897
89296,45.83859474356919
4363,35.33947459941699
71531,27.781604324087745
74424,47.939757880264054
26019,76.4038456509781
94754,44.421560246166464
42793,53.65380470659194
95504,73.96735498249076
22305,46.77667627128326
13722,78.44328113520668
14309,33.05529523004735
85660,59.40890908016945
85782,32.1063064282497
95205,38.99086410464415
95116,34.82529784628669
79357,45.23296315267871
26488,39.61951356336739
53271,40.02488975909754
30665,32.8981902023606
75858,81.52523987415225
41649,38.36369003294073
88490,47.951495993787944
56733,56.95430515919135
93051,72.21260111659052
51900,41.54577677014982
20667,62.87846632321655
96841,63.70745998356721
70662,22.09348848365719
4631,22.194893467081112
68730,51.31210902956979
56869,64.81245180785788
56206,64.53615436292404
29592,73.59064078199538
101350,61.829198443418235
48175,47.3340395606387
93973,44.78087057055272
46963,60.99419221849166
87812,50.72154454410929
23674,60.80396345296211
52182,60.04981027464591
66204,32.389506881453265
91075,56.033298893391326
23113,67.23777861666062
86097,76.26741322262438
12680,35.333149118878836
77408,31.528621870824992
6046,61.800851873769105
59539,69.05828525510802
38596,33.39155028135624
31937,47.63339907228301
37982,24.205192253917755
77209,63.64234684390331
98091,74.65527141006918
72282,32.741397631741336
29134,74.24638843604569
13987,61.888096879619326
97136,60.32934729335461
38703,79.80405011908674
82222,72.1952707030547
36172,79.00101609030594
91178,63.54894370100917
60455,67.53984106027862
97786,57.44929375745137
75238,77.42934164847259
8597,35.055269794901115
95851,68.48904986905464
49884,28.15144606168494
34091,66.10330383786976
14803,67.81368536598796
26294,46.26351055991903
1884,52.527442570558385
62382,28.224024192098273
84999,73.19558111058765
11758,29.3526805744227
60674,70.09968059743206
76509,52.84959717610998
29347,70.16421210088171
52966,77.42253513294764
97920,35.023835635482925
169,66.12618603938131
7955,37.862262790171094
14978,78.40805188569753
61138,74.70791274179992
95047,67.08831095418535
40990,48.78771522972287
2342,38.17757503979435
25496,48.6720406939842
86463,62.42926470926757
42830,42.5345161381483
24457,61.3942276456397
57394,31.767535430659557
54456,76.50150184627768
74846,32.207828145854236
20427,50.846068604970995
4175,35.01069220094841
42108,67.43192110681107
75717,67.93898317233011
86231,28.095326912748128
56889,47.27861954236646
4191,35.34174209602822
62205,61.70117008371174
6270,72.18937468219877
9244,30.9562908543983
33576,36.124699541391486
12757,35.748863666101386
75811,67.30470246995702
35200,12.933230432331655
102634,70.33409988020482
82880,33.27129971055119
89114,25.38112339140669
97874,33.10862250513422
101690,55.139440252978666
8759,28.90316653908915
42798,70.10163183294486
59001,29.02204253883983
13978,63.497573059575494
69923,45.13544160277305
40243,75.7840591213005
92740,62.45171738355516
68223,34.04362294601186
78470,58.240347312876
10254,71.20770093254355
49185,69.9457446071255
30124,66.34351916737987
70146,62.56182797493304
34438,69.67310227237077
40022,38.62889710967284
69995,68.58564820043748
3061,44.151726466415404
8494,70.42045419139575
46138,53.99496635794048
26946,36.17053862172683
17826,28.86289782722803
59387,60.00287728184549
86771,68.55166544715469
13672,64.12258587114627
19174,37.313911682521216
28762,66.51465014029624
86191,68.92525310195964
70316,51.98597546129072
21004,39.82242889895049
47206,40.64742526110104
50219,77.76151696714385
20863,78.3803674936092
100569,43.44867337210155
101927,92.27453798956935
922,60.419348444413465
69503,54.946756135771096
77180,67.86402795975474
23288,46.722211103618
52541,78.97956016498705
21555,80.15091262174803
92493,77.4383977197531
53839,48.88314077872259
23774,49.12776798081134
73923,68.01458573344033
56149,55.04884317134987
46467,52.97129402348506
37294,66.0544545828377
102645,59.78290555664269
69782,32.37836798923139
71424,68.3794434068598
99058,58.35512501718492
14437,35.895783162368254
16609,29.97766177856343
64804,64.05836658597437
99019,21.569914789656117
40892,72.33427937767594
92457,47.03451737068715
82147,64.68417499072524
81171,55.932794035057775
194,38.142537460839655
58980,33.552338643175275
22509,56.280639321094824
82827,99.41342193022018
25037,78.24500433902296
7013,63.17803367641917
45773,39.12241585105553
100503,43.80376975026751
39209,79.97076260730417
97094,29.895645974301775
84956,87.06091113776284
82218,65.44108473735284
42166,46.380390533883215
69213,75.63454869844361
12019,77.17141932780429
15942,78.85814609221867
42906,36.38047484503974
61519,65.71448305108594
58497,77.96602737671634
84949,23.710869027390352
26492,44.00456936948083
49846,78.20611318780999
43287,66.11436822932316
54355,51.7526160340406
55019,67.2771487962251
68560,62.715806414118674
31794,86.25811241783211
6232,78.68918404005872
17677,67.77632113837471
51423,50.418218379645594
56021,43.912637519240654
667,58.941990883930075
39719,37.55530418796312
57022,26.834392142425905
3638,66.91725982414079
40478,83.1403545525035
87203,35.80773137653157
30530,64.30849641746757
10144,67.70306321625452
92787,72.7749220527741
45314,63.18247319818105
19892,54.32216247077295
64907,26.64296152205074
63655,57.1526742425344
94136,31.234351119760124
86455,42.30702687264151
9023,82.14229421865679
70506,82.55958673315456
63127,38.42231525310719
72008,44.771234414335055
84636,34.44402721072305
11528,70.35388817816771
55470,14.57230356878118
23665,52.81933210975228
77308,80.14563872641043
57964,32.77957745622011
102395,66.76187541436283
26752,58.94200251165311
74663,48.013636307953476
24481,31.366539426138488
20271,71.80900225695609
68536,50.1270737930941
47037,36.97773216505855
31367,70.57125136702878
31715,69.35027990206257
32714,44.95559958696939
55204,41.302627077965575
101156,36.8423403988239
71358,46.55459472275241
71214,39.80998232527087
7773,54.46067631564291
83997,59.376244141898376
70689,72.19946655662345
2813,76.84417333310155
54998,56.86196992507599
53433,68.47152320495985
57067,78.21342440019103
80098,33.037128943357956
20246,58.69024972941345
4826,30.15069497938049
43791,54.57364318997712
1499,62.2364096895519
51937,68.49687540037957
38781,66.02295498615447
52293,26.707070998502466
73794,36.67036153155966
53922,44.53090559494077
8112,87.25901740394158
27321,61.08563174156487
77383,41.39792962497215
39612,80.67961136207943
57494,43.322463090184435
101710,49.55427815077832
37656,20.174851814153442
19127,60.58724660415528
1668,59.967690184858405
80783,63.758506453587856
20503,30.08900559041379
32686,67.182713023638
38861,67.28389584513963
20916,50.636934423584016
93990,29.532464646862614
33237,39.92834708948054
80031,29.080456926533707
33397,29.14179686050548
66069,51.79118305902801
100437,36.59074286300892
55413,41.69067440334405
7089,35.46407673710852
22464,75.59471698000752
81128,60.877074881641406
95051,38.546858726801396
12283,46.25201032627696
58622,35.33453466321434
59744,92.02223192729244
36825,78.25803577393972
72659,48.494601824890765
15347,41.16464815397978
77251,39.268741458989666
26498,81.04002305161687
49776,67.49213092022303
67900,69.28614471417842
94534,28.92549556400374
14695,31.871321184252558
46028,73.65185603280179
81901,63.303993281114344
73582,39.3931157549253
19774,51.39574777486796
35825,68.079911874634
24844,70.57167625467167
70540,63.22763102871305
50229,70.46637142490391
94990,70.35215691171189
90737,66.88303196068483
51468,35.388923377136145
80866,42.493664824825174
56291,37.349347661305636
76956,47.655491340534205
3411,61.212912272935725
14138,84.1580310959584
63058,54.754479688848626
53157,69.10282134482645
48938,57.20411830037443
29385,64.96455914390181
66753,43.93039625916476
97828,56.59316099640327
6267,59.87790741761854
8285,50.775647368484
38644,48.55775821690362
79570,59.229785024862416
49201,56.7896307289467
25522,46.98329307625548
70697,56.17485500647984
10481,71.04137363746564
22044,33.96589389250284
6877,45.023815299537986
97371,63.74363045387269
31289,55.79114276184128
17994,47.06574864929362
45643,49.8137974450718
76100,39.07730017534865
73242,46.05909556261894
4936,39.03583238519812
24655,72.74802287392234
54266,77.96423681954434
93280,36.530586369352974
21440,58.965161552521735
56305,79.69312687926262
96785,67.52540137940633
16317,26.42049195895417
78495,35.60855081036285
29817,29.234135758194064
50180,34.57708082628701
34347,60.05029503034088
64484,28.15552273734419
81235,26.09277803858057
26849,72.89735608444138
85674,70.285495987981
57760,68.46404567462402
70061,75.9135873297673
48254,58.679325363572964
93351,40.579317176488466
16370,36.25477202302291
53233,66.24461581231304
1479,42.87425651791169
57800,56.992962425874225
38962,71.62214810101577
25661,75.79658856403371
21133,7.899922325763985
102661,31.045291460674513
1024,71.94360459759864
44957,47.360110480205236
640,59.43836338935188
22985,14.544890442329773
28559,27.09242191835491
9174,41.14060481976162
26695,84.98186412508858
37241,29.02969465695754
96526,37.93842900164624
80182,34.761887979858805
14183,34.31720607380623
74838,50.775229866743665
96880,55.05216140411882
28233,49.68300341745678
90027,54.356110843437854
69537,75.99065124601
96028,84.49833960077747
21666,40.83219841509238
69561,49.9265133357069
98366,0.0
17160,67.33787610589116
78746,68.82000531668653
82414,87.49257503588098
79955,29.887323103075055
74101,33.47416130210356
9800,77.11553165858047
90529,72.03874991749112
32717,60.002931603082715
82356,60.355228046410225
33192,78.30183169379913
53000,38.58713265248528
25270,55.165642144485815
74005,41.710927034843245
37372,45.26338940488869
68332,30.43514282861613
67470,47.43173924126684
36292,41.666455802901694
27347,42.797913887277815
30359,62.15333228140313
45417,1.7620921578298407
78368,45.3641422375835
18402,79.66741667420916
88874,43.08471978071576
90887,44.496449306630545
63671,70.36337542330523
33532,70.51867466364621
12106,58.92057495584134
93827,65.56431216133552
46225,40.48665254616671
81424,38.52575498057062
85749,58.70900315078895
83321,69.5292961207638
50471,36.10852472329258
48847,31.70579277272867
11017,36.50202505056315
72594,84.31261134218698
21195,60.13672585136382
101324,65.88180246002295
66201,33.391756697304494
49588,60.230091286578855
60818,36.30469761173419
75949,67.46131485269024
5449,20.747700451186194
63080,45.39171873662996
39807,42.00107971870096
11750,49.19011957671146
63337,66.07957665407272
40019,33.55698960605105
25789,58.1524340671409
44653,63.90418545481852
93680,32.29485159811401
18351,47.927584221882256
88846,14.274846641204622
63183,56.541244704063814
8343,38.44832137367766
50377,67.39486268184558
507,71.50974640997828
14545,73.02317908144201
4353,64.74968182639785
90221,68.81745691718322
63824,60.385408585947175
35694,63.37953330706843
40069,42.21899636695561
25272,62.67471934655236
21540,73.51076184589955
30457,69.02385579476717
11389,76.26099745258315
66100,36.42950712157911
49688,71.6487266465771
477,36.884096088044586
36948,36.39743694090512
95213,30.384975283265188
83518,97.29126354370308
98970,79.21212080902723
58300,46.11488514828679
78553,52.92844035304678
70794,44.9718528745866
32772,64.83826324796641
88903,33.89359496871831
62819,67.84892657577922
42238,33.680059566432035
49880,30.091121797973955
71636,52.260504693884315
69673,75.03105664112798
76154,46.46272364695933
78082,51.128984497774425
66306,57.805844223278854
93552,38.35703450692553
27378,84.38666345465849
70192,52.70841592243491
87777,72.77790490930562
86478,47.16386933871307
8863,56.53281698582214
21842,67.2752326802394
69885,40.27930082007617
29960,48.640020268347286
54975,38.68415967172543
25392,49.77600618934798
49643,30.362546003561853
86996,33.69446927623032
20608,40.60930256692479
27700,73.29854480072132
37082,69.87252636941156
3699,66.50879460428577
5627,34.54808695029963
83060,39.57447351745806
37454,39.127731746646404
62492,39.101723622071326
21434,40.74049468190248
22233,18.490176699237875
59365,32.358781046273286
5914,83.36540654071365
33279,35.98118107337735
87534,62.23590868055786
14860,53.437919146875245
79247,74.78798818577681
46681,59.687345233484834
79890,56.764999911492
86305,34.22893953485171
95874,33.8383904212087
52591,47.833053474751665
87116,64.17830842421839
31245,32.44654112621568
59953,38.19003309410345
100029,64.58529241433595
89577,43.079517903872386
102391,34.24114095406951
74975,81.15624223743697
60877,64.43203884735857
88130,70.95360273200309
52772,84.83705139836188
37889,40.05346088922222
35883,38.13906793330774
74742,30.932100194706663
75663,37.980421874717514
14375,68.26186234430168
82520,46.012866613332406
6911,71.24354164072832
76017,63.96504220467898
32316,71.42173356941547
68964,64.54165908976262
100753,62.68535122811517
56323,66.78620846389356
74257,62.26652021182977
101488,29.218151338472126
66479,60.096813616085754
68119,42.501073680355475
64117,74.35689720695586
38635,29.871119332666908
51583,71.69008296775365
81777,39.3937260451232
85122,40.593525449855434
8711,51.530464295594605
13183,71.0746653736013
12663,44.11894684647423
79841,32.46284131335833
29403,60.549817991837585
31184,34.103467572065504
3381,79.9799405437289
58151,78.27624525512451
72543,79.12828376788936
21535,67.99038258151259
26889,43.874733011034586
82209,47.14363363203893
51689,76.04860058904228
91791,38.45116619643045
29439,58.89676781285669
10252,30.17542943117171
5986,33.508178954044865
24917,29.05145291126988
99955,60.99378701292517
86089,53.57732797141361
37721,43.062221937856066
11767,52.41692753527276
45504,35.062190822448486
39652,24.009732135061217
27724,63.83939361353096
40672,43.11666429310607
54542,72.43586783983204
78179,50.50248130540697
86747,63.83365955047077
202,63.4496036802131
82900,48.9437068407436
48423,67.37678174043515
10860,56.057497860496
48505,55.208709845843075
73191,70.2156305291818
57722,54.413957084853294
34462,50.01532490141588
27118,35.38070441058116
41258,61.17100037963577
84619,66.89242722654319
50226,62.87155210333566
4372,21.288369623600126
50141,28.358027811286824
60837,75.00460048131345
34545,54.263014492293735
95527,66.69221618763285
98147,65.45304445488102
33906,32.38023818549922
9315,62.32079462122955
32029,66.30675146055458
66455,58.6918905575359
44010,51.63017136258266
47250,26.081347422384745
33083,47.08283638077504
60505,42.36781412587088
44604,60.89933972086109
80165,63.25637165022927
100073,61.42782668911732
51553,39.351515073562666
39181,67.76815805895677
92785,76.60246070954537
96695,74.61109919346433
27811,42.925760124244164
101983,70.44717264656916
92467,61.16062099593705
17281,53.81063787077599
93805,38.782549494948974
30620,56.35874871753876
85526,39.071151664847434
67419,28.38227333498381
49864,81.60916514903784
77906,33.993492859636284
89458,40.37146954527739
49082,42.77189398712773
24697,67.10795605197363
39931,36.71210819861163
24633,32.399333466876364
31450,64.94053756830779
83026,40.78893019027919
57151,58.019094591165306
7805,41.11212442522025
51897,69.86662259978513
91550,58.10291057180183
44491,70.70591138983434
53603,74.84556241117151
8959,48.96412936274221
11806,45.539726867987376
45403,69.00057391337353
79914,48.215645180171705
92645,70.02231083723846
46240,70.06030232543752
53174,86.98982866484428
60714,61.34146709570217
37489,72.23168027240837
74962,74.98640158429171
87475,69.97504161855933
79971,63.29985683334999
67809,62.50573618083575
10403,66.48893951928049
7946,68.45070672462835
89202,46.613782506010054
54178,27.15493998802057
75919,31.648619457042237
70089,36.140419383482346
65431,70.4474927647604
84407,65.63395010121339
23729,50.913921753350905
7893,22.912855286055958
59543,74.89968405347491
52272,69.05172175852964
56384,54.4806723429843
101392,77.88199914862275
21495,63.10396243892346
101165,44.08822956923155
99601,31.74198916466718
24075,37.61644752511227
50097,63.41339472680758
14452,69.01608111447757
1469,65.65308669407908
36543,60.720240158065366
18304,43.99987704796645
89923,35.47223888942425
34131,67.22265709199054
13127,39.806068682537074
57472,74.99264093946155
96549,57.411710881325114
61599,58.78226647728488
60584,69.90890471703189
28011,60.927899433445944
90873,41.114326287591474
11524,40.94326015272101
7823,33.57242574718549
99077,40.622254725429535
74480,42.282136633154096
59900,41.15451960945249
33513,26.688501344987646
42344,52.336367331499986
38977,81.12511670338972
47264,77.34030497956978
21113,32.83784040360417
34614,63.873298336680556
48490,42.29449201334388
89902,66.05580577371623
65427,55.007859833443796
18426,75.40421347090277
30690,79.8767665602434
83420,85.3868372629224
9876,71.84021055309171
92140,77.34708325347674
96377,67.5026832979319
71067,58.92429924822517
32666,52.89619574554298
76265,80.46315928842868
100167,26.06653592310395
72271,74.68629321854846
92768,30.813123191395455
15244,53.25881674477363
97029,61.876674931651266
89466,62.091437204459005
96324,34.028609240273
82547,41.93105247259492
54785,49.838533720659484
4577,70.40786670855968
22074,57.88988643247625
99569,68.74732240122098
53232,66.0630752420628
42659,61.932906421125956
39024,34.98910638541994
29516,45.637356327838134
25583,78.7268505238959
11835,41.93019575097914
85234,52.3238928679308
20053,66.75600124412719
89826,38.95742587722394
6785,72.8016557929954
101478,78.97923274218097
90686,70.10719704751261
23540,80.30235474904038
62866,59.80341510860516
29732,23.725106217327227
93063,75.12298869027055
18328,74.45519023683676
81425,31.889765751819652
87906,28.470011565421068
73390,51.24418002477529
92620,39.47247149746309
64797,33.73871667194486
10350,62.21372633856245
3681,50.51829216236116
38217,71.7473459613783
84246,76.40416345552293
69986,72.49522901312194
99512,66.67789858225329
80351,68.14750591765636
50376,44.151331528136694
64745,35.88756753226904
5333,46.81521997058066
71855,40.08156462885247
63196,70.87987537272016
78852,80.91932131757598
14540,16.3421850254428
92281,37.05213126573895
43319,38.60376861122072
53183,58.428817888677855
99914,47.55549031541429
53765,36.581623236831796
9281,74.89618492378958
9142,39.32043689929664
48123,67.3953398552972
77655,72.48434026375608
96937,59.493089979283525
63421,31.110807579923634
78104,84.4171045296738
11101,70.087863399522
32080,72.48397847529466
9193,55.00741595765193
76304,78.39897914373525
77956,57.38417314016773
102612,72.63277602977746
44438,44.313189646597856
94486,32.33457336779256
18852,30.125012042097513
86801,40.1149631142204
15957,28.891975115990487
1407,43.88485392663071
69772,47.619049626172654
3201,61.02892228182132
68052,81.4627394046914
47817,26.915190220292352
30947,71.33491476875619
54285,64.22359088272276
50550,34.76747744068698
67895,29.51246789644044
97507,67.4507101040671
73037,36.97039642374957
93645,69.52069317031119
13597,27.029182115174866
4802,33.51870087405359
8875,66.751160933412
74764,69.97819937364063
11638,31.707253847331952
2250,31.794571864076048
73073,23.93117234160131
76905,72.73105132834563
31237,66.19033208432751
54137,61.58004355218493
44824,57.953760537759116
83494,59.61518497476648
97079,40.14056027720593
24569,69.10262973531405
7038,75.57914787294612
38228,72.09900491617086
11268,36.482479711726235
86987,41.15754766033843
56006,15.03932913216099
43812,44.96674018778731
37510,55.274864279165044
28172,52.864374744822896
27530,36.65848250752802
25927,31.841083274968838
23137,66.45189584045895
39977,68.11983088823736
44726,78.77817451512911
74120,32.64969310635153
96181,67.64691969089277
154,33.787509616557784
79370,26.72251493135149
78623,52.611025417280985
62910,69.85475892851409
25717,65.21818175363182
31328,67.62280482587022
94316,75.24266650792073
89965,66.25631570023054
5894,58.23507615133195
34400,64.4782437787255
72280,79.92132926592373
40339,64.5934115378182
69755,34.63115502321208
35032,60.01485486369535
42823,69.94863269504029
98740,26.187170131631362
96562,41.762947500727506
99370,42.415047799741444
9989,64.0255832441502
101209,59.02077135383904
66288,23.826195093412608
41267,53.58302332935759
96081,48.29838178191383
24800,67.08217082803736
19312,68.73907236008165
46014,56.4258143568114
37766,35.078458053870975
275,72.0108522250697
7918,70.7300029623955
65160,37.74710747935796
78996,60.94995742127899
70486,45.3911888643648
47814,34.52028164842961
52172,26.3328653000152
73864,51.38882154880139
67077,30.979748592966256
27783,36.31587904853302
66724,47.7933366722056
11463,34.46305402949032
70148,41.84324203024295
21968,70.45766989585624
55405,72.87520326505899
82397,62.39894514751038
15724,74.41883346021373
58247,37.0526812063516
5502,28.421783020237402
29031,70.83442416427283
43732,65.37560110245151
12438,24.785190206950013
87372,82.53040017727093
12860,60.384030896006394
13039,27.54364392957762
72993,27.031288058163195
8288,69.1224950938387
26830,53.14417938836364
29487,30.703226549704535
74771,62.10405365307773
95574,37.0382690082298
34184,72.15618300390044
66886,58.66206091598875
11786,68.71755954169667
40838,64.24221156280228
93180,58.43932874428036
86912,43.781830487280075
52427,63.30457646684006
84716,68.02771919312772
2423,75.17646824890141
38695,70.80154306235801
413,50.59165504506383
62518,62.07646767900725
38061,44.117487752558006
92773,73.53599334479921
35645,35.120703565746055
37113,59.256162156250596
27752,69.89264400719972
71737,65.50342824389111
23082,74.47831277637403
8498,76.35055895445512
15360,34.74928206272889
25127,49.46296253880323
36598,77.29200283503417
62998,52.62852400196641
12168,37.32039366566962
11526,74.85869034192748
24743,50.98269057100197
15555,49.32071410519211
10881,41.54793526542034
69315,34.84776961046634
3577,43.49243702748497
23450,74.67935380618468
39770,75.30564541361343
33626,73.54764761509703
24632,36.69586530919047
15588,34.48368520887155
76519,52.23456896017163
18792,44.88963840808791
27153,39.24165001550909
46972,83.90698728150086
42497,61.25757756361183
27201,36.53086859616821
101595,62.162560617066895
62368,37.459004112456256
72914,62.57607007420016
23771,37.03860600197135
100812,62.65385587930965
97383,63.28342040460986
86065,27.051181855182513
67714,54.05579079200507
45450,20.7532134568685
33009,39.69662334510787
69470,48.30986653381175
22731,68.24951443725925
65882,39.08186725019171
45392,36.23910627911798
47989,36.04456091815412
42245,28.06115675459275
81340,47.67618721601077
2075,64.74705713868505
15698,64.42471084891349
98263,43.66583402425661
54057,53.21449554451699
2372,41.96261703588354
26723,52.31952993397404
87638,26.969539334239187
46775,61.381167688743915
1487,52.49047700457069
53964,73.56788734765317
80855,81.49093820842575
70808,54.59152765405166
71512,32.49134092265852
34704,26.935833696261653
65390,63.39704520870169
93740,59.827703065172344
87752,36.41456086991112
73869,30.013245439339755
32186,36.43854247496378
97806,30.4576802950095
49733,74.6592716443584
11712,49.728312807458
45378,46.73885694967902
5109,29.228611328263323
81184,63.625636734508426
102542,42.52203655528949
64790,51.794116629396626
86348,22.99473923475004
41953,49.30435510630754
67151,53.731016883311916
40587,29.111408127944014
94103,72.27069543776445
34895,62.11657150320893
33224,73.24537965384394
63630,27.455944345751462
13181,67.11799822797877
18463,29.076094775303332
39088,73.07596253798496
34532,69.79750892417034
39938,34.44881379459268
357,26.90911946354972
72322,44.32451393133249
101343,77.3633817890641
53711,58.47793694334993
3,36.62469814104446
31044,60.644708768423826
30618,76.82183707119165
11301,60.56151726748274
15427,45.736773963743175
56509,61.72062075806272
22831,43.34910548720712
54624,32.379748610478934
79192,34.23696890323003
100595,76.95380864264213
67945,56.98546542341871
72224,68.73143202785582
91025,22.51455134717485
92434,48.76509082960851
17114,32.70407005128159
3204,59.4595501620218
87373,70.02177262408014
27604,28.223808708419085
1007,65.06166423352384
41952,66.7175877081684
57365,28.76590747761601
28844,42.814541153831364
66575,41.84440358751393
35288,65.2886279317554
53557,86.00460091556698
83407,26.871048316753402
7619,45.13499009383982
9157,61.5544924169362
28397,82.33196573681354
30271,80.12406735168685
17019,55.89850776602452
13524,65.32403933892749
33338,35.76833241401352
9348,25.322011296802785
31768,47.49648405353284
22264,59.30571418103946
55929,77.46910326616529
85489,38.86428468174713
62318,44.70198546266724
97503,61.46145894584438
58068,31.375436119806814
99860,30.979270481117435
6335,38.061767328732664
32358,45.146399460085526
50051,72.99394292326848
73854,49.98676031835603
59746,64.53339745312333
2807,48.27983648979138
66987,33.980619232651215
89850,70.11998836761714
8119,31.588550638914946
42730,67.53944758206434
76980,35.714753824964184
24363,34.716817233539636
40334,39.21458794009158
71585,63.59396811312399
73509,19.334708610703082
19442,34.879655385413514
14643,43.53390948816687
88222,97.27705142450078
33507,69.21195035640442
54615,29.549318559073697
59283,81.09067732734582
61929,37.39536886227147
44395,49.25285329231283
70613,36.44237558060104
94745,81.47345074190298
2489,46.20232187481726
83116,68.99122363723716
77430,41.07702603623824
7693,26.164675692379166
86469,73.62214281363416
50762,75.50377259493081
88286,60.79159875941943
71353,40.91777801267533
36860,72.11419303299496
82368,49.04775095708388
62079,67.65320043467207
86682,34.3064707612637
10999,35.98042960152004
66571,36.184434461754364
3943,71.93079814339427
97895,53.780486769788006
54062,39.86981848171144
2945,41.16759948247899
70741,65.34904151844245
63273,83.60599845024974
37000,54.4353989897993
86280,36.05959451636464
60187,49.014597826519676
18632,64.72020649134572
7776,63.57969322149533
9133,73.35237932956865
508,53.76577322973526
97182,53.51727574542639
75762,51.057402569426735
85258,36.8415660135035
84276,71.13303462091892
66698,76.32331274565017
30621,32.693003170159216
60546,28.47084484893142
75559,33.77013101800715
86926,61.61071529549194
93937,74.2202332973593
95895,62.8985518417327
44942,57.38213934568404
83675,69.11755868824609
22944,42.68851055953198
34702,59.002690787605296
37747,38.69101582480479
66976,62.99554923224527
98368,70.07092650458594
4964,70.56140972538901
24203,35.486234850942544
715,55.66378438637375
27685,74.74208358921484
97400,89.15854513159249
57350,19.677101259676412
15781,40.253986034695686
32177,61.60631587199524
19799,76.2980490463519
37067,64.21993678145049
55564,43.79104946489613
69447,39.84817361442646
61257,32.768437369346955
30336,87.849379066093
52214,68.67746545177994
59721,68.37241097054961
85408,35.36493522772219
42452,71.74014509632686
52750,46.35261733019754
56883,66.86420909586145
14186,33.61006881179889
34600,41.554097048372526
12561,58.702396564105676
47716,74.17861317541784
48382,40.21607594263299
99715,62.96184781910291
31359,81.52565428170246
70368,63.70495673402002
15610,47.04878444046433
95867,41.528941155286454
55481,39.61128402950616
11643,72.54506871366468
73524,46.658596459673625
80766,59.944359790828464
27226,87.37216212957043
67225,39.34582735991225
71882,82.15612049341121
6918,46.301492501519036
97245,28.61320443488383
7302,47.527953166029015
52834,59.17875495849039
38463,34.2887039536912
56253,67.91622877339138
98848,80.17959112044723
21001,31.27393994847492
26349,34.275657105510994
41555,70.09439070120317
97385,36.24360409967581
60175,56.92395734821575
3431,78.95817550430544
14817,70.65211752956938
51358,49.57923751349189
15950,25.528165000705187
48584,59.2548896100892
55286,37.32160680215847
84232,32.65586662183758
73272,29.400319128173017
17503,16.269988839643386
47271,32.027045859354665
1124,73.1396666953103
65956,51.257875564953096
79160,52.20587307352399
34676,67.52551347881331
92550,65.49027004405592
40808,70.03246193017705
102639,38.48283857734389
62045,66.55535811830916
83046,78.20189912181135
10099,35.25415900170486
12758,85.69208257669703
95357,43.80675315244834
101670,32.51343518262507
77194,62.29836786069444
38464,58.046141180408384
68465,50.124112124074266
2215,64.16743708905611
52812,27.51234217447213
56928,78.83737089616166
47131,70.47554673605501
94445,86.03986686995391
70799,53.737957759942425
15367,50.667677254521195
35184,63.552267756695095
74094,41.62103676905025
43468,52.34744723071228
8565,42.45681856604705
21926,68.24786377502278
87739,42.14761974709705
15337,30.79861610097744
20946,72.01713169289238
17869,50.62412362399408
88964,62.97905294983335
17094,36.52884415833754
88604,49.72450937891059
88427,75.57567605160548
83012,38.41037561347499
81550,56.276270181462976
26699,65.8463499221049
67212,58.41927839185564
45559,51.88057066353714
54312,72.58431551998592
87385,57.31613341468021
68801,35.16913589783358
43134,74.46700679172113
13367,61.06501836117599
94192,80.16407590222263
2276,33.50691170053053
76740,70.42756230323438
66941,69.37441608379231
100370,76.04332984748811
72821,37.542017336371885
102104,47.21712032826527
66704,51.69872558151513
27736,59.70462948272103
18125,32.01431143801681
29396,54.31785015785472
46828,54.216823845841745
92597,30.909645944282037
26990,66.94877151989108
94949,28.184110304584053
72279,38.86723090811626
14693,58.14166242509556
65537,76.39758416848218
20366,49.98463860838463
98796,47.60354391891398
55650,52.06793471215617
85516,51.238320271803815
86499,80.2539493223877
21703,60.37666165931208
24227,72.07693597560657
42454,60.602937909213686
90479,61.645413378887056
65653,68.9617002528864
888,57.82750482424908
43568,74.8472032463491
67074,32.43477150397088
72683,49.86968083679845
101077,67.97584026264826
63170,56.374189705711125
5544,44.4704187096793
45603,76.33059759325239
102088,51.024813507242754
68673,71.60638135923307
44467,31.58533203519972
2501,45.487788487946474
37596,30.570534053000642
58689,39.78556878729882
2531,38.99904867855645
65337,70.68603542902451
102269,46.709410613641936
11329,51.318251127829654
2651,65.52268019903813
73457,71.45843521643187
32631,41.67278084248069
74674,31.963473471135615
102050,74.40941745885102
10893,63.28817969626066
89212,37.84513481071152
90467,53.64555182246503
65472,58.733547123470274
92385,56.105068157504206
42380,40.87444810237214
83269,45.628269035471526
58040,68.8470957170035
16789,27.9377027950766
24152,67.46971129512434
37976,80.86126308202265
64582,48.78045435457636
65485,28.241081062156546
15538,32.57201132540188
29141,39.54214860664529
97742,43.67526245856731
70103,47.85837223419358
2594,75.2183312834135
33392,67.75668613546075
4656,45.14258922228531
69855,63.01966029332808
2962,47.50333455573289
100742,77.56362180658513
33171,75.09628543557659
56099,84.00740783833207
93276,49.66899077416404
58609,57.45395541097473
89575,58.938457422993096
67807,69.85214284793614
100987,74.01858765922091
40883,23.605152529745432
73068,69.81848389749759
67379,54.105015539547786
16180,39.679948441861654
35968,81.51284847646836
79363,71.15746282486981
40981,38.72075358336383
23438,73.42405998023528
5692,68.81290862322211
15186,71.17396002234753
35330,66.5456847699653
1316,34.79814701573511
47774,32.9299224537152
67750,79.50555589505959
72150,61.49628124396908
17152,32.16709631883418
75657,44.32560515194358
521,25.94689250484614
4064,50.78978526101325
89847,29.4293216818036
42590,76.5086004378755
26309,81.26930577616167
75009,39.13624902074745
22915,73.1923121687428
53418,33.979776465881855
74905,30.32900899641916
46411,41.32033434629543
33466,75.49903405176995
6008,64.79387138911397
47658,47.740476955043675
68729,72.31647557248527
75044,39.377277192249984
84926,26.410696471382114
46093,30.65340373911414
95743,42.9030590736607
47813,47.92480412444762
93735,56.986073451999886
76536,10.972334796042336
94367,39.02254404222058
69129,24.393635352289905
73262,70.73731849035651
85448,66.56168421735809
95488,63.06813586300088
9239,24.706054276462467
41575,28.42624477261397
27636,68.26536906064035
21864,51.00462936657306
60753,62.025301827855735
18588,70.80795431514574
66826,51.074118573705846
43462,31.539351734092044
6912,44.492801377281516
25642,63.95945595711265
31542,64.09271018960735
5026,61.74562062509999
48236,74.93647572889434
48603,58.83876276701458
7097,80.25763515789845
73898,75.59884657233451
87758,70.21519318359424
63846,37.25049924087619
9379,51.32088749827637
31174,40.34044886678127
45668,63.90192504729441
72427,68.55256021598592
33138,57.14730138046937
92125,30.57703470048947
6224,43.00495023578879
82824,43.391087053176285
18851,55.22504524851921
60167,77.7234592925536
68921,35.25471147739021
8125,59.60582034512494
99429,53.73117683178792
41362,64.44129132162826
42856,43.490583868391916
22444,26.490453746333294
31361,45.41484728417116
37199,70.5492526842377
48750,95.80276474159302
48258,50.33626766190183
100522,32.66637936394181
18330,39.5078830220787
37463,40.64201411032969
11114,65.78561648845788
79530,55.68973465534276
60619,79.98273368195504
60137,60.2460844305519
75150,65.78369906760884
24709,59.81844954751196
53717,17.091333913893713
43396,91.43866569533307
13264,52.31191957129242
73330,59.821026067736234
44944,34.6492364151978
40615,23.466196004918622
81418,71.15108786163123
45413,32.0131012736106
51194,26.11541561846936
87596,49.11128678650897
44057,59.86621426035037
99631,48.17062315945977
2175,53.43326595426175
32886,42.94086585853684
99989,72.13774566390998
13041,11.393480377636212
58731,39.5869064863505
49769,40.13714053239672
39032,65.66946248479883
93093,56.155046645309
25552,84.9036909882964
29251,37.00341121826058
88696,83.22023815715518
51292,76.88683084093776
63148,55.765757026664446
70422,35.09208550097121
64375,79.77944739126599
72195,45.56997471056902
95288,69.24306449574516
81702,37.421661815589474
97841,69.02361087350641
31945,79.24392946189026
83220,70.79851922852313
37086,46.84641378353513
73060,46.57844120825969
79466,34.138456084077134
76480,46.6738225793671
26072,25.340334307853958
58166,84.16239867632106
10533,67.3886715162757
98271,66.96625752221186
34701,77.06586264402944
88900,39.66231537208655
93273,45.99223608195892
48955,56.8569665160109
44003,41.90642600785948
33866,33.8058465767789
30910,47.58341176793013
79843,28.254677570010518
2272,61.21284642034792
96344,52.58179601822462
9758,57.72151263884941
13959,35.22101357615595
102362,60.930515712717025
14572,56.30097474257853
48842,21.204759936080492
6791,82.76860439295396
69135,87.99635291664825
25296,49.1253041215599
53374,63.44152056156093
87875,73.38815290931285
20557,76.34838084722307
422,40.52360922206408
8844,68.83532871968364
33657,37.411741574898315
64547,73.10980121057943
66695,32.80709993906433
55791,51.72815856957311
71765,46.56167646127232
100817,29.42271574050811
32966,55.056098281646136
55153,36.84718479890648
98378,40.9269957230684
81727,79.83518309221591
69406,73.71796358691962
81263,67.86937564457244
34258,37.47873753612585
87458,81.07255816298405
34792,54.349475594590686
15398,56.75843273729786
74991,43.10894761919169
69093,77.05374061562677
93882,29.924056138149304
39523,48.75006519330224
71301,60.21885043697304
74851,51.73396144952875
32543,56.56693917326796
100376,36.362015272877194
11860,77.98746375298492
31248,84.08724357607647
71662,42.414824509490565
4702,66.89952852168022
36997,74.34636185225114
65617,40.74528095064723
26459,42.91131109584358
88825,59.736198049745475
75595,66.97577048805698
24134,48.2256782105796
24426,37.335008030568815
34084,48.187120006509176
29866,44.69168845919857
101264,42.83776961432382
19857,41.64634069150321
12413,42.93573521685815
414,49.76190455549536
21205,76.23262039969917
21420,28.737408111558118
69265,44.38014782313479
77856,47.137774622378124
91219,34.67150903863594
54836,35.38039990086575
74292,49.910684941057994
87895,69.54056065941546
610,61.919683056070966
24723,40.269866321609264
101168,28.86425640279225
73230,37.117434571610936
38470,50.92292471552641
29848,35.270531192467324
63112,61.566364784990014
66787,66.45776801668885
74434,69.762134650514
87725,63.035488165870305
33746,66.29686654128275
12869,63.25725354698477
47211,47.769747596757924
1251,63.21257474035063
45171,60.814342008883
88467,31.7039067124252
26466,44.25131161307222
83496,39.040639759138166
58504,47.984308448454975
83883,35.24378121901117
16039,80.64511478241563
20909,70.1257353098333
2325,80.4606000524561
83310,57.42036502041179
19513,60.99331107098417
62240,47.60044475362347
3380,53.9046156936153
92707,55.53872213914829
14011,61.7219907731608
53311,44.11135867053627
49325,68.85656844520005
8740,57.85316893459516
14786,83.08839836558357
29625,73.19393144541235
8477,47.88437195430963
101638,63.95311193654619
88239,19.99841092153288
52520,84.38740068563638
92471,38.75386896789754
45330,51.659945586121545
98655,58.37345803925739
39918,37.89171355196522
55962,41.85439838490324
41127,78.84905989453287
48520,32.68043941588572
62875,43.46853102424283
62883,68.43499787022427
80487,47.2655459409757
52854,61.712679835279644
93939,23.038243289529916
6603,49.12354749731463
31835,69.58056574910813
20584,66.58235400622752
43445,56.33519306209052
6820,71.97103407217315
60280,50.31451680233437
70296,80.15472397681695
91354,73.64535910613309
92692,73.7190231037145
34166,32.61133592756418
63833,33.992636518769125
48646,56.890227835670174
15144,67.76912422224059
1861,53.15055813287744
58015,64.31791248008025
74235,65.78462892516939
38812,77.53897742536253
70965,63.17740939939266
64485,55.09693216432877
38067,72.13246431285881
54087,56.78189796029855
86718,50.17758650303024
45408,39.674134328280445
41814,19.304583051650283
10583,65.21174894008013
96895,77.6566112209523
25713,42.77061890993768
88327,44.615577157083216
45924,39.78749365620556
16926,67.74031148160088
33340,54.39308362456353
78414,42.947825006838656
88989,42.67112803748825
15537,54.03526480969418
97915,53.56187918855892
87369,42.953123223114105
2884,28.195728898410945
25021,57.4821680356733
75200,67.08037410526842
28563,49.91407036968845
19,55.45437754842378
40489,80.59764322682425
100094,74.21737001403619
13218,40.77588614646103
29217,51.78080108049756
67761,38.6849136690567
37019,65.22447028987291
39511,51.31913526803846
32015,42.90195796009725
76398,68.52666469411767
30531,37.03868556973157
87460,32.15316343254335
34718,32.31261256376138
27438,31.098026123065143
3716,30.881070808478963
60510,63.38303478954036
13279,38.42589070793729
59351,98.52903897495659
98732,62.617270800401215
36150,71.91037404477402
82187,60.33799176698832
1050,62.01372106875019
99782,54.54011144030875
41578,27.65926590747051
22897,29.355667490829497
21774,81.8883961243585
61728,52.529422504718326
48455,39.100581723006194
16671,63.33501987615291
39756,64.96373155770104
71534,53.21263280091561
68641,25.22544373376147
80137,66.43482089301887
95993,38.339808167670235
36970,43.63321100574191
13056,57.78140905841775
68264,69.21347078801
98048,33.08335811033229
41089,24.664044892863828
63135,32.19398192821717
87698,68.46704615061893
36214,35.983205376790124
24693,36.402067014897824
91139,83.16399844114427
83698,68.05376032804412
20046,22.709173954407117
62500,57.77744439574096
15311,44.06118330220309
54474,77.02557124738534
27038,63.45147472163585
60450,76.73872219878118
65810,67.23043621206217
981,50.46753449056956
20509,31.348138300664562
74501,34.531527056651555
90876,78.93063329640663
100206,32.14205018252526
55420,83.38064444719313
20848,74.67335865969105
33670,32.78790291504817
27505,70.49548272826033
12087,69.25466276228236
80541,62.18239046167915
37497,40.639230579197545
49965,24.448447347799416
80209,50.903014207515625
14501,44.78953367483211
2018,70.01939704553658
71630,61.25803777022017
91412,71.6158623399094
60213,58.486392967876334
58951,54.04573180271516
3278,75.44264531998328
77735,52.09616389831303
25591,29.102251139323545
33791,68.72757696584328
26522,61.54178879942875
14002,47.610904127752065
2921,66.58519809272302
84131,39.46457065568455
85383,65.12723257809425
56860,22.084315423267427
93606,37.40034806138533
58854,72.46986832358897
54282,63.88072960313622
94212,72.7437491952399
20324,61.618316502188854
102635,84.78688640184728
11811,69.96070541093282
101996,28.25729035512761
49314,66.88396053431585
88452,67.03756213095286
82324,12.975700130815852
66467,52.47064264868937
8769,50.58974999570749
28929,42.9317075621513
58416,66.11288163396236
45948,63.394090125538156
89610,73.70119166398707
41638,66.85711626206675
8575,15.533972394849975
25234,39.8205349003595
25180,40.17288959821992
45762,42.20191800094493
81560,33.508390826560884
78282,78.63444694290536
43927,54.222460274440245
21037,59.49020571003084
27528,57.92789753828872
59897,47.6883039618205
49890,70.33563521552188
10523,63.1802788392531
76523,66.55596479054141
100666,63.1956561997554
64622,30.81585191123607
28806,29.440088545319014
5378,37.808385653135076
81881,66.11238124628285
52892,29.081630734861776
14989,45.38061929647787
1707,55.34491343016531
41196,62.05436720651276
43593,74.02174419548656
29752,44.62430239543334
38848,38.54848576045395
63754,79.5872864697994
64201,54.565979756241774
54389,86.58730939831085
11273,42.427542038765075
94579,61.899154220484014
20283,68.38305440759298
95596,72.96144573210806
80603,40.50495481681282
76855,61.66354270811691
89103,59.60460692639535
77918,58.14610665845442
34759,77.1468860517626
101751,74.32514221289296
89112,57.7136797703275
17556,75.2227592313308
14774,59.55304368712981
41385,76.63011292204666
85334,60.76797214171667
95154,40.855942668057835
45239,50.11436651781151
28987,67.66398929185578
38468,66.47900462930637
59438,48.0868681125132
84806,27.40990927369267
75891,38.38246646622447
36036,76.34536952367432
43123,30.75791662523095
29175,43.02595621695551
13092,67.01327445326903
2293,30.855707367165103
26017,72.96812038346944
7037,33.150447078411766
16339,73.23196013123074
20086,24.384913115155307
59005,47.73991871767974
15489,43.762364595880925
17488,55.18120280357709
43437,22.0330826579397
91497,46.66843082344584
50668,34.90423581652157
72032,35.77513231731232
38356,26.592947523159626
53036,60.72053780110353
28881,69.79715913448783
102089,47.911641161150676
35407,66.76614931089415
67637,72.17627597478932
42199,14.737519513667806
77128,61.97348666511233
7952,70.34850289057083
46461,41.33189122558117
25953,58.069338205104856
91147,60.28853870574264
25525,86.9102331879165
77037,66.44221432474887
26199,76.10641834608604
32663,24.88059785565182
46366,67.17285909900338
25099,31.069608072331953
29656,73.86764185596259
49569,87.19943595888554
11894,51.226970762320995
99449,61.57560232804957
15688,58.04595297022353
99573,59.4686241764947
17581,45.62342508285835
54777,85.36672351211772
5870,54.12280517638359
82630,63.64416157870143
95799,55.169347058780914
91299,47.06437467184057
72348,66.70480224112615
18427,58.66528947983688
11462,54.658489148800896
70410,47.45118556779133
86385,46.03349485707359
9857,49.94646110566129
65401,26.75874742391915
93218,33.923968347056444
76711,21.88040349423767
7133,41.404812530635894
33850,65.09412250827371
46217,80.24127163023093
85987,61.99881758485623
70972,50.4825629770998
36230,57.389764280342746
66218,79.51910685940062
39402,60.190948316838856
28097,67.01868676389374
19478,65.86652156090368
15351,48.45013801810395
9811,69.63087001341793
2629,62.094858176112034
54609,34.50824630435398
24054,61.31908722152181
24781,60.77735098151196
86680,47.63255772463716
14355,56.328934322317195
45443,76.74194565979192
72709,70.11591344486676
79829,60.613972711691034
15258,51.59086585758201
33930,51.64034904561854
6812,44.61707094118091
10436,61.11513085654056
24316,42.426669064460825
82775,60.05705238959655
67130,50.327109914089846
78486,49.63475474181439
22156,70.88321201139524
79624,44.934011421675805
82745,83.58760351782857
54616,46.76003777145621
62765,42.840783514972884
58547,79.7075518273416
47625,40.191522196788306
86241,31.172207618307205
62699,70.67298438714538
74472,66.53572189378656
90842,73.80610310871783
63334,73.59951325191031
25253,68.35923055718038
23596,45.81729283327534
75105,57.40691861272494
81946,44.437491164370414
20675,73.46167322276985
57962,32.85046464059189
77626,34.593603410382585
18975,70.56594855279056
75590,66.60180866855936
71135,76.22955808962071
50039,41.445537791663995
23240,19.171287834685707
91020,56.73831308063674
92163,45.885722260572116
46359,37.0642748462177
32326,70.71232497175816
76355,64.6932259777406
95084,65.66973491131772
101607,69.51622786695648
56274,76.58121175889497
63733,64.56334116518123
20250,33.20108971188636
890,72.97484819350055
82458,96.09466763707059
16664,75.15049121337103
86431,67.17261553138502
36044,62.24903091996668
23148,30.21339886433567
56956,39.613095612196545
19318,57.55501969034579
80933,50.6337692573005
90710,44.463834727253776
67778,40.59594467690262
87854,60.59430357512581
65270,61.83552079921779
34140,29.35598330167476
72916,37.80725217042054
27949,64.1195459326177
57474,41.288968796198866
34108,64.02974962902172
19676,36.852334284851764
14230,48.02342710002593
41220,68.35888587776526
87220,86.7750765522259
101574,64.9053729800325
82937,49.18200826255323
24662,43.25484117951331
63011,29.651150539315744
13078,43.283502887669655
18932,36.70801631774601
97756,68.42894151641275
42068,68.46552223739326
96345,49.6650999305281
36817,75.20688560689936
83284,26.797206461203032
60305,29.162419948941704
18203,29.645864805729406
8904,66.30361658460131
89156,64.414362868145
86619,74.03238137434067
4429,59.67458284561454
17724,68.9599806280644
97261,28.095630286685342
6541,44.537569733177094
72768,69.18049409243389
90973,61.86753479250377
87413,15.222785288389673
86904,32.619089884010755
89050,55.14427439659621
81051,40.910232481160094
53416,85.5861449322789
72903,69.03562088756897
79892,49.77190267322149
93829,38.30099179883518
55189,37.25108490488486
81618,34.02825723129392
101709,61.4410497958025
6779,33.670364189231485
33374,45.63775839262544
40796,65.62481412067046
36067,33.574439176743795
2566,35.395980515833415
31407,62.845376525504086
19032,63.030930435043416
68731,70.30659588607259
86060,63.43426435429001
30419,69.54048707101254
16750,55.287716245259126
18573,36.3216969487802
45248,35.45872086908616
10962,38.26539719076754
91621,67.31471851873688
69856,79.5803904703526
66343,60.34931681713378
25479,57.16194849797763
67584,56.053055615438126
52600,50.03588439477627
89790,52.964309197493975
84600,68.32972981344889
32436,68.50961627570567
99028,66.7070823271811
38368,64.91954465423055
97436,57.550169423558074
55799,69.71792757712223
82300,37.52513211362739
66931,30.45197924110696
75428,50.08647519206897
81369,35.132076981700514
71843,30.060396957212944
87103,60.040806415697745
36710,65.44678184370797
83335,37.723533141163145
100229,40.82323792653119
27394,72.10173981617133
65205,64.75800843545541
6370,43.13917070381768
49512,60.743377225296925
96598,84.23313727586276
52173,70.72036554440288
7267,44.432742709953594
47215,32.88649690387505
10108,60.025697529877164
13833,53.72969737584195
86427,54.06257835845648
10027,61.51247351011975
12728,58.46512087705625
67345,70.57307552723728
84129,62.391844794358775
94363,17.94809317439865
78342,48.87159000485336
4432,49.0012196083991
55422,73.68026094556247
57632,73.45564872787017
4632,37.889629225976165
22491,46.91938006684275
15203,34.61506721095557
38851,85.26916460319873
13008,64.6305285967112
83539,46.60517613075596
56282,61.27932398867627
76658,66.68106233436076
70608,73.13373175631205
68994,61.259267179908704
83154,33.968900863147525
97921,54.78798986799066
72763,33.381366849068435
14413,70.44996399901672
45058,80.81235392547977
54999,82.97343293445346
3918,36.60441327027091
33423,51.99574644744759
32730,72.1024596402237
91514,41.174301828814315
58042,37.30820582096858
26772,63.059982497595136
43256,27.69600801519678
1892,75.31945537561829
73630,57.86787118241727
18740,74.69742181602635
16765,34.56705946591486
84286,31.47862083962882
62032,32.985642973011835
71240,81.02258836154607
32480,28.110201144494326
68343,73.59148150200161
14564,26.479025818092424
97019,42.06007057082327
27040,42.85251667691849
73076,63.0687053958962
87393,44.204167924057316
59056,56.68042941273351
74086,37.13424293391138
66369,75.02388040414725
35347,33.297082145976304
69237,86.33348871275723
85332,97.8708039908918
4489,65.86066632076312
1279,61.952566838165616
101606,59.26771670097628
34245,64.2472283714737
7394,68.29683667020623
31354,68.27314506775119
5149,28.963848978530983
55253,62.207385216869326
48987,35.17553481908177
61255,56.46947831790478
3327,45.13766601475956
81422,68.55938493254567
43318,76.60053916018765
90159,78.04295769733028
79861,24.90406688909978
19485,30.770378280123484
77143,24.386095401911767
60126,25.924923409349873
41431,32.66790383446607
76724,22.70523220920684
101235,60.15529263211198
50041,69.9663748251719
80930,66.1746437367868
13511,74.51125810266797
102004,73.48488039726985
30540,49.16497478994992
50805,29.64300387467607
42277,68.327828970884
33556,53.44103573275659
92874,64.03298726576531
81888,66.63607941364447
13614,63.75407193002788
6623,41.52840584874954
10768,83.11299136154685
65943,67.21089736488138
12031,72.23570692774253
77118,50.59305044543275
79744,47.8870413073765
52057,52.66066277626493
14352,61.76896769228077
23229,35.49984179304321
55851,77.06365139642358
74339,65.50012823508956
99503,33.076448538844744
19146,40.12864436713685
92264,20.079798917159966
51499,43.4163362870442
92539,38.018606230666926
17431,76.8699929107251
45915,40.50898187733829
39858,37.44282421611423
90843,45.87969118993123
73769,82.9929969785732
67835,75.03480232090575
70239,42.69724316992718
70776,48.15024823455173
25161,21.822467938385014
28150,58.1389625663634
67003,27.071246612321957
78016,82.96024709417313
50446,50.1036555446579
67525,64.18825367050212
24275,38.5050613003366
11865,65.15521622255362
4525,60.88339867149823
68267,19.8418436438628
64875,64.5072361122321
22426,71.33193460060241
40454,68.97950082251856
39047,69.23466087727424
47628,41.793464678751015
4108,71.96288095995372
60486,78.80826182548597
74088,29.592431839349146
39733,64.27348105904397
95254,24.326249033374918
91146,41.086859259887916
77717,51.10122439553193
6692,81.21536354833114
2635,28.427929548534298
65495,70.40404239035502
16114,65.04025146922173
75319,27.626865556498096
30422,72.33818449396284
93780,60.41735225934343
19276,31.04750684928103
75458,40.96140935888682
82626,47.5684200039399
13922,67.65858821286085
31123,61.90988535568452
30930,59.4805330071008
25967,38.167802565984445
88201,62.69537248577218
40533,55.291158841141055
53607,16.264375867976362
51207,42.85564416946555
22456,75.52202711221639
89749,17.51106315476418
91661,69.70424196094893
31277,35.939871904455615
45984,57.93751775375742
45350,78.62744082323009
45177,82.82214733016896
74651,85.62592736088386
19517,65.52200746968467
27931,74.70901762530954
51132,75.15545606516153
32934,66.08348800971848
80975,59.73768525880453
85739,84.52755873489761
90991,57.451313940953305
32023,47.46225775468854
57382,77.13264201047821
36031,15.013970105512794
72112,42.576296715965086
31783,20.796409754693777
26274,69.48399588655357
28197,78.22707523449401
31523,55.43630465166732
6908,79.65947162259707
62516,62.245432252747335
51642,76.81756072698076
90705,77.28327872393905
36495,92.92477457995057
24661,34.479077666965956
78994,51.03531931914607
16739,39.23178136192765
16570,46.59375937087739
41774,57.46659735613143
43713,77.81861422305464
52320,30.085440181118198
29852,62.14464054265238
43170,71.74011994429266
72382,40.33412121096716
56633,71.80848940093368
97599,63.53488644396184
50658,48.9116967010667
33823,29.8221444112087
74173,73.11226708503094
26286,47.49554016248041
79224,69.26698952588738
11699,66.09858604118969
76571,35.49623199598318
56330,41.17336224062044
4958,46.230568824599644
18416,76.71550531629444
84737,56.43087485816288
16837,33.23476773390242
55279,75.9376878782783
42356,87.3367835037344
96370,53.00313538056771
11213,75.43009215897521
7899,69.73712657887955
72234,39.97934205802147
58646,29.853935808147725
97324,26.258849824065152
2599,56.932027258211875
26645,42.1037288908652
79159,53.29291904127111
6726,74.2772453579261
50342,27.648624932743964
54695,33.20594799400191
14823,62.67520139718554
72930,43.84349422443548
14087,52.188207000488404
58572,56.67045514856157
100531,69.62423502463956
79252,65.28329794870773
3515,69.78180214880538
61332,61.284128768791575
75637,39.87916649949396
45737,54.05777206980326
35064,67.15155396975396
67618,31.151373717949138
68193,50.632851248675664
9518,29.76328409596817
99319,41.35943466217124
65266,24.54526154446318
77824,45.698895397877365
88987,57.38606785339359
67066,57.75739758248173
38956,57.77082926540676
15358,43.53275224259162
779,70.93749560799216
74535,74.20190165906025
94437,64.75213119394786
82494,51.54156828984166
62836,22.985456871021817
50708,69.31095397141819
51453,62.35802868749096
12634,74.00622908499054
70692,54.757945039033515
65900,55.64818946671603
86774,28.03157614699534
62745,64.26914682599045
59083,33.33768667401324
11453,56.0505795760851
72498,57.986156349104185
88354,37.23284136359344
12483,44.84658377283337
100141,27.0619408149625
97760,36.22703644136314
95277,65.50862608591865
98682,25.771982265164844
48786,37.60249881608728
405,77.71321009894277
18902,79.02818086282787
35092,73.36827014982097
52507,64.2717042646772
6378,51.97322250175165
87442,67.00352944268809
3209,50.113809929221645
44645,87.98813617369994
59473,40.101688412658326
43271,60.61134474613063
49823,70.653033310166
36456,59.53564998449298
5034,28.63654217582573
57194,33.327458797527356
14654,75.11149344090025
62868,70.38518026443867
83657,53.95884030395961
65940,42.24748176911227
34969,63.8631818618092
93554,40.417287665972644
97321,44.391868851951386
46647,28.18323195834456
16908,32.11819983075835
57491,82.9428929325302
2168,32.302100373543325
72636,78.60628691337249
17871,44.450488252109075
59104,65.81365743482068
22053,24.697737664844098
33249,43.00278572494049
20061,37.735594998944364
84971,61.258090503131484
76978,37.57838287514413
51547,63.008914923161825
41383,45.262224880838275
61643,38.71004377605915
86531,52.48079420883591
46406,74.37112152911482
6236,63.260376607789325
55769,43.064986835099695
30513,34.67337881756357
73182,31.547842198724172
63924,61.341771380050616
23333,57.619374495192304
21505,69.14273294259243
63964,87.69530185398125
32978,0.0
18507,64.79487958086781
29057,66.16381581609548
30588,37.77481008185252
43937,66.74501618394532
27473,63.59854990375978
23666,38.87617996497156
3814,57.240024525173965
97506,40.60164185952429
91415,77.68511194213326
29884,78.30829054470163
1313,68.16947267382457
99265,33.9203028447561
13541,40.894265112419845
37781,34.67017185153007
82968,74.51386766621806
32089,23.51298769976608
60834,43.793861961542376
40425,34.72558139754383
101127,70.22386300263206
39175,61.499120326861906
6619,41.78265662634495
49545,29.349418674574824
95434,40.66153606250726
31855,79.73635438139189
4271,72.24079383255629
81475,51.8495788050562
841,51.28583461809754
11,41.87885624818196
16252,73.40827896034725
42292,24.797896926749203
33366,24.0545209102697
101016,63.78740540737238
80374,66.91410067022458
31587,52.18848467834551
85843,34.149585839106535
57907,49.23098861418873
7702,50.81276799716582
17259,44.64157567213249
38195,42.87819598901166
47290,50.22721770649329
6861,50.02069676987423
14434,66.61634625842238
29855,29.733966551089644
29921,56.62398714460174
22402,86.89286909676605
100137,60.25874267666465
26729,69.46386857136142
76822,67.42131245102395
5390,34.254213883420014
24538,58.244294616366886
7314,37.27172980021053
55710,47.59301257368348
52731,63.15436473715133
98399,24.422637600140177
9397,65.72686252296995
10781,88.21764175952393
84212,58.479405121619266
63429,71.60983471498386
73721,41.643461836207656
4749,62.54034128598082
23794,64.72055480674666
35541,67.55407339541465
99381,42.277142202546
48158,28.000737775903957
67341,41.88999353944929
92463,21.429517585999484
36716,43.28613037418442
99513,38.80804742205455
84111,57.82717691566934
57751,49.992939702781314
67555,62.29856475124328
78042,75.71405364945761
58614,38.99901569127043
44099,45.585623137704744
55438,54.86664688520239
53497,6.644370273451425
61169,48.66971056638201
60453,75.82381142930305
17088,33.37012535354713
91526,75.8184333574192
46772,61.679908314383184
18029,30.951982856122374
82734,43.250109937534496
102081,46.18119411599636
79803,41.41543640485971
84446,66.00515850515369
8673,71.81065594872014
2916,41.400796290606216
41645,78.41467920207879
68894,32.22003618052942
98517,32.95385733533757
96645,65.17668840580959
97367,74.57466287779673
3476,71.48843699184474
68592,82.2655735300838
7094,65.5240860677686
1465,74.89096839157403
97501,37.30702604104691
78984,32.68816860564371
10137,45.45443498366354
21042,30.529686167144135
47055,69.81863933319205
89587,75.22230647013504
80948,68.19026068123671
62953,69.11224465755993
56517,57.75304677940302
30238,41.11244235742163
898,30.265988237290326
15908,33.15994467496601
53867,28.503722052989403
34825,85.19688606647927
66615,66.85209052637256
29654,75.03730665929967
88480,79.21237559699847
5030,50.25383753601909
14463,45.17409172412857
86954,78.14355484581802
13304,81.84757832963388
3698,39.20290545279826
34207,29.447847459071188
5476,37.9256474839415
44679,70.32537491483302
51745,66.34222051446434
5154,62.99728820615741
100936,59.593281182047775
102253,55.42261846748095
74143,34.49202459055777
52282,74.48969653126137
93417,29.467756420697746
35657,35.92732031126353
74451,22.905366497490405
56541,52.769835020770074
44052,35.75289370458853
73702,71.18712806609823
37187,65.78297107548762
34285,40.060665838648234
96019,49.40205825665652
73165,37.03382343685344
72186,57.448824960116674
5413,78.54292883067417
55061,76.85783939598488
21206,38.25660688863148
28873,34.31612929129909
16806,29.9429129368603
7887,37.63960229690182
66526,73.51579215408617
34500,46.66853489385518
19891,56.75281531685415
72843,37.14480257193494
65830,78.62773361878078
77283,35.507094111495526
31565,40.119453480549836
16831,61.2711613599954
1015,44.70502220057813
21271,55.48978926145806
2767,77.82009313197062
94209,35.17982352864327
39376,36.78919407693922
51059,68.30491422107266
76803,31.584918869414125
17196,78.20120248284259
40207,60.862517351399475
79008,27.675577640048147
54278,47.95334559949852
11311,81.07027640944632
79449,4.730486153548188
80650,57.76721790469397
68150,65.69915334133071
29721,51.08376026932024
67946,36.54302958492173
72217,78.7274442171119
55983,34.845823415263204
57023,65.13778101840512
89817,62.42880536562224
68384,71.69437924113099
76792,31.08589944885858
72516,59.40412598978016
72973,79.05599073366557
82588,33.91635899824802
29730,76.36360733687307
76526,52.47751463415917
100430,48.66790409366941
32033,70.14152160142169
19995,27.41423913614854
19867,87.09326033852668
50827,47.26184526971139
83804,36.99529245801368
61330,62.261026674996444
28504,78.78854561656638
68660,65.13480327545935
103,45.48297828656682
64566,41.05474953475674
17903,52.881509710115836
46061,44.44973358990562
66502,20.441443124434628
35954,74.12511712176071
28845,58.38349525088985
58128,39.89388392907743
83721,64.94815020294448
46950,46.20663003935602
57400,42.810926877029466
68530,77.73314153341008
81082,59.81063984088554
52218,63.68531234302121
36312,33.05356927894567
63572,40.86754346551147
90528,41.866435726716915
51931,76.68589924550379
10327,73.06122177717882
98596,46.906878965354935
36802,41.27106657249434
51994,44.55444236321519
84040,72.54099133816538
29652,28.635260482761133
70279,36.76556331556405
51941,37.04254124146631
80713,62.832474356465866
23544,67.49647707204502
33505,72.77747226187788
55530,38.89546340071691
47419,41.37792029635668
40303,41.03605477761818
22461,68.6852899153206
98949,50.33443151183545
12148,41.71005513140035
19050,25.320736027824722
93463,42.835834708922945
81200,58.67568046148856
4522,80.4477720890076
66749,42.64607781497689
57795,75.28185814797071
64555,76.93222410500086
82698,81.69106082454505
16508,71.17807430145481
71865,46.16593731590947
94503,48.00655135993806
38657,45.38340840140252
74711,42.99125541983487
83325,65.41396248464014
65173,75.18681074783976
93211,73.67195150967655
7436,81.1821458883538
1415,20.478895103617454
32340,71.38666896179322
13087,59.25210779175386
72386,77.85831981338055
8455,34.48902885107229
40928,29.739885638922225
34393,34.89919622504108
44986,66.59858043234615
26937,37.54086609996775
49592,44.56470371174372
36451,64.60136296912714
86365,78.12489435968436
93162,26.192092888449928
35078,21.128114763421877
23798,85.50461970542139
92442,38.447285829846585
43675,34.366906921092465
31201,68.54056612076533
66438,42.97084037236624
90456,56.21683608535161
83203,72.52558335331642
57545,61.861316990299315
61651,36.513858588449025
78222,60.0433184982562
76418,97.68928450080787
6951,69.85164678608511
7138,66.41935909665168
90506,32.33690678756364
36771,77.86451680693844
91237,38.98265392503016
29707,48.055111435849625
52875,82.49824125184969
38503,34.41160201476465
4555,76.37309235982718
28146,75.55429977012986
3183,19.24096495868106
14443,41.23609825724811
100665,42.10676381689312
29276,72.18035786478453
82058,66.70496512430452
5395,65.04422446602334
30666,29.805851120112333
72706,74.688448046346
40668,30.089365448219418
51433,68.45927998610469
55984,46.8925919909725
32746,52.220781013244135
63369,49.81336397097359
99324,31.34328608787913
44449,47.698492557423506
84461,67.15278759396243
6532,67.41304310739685
22383,36.640007921482024
21584,73.17567271924689
29829,70.68785068124123
93995,31.058093277909553
81894,40.00087074305398
73529,36.017600031016634
26719,33.57292963502451
51071,84.87167463737103
83783,56.20174339589903
61326,65.91082857853452
64465,78.50077548217402
45195,65.22353639692739
78935,70.44203371457658
21072,63.09089437946399
86990,63.17317677652757
21941,66.01601700337318
84652,62.07206584480602
102188,26.7128069127616
21003,41.58191919618925
17743,81.39623673946556
45738,64.7016464761248
20656,46.64857211669974
41938,46.62652767140266
45430,74.13575958885897
22725,38.47261442123588
10439,38.42057825887093
62921,45.54033877069521
77830,55.790310756606104
64012,61.10488139295746
99716,59.26107440028351
41746,62.613978718836464
78021,41.78094109500196
30763,32.73574365850308
82312,53.62552969021158
86204,70.0075255779053
64090,60.942425876051615
37115,32.22975871916666
7052,56.146411812807
100422,34.49265674381508
29989,42.97007834806011
24974,62.27730165028404
6422,38.50083538699589
70193,59.020520987177875
92995,73.4740739608774
58627,39.35032876400639
338,66.06512103794068
66697,41.95028980407594
38623,46.93861325795661
11272,37.836456894577225
83028,68.19341216825899
97774,61.956545519466076
19410,55.90948333831818
97444,68.78969890081231
83009,81.54511078069532
4629,35.1176593192721
61909,75.36793541856194
86408,77.85813107859528
98756,78.86933899493103
56694,43.08268156243098
66353,66.17399477051455
71092,59.71541570881621
89008,31.763782326249977
46561,28.528576025941884
100520,67.8974671613883
5474,51.78006303843402
96411,59.91626457031545
17445,71.36741501654569
2392,42.83579349786839
22889,41.36625384282523
81322,59.23250632102061
23827,58.094337373478425
53049,44.65112983634522
45340,42.51204324054824
70571,66.65382380780738
91682,47.254545464579124
40745,50.27572462927367
48890,51.12328047419487
42271,55.07879476802192
35220,17.13535341519136
99555,62.62693310011734
47609,65.22798078858126
30288,23.68793275127168
77358,13.573586262435178
101962,72.15618885874355
100434,71.68956405098916
8487,80.26648462112004
7210,31.75990769471341
9678,34.96550488809381
13040,68.11040256882873
67281,45.63992706887136
54487,53.212948730350774
7071,42.35138058522266
89794,47.38659538707316
12175,75.63083226815188
92979,53.837949746148595
99245,83.28589589816328
26437,74.25547811375947
36676,48.8526606769108
102130,59.536964871443594
78615,38.173706302796255
41236,48.83685732916423
27970,30.251412418826124
88685,72.06934412606472
58277,52.12165345655619
17723,70.70627296589427
41613,68.68205102576681
21458,63.19887912483325
40308,47.8032086298154
84780,84.84476590714584
33339,68.09704268687224
20337,58.33361220839285
43627,64.21564185383427
19073,54.242276448073
27531,65.55042823446773
6074,74.87073719517322
86373,33.361322415764484
56636,66.64658346768766
98153,31.71745177379498
99096,52.08091905932565
73609,49.39926098705526
70533,91.24619837883748
79559,63.754151488495864
57213,36.150457434252765
14072,36.42547634121895
30804,44.05393230005347
25564,65.25569048636171
61089,45.00847511500558
25439,39.59461207754059
55826,69.43437727394186
36889,71.87362698888478
4873,32.00129838611485
55705,57.205591101863085
17646,75.13235992143274
18440,58.5627129319748
28523,69.52453620051793
83642,78.46396952426787
85452,71.8839804331973
52460,83.65988952794095
51839,67.99220056700696
72214,21.822501484308958
10696,37.98442618747641
70712,54.89637650275829
8308,64.1083388332473
58918,40.46640987926688
26982,83.3254708745408
86524,58.52452202094513
76210,81.21401144811507
92641,44.97662642750686
76344,35.55928193602266
74757,26.65357188296911
95566,70.02004041031056
21188,34.07292010146956
4178,73.2720964425482
62552,75.63944017158119
8248,39.20614894587182
40263,47.87405218223531
77787,37.92068280241684
102489,47.446707398769476
93811,85.77817364595329
58604,74.58670223115948
74970,40.781596098612944
81396,45.233321870615924
13359,64.5030254738694
16629,67.18027129740636
9089,43.29229763095558
4187,42.10219180140585
58341,30.719184440702538
44584,50.495360584847745
72338,55.83371595197972
88206,45.047377036669126
38293,36.7243504932386
1278,82.22222953050426
27039,80.70586786796336
32568,71.23165804940189
6329,46.36930838843652
43409,52.92208326609952
74108,34.82508316463174
50253,59.70991236203561
93108,47.53454930653305
31252,65.65721491953123
27748,37.28034628799451
99193,21.558648396877473
62730,61.97053340778051
5374,48.292859201289886
19330,64.23246682546116
81956,55.870004325361826
101636,81.81742235633564
23234,61.85784769144436
2844,52.06662368150464
72110,64.85613297981075
29775,64.16204199760764
88344,28.11584194920652
98659,22.984667531350407
87684,50.633478636226016
80334,60.856472408960464
45495,44.31822820952169
46987,73.23199463438729
57807,60.6792422000574
35989,65.58590571322168
91376,59.04462071615015
35075,65.68864387009835
32644,35.97424062680179
81891,73.72575736087747
75388,27.55674089272591
30991,44.54071806755991
75161,66.17261794172285
22421,74.82039753274938
2394,72.9298016315773
13238,53.02655981304425
63851,61.44962408327447
20737,42.9966685128432
24106,71.83377020602848
93442,40.7578899667373
102625,33.78518812837815
25869,51.214015601116316
87279,67.15048424263048
10969,29.616527014742427
83775,72.01664859844755
26916,44.19610946515144
58406,36.23674020439935
32208,37.451098467021076
22568,50.52728056642637
91866,70.53159693415608
35486,61.60708946631763
48881,46.74002241054829
12862,35.728025910983064
54632,45.95448490064133
90442,41.44411480088068
49801,70.59571916319169
81115,69.44886489987667
20442,31.46536823434163
91052,40.01850095850388
100533,45.34220993635488
61863,30.280962387092554
88882,64.71456321267195
4074,37.51001049858382
67171,71.98746967401595
71545,62.27498771509791
89775,57.06354271454754
86306,52.000753582393344
26540,70.60335420317824
59771,82.06990787284197
9972,74.81787244456362
39466,73.5326936821176
8573,62.628201385087365
80505,68.85911179683887
2476,31.822046074186414
32010,49.76569086413111
47820,62.84707949656882
69239,48.914060688297425
3174,63.023127922852154
62083,40.31532962180864
96983,59.55352286546792
18650,73.55509588521785
83957,65.33236989650543
24011,59.293728669013525
95833,44.477660352897374
35342,44.69443101999683
98042,17.878492830332174
63732,40.22674896325623
50260,41.477667431877656
3036,44.08761959723878
36283,25.891601558760968
23340,48.014723428075804
27836,47.01379816457222
87104,50.52901427293358
40483,26.199758445484605
16529,70.27215618071949
9182,61.465771797677846
22980,38.93239667661267
29735,55.53933774659315
65833,47.37266942523605
40777,35.50624479892024
36409,39.86773724875976
50747,70.85639823214876
56973,67.08360332144713
75204,78.11997837312055
52862,73.24430285500458
59446,68.37274820120982
5246,68.71194336936688
40089,65.35558284055908
14924,31.04806739186422
32629,62.24271112003653
96430,27.93249074957123
4354,32.90688940510981
53855,32.76488073459668
97801,30.584375256452915
38621,48.15528870497234
36754,47.01561363283005
37450,60.69979478030548
50794,53.61585777846834
32376,76.27840866020816
52955,34.054218052868606
56559,82.50228814177113
4475,32.46237650389133
43917,67.00097075121107
59587,66.05361450102686
15964,56.46748348160007
99634,30.79394148903394
59880,62.85820754958336
21915,72.34227051433058
27215,49.241497233194835
41208,65.44725623142727
24790,77.57807127391558
22175,22.78179750843668
61263,56.366464100868065
24323,69.14023871675825
102077,50.93387287600785
75752,85.67267310941565
54660,58.64714310849311
99851,61.92670523858347
75220,74.63079222058971
11755,73.9457051343752
98678,46.66115149173416
7375,74.59927533291756
96817,34.8016083195325
62688,29.743044024264968
79022,73.18581923223884
29746,66.33399672793955
22710,71.54413801556024
51187,44.345150382973884
14012,41.40130610896788
8309,78.58563463720003
65951,48.2136894270418
48435,41.58674411762888
672,32.93687146672443
3092,77.3962701031081
21474,40.18831217044611
16203,34.47122334917647
5750,36.650691279257515
51299,61.99847380621284
88827,30.740220270195042
37100,74.78076232874719
54370,14.010288354561812
31788,40.593444360816456
94317,70.43129047685167
91350,29.77018355864309
57476,29.712642980805562
67001,33.84260195900227
101107,71.58628914988267
36668,33.399048751486426
83255,45.36806276443502
2133,27.544802782173182
26374,66.76762760880051
56017,77.63532021574089
84720,37.307834825773625
85151,48.14032923692198
30833,68.50702748055961
51158,50.56169242045047
96723,65.37716315114854
72340,63.94464151585349
67698,69.5079160688876
16323,35.2907477022786
48139,63.17205704025013
3474,23.52125405657632
53550,70.67318068652875
37012,35.66728157890635
14760,52.180641171683774
58586,46.06455214805246
6332,74.14096048235861
55846,53.80042870369883
30254,46.16471781686384
24189,79.7105587323408
109,86.93785762920052
81220,73.5178543734925
57904,40.412596015526645
18348,40.75483045482555
13877,31.637684371079906
43915,62.85987049826104
45991,39.95836521985165
35680,38.09803777747346
37446,46.03795389789009
66484,40.115255044114505
57121,36.039550400328054
14291,41.94782698902494
91502,58.39899139483469
12766,68.51213763285877
99790,27.94676023086983
5178,55.238506617402635
70065,32.37128635675029
68680,59.46942884060893
80961,33.77177573936074
62258,28.77724704270195
83268,67.97510373451851
96316,59.602570942916174
72166,69.32040676982885
43492,64.96976873885723
43446,69.52253453113937
17808,83.24561133009368
68849,69.69000199992254
19187,46.40146159422822
13971,43.415444465336435
70136,68.22665577780148
13650,66.80269817149743
95658,73.99879760487426
8093,39.992363094423766
11790,32.57231318836868
31150,65.07377639526106
9162,36.831154663349785
46498,32.4581128577051
83664,62.85902354590401
6360,68.96518798918845
84657,34.69357312180837
75883,31.84724548066948
66091,41.76141294867094
60356,47.651323734927544
85631,67.39718884659283
95048,31.08017748733213
12755,71.99814847138248
78653,37.02787867348574
89190,29.06591002219138
15292,67.29997130348272
53787,72.47625279666421
10930,39.20983498865148
5673,63.83632878634793
71003,68.99642836168927
34799,40.81074054615045
76395,47.74357277804414
83693,57.67026032414059
72985,76.15592151735409
55030,30.967886503791934
50122,34.49099806707084
92729,76.86517346363063
75349,52.775859330896694
3775,53.8242964846195
46179,52.93193821969482
44929,77.92782927662462
63284,69.37709910567872
38235,42.434736249790895
56121,85.3280531661506
30787,61.8403781923072
3177,42.450101116918994
20520,93.13473521730137
29915,42.28614039082777
38340,41.8539082962355
27869,32.46912728578676
79268,40.19724205939712
69433,78.05266042444211
21340,42.2651972958345
12077,67.5731265022372
102187,20.425528519056428
77377,48.22069985767665
53702,62.346880871855376
15228,57.87329666133182
58554,73.68265409777773
52143,74.54937745884726
25164,29.939107132664937
7592,40.18044125086837
1616,41.842649072340905
60886,66.39715475489353
43508,37.668413036602
72288,39.63476211597467
14361,37.30326686489714
5574,40.2801986546708
38204,61.90830694103918
59425,38.95650336992638
17806,57.7888871891558
44124,70.83409365071188
100694,57.82246970976303
39745,43.770147127023826
84279,75.88147320587005
68217,69.72556124026727
35221,68.27090289352336
70517,53.62429456024989
37947,43.99247424909235
44981,51.981650045237885
59772,76.57112083774402
18676,59.641060832222934
62923,9.979667613229775
97931,80.78754485373749
37032,65.97521907589652
86199,44.7486145662603
19979,28.824551915353897
39953,36.42086588480736
33673,73.41494830257338
88599,71.42818430831458
2498,57.61223836262049
90625,28.423089004649896
8810,55.73897950231288
31280,31.401282471515252
26911,67.85674396452274
34219,54.8956829596874
93170,77.93234238009859
92663,66.24340320563067
20202,47.16689107075643
83493,53.1591051969977
73706,75.16339097372625
69635,24.096191356673675
5859,77.06360166782994
56368,59.30139400584342
78607,55.35428486988587
43858,79.32208989385066
76239,57.8310239971721
63782,55.62664761832346
46897,33.34964747473078
26891,40.925527756158786
29741,58.26014602332993
37646,37.376671549896685
4988,44.63741845158163
9990,52.96352344269407
4863,45.28444339140881
89168,58.23966531904041
74039,25.727558647890056
75578,69.69589793793703
48853,36.008434217738305
94111,66.86579301676866
82380,46.11055599471669
56424,51.02038600387782
12613,36.52840808201176
62764,44.609368132679506
46345,35.49102310141522
35403,46.153495378605385
100606,46.87389714908978
101925,31.47406107038833
46186,61.598907919228196
36477,53.11266047145612
14904,95.86981076354482
32278,41.30538290443666
512,57.98407981100428
46149,40.7039930962422
47690,55.934263979600374
65329,37.908571633455175
90656,45.179479526304455
34612,47.1907612683064
9597,27.802823331513697
5965,41.365435347490404
23713,46.45714320401808
8,25.494828609484195
28702,57.81180762675787
38645,66.59927649444057
24033,80.58859384235888
90310,36.927945194883236
59710,62.052348664166246
71299,56.04698880770829
42763,51.42820886444569
83751,55.480655331620184
31082,64.4174488396198
80660,48.17110423255092
4305,38.648816525368424
522,47.99112448695341
83986,42.28382531759715
55386,63.89588012708674
83069,39.077244830275966
28686,66.80152693370789
59264,56.93164163136718
74253,50.31822121505027
1523,73.14613635750844
17253,54.913679385369775
100403,82.92922687669414
82541,45.366820301466824
30674,74.56992751059639
97573,85.48711047106383
18231,32.08366716533079
32587,58.61526134376914
27275,52.18444493846511
38047,59.37686757990072
45186,32.57690701334429
87709,29.68846797176935
5532,24.97549053710007
25875,76.23705693434133
35059,49.20326171675734
99272,60.485931849848676
82,89.60274009080456
40916,26.85266732606696
18263,24.485930837937218
1957,43.924334917897454
45129,68.70988936935771
58488,60.460163035256635
14284,33.38474086166719
72423,57.698968893658424
96584,90.74919938392298
14675,37.150587114603816
82642,67.97428996036817
44151,97.22648456212723
86853,56.2220894424387
57311,67.40016814415833
56421,71.84339414321954
5602,47.58958208034565
2867,74.59949699556921
37230,60.77596130638422
2077,69.4549277797899
76689,56.44576056094672
94200,50.12289229602152
50886,71.28066246256697
24994,45.01188795371128
44965,64.74360863624842
62428,67.26381672841305
48327,70.1730606363003
89088,12.993486214408286
100634,46.27717943219109
41855,68.43604475151389
55048,32.15398675642597
88323,67.11559601080504
69599,26.820826011011114
56908,87.22925999553587
20709,34.11868875548735
15487,20.606158626671835
34468,30.563474202304672
64342,69.45473574150071
20300,53.717059420597636
87852,63.50833674111832
72663,74.53964893706853
42683,37.40739309538152
81190,75.00340901378418
91437,57.82870790510559
97956,59.32807159358719
17829,69.99221420922404
34146,75.05600344862351
43751,52.69247934144275
7839,71.00601438740756
63,62.45650940595702
44911,25.43553534543879
85908,41.22542980377685
70695,32.11311665346592
78363,43.71922922481774
9886,30.672611069552744
92362,43.57266005253031
100785,60.98349621710904
86547,57.57727111383659
49661,51.846862868001224
98923,41.777996968310966
82500,58.79206074328489
8307,67.95054885861609
86059,67.0365555094643
43371,47.72448460745728
42127,57.11506565176418
55837,34.11958226446345
3024,68.68794495524021
6600,28.83436165292724
26572,75.17242925508188
85868,62.07081963207827
95943,34.738781853571645
19659,60.40473024160544
59087,26.439175794428913
63260,78.32955702888619
67933,63.63887353241111
4412,50.79974775860309
37882,43.63045443957334
89338,67.73519752781726
61354,72.04267349018323
20536,72.30714284606535
67376,67.77206054011637
25111,39.39916282880023
57080,38.865764766993614
60836,30.229128841488357
64449,74.99486132242977
79698,48.455596831088435
49757,67.86648677585916
52123,81.8823260459327
88798,49.31007138342359
47216,43.40269431626017
19748,55.97103288139871
40978,59.64011240500106
101443,34.588095587005306
57137,76.57263892764416
73717,38.288710707288004
44564,17.771600654423455
71434,75.22332094688502
85316,63.77085216455852
42612,35.157267892656556
17197,67.75653975950708
14388,56.49581885081656
77977,67.0028974994411
28883,53.02674466432235
55317,60.809246409602224
91894,47.738802788864604
49283,54.9880013459859
46021,83.98873947563123
90903,63.55958478843165
78624,64.63135802498327
10200,52.23993251330302
100948,38.90380076942432
22416,97.72531330560281
15543,46.406091067695385
68002,37.93980801161137
260,75.13475625112396
91298,75.39841579533834
4329,33.66740799858582
49505,70.44659241513207
50266,46.56245317895433
50176,37.393144787868444
72113,42.66904315059985
41135,46.57366802570986
67197,80.89729983985752
98700,68.667072990932
32720,67.96786239956424
53707,24.671190880904604
48143,69.02212294477889
83789,32.23447386672536
20879,38.44922867030399
41629,58.43682079003421
55121,68.10843913314648
95431,69.75428931838175
51415,56.027364710817125
61216,80.29642250610802
76459,57.367732437970304
27086,39.8228685569799
41747,33.2126040500886
40477,46.11811645028252
95275,66.14045890850753
86730,34.50276848942413
59828,22.40712426091938
69618,61.651261874384346
5728,47.753611911159766
73847,54.85611249124933
94800,52.49621036249413
9717,74.41686811139635
85536,40.04665018659071
23766,38.83590820560294
52061,43.7438320346076
35501,27.444426240966134
19722,31.365583340259434
86080,58.00171475204564
98903,79.82901083727037
98322,38.55008574113336
55148,37.95958488473381
99550,69.92726060140527
100093,64.50690291893247
96708,46.82788941627297
18776,71.30291252393722
48141,42.57619744506792
83744,36.318106679721524
96054,42.252963362389345
7687,28.420853525288358
96926,70.85757106851594
7718,55.84944706335857
8116,27.36323556828743
64417,69.0544751214223
54246,57.23022761212092
97855,21.389715074932752
79376,24.29740774570068
92698,39.899635278066
48354,62.90291263375194
92487,58.698023446858976
52226,35.46995122827955
73835,39.25082737021601
39358,40.4429947896696
15784,42.1361094616367
59653,79.21251683990093
14686,48.089508570642195
53089,73.20927464934371
8653,70.61298534371814
19777,68.65885092943506
22316,70.84056176564658
69231,69.88905312956163
30746,71.08107657316862
48518,69.03518169671989
17119,64.6794505863511
32041,49.53950615995335
38640,65.94083056435426
44129,7.2566297524221035
83983,28.890288511641042
80126,75.9133365242165
18697,72.60613502309873
59379,48.22640400248955
25209,36.18216466167968
80424,67.01029851878641
54702,74.30140881945843
1291,83.29951333909617
45653,53.7955423610974
66512,68.07065987039945
92932,77.3224982935364
31240,76.20897337240723
88312,27.21575540551003
100898,35.424647873419254
99993,70.10549490531153
71576,52.309428790749486
43731,68.13215508526072
26795,64.27738266133085
9837,29.142094449759888
666,45.89001528792974
66417,22.93759392530452
2911,66.91517220831366
13094,34.57883676860033
22446,69.44654186615841
2383,70.20705033155559
26914,39.16112274439874
74505,12.666040506390488
87685,43.14631959959806
10932,61.97495405855026
50666,47.96835080399792
80156,63.11730807065895
78118,65.48443918753537
649,36.419676637730625
54309,26.8689977217358
32536,67.81374337714361
87568,41.617554773689356
70921,34.35080808914998
29442,61.48909652126851
60573,67.98537811491212
89425,48.1825294891555
97238,70.35717038125696
8551,42.70889294160788
78144,43.370297455606824
1387,23.014669068613617
91175,80.16830392210014
39544,33.31695207810596
30963,36.62022069370376
58369,73.39309260969313
9782,41.955373899119664
45467,34.2958875705351
75542,48.23708138102274
8646,84.09117297307992
26809,77.16235154306267
89368,33.3713980139353
24561,35.54517367054939
113,63.73971147329376
95643,51.06835771084107
51649,70.19096607905487
87204,43.781325673586686
37406,37.87663360050462
86221,81.27463013096875
32672,78.62065275679778
1795,35.50456605700416
51692,52.56951828491946
23811,41.14179225287859
50454,36.06945665775205
81070,26.665628316029082
1807,26.945603264541912
55951,37.66957732507181
59011,70.97430092212875
36090,39.17149009082557
62005,29.133183577035688
26256,59.26125242328524
84962,77.40341881121111
31692,62.758497701343614
19298,74.47290596011956
8728,38.226356606521406
31804,73.40628033199238
61134,69.6542311706585
1602,68.62905082240376
95558,41.74949490036767
20067,64.17489563365129
84003,65.41880115915693
76142,79.8054080784374
4113,67.39399507064789
1901,35.67885681641377
79299,50.764775844027334
61439,68.16195944651805
87766,69.35600032348832
40472,30.0383043194098
46880,31.524336507573743
62021,87.53786260707454
62157,25.23351380005468
34874,44.837168937337026
12781,68.19327663576846
46125,67.00965763347111
35927,83.21853503862462
38790,45.825400777584726
29714,42.46537844986934
81370,77.09854843292908
16762,65.79037298337705
63351,68.05564481349772
19066,65.37350164502872
48895,72.10609519730761
6711,77.01791488400875
21528,76.66427092013178
29368,73.74566124035078
2792,75.58307725267306
29407,39.511426782535786
57160,47.49937065722066
80090,42.152682431623525
45474,68.00693328016501
2482,73.09908783649121
6342,38.884148479138915
93142,17.62452985607188
33743,39.86976363262586
75142,40.47275624519618
10579,60.64510123343665
66666,43.102556809994624
87307,62.976238618604384
32132,50.73767069270386
36333,35.366663016567664
64050,65.32903457236593
88670,83.77164106574875
22141,78.02485717909411
92643,38.06947542560243
71332,73.3398205087044
32444,61.956648584992564
61312,25.144102703205053
79853,61.318573707649385
75754,31.922237082959352
99501,64.76059043596638
92387,47.165484255148996
67347,50.579787247726614
64226,68.67206444043526
91556,95.72146673005383
97497,57.25211512036959
87705,83.34637876211993
70664,26.605477042349897
95195,41.51661935294937
2082,27.040708466049967
81320,45.656159368874015
25238,68.82828650830665
2242,46.20904289300663
12252,69.23799392509261
47441,38.629137182236164
66025,33.549376488069434
64434,52.698159496083505
11988,36.83943680672454
15135,74.89846214355629
38250,50.887099660458816
79729,92.60024694123149
47718,68.92733101508
55563,34.23925131474072
9560,35.4993136455373
100841,31.923559599974503
63201,36.42915257399405
101672,40.52884595288148
38535,49.53733600157691
55553,70.49805609977466
66593,34.65325577621566
2890,69.27397861226632
808,41.95382763258178
86341,86.22643920492798
30887,34.04237258813941
53924,32.740937364631385
33771,70.77692328583903
28294,66.09160483004489
43919,50.759363282647456
100958,37.66163761209617
32253,72.06240837555724
13540,74.1470826560602
62613,61.890278574580975
3637,57.49250536176104
96005,59.81391522797213
50123,31.061178232918103
59014,42.99429162285814
3299,64.1123872846579
47615,44.4493958254975
20991,64.87826103583798
30824,28.746227965033953
64699,80.23898220763223
31904,63.08532023634706
78964,42.02080143846493
102181,72.13087648537892
77909,74.7805314680298
8020,62.33862996452312
66281,44.020555258944135
6002,23.839540254886476
43290,55.00521328254114
77989,56.18329042556701
71350,37.19710557142263
37465,20.42418949909992
81364,50.7918096052752
73644,35.316063715859734
68387,58.4021767875974
35750,33.454577393656
14659,84.08901820525463
87993,76.55987783999589
87062,52.602021015149006
21948,51.56359964601741
56084,62.22212438553659
1844,42.263365052243884
77467,82.13942231808275
65626,74.20267314367203
86101,34.08638984440133
22620,29.53272066795023
65945,77.63884217048394
16026,48.29232025031388
93548,55.58688936154865
51738,30.827486216279006
17153,72.48531256750047
68900,28.322843056704368
41304,39.5111892676228
74169,69.34391567359806
27825,69.05431239780546
15511,71.92956499790529
15339,58.95260289014678
11003,60.40444303544838
33240,56.85032879163681
17514,50.50609298659603
17539,45.06281522784715
94921,72.14532445613936
70759,49.46401698401309
28725,42.55349387320169
19928,41.565193899742724
42988,32.829188406872156
24153,31.670102936519587
55140,63.213974558807834
74830,81.53087874312426
12315,76.94971761774491
84707,77.42829051884044
47861,57.097598519519025
52071,67.35235923505178
89331,38.29322642224474
72971,71.32071565642013
28611,66.1768398265382
30755,38.359476404505294
24906,63.5696929810197
65640,79.86480629929865
30313,46.069461490359004
77269,91.98383361167717
97614,46.121205587854654
65099,50.50975383772902
99719,82.42310563899545
92193,67.65522092556364
68102,54.227355548926255
100831,58.553020343554024
64560,42.00159598294764
14009,54.8693410485293
29549,30.08291604942907
51386,44.74561721688633
100247,37.71408803412829
50615,48.585264483658804
59575,37.022492574029556
58152,49.92252814269853
42510,52.80317359766208
62498,39.83779630476765
13988,63.969645385770036
6624,69.11714043181387
6379,57.43913876013825
32827,68.29193473665651
8596,73.80107153817951
25655,53.97074884217264
53100,57.41628687706998
5697,57.64340984272184
1478,39.200651119169144
11636,28.356225631574368
46946,49.373056654775695
6715,48.72425457451109
77870,31.75814823768264
82030,31.148742428769072
92654,59.99249134323743
59578,61.08010796441235
38632,66.0570489751206
60722,59.17388300777152
24382,41.56568200136219
70363,53.11286609702415
31373,70.48843559594374
99275,46.04032857253539
86045,31.106259581140005
78670,40.70085858772813
3469,58.9679375376779
95499,69.21878877246886
57009,66.37812078259768
59803,45.83933275939491
6582,30.956688779407365
76889,65.77978926387803
79128,43.03604915363988
95604,49.80416120774504
67766,34.33257457740408
76635,75.09649669810526
96506,60.344607890716134
41445,63.84786874016056
20881,46.77327384390114
97369,36.23008025639634
101877,48.58272135698198
36309,71.55966764460831
4661,43.144914768775735
96041,70.44081295404436
88904,44.738144936049295
9319,40.63110406090052
69991,37.83816935072478
46623,52.11245200035269
47428,30.32279826032517
61808,26.692131179763855
83475,80.66440259613208
31941,59.79860234201755
3621,40.204630960010505
12199,64.41586888709202
83453,36.952493430338016
64104,75.06099445031778
39606,47.857172982514726
25391,57.21866301596797
18215,50.824090698807595
2104,63.136940049156365
8823,56.93260731236996
1538,64.64717598637628
49306,65.1941387781927
87621,29.141715939080978
6482,53.53806372481054
46654,40.86142311326761
23249,76.43319097362124
30229,72.45293577651623
30384,35.29038968055937
11099,69.36421526748248
54750,87.16874875604171
69160,35.543842735922546
26471,38.17488433203234
76616,65.88544870999215
87759,53.309002747594974
84638,36.12812266026732
20546,30.595077490134596
38348,68.40081485371482
23924,57.437610694225306
43761,69.19792478113646
23419,44.380823298187686
49341,80.73088457892854
35135,68.54981267886978
51411,42.517225605799354
90065,35.06942982796228
23975,46.35769218708158
80284,26.591622308453104
50659,60.347941086108634
50019,32.48411027289706
24221,78.84795578727115
83773,60.34797770847598
80495,42.32038698523013
90098,36.96863966462744
72965,58.678532409509515
74667,76.09595446703061
39361,46.84085188198351
23927,23.207560075010214
21229,72.70750630476489
57998,30.172585844917403
93220,81.64197704445091
71465,66.12457633176217
27246,60.14729339712048
27914,64.40186643855088
31348,78.3340389310767
12496,42.978978873409666
97728,51.025367160818135
85155,60.58700586787643
91708,40.50209031349859
10799,59.35722388796667
65105,38.0896555486035
16206,70.901809868915
93596,78.2506277960546
96576,52.10958066693154
32498,73.0704373395364
65320,71.43709367961267
51602,46.16974081810668
83879,67.2254209736848
19027,57.082221895945594
50370,79.46113693867144
35435,52.389862362628534
54951,27.49110795703575
44384,25.222876041189764
49181,71.11044819221391
37527,74.65474100123083
7136,61.559522071362494
64919,44.29655438561245
100232,34.796461122741604
77331,34.78854514816138
30242,76.19718537927248
89289,37.85716020841419
58929,50.41717462785697
70118,79.47621153832262
97364,64.97056903804825
23467,42.3844202716024
77205,22.793388526548874
15481,80.21768051705854
33665,45.53238579777836
47299,62.5922335974427
22673,66.09195751068388
44094,63.913264355038905
15404,25.48213631665851
12025,39.509741128411065
90089,55.64833903690189
99981,62.115492474181096
81279,50.522272537856594
19783,72.25124204733976
14436,68.0704491505527
67850,48.20166270246268
33000,56.537088622468524
44982,52.319954335236886
69044,74.6354286534206
84000,27.225630614431168
99616,72.4614075006099
73243,82.80364615619071
35928,77.16671530601268
99911,73.89268966777817
66911,68.63391655110513
49386,20.079533918739248
32285,62.43963342090829
49953,64.16111944178702
68132,61.13519184578054
70116,57.5834961030712
88912,42.58816317451626
43404,53.59913555638552
9572,68.02893097100727
17548,45.111320684385674
3662,5.671331017441624
90148,75.51416176564771
29262,40.67874826153073
21963,61.10509677090543
48843,28.66925245462811
21011,38.14465118616125
72454,54.965842121665474
13810,73.47782387741024
12082,34.98491977776098
85011,56.08083559216416
722,42.37795598678194
22685,8.001722028537067
61732,30.87885419951107
21098,0.0
68604,35.871075297716914
8790,39.488910940282736
46927,25.59103129257997
8567,29.819023870823663
45528,41.304660589977246
84763,42.562344007652726
11411,87.56565110041392
40676,73.33286335801867
36686,34.24366367620793
63916,17.25839967806439
2251,39.55177419715863
60363,26.5689281705448
72090,28.150743488777735
101956,26.895210303883182
65521,60.4246886944834
36530,41.74802049995495
91959,34.06146769736622
36158,58.449550668737935
28419,48.87376268001426
16865,37.26001865543293
55556,23.41192724802348
38393,35.26623447927173
26269,39.76672653670957
40153,24.899110504214285
50464,77.24131139025137
34301,58.77166374367647
45966,65.80271430603338
12356,32.21016813420221
1657,66.99201157772463
18983,40.020761100863076
41934,33.628326315523836
65392,64.1717006111988
73092,40.195753230969224
7374,82.41452538077195
54022,48.709331571950436
52342,63.7130308335274
82921,77.2523564632589
20810,29.381034280137577
75277,69.57625340222583
12668,57.70906671720354
98533,31.12131894937556
48709,48.71701224946914
59237,47.68211961979077
76686,25.92225041608699
33956,37.639142552362735
24268,21.907323714990845
35521,57.00512958523358
31088,69.60153748237838
12590,44.13945931734109
66330,40.61372576969303
57818,54.48252504387749
10879,45.54497748447524
26845,64.42423035426496
28540,85.73174042818884
91174,50.144917351080956
9888,74.35826373752155
16597,76.62952916822485
69344,67.33764614588449
43851,50.02864256152962
1228,44.73791997386585
88002,87.54255321655575
17204,66.05275583887729
2358,44.620751982287615
80610,39.10370426244882
26326,61.223412706542526
47305,92.75828052648981
89649,62.19240039298054
44408,65.62631284101836
68134,54.240384443684434
49000,32.12333260719253
62414,72.14897117543849
65706,56.73007670834615
44793,70.16815242204339
87128,67.46343694050907
70456,76.1121045942196
50102,74.62121865562307
87548,34.89752714775106
27795,40.21934290421522
37746,36.06188255576923
27212,68.06638361044452
99711,61.00483182468983
69171,35.46889777152547
44403,65.64745837689175
34850,74.33496235416888
35096,29.451357734286596
82987,67.95461901019861
28494,77.76087988104896
89287,28.542202721911362
80521,36.05572521865573
24981,36.18415730400081
58477,68.70497346589136
12686,56.725449149321065
54154,67.00972229842978
17802,51.938629824573226
90793,40.15236635104979
99023,52.992456677015355
28754,53.64454435917414
9751,41.254467137429266
3113,39.78602693182492
2096,27.26476340183183
78412,35.823677080843325
48396,71.83999194474706
39449,47.40205039588511
15042,67.45249508049454
44276,80.69377549817577
75068,48.365446597950395
84855,61.350393805352596
81228,75.45107807282592
27812,43.32224056531949
37009,63.96920131715554
29869,56.909529027130986
11330,38.49095307833619
84502,28.753245833982835
46046,37.95429175579263
92934,79.93391768950066
22899,53.73332326487417
38815,62.19458034197902
8272,62.399339167415135
13047,38.09703127039079
12057,71.76073419345673
58248,37.43070055071798
60056,51.90293447412338
6361,41.62187383855856
9104,59.90037793170505
83848,29.709689842380197
36521,78.04291586710617
6031,31.314128679515147
64062,39.95339345433894
3349,25.712210914576453
55229,68.03910272336952
85550,82.62250666029048
34013,39.34043993019192
50172,69.13491888344046
49943,44.10737544162309
27470,34.041689139331865
41513,70.83860986285862
14060,70.37406374177627
47940,45.486805445804805
50811,74.45468978172056
56461,67.41812814858285
33238,33.76428379696204
47373,45.152270292932776
15229,37.70996583438312
73686,30.45304643637526
92894,33.53953658344586
27375,68.45566341665531
74229,81.77699077337405
65274,73.12287209664646
44588,41.2677987045148
65066,74.32015553793896
93577,64.40939110946451
88149,43.416734939033425
49331,30.9740494189842
71591,68.86893065903156
44947,67.40247385075511
67909,46.412900421312614
83161,45.84862494447426
23672,37.71479410095739
87177,38.32759017606779
48946,46.64472207840426
78896,32.261289078362374
50958,61.00121027571083
24128,78.5698547231963
62108,67.91538513213767
57227,61.46036179736566
19204,35.834292198725464
74002,26.93546195323718
45277,53.561401381475854
90087,14.399964238583934
82108,62.45607419780991
45523,80.09578030599886
27735,91.57884802860579
63378,50.15402207676837
27144,41.147278584421215
50674,61.69521154240296
97854,52.666785308809295
93991,46.29901855744473
30188,38.22954413028401
97689,88.23541428178684
61454,48.17811569738221
55539,68.82523696888987
102112,51.739471392349095
4199,75.01996403902521
95410,66.39246371481171
98706,30.911838379864168
33348,50.23908621744784
76446,38.06872502603034
15448,48.913291061501845
13207,67.13168567930836
53649,65.26162580517637
8217,38.67972288970914
29155,50.924725407711534
27504,58.640161883426316
72342,42.05263714548819
64468,64.78721498328247
66106,68.94376998742837
30198,36.57630369020255
86935,71.65511725639288
7422,81.1556471868857
26838,47.279272376767956
12136,46.61578426198177
82033,42.255074487807775
78064,36.94696135667805
65122,39.40911460273446
44172,24.990656554748682
78040,36.63551749469606
25694,11.16693037369491
11981,29.746142075481238
55738,40.08835854874236
18695,35.62758679346544
64598,41.481867123753204
31669,59.91163498266924
3726,66.04839275649505
90097,35.36781015250575
99446,31.21318469494141
22546,48.92273968129051
88378,42.85367191783618
7041,34.31665999209643
12219,75.80912055122661
78463,21.51309911192175
24310,60.31780613403214
80883,78.48971432013701
28443,59.22794804379947
58970,23.480750399534234
49405,28.767310893437696
64980,27.3235620019936
45435,31.940563806062944
84310,56.155046645309
27903,45.7519306772744
4407,68.30570930606984
64106,58.82417407677695
62169,69.64234494542238
2632,43.94716165324746
66763,29.301948307920558
46620,34.68646267794008
57536,46.17513017154765
22494,55.05598155169054
63936,52.90029637686369
7870,68.9985803659311
66344,64.60543153634478
91886,81.65015084481999
11552,55.299300488981466
20796,53.38177750982911
17095,38.65520763557846
62386,66.68706820441842
88334,42.59396466285035
33600,39.5629561352492
71941,25.68554925634662
2664,37.671006560823784
7423,38.63806480745155
48083,39.544151782716476
68040,35.26919010629047
77246,44.64592502840032
74160,43.158044433171
92151,72.47776516218664
72863,37.967799770549256
9650,59.08903465142535
23529,40.35674694141854
35588,34.5631209813193
32560,45.33224239409972
100466,50.63565469240296
78954,58.283695855688855
6641,35.441815687668026
87835,63.21801102851846
38663,63.92261553005841
102192,68.78725059294345
36892,38.97854280196559
48824,40.812631532724666
50587,38.82851552074479
19807,19.9775190801935
84376,31.678815225136322
42073,80.36878349296813
55639,61.61951519073821
101596,43.699977586643
57850,56.29512819711523
88933,37.196157378678
20967,56.906719503331104
14199,65.3370500283662
98221,69.81723499124274
1681,37.55662495882535
90406,34.57205591869095
74121,79.15071955279396
81478,36.85927572052442
59339,36.08241602624639
81813,82.54794045561943
34960,65.86432010480627
48580,74.25690894773695
79499,47.30562426992134
87545,35.92375923648665
72690,59.281558503970466
92052,77.36886161595197
21616,72.83070194948675
39215,52.84439191402059
76667,49.26361996603515
23559,71.33096666298125
70572,42.389703642094446
46203,49.47867650504941
42394,77.81184567822308
41388,48.881161440405464
12357,42.825819801425986
101814,64.68532546372292
10591,68.01715872177374
79965,71.69649701408268
36513,30.35327641735483
64604,41.63388687743694
66812,26.804041760819082
90423,70.37882538093251
2902,30.128191480366013
3753,27.260458500569232
13711,62.379298608473405
10124,53.177978349216374
29637,58.402882061357246
45728,32.47322362340105
9756,49.989294170395695
96772,40.32539147307207
61873,65.8887046091414
48119,15.36186665906375
41116,44.18441895486207
26065,37.304286400944626
46966,68.0976265061439
38200,21.205154859482498
62292,83.31885299557555
24556,73.8244638750326
95703,71.0625020768305
24551,57.709897308603885
18945,38.20149796971379
38440,62.68554253685433
95842,70.69227421649948
47837,72.10242998587412
62011,41.37180045950763
4467,57.97910069180997
12288,70.94600985107795
29315,52.12314722184929
101653,67.99684595536218
4431,72.28671528316913
94478,32.80182339613495
78892,38.84900276937001
98791,71.843945498931
14478,66.54883450387157
53459,54.976567889978696
24371,84.283243062327
83774,25.376524719015283
17818,28.225532708438866
94435,56.20028183583615
69836,44.71452931269873
86369,62.93225859420717
7335,74.94307824209156
71371,57.955670036304355
10543,79.66219891479317
64463,48.597038911263404
30681,26.22641866775576
92408,35.64242693223363
79565,55.185373050723854
343,76.68213597548146
69922,37.81600502588483
26311,61.752287293752914
34352,64.70085464854753
73377,45.47166198737871
15505,53.971316490889386
84282,64.34760735483223
58167,37.06009311534213
88388,44.476780909526184
99003,65.51372880062036
60114,34.03791234383476
69310,66.65045281058337
23261,44.35871882157956
89585,56.23138956787748
9149,32.638858935306516
38229,20.52410845713173
41904,49.58370760275564
102383,84.20608870102438
37017,78.31719206093001
70806,43.01184375879327
82903,34.58747079735818
80051,74.0541845312938
5895,59.77625359929232
41091,34.73113453363936
58144,37.45971180454741
99095,72.83259260674853
19194,66.05807129845809
87524,73.68702558614825
13777,55.17460721710798
31415,38.150633565685375
72882,73.76676047016494
91088,81.1530157197374
75600,32.23252651853115
54763,84.4169539917083
51047,77.82902942430195
102531,36.04188499599747
97687,80.29243779391513
7191,40.18132879413633
39880,59.56343352412763
58737,69.05340161750888
78311,32.508693434286954
31406,69.9906239303362
33684,38.05234336129458
90190,48.39475474622242
40951,29.424833483586568
47343,76.67783880615235
27167,59.062583150548065
34407,21.049371894414882
30865,75.80143003653174
28167,70.30689790602153
79644,81.48257128141853
16156,18.75886729500182
20317,25.78027567928204
13542,74.01595411368808
79308,57.249058082095345
41097,46.67239102466733
99297,32.22251677954948
94257,20.45441433615072
85097,76.68865525826787
37484,66.89528559506289
79404,35.935788069894116
43914,73.5901490752367
9720,31.03736664988435
72315,39.801767791683815
19143,26.649201526447257
7743,60.79606322018907
54918,98.86127615015265
95201,24.44989401272748
13491,48.16257251998955
12008,73.38434246061155
3244,79.70880864955183
10047,59.92116343265167
62846,21.039377439339216
45890,42.183181782990665
44213,66.50252274709885
60901,62.02959421891724
80236,42.328266399484406
33425,81.65047618563747
24339,66.42582493103521
31600,77.45681529627909
26915,38.38944171537947
91593,33.918832490516486
81542,27.793283535748188
20956,27.63743230830015
36730,95.8456724741385
9117,35.85589540501172
98141,61.17266219676114
98597,56.13037286688366
87004,34.3380488526197
41425,27.177089619805933
85946,42.461294682181986
42136,38.68975857110358
48937,65.9422541853956
23315,38.05912850776868
41919,32.97622957064486
20394,43.56696754973302
83597,72.99454966311734
81093,83.86062252167488
37824,75.99224974128157
19388,69.04179640352388
1776,40.18604809664655
42801,24.705548248226748
31021,41.35050819116792
34795,45.91980827502498
46451,77.36988204518812
12576,83.16107441248359
65423,67.75892788373108
29920,23.37289931293993
1351,68.98835445169134
60300,36.664987009074835
23734,66.33505518565838
19284,73.12331811621763
35076,77.12897854433024
59480,82.39043469009724
73964,52.625489797144276
19081,36.09468172944608
75665,33.57536646696639
38007,51.79295522443546
83275,40.58711218721466
93272,24.023674753801572
22318,79.07608889433828
68646,64.65797345573014
100575,47.717201528060194
80484,70.72918273641784
25436,59.068332701473764
91726,81.13657606897581
98359,20.267223698217453
44176,39.7000836008921
5096,52.443204511589045
96290,25.889288779379154
49397,40.525869649510426
87593,55.581189654522106
32669,75.27232775023737
86805,31.6800380691917
4691,68.13710602690892
26575,31.642513983766072
27077,42.55494043055863
70997,26.316840146349488
73526,57.98430040009156
15013,40.91717617840961
55727,73.78943596825147
62478,70.10959278389117
65517,57.32318057046748
81837,40.9858670007867
20734,38.47840543676072
374,81.85180168289895
42513,39.67416715083334
15630,37.410424577203585
99533,70.91765654255056
62198,81.18144217112383
61264,71.42166173061098
61177,56.5844440920834
72783,56.91082412249541
51601,65.25731445649103
67091,71.60341178734537
39988,83.13974951763355
32049,69.88327439189857
23135,66.50840447579766
4693,83.29796358816435
32328,26.73582757550555
1317,49.84354819602275
97953,65.90611865306954
54555,34.948989954596684
48897,63.092983961229734
37178,26.588198655889084
14184,74.45036644234656
16053,45.875160023288345
74654,43.81596013066577
48449,67.49878065499627
82024,80.46918251417567
12787,58.221609788868925
52073,64.49801091583522
46100,46.186062942519854
19944,60.952949730286576
7122,33.819947922280015
46171,86.89580864681083
14765,49.12967448379699
94686,57.141365030033796
58428,80.39252849132161
95270,63.566755912583474
46244,35.06500300904483
1780,39.358536697919256
3790,40.20704254680598
86655,66.69976996254633
84460,43.360806071580186
54729,24.817011180099882
72760,57.54607613575399
28062,44.339672316372955
49464,81.6003823810693
11770,35.6474214126359
4947,65.78601748446701
25052,80.44187245720948
81782,58.82980708589203
40038,68.70233484441984
17505,43.30585021223027
52553,41.53044147008656
53730,60.1998186426156
87414,31.727062617927306
15230,43.71715179152548
53096,50.442142009906966
6509,75.1719329107685
37973,51.284970868648514
25476,54.75751336754605
44238,43.469186321479484
39302,22.131647773538205
78522,38.21269073632236
58997,55.72473953589321
68723,73.55427625012538
40927,62.40608077483998
39406,72.1364724580163
56257,43.766252874070204
9146,57.741069228629414
43222,59.07409293693051
101134,30.700970855528055
45241,46.71237710155389
24518,76.3849619971316
79392,36.96018330119613
58249,72.92524541636206
70214,37.476834092734165
34143,43.87571559662047
26367,79.18284209875858
16420,29.867907880305513
29671,72.3432741203506
93374,31.138664370484037
66890,57.65172990598415
14658,75.48702687266736
22296,30.344616291950448
62349,73.91754868323146
52674,42.00716131822128
5575,59.64412912930393
83941,70.32580295326713
75685,42.22261636232048
11290,50.41557567752304
83575,43.6798407813506
70008,68.37728113219448
7480,44.37015849939994
38532,35.243743024558874
36975,32.221957488617626
76563,36.169358490531046
73944,62.51969971213924
46415,32.595275074296296
46443,30.306738937775616
85885,61.05216396999889
3791,40.349893549811284
86195,48.119325296705284
8197,58.753597004536786
29676,73.15860386011914
68148,77.64428783367062
85879,67.28651796944133
79945,67.6159990159984
52254,59.48303998078792
7978,36.98986522322543
99767,43.06000243536852
31334,43.036878956609954
23177,39.601661594145085
18665,54.355710245666785
80048,77.90442178265154
101528,77.81172354901568
31290,37.48868008365422
42222,50.885241140444805
37602,72.83370655957843
51302,58.209603537210626
45264,77.46850645231731
40882,23.82465325362167
42402,38.336652873212515
308,22.534884155992565
10170,22.000016104725212
64214,43.26096947382275
39398,63.428310173792184
26839,57.67607602356985
92958,45.86841088412068
96089,84.98186412508858
64095,74.52363067054898
44860,80.16265801684266
2868,34.05776964381913
12853,70.76664752741928
67628,24.503584053670238
4795,74.00673113690877
59047,49.56624365919695
8304,18.42326141373038
97892,51.95416690952596
82251,64.79032602355375
8773,53.733321721677825
37860,66.39084538388613
59942,45.309615173020575
50195,68.80185016793455
82184,67.6064792499566
86336,40.12242046359589
81553,39.92718015286277
31276,46.57583916754258
20551,57.02523311200969
69607,72.21228964579132
70443,73.1092700917001
31417,43.01323096869637
46686,46.609417604351705
3046,63.793840487134666
92210,60.294203275334816
68386,67.41322214240678
47532,60.87901028108911
72397,25.28451509835359
94610,58.74754639945358
73334,87.14180515754435
15315,39.645732998881144
41895,65.02004461041395
20130,63.540547386351
78897,54.136933699800544
58693,61.86978521779419
56112,47.45237471762027
10707,29.11518308666918
63799,71.24170984592325
46781,39.94469701457026
62432,68.68778181977775
85494,33.27167814987904
93320,69.74492695415724
17380,82.31656225424223
81334,81.9835686884983
12769,52.843244429709614
71142,37.58412876298047
38398,58.691912884765344
91772,45.010814571681934
25030,37.11541163865734
16109,47.439455077715
49897,61.7667956097765
55212,65.19047520011462
9714,58.923275793198236
88253,79.0842453905677
65546,13.246313640374751
27893,44.1715439438863
71557,69.14816229198401
1898,73.54699727168713
40144,68.15911230624477
84192,60.99254932572732
43479,38.036044378337245
15099,32.733189205555064
38482,66.79217522436593
55911,67.64073227717296
15270,47.28263306758885
15514,48.40633315498491
91184,30.463926148173655
1339,26.094000237144463
98006,50.27878655051241
34433,70.17629615309518
1647,35.33381757991291
54535,14.34228886208522
97086,80.16263445784361
56037,74.33183556118769
15920,84.09117297307992
53941,42.51404561913558
13400,42.471569735702296
80163,49.51365670204419
36473,46.65850274205323
23,75.30341437612054
102615,40.04988183204995
56539,65.05721307491837
37125,45.1077765720023
83502,64.53358116942704
62513,60.590848329317204
82023,36.356113835146985
71806,31.605404118785657
48488,55.19446383676997
101529,41.879086801091084
73785,27.73335584622767
101081,31.560331834239214
55455,25.480748948803587
37933,70.01636548628824
74048,67.21969435621145
50248,80.2835570389843
60876,31.811459616215778
9713,35.95503116756988
65398,33.08654762949797
84522,75.89721774667493
88856,20.722584740438293
13814,36.8357556083761
70590,70.81319703710588
40248,43.679260110404954
68806,38.914774864126684
102560,50.86469977510511
30927,69.95943086603287
9670,67.070101311616
77244,70.03981782853117
93147,67.50678812356031
88012,59.97509243802783
5541,64.96435592231316
54114,70.10340267765544
80055,57.922555187873925
84066,67.63683277964543
64893,76.5961442641736
84644,71.90842641804133
1164,70.02441412015708
36482,51.817540813204616
1579,31.17958580509662
23908,74.40418518699663
68977,76.1803862367981
69894,75.22479202874385
92691,44.597732110080415
56833,36.802462495261096
90690,78.0206068179204
88873,61.35288179330955
69708,43.350551044126874
73698,42.06419569748442
100237,25.85651686066768
25551,64.90898377198863
14641,68.32341392373093
64349,27.69283001832358
59436,40.23327392893301
64537,68.4718172268648
64015,51.85167077083564
39864,32.29546184492759
92472,38.11393079163386
201,60.18826339427889
21485,24.14448662193874
44883,83.41064212127347
37526,84.17079363519412
59209,48.69622916371547
66758,44.64344869770438
65836,58.38407921147443
51392,37.26435497817872
52508,37.44706786564957
40513,39.96719364134828
81722,73.97062664009678
45703,54.808314137966555
52400,53.5295001026726
52157,74.30443686981094
73347,33.92472215234006
37107,70.74608129126798
19649,81.98290148726335
48620,66.10940582907091
37742,58.34916739920182
42336,42.91543823763196
44121,60.885920994933485
44242,76.46222670479573
44877,29.417961192157254
65933,48.4850529365787
58159,71.54884226566519
30819,43.89974298676029
66254,42.24447568495166
40945,78.37852108224399
44259,56.72112354123704
6217,45.797531249481736
30496,31.319073540685
80326,44.94383375802975
96205,39.63870536469274
14194,35.89202717521942
49927,59.19449960155073
49406,70.15303707672166
66139,83.27360968995785
21396,41.194247127765394
87348,38.04023233915234
54909,38.9004985102574
5050,57.67345154382966
29061,71.01026409723363
59910,75.97731709084854
69010,54.00783804574287
67201,35.1754204051773
10282,56.77889816201946
75465,68.31404296291612
43350,49.791367356337844
21230,46.55389398391521
57948,34.18697026455537
69610,32.47327556773055
37216,48.64667284721496
34580,35.72808012265777
91949,28.739924547175306
81407,33.549505600501696
52250,76.35933574360234
58887,35.93015599846734
39836,79.15906002671457
63017,75.70809531106163
79448,31.572177489969075
2685,37.74094453079057
29635,61.55348248313594
45799,57.596760575690084
84185,27.2383180619395
37246,44.49375503975938
50627,36.07353550134867
42651,60.869267839183436
2297,59.523202823984256
5919,66.80316973916055
50699,77.21102864539435
83406,68.6565527448338
23013,42.49648138024555
68456,65.0026412234244
67142,62.732479483355874
46384,35.43551215038788
41558,59.556192316797194
67962,56.19692357658967
42437,74.91526907223542
59599,28.232144478540448
5180,64.53991689122837
79598,75.17476574771624
75843,79.04433132980152
10513,36.69876755468376
45951,39.40039576150469
101014,49.38284049189973
20620,81.1415448327204
18221,63.26027657179659
83596,40.83540359136958
41103,45.86363982389351
53468,64.2717365848406
19467,44.71316455754386
86057,50.679257181155265
61970,63.222727925199294
11496,65.1011068011612
1120,36.09940004757554
47243,52.98568737672116
46653,18.365784149723407
77895,70.26891600908354
77443,43.410782237445225
17162,77.1258848218421
31187,31.925545901464208
68535,40.114333519353224
48395,23.786763628335088
33920,70.44512017175589
32168,59.42402928569771
69963,53.076819219226074
50298,30.868627148083426
63533,54.171523099323
10211,45.52580643244479
10208,58.76910315610187
64077,34.0091868305215
16712,65.3064290970562
55906,62.28956663473751
43814,38.99750018627268
47287,0.0
34977,61.48266778774749
8099,35.25287032876192
19908,74.57746808751487
1516,58.98310263887845
16717,62.02244432302274
95550,45.16156034173601
71590,77.61623583072199
5507,64.36588936700653
37842,59.731887381841844
88306,70.21107258935625
70032,16.7600224902993
55545,39.48113365333008
68595,81.75857996682379
100559,48.43688234926036
80510,59.71396197562174
86851,80.54494701512536
50389,43.14296687718549
79907,52.54309841609113
43299,63.30736366842463
12867,26.93064438721843
77306,71.61807394781736
84472,39.944851505556436
100469,42.95608656510494
19303,74.46552978964297
34214,62.949623148645884
7943,87.2967558207067
94439,81.1791690261547
68874,44.64026992875917
39081,68.23234386454945
84227,37.72660529525918
39502,42.07691279654085
81772,33.35749422954183
83791,68.8214607864983
46337,22.245085899119168
71427,59.616042639030155
46097,62.833986937337684
42089,37.38736972596683
53508,55.056385732184594
69683,53.58586616499924
52602,29.645565372006303
15734,47.27428652965403
41378,41.562385195927305
98702,68.10945192429966
26618,73.76301796921517
60716,52.91596079629201
92730,29.31198522001168
55624,31.952013528716936
62576,39.103060737905864
86640,80.4360813460224
60750,60.10710643504645
80449,84.57435576451911
7260,65.32938066384915
8937,54.0518927691988
6258,31.154966593735676
59849,50.35494113448897
34470,43.0960872230288
23516,34.36541112751244
90348,61.59862330280245
8398,49.85562177670217
77853,38.40897122794202
52185,69.52979550115629
28283,34.21892221667352
22649,65.19350695250823
645,27.621858093907257
23182,42.809931216692
79170,66.97235595123615
61752,41.2535358357005
59263,51.94758572982771
88785,57.2962781237549
57616,26.179198523808203
78938,83.79353432250485
53520,50.57584700375446
62741,27.725602871342936
54327,43.80607226174696
95426,68.41913157319875
99509,39.6539956768548
34677,63.312062536805605
9647,64.19889621055228
54464,69.73148242462901
59457,75.77218255935674
31980,16.828510955566703
62982,69.5828223496876
81879,52.23919953224471
73764,71.02037072278392
66650,31.34465373028832
1824,26.354790735275223
26555,46.3766856660466
76126,54.419593866205176
27030,62.1910086898062
31883,28.46423182985756
21692,63.97722564235723
40371,73.8228128514734
72432,72.26318485015956
24470,54.766191469218825
31572,59.23549296573418
58346,55.08313615815821
36014,39.86989567551531
76440,36.451011947122474
34055,71.38278413598047
5999,74.25352556085667
71156,52.508033033546866
13494,35.564391638770815
33278,76.80692411144994
81187,28.330284629955628
15268,30.38740976976068
89609,40.62968889440927
67873,57.72523947097396
89743,43.24603887960921
73359,61.7797449463627
66858,81.28621091253504
29346,36.25671166042674
88063,33.608083944923614
61086,82.10172564727608
92390,48.17388329002459
99992,67.81730823061027
75320,12.82770709290888
47016,50.43896388361409
28076,41.11613326519191
12139,64.66007172410252
64096,44.38632415811025
57662,20.108738257093712
87991,36.118834016808044
96834,51.7408230774775
11258,71.85041553768275
32225,57.528347091997006
39832,34.604313321940836
47840,73.46295881058398
36007,33.89112993812122
79090,75.98217026777985
53347,18.713728252715654
28713,61.35758089590388
10057,53.167852707050265
41668,37.3031599095778
96134,34.71468791976745
36859,77.31005963803425
9865,67.50441586850897
93912,38.06836603791001
24584,66.03015562896273
51971,31.766167900511284
35025,74.58834736089818
81100,25.274720055029896
6468,50.172403250601235
66570,60.46631298619789
54026,58.440272348237876
46635,47.20392244977941
4111,71.34359162548282
79148,70.9205873037956
52478,50.33006736971364
21855,64.27719913453964
76680,52.125521454960385
43176,51.59841487414383
47014,68.07254929952664
5324,31.747499905995188
35492,53.96533562766562
30325,45.733805715795704
29742,37.60823418301086
11658,74.30271412028438
68375,51.11188274024789
28840,28.637300746792125
53838,49.449041942105325
35821,75.96007027915249
22957,34.320434867836454
14951,73.24013281128798
78530,52.012564900539545
87356,65.04551360321739
33871,67.99183651808981
19743,80.7872932060528
99061,27.78039508495396
68822,33.66126746492308
56354,52.77864063936369
100638,79.19266806662822
16682,30.849130027070903
5332,38.898519733244065
98392,47.056275902000976
76611,68.74682301278969
99498,60.64159818002921
87761,67.14042848644013
87417,70.47941959435826
59009,30.16650194521842
70452,52.30526439660194
16792,39.23666471111028
51118,70.97259845381133
78448,56.96504419374832
15369,58.280713046934224
18025,32.64554239692692
81501,27.89858994291891
94116,47.771160382648446
2512,43.50386500430257
63026,74.41143874577511
48506,22.731018088154666
1191,33.90015160654689
32507,77.55536171637773
89185,28.392923382324874
37280,78.1513208964187
66892,68.76019558330538
31070,45.73919317746903
51049,44.35567780641969
8349,80.678042073986
40576,80.33074014289191
74307,32.11191183473872
14980,68.6648348783135
40465,45.79162924213035
40329,35.968822187793
24451,64.258777944054
11562,78.41868285836412
70710,35.452502668274285
39193,40.24145949128156
38694,59.10308479670949
65808,60.17084048155295
1559,80.5099444264273
99186,45.8171336229348
42080,57.973526855982804
99094,33.74537250252957
75747,88.61533026812904
77520,33.693992007636666
71671,70.65618087626942
65467,79.00264507407645
50194,57.59180746971013
98568,42.524009994896026
75859,69.83136219403545
82640,76.82541799311397
36038,67.65978769660242
94011,63.691212331348225
7540,46.071206783611686
95880,58.67869249029302
14065,58.22915135946702
23793,79.56918989506872
48000,37.77207532737207
84392,50.61683870034109
30916,41.747533625529734
13161,36.946846322075736
23584,74.78228433850902
7834,59.54267477895489
28527,47.715271301028125
62855,76.25062891466189
97562,43.00437179228271
20522,72.00796699870035
43040,76.8388034323361
57042,47.0947934985923
45879,61.607176435037765
38839,62.69611747726677
64961,67.90389571819168
48659,55.1683766354867
11525,47.694996738944134
64007,77.75651550374734
6996,66.66681541251282
79806,41.677427779964475
8644,58.56585349504697
66404,26.41672977336288
70817,35.113844530791845
96515,53.78201519117269
22940,57.56059223990147
30068,79.04127041216549
43336,23.479808702335376
57687,28.907655965837833
85799,61.597598402037114
49749,63.374805136526064
38254,55.42518421237392
14916,30.35058202974029
57710,65.33986934188772
71008,66.36988260633946
71309,55.974805239430744
40401,79.73596787455463
42363,70.60962053333222
56514,38.703305965224125
46398,49.971915675532905
49809,43.008407017661696
5201,63.35926797068746
55435,42.021737225461436
19462,58.01732342453087
52794,64.55844823457595
11461,57.796547786302426
89696,34.3916116321923
79222,16.22531264522501
38499,56.025206100183226
33640,46.658628915605505
73072,76.95214740363667
20017,63.71710736474432
95340,56.29458702104373
84339,49.94225189369055
64922,77.51929655324027
67445,37.22788585947352
91926,61.82806126888215
3105,41.81802134905438
51739,33.53572248058424
86445,35.83818037835112
96621,69.40127003219499
24356,32.688421380522676
36749,79.27361896014314
85873,77.983652750088
73621,47.59097623603165
98030,35.61777148336983
62650,37.343173833145364
27197,67.41613300022676
46522,30.997761036151697
53021,34.65750947557105
74404,59.65449902205837
50493,39.871422616445244
97084,60.544506817993096
71059,67.29405246861648
31583,64.80424401650944
53014,59.32955010617227
4894,75.80454651347387
5618,40.607136628600394
70964,63.747142335206206
37690,63.17723094795001
43103,27.03462412100074
66702,39.34012035721433
92038,37.775552410127666
5940,22.366566406466895
44895,17.266574541581953
25006,67.07154368164703
75403,53.65520807716297
44016,33.537996046419025
13159,72.1863060598036
34085,34.91077512701345
37416,68.80028246459393
38820,67.42364684112098
42045,84.91320153057409
36790,72.47041076139385
43178,35.27139193836243
26696,67.01117722830281
7388,59.303663189069745
28602,29.279111308768254
43190,57.399836394447206
67948,36.50156758159317
39282,34.12872151278393
87794,50.265377066951224
102602,47.243844292586964
93530,70.37987456667962
3700,82.5331315124834
24727,64.85087205441474
97837,54.38823998919774
17872,58.485796249392806
52719,70.77504975557183
83352,36.97607789670901
94309,46.652711047843326
89561,38.14324039547339
32147,32.93737358495359
90219,41.4896680882424
96934,32.5699451318662
60822,67.14554442317744
98639,63.670557404244114
75195,38.00590214598476
9850,37.61387372505548
19497,27.5474147918069
86788,79.41013553347486
45418,60.310891707768974
47990,41.83206548289115
1690,45.80297517958327
78223,67.14210095774902
56466,30.73720258866282
48286,59.91716444483052
62155,62.149628405456255
12720,65.01624916490266
53182,38.40467619423153
24679,46.7637660157048
80221,43.77612914492
93695,63.59694574217076
90970,37.84552604147574
90892,69.44086154843521
83598,30.54882419593424
55303,34.557740840433894
37625,55.7945931397031
92723,37.20636273175881
7802,72.56001888338037
62210,70.13376482412957
24829,64.06168415114968
47486,71.94113279569706
74176,70.59083106358136
78421,25.464415449016208
63899,61.97810206963841
29481,63.400869127204345
70429,58.506797617594046
89658,71.64272959330282
87793,41.30267051946749
98201,37.60508382986501
69208,54.58762464467242
10991,33.18937179179701
83900,52.40490002573799
74004,52.01038405740932
45292,59.04839180450126
76766,38.19998414707348
33172,73.76396866320354
68198,44.40775418377465
15735,61.89824268435268
23217,72.8377785949715
21259,48.17750766423999
7589,68.55068392826132
65212,29.13439031612371
19311,75.87549751016655
12588,56.64585284554259
58182,37.600919391187766
55779,29.289993904260236
29683,54.80584359812598
75493,37.36075044538366
71252,68.22633993920073
4490,44.13918860198723
85435,64.51875491728399
29312,80.13557982542433
99532,74.38269354828587
69984,66.93938024583494
67755,41.26062834932375
61505,26.256394696215942
69185,45.63716059061349
9140,52.922992218986785
62667,42.17934441125948
3764,33.10807161403983
45508,66.20238250478775
68764,47.85644327345182
99012,39.19491539717687
20239,75.29478037788627
90772,25.87474770995432
86500,75.78676406113314
50861,30.603829174917013
39613,58.21397308532312
19183,66.15787561024426
3770,46.64511110344266
83032,47.435852518254976
64197,38.20710911111384
29987,74.37764040404029
88929,47.01422476664375
44831,31.249500544504595
99655,78.82473623176836
16052,64.238107315434
67963,41.940958449378655
20439,30.213497391710785
53135,29.08030951465107
76468,67.27027406582832
12944,60.1113524773474
31291,29.700795706044314
77788,68.89339487598657
13828,16.859001933106434
58058,67.14265404879666
61154,32.52909959430345
85528,69.54316199071071
57997,51.23256251716237
73845,35.28065774883973
48257,59.42373203913664
30339,54.15311855028252
92352,68.97528796684233
90001,61.8791386789443
14836,81.47023706981261
22823,54.82729321459022
49339,80.12214723605462
76019,39.196537014977196
71894,53.72713688042444
11181,26.926319614838228
84533,32.71452161395665
48458,73.99213021709579
67886,51.3641520675981
800,80.4711144761664
15380,25.61095274321552
43307,36.95975447708486
91795,49.4610569178536
56516,71.79047244247029
39839,60.34399722631694
71044,50.5791382701042
58587,74.35325427774185
62206,45.77885602670371
45433,72.31640879767609
97639,67.15802843335244
99259,45.067795896654374
40769,55.44823047373396
83613,24.277386627609182
46476,83.03549110805208
41521,39.616648063096335
16277,31.24750515940646
58450,55.57744964576345
34911,56.66899666369994
79350,51.19642674524912
15568,62.18077281147744
85127,58.161643859448084
19754,45.17344799717202
92099,28.94292086200849
75599,84.69460855704683
27120,67.30443388869952
3914,50.161565702121806
100616,27.525893027125292
7934,32.72526782343721
24244,25.40842537047802
16393,35.37087912538282
44633,58.27736099698887
87313,72.3011758320192
63014,56.44222296727639
74888,61.96220166984341
60487,38.162702978844905
80266,34.82114396628676
29201,79.33516536784845
56115,39.73148288393365
26515,28.866586518983553
80322,53.874336275911645
49906,37.09740486365582
75521,74.53597804070671
66225,44.423648926761174
77150,47.234284451891455
24389,69.22909377602284
63240,79.41964839051109
63386,37.63866294531254
75064,53.23925902381673
96685,45.16145824276337
45795,72.9104983835023
207,40.73203841713793
89006,41.07374435461932
56960,52.435930699739416
57852,55.675918112640694
4279,23.081173141379455
48961,38.74285283591528
55965,54.9788798728722
57790,39.35513651514072
53003,72.18371994311093
55918,47.52283596010154
82307,41.19006209868438
96814,69.52790639014901
50773,44.388254679362575
38656,31.204912301395552
90808,28.661446651811275
85240,60.826661004353134
50730,67.12804051988832
94019,48.24317149500979
41226,55.8862106849415
52088,71.59873374501356
70408,40.52379530415649
76682,69.70528572661307
13473,57.39975815951051
23305,67.30531849308377
80301,61.65058388326116
31418,63.43072721274807
23710,42.429983437713226
5495,81.54362273904532
71334,76.32340214328386
97857,63.048146451012315
92728,31.662211172072702
78836,47.89728853432016
73872,40.80551510847681
100263,79.64133982239042
64783,60.562271143051596
80325,40.756958827366894
88871,73.87702267626074
38214,50.921786677252975
18678,46.84884374339505
57703,40.919142777876175
73212,61.94940135103967
19771,64.89730441502844
18015,63.55341076343673
32329,25.453498939607016
20380,66.10076956376892
57118,25.034519877047575
86623,52.68746164501687
31984,43.2725028306204
56657,40.44184873145062
84453,47.25734055829379
29265,66.28695389864507
54116,84.95706918182071
85007,18.54867734928496
12183,47.74060543112982
92541,41.15790271465676
94916,52.77735297977743
61385,86.14074456183309
71883,58.70835827246813
80565,22.89080025289112
10923,26.732793449516773
43772,50.71899278805063
35049,53.47500159593079
27135,71.40137595428854
58558,37.68660236870016
4685,44.26783607725389
1149,64.81300268547784
21979,47.36412250141892
6662,36.198437821913195
6728,57.242342211239134
12935,81.08145739120772
95633,66.0270862210892
27413,41.94368384497649
98432,45.758502063737446
32793,69.43454012065271
31172,28.80036902591161
30866,73.84061026048944
60465,71.10726084644875
14789,63.27809938092284
96283,39.52634046158064
49912,66.06709574147757
52292,38.47841782918902
94827,68.55959873698285
86799,75.67590265405408
91777,64.07457033517632
35607,43.052047041582355
32616,68.23841102649692
92840,67.60410887059274
84309,18.218835502378468
26762,40.7897365458584
58993,34.94584885387444
33294,38.90544987761126
52060,65.4339794589065
80206,66.78239498115883
61798,76.50388929178577
63829,56.5167024577482
92589,34.749023428274306
35380,35.018834654459454
61884,55.58047799207182
44330,70.70276270654847
18083,49.832480509107356
30033,68.07360683185482
88949,59.14795332532448
79290,57.34856889019169
82760,61.81829765612401
52879,49.85139463914038
19212,43.83950074155349
97236,36.1493989360154
96213,69.45133809167291
99618,74.6206562066095
44034,63.921739912421415
61583,66.33957744621989
80426,26.624879675297237
10903,63.13852296883716
3596,45.273746350899266
35704,41.65204781323391
15847,54.79044039272955
97790,47.0001170751311
18366,64.99456074557092
85566,50.03277334180893
65562,64.03407306719023
65358,50.778828581325996
14164,45.5078515098425
51009,74.56214958761232
12725,69.90418844248839
55184,60.33034627475506
20565,67.20075295921514
25654,32.95652377451096
15541,7.025226522515439
11821,54.572923935112
14589,54.70002687071593
11853,48.81371980368225
98800,37.04833353360902
33694,38.015356716129176
16055,63.08225418399427
6015,95.83668195277994
51153,71.47981030722369
51134,67.4361666143287
22795,38.10025407888918
74062,59.132173683025655
4540,36.07395964920429
24196,42.935927219743846
47972,61.108981395523266
84058,70.81188155718651
28459,68.60378604576749
94874,31.594358021857698
6806,72.2839028971504
51375,75.34811294390536
8842,54.449941518789835
82315,45.55030466247555
665,53.0392632248257
3738,67.06315156887415
16363,76.397801748459
73235,74.05069693315562
74354,32.90496159953052
56485,44.37746788098842
77139,79.03113476682395
34017,48.27393666196781
93613,79.63805406193157
101632,78.75768357630716
20650,34.32562130354828
74556,33.20972578232343
26330,70.43965871163422
28512,38.83484546107239
76047,47.94830624730504
33783,41.08113596627743
82839,76.4373800494627
59945,76.00459059020841
48894,85.32091377491969
93562,29.834728966065413
41923,67.42892818535383
21192,69.78942337162977
49149,15.041505853129845
71936,7.800507697956164
31654,70.21310652931685
42932,29.507076954561512
30210,53.710074146193065
45339,59.55120811501176
4469,58.002185733596505
50089,49.93910546970732
60697,56.001028353726056
95982,50.549217083606436
51109,38.41574228412784
22373,66.73139700826806
43411,38.56577895701825
94734,66.33075843080653
75732,60.93064013167641
76031,54.47069997982551
13433,71.93046514618797
86418,41.14294651805635
83356,47.36789112561465
35365,40.7691986838427
75529,55.75901770957229
26251,42.84029054037856
94828,39.69416460182172
11082,40.98822653181275
42288,66.04146008178114
79379,37.60896048062044
78019,66.68392281505737
50086,47.38313339539818
3927,36.48319734129357
53848,26.844228061966657
48933,36.221813434918545
30639,28.33036054909327
69157,77.7825512969402
80577,24.023496718423715
66596,71.5226421481305
59952,52.16242125899791
97284,37.61682820790571
9447,25.075323942190842
74269,38.377362941306124
69987,27.144531551660602
59646,58.28996287952787
80226,37.72526509160515
56294,34.056789920018694
9495,62.74755861308451
85074,30.380390433206863
10469,67.74315316069979
21861,83.5677993381233
49889,38.63493990225693
92247,29.498608831231373
99985,32.6708381902497
101451,72.2685023665357
67860,36.12045491026987
25169,61.07126189184095
36779,35.93157353948331
1237,47.49792563040229
46164,41.391149171545656
24028,57.981628528070004
84653,43.81187912110791
61227,26.984328005947575
80602,78.26279522192286
72666,41.06670138485816
25850,36.88978624488579
95460,46.3711150454081
85773,60.077117677354444
17533,59.131599075083805
12484,72.61230748426081
97572,64.79260569164842
4830,70.63161212360117
24867,63.85282429892612
71772,55.66510143301625
44572,56.005584494064564
37613,77.76150328096801
16170,53.484827286320936
87211,53.340279880532286
51597,29.616682944387627
44758,78.72106446403312
102481,32.50975145863252
87922,60.80511512984373
24169,76.58960847451895
15040,81.87384935721396
96959,65.89849274906402
81662,72.65605669154303
68898,39.855125357230165
39095,55.6366593062832
82081,64.16661215448272
28116,26.13740966102236
98536,57.07838460568151
33287,74.7717417096933
52515,24.56300245178039
71398,38.60070139015117
6514,38.44446079568115
46667,80.1251232157614
21437,57.715381208738535
88617,59.095667383863265
8404,92.90913260355939
80770,71.38984862439055
48508,39.56938383071595
20249,72.02280210347232
92797,48.856970318833895
64330,53.509618151915696
46580,35.350309847786534
15666,49.72461719850524
39114,35.781945913158125
8377,22.00871195930539
70760,58.14062720254904
97283,30.839448486664885
50407,57.05918676115519
18132,34.309363668441314
20081,49.38702706832588
12885,37.712338368038125
73346,28.771117059138383
33863,34.92155322093799
75987,83.85033047654272
42511,84.57930792057577
32421,32.717086039188096
81011,80.41683958227978
93456,62.83645271576041
59716,56.13498326426167
43128,34.73332458235808
51145,60.837558383778926
16030,42.82475638316362
84830,42.248101162297814
98658,68.70333690924042
76410,30.63030247660086
28671,86.18629598524049
52318,28.942699545428017
49195,43.69778010272136
68521,78.38293859386894
65028,72.8938943093186
21691,48.91768311627573
42191,46.54805456280967
32366,69.11809260702492
22634,33.70476597866035
77509,40.0432055169198
89983,67.31094195431089
38748,75.21147986501549
1753,68.37548938395736
86389,28.848649877228368
70729,53.63115827730125
86790,60.23571445562755
49385,63.32859477850593
33386,45.21132009987792
9209,28.15788170032469
73090,43.98775009251662
59909,79.83118061616068
28350,54.92441742079256
27182,28.031779417459152
23546,54.0876629188073
34606,54.671883755094015
16463,37.20457248384181
63979,64.13348915565729
58411,61.818252381787346
10561,63.26331165827028
21489,35.87540943147881
1793,75.61376211477341
102587,71.25911075944752
93499,57.065793878309165
60738,29.190485261495986
42299,46.69394963806204
29764,58.87266872440949
79602,72.2343518474413
100353,67.79006868501949
25304,68.45473813646171
72999,40.06275633300546
33538,50.54335378297584
20920,62.930521938778384
31693,65.20627709410999
80002,70.41593212934717
70156,56.44542545820376
17835,52.853700211045904
99779,49.461510795414625
51755,44.97437920459962
5904,73.72538899729298
12987,71.85569775138427
31772,50.80501743776797
72563,23.57944864868864
73204,33.05929111884555
9532,68.19835158716145
37213,43.32892983920753
79040,33.10044394858144
90081,51.00312632682374
49617,42.829081606311966
57170,34.95832524201517
14734,82.95741020751373
53470,82.60822197191287
30808,35.78580026640626
13520,19.4683416723346
9773,36.905366981206285
18951,59.53581419296564
42427,55.801449472546224
64538,70.40159060373634
86985,29.14437296615747
56849,31.63382833041499
56241,69.09382022317625
58116,34.59794615481278
2643,69.29473552462831
97417,80.93512569563026
31221,25.16333744955164
34546,44.1702609167747
92216,42.11397985294233
91847,43.403101130327045
44028,59.58013542578391
55449,27.0555389193687
89400,47.44332242063999
62742,14.804768719100146
12979,57.63265650758597
91869,23.97922376761428
40779,44.79438541597838
87878,29.393851547388998
66711,62.56559635152711
18082,36.02376027599819
84846,42.66933552402476
54054,41.44623383020175
40291,35.15815130516685
13206,35.66556065768344
25631,76.8182206102033
66251,64.47412575176278
4565,45.446434190045636
17675,38.69475146892162
7016,79.42189637077075
4230,71.01995903600917
60109,61.26728601951808
61965,66.82783195413987
49938,74.36684799061051
28237,66.23162981536052
65512,55.01656028165654
42478,36.42974795596281
72730,61.99857437826809
55678,83.37884092126434
64866,55.27593799152861
24865,24.699878822120326
65884,63.57496814597763
68079,69.93982545922856
2379,47.34130560716437
82832,58.222558253691275
27888,58.66281196294331
91853,64.79194276549678
28975,70.32288516869593
14859,55.18868155513009
20778,82.56455537456233
68559,63.450860862024086
34988,74.13543977121905
69681,58.17487147036833
76544,18.262806039594153
26044,73.59211627940574
33991,53.52142544911586
70624,37.69602564628341
15580,41.569680802049746
69997,66.70256929210723
42717,24.858288131688717
94929,73.71588806656166
53481,62.23403644193692
91828,37.13477602334796
9357,70.8778709136778
78524,37.55415967576496
99189,27.70730163321029
84320,77.96721039009807
18111,69.99880542027526
43674,28.192529414327204
37622,38.709267431168485
27065,35.11965747606002
93845,50.30982490376599
4048,76.51687131862354
82801,65.68838943146557
30590,43.978451388033925
44887,57.00920753717053
71931,45.535458374626884
85511,78.92984713167806
71120,34.73938818318373
80187,36.49511554900495
28072,36.48097310430324
57893,67.94242263208983
27327,37.54120568073838
45672,68.85311226371925
25757,41.17521934159623
43990,50.81595303104825
31907,69.94685513946288
7524,68.32289514775778
65946,43.661772202874886
10337,36.73181182678918
68029,70.99501453478454
89781,80.5624046159055
44909,60.00663101473799
49930,75.47729799166119
25268,70.30788854150526
65964,49.17495974071604
66862,43.61802885449664
59602,40.5581883330128
3180,51.1920183941847
97863,32.11547806150286
52785,68.61202584458593
52648,47.75194792096419
53429,53.18378617935535
66041,66.48367890035905
87496,40.59975609352854
90596,87.15546396119888
48667,73.28354484043095
83985,75.62013173242063
61768,5.9378086898208196
59200,48.218677548700654
28783,63.607886506137504
47183,67.5089811616336
23449,43.49181037478918
76957,37.57253503069593
61016,70.72257233623456
11661,56.51471912196411
88552,65.21636704762687
80106,59.1559337154755
32305,65.30252348063661
67397,74.98534197003394
97379,38.37592501897711
70107,41.0224130726839
81852,82.6197120805245
35013,65.7911336556905
90617,33.58094128345133
92344,75.48713976799924
4284,73.83455028987804
1735,34.95646617875273
73836,64.25744666264526
49970,35.610397342271625
50033,28.34802991367626
83566,66.97654742817001
18197,55.14659438425868
72073,62.06670864536616
18798,42.24857350191571
61512,79.14938626587525
13033,67.43548061312421
21991,44.4050193914926
13431,41.70315902204544
89756,57.51795949202658
89853,49.64393574309032
39990,69.78270696451833
72938,37.90629545541984
91855,61.1588106385464
19482,64.3393044691459
55252,77.75051657553381
11267,43.07662590070413
93636,65.85037526126482
40115,15.958554314605564
57582,34.70411836772546
23215,57.43084050511314
98849,83.58828613287199
40400,77.89342061966336
76213,21.26896407992866
19065,65.40652198300145
25379,61.69287433394353
41648,49.696733515074456
2705,28.719581487285136
68841,30.855190289202902
57312,71.43722131554063
1527,46.79246195984891
81179,56.288549207353014
52651,41.42256102145518
37471,60.08248950314044
41913,32.61159932591498
57018,38.69838727644614
16575,65.41210044722902
58845,46.45847180451468
93679,41.644502813160294
94615,63.775234952892355
99494,63.10079267831101
87520,40.77277611166916
61108,80.56611299500095
82658,68.02470206401492
47142,60.99856807617489
5354,66.93700699452546
76261,34.81267500865949
22197,72.08046997048103
96590,43.29541703368371
80312,78.23751334412094
30921,65.67509225892616
3498,39.799595034946584
43151,37.279908809078314
53084,68.71844432204786
67650,46.98713748819315
92788,44.17508161169616
35230,64.71033093531553
74290,52.37603072636281
21191,30.376591795394965
68358,55.68899840441104
80058,78.45054121543868
24121,44.01339009611731
37508,83.20934525956483
5103,66.52319791404926
24765,29.853338529364187
9526,86.71108883133488
14990,48.60761470565613
89512,42.71768917366588
18279,36.67326186047852
19152,50.4678561925152
559,40.45543806517512
92603,22.314331363695768
86670,39.62615257027812
47231,71.74050296719318
73775,72.57579098705278
3965,73.44022119781437
49500,73.46028504730137
27138,35.058870961565766
101685,75.36445813311936
25116,66.5593239926052
11483,25.474421168052704
26201,41.273459158168606
5534,56.99361548783642
35768,35.28476680677523
100976,34.474350294067705
55267,29.729818429102167
56678,54.30745739299482
27878,35.96852377448782
81090,38.26620107677891
67861,38.02465582219435
34802,35.264144235255415
14981,73.7911928486526
20107,54.28235895900325
100399,36.56713404058856
40821,96.76695401505378
75067,39.871567992688156
55950,32.16813278955152
36103,22.528494178276816
85906,82.28871430083495
39192,20.684228218656507
51430,38.156580620334324
99870,43.19029769115315
43538,23.25107695130869
59506,56.612420585898235
57339,36.645531198897295
26813,39.5885419655804
78943,35.071581845877134
24653,79.70465206379173
83323,74.14763521361733
86311,34.10822367459728
73757,75.57232567651147
26007,46.47751574729343
38027,69.70891739927406
49871,72.10447521241107
86257,59.99838023251724
72052,75.97628461310572
43286,69.51238344389489
101092,56.06876995508971
34036,76.62593425598068
97345,42.11454200148286
54613,34.7055191437437
53989,50.68653863585537
79936,31.285569113871578
70468,61.899594880805246
43554,61.5019796547045
23589,36.2846715223439
32156,38.08800444964619
44554,39.57945930810331
13795,70.62840933848841
79677,57.45021283582931
23846,28.624994519971093
91121,30.253977642041214
9352,63.72054769533614
73461,76.93869531836873
53438,71.93620663910856
53166,57.217774737657585
11706,38.66560335384066
81277,68.24242314790945
22772,51.705865170610416
9166,52.77506916539143
277,37.123199909642224
17195,24.311631580971145
74100,35.571879255061916
16781,48.83333621883702
18160,71.44915507325746
77315,78.75121072551568
75266,37.281675512727666
100318,71.64770365081105
98316,67.54274820049616
27689,79.30817292870267
48679,42.76841011282518
45819,94.36659264566038
20275,48.669477524411775
46886,47.239074359960085
102189,34.729145752593915
51576,32.826175184369454
9917,40.408162518894606
86433,65.20450276614417
79096,58.530841742843776
96617,65.86472291146445
66775,69.21218768971391
53308,57.057260310402675
84162,39.5559013197253
92048,28.51093600917701
49062,70.2479790688673
13336,93.93409531426977
90980,62.68237759735092
1390,65.13023657152632
16326,43.28820228603714
31435,69.4153760307393
55197,86.61940971463375
70996,25.350042390697787
96382,65.16950486481574
70140,33.90542765202223
49120,30.4576570797633
50950,79.44119341751532
20680,32.660600511229596
8837,45.31095515296715
24420,63.38967792576818
3956,75.84600063238618
49021,58.843193452599145
48238,79.13168221203225
90803,69.79454762599258
102493,69.58797726666447
55472,53.404196069856354
68130,69.34453913774203
38353,36.493483449136654
36279,41.60932623496125
30660,60.80380042767973
53491,58.07762401785804
83899,59.7228748000091
18784,35.383541339990614
74699,58.514400470317824
25822,67.26930046194475
74452,74.37646602304855
84918,65.2186816687772
8995,30.339318074483607
4783,59.85513807618255
76097,44.78620365080713
87157,38.31037253351603
35219,26.675910614736665
64496,33.10814931127909
58940,56.31211689610658
102401,29.763132932750388
44145,26.670680161913033
101108,55.659246508583465
67992,38.10814350497184
71269,70.04308729846218
36317,48.996654030435835
93357,44.659557743249295
47846,76.34214899427579
101961,73.69916774749728
41890,77.23453414751046
52784,68.29698025222571
16297,33.49174071621218
87542,84.55329279710854
99075,36.4675794005336
30693,47.149747870628644
70105,70.57185566920049
65282,34.3330381506813
92827,39.98107149209518
5408,42.356314602221005
42361,57.43436087501063
52476,18.046808158113837
70009,35.03057989934683
16696,44.38358213111064
70961,54.30470897943451
71255,74.36060635092872
56619,65.00562841200869
41863,70.60135434435644
34726,82.05776989852852
26426,69.41472835507219
23475,76.5321867459138
64815,47.369750412050394
81924,77.08210876974513
45868,70.59837223211281
53869,77.81342137034196
82705,28.1344069003609
36999,38.50339695555149
39301,67.23458481756947
36009,29.50962824710989
74262,83.38996814122754
58230,63.8905322283247
20410,43.52203325494037
91910,43.45015208043403
59582,19.52493060076035
28520,10.729601919908568
69325,42.03267501143742
94605,46.23553104357926
81617,54.90265638366038
27204,57.198285892824984
16090,66.34604592469483
70709,45.3199080708891
44740,31.446436969698915
2338,70.03739404934296
25176,62.20295383661394
15556,72.08862219268663
2721,40.26964183279535
101739,69.46938278221509
1135,50.81362968189719
78636,51.28668356436856
74795,37.5088766103975
52040,73.58881586232972
27821,34.61203380242014
93985,38.70093397232743
55740,37.56668011333619
82382,46.86180678136413
66316,45.44007408436737
10295,78.92768461018159
71182,79.30414292929768
79549,30.46995292360744
85143,53.96686014629944
60919,72.98397879005509
84596,39.034964273349985
74782,30.777939440963937
54452,47.6414686789632
100069,76.9439187547173
83753,45.152097240061934
73255,38.54386758703042
3063,65.52888276683612
53037,65.51895050326942
38909,64.80276323119509
20004,38.30846521447913
62771,84.28813636659046
11234,69.28760611030313
62556,34.702948920402356
53732,27.59903507999666
88760,52.42154715120781
89725,72.0101875119181
91255,46.366657322635376
62237,64.93094047405732
77758,57.60650441460059
46763,78.52135845596503
22904,74.40695343210022
64129,68.87297880076264
68170,72.7675599870096
89900,32.18406923538397
70256,75.23848294704645
57013,66.35289317149541
82206,66.80943077673588
33651,59.515087817817104
84132,71.03506831414524
42669,74.5008962491351
44047,63.060993530151514
45560,61.32975480343012
27579,45.289992456757204
49093,59.72130552524631
98426,50.23349795389149
94566,38.63520982049853
26151,33.012628412404595
31915,50.52374038846864
79720,38.37765680602215
51440,49.56015774549654
22803,60.15426446013251
73826,58.7972168709301
25754,43.99644469615292
97910,33.08921940057845
64451,67.35435435754724
65383,66.99909038048364
1208,36.29973038205477
45517,85.40664211697867
32896,38.2720465298364
41977,49.3841636235485
102624,63.605614159575275
17252,64.47469631326788
24576,54.52388374605293
83129,57.27218425884037
18446,44.76398464146561
63663,37.02383952527851
80909,77.0857068648695
46233,16.217109526588075
75094,27.34871096908592
57754,49.60478839762757
17150,50.34855914312796
2488,82.98210937894964
18472,29.475520140351918
77875,0.0
47245,44.957491885284576
75519,34.0926853779488
71188,87.93167496620872
67049,62.98730517549971
67372,57.56720586272476
66293,43.01616021451032
73095,59.2413988461231
74739,29.475604960086145
91856,50.97372057128598
98115,32.5758447998619
49224,40.10155888130556
94028,68.2318143869844
40125,39.474875608282076
14414,73.07401088518884
63600,52.54140749722792
87770,64.50540173258
89507,61.89596024555482
94114,31.357916929563174
61745,38.22304227601977
4311,30.97738552965641
98801,8.372045642203037
42415,43.03060438137911
27333,62.85392230052721
9982,24.303616121782653
29632,76.03016658268459
71244,39.06090996985072
43660,39.004174945414356
28545,80.20335783242517
55866,33.502079988571374
23399,32.776933072748115
93114,51.360030186435466
58865,47.096338475511175
18940,46.505668768617255
23849,47.95000185968331
73935,18.68587896218246
43480,64.25401788845792
72658,32.58500972973469
85919,64.46901101122272
35926,57.536298517271874
66472,32.492298100300246
18177,72.56521933214341
93976,72.02788008078691
46994,17.432860812432324
94408,33.54992617710663
96552,34.562825006230845
45404,65.52837321438909
46847,30.08730288290075
29454,37.79872725737337
65458,49.647839501978474
93025,69.03079602072943
17154,69.09522160522903
17812,37.48667351020282
34587,39.981741677182654
81014,28.937815814930506
93284,27.06099922300978
90789,56.618156299377596
20355,38.93705543384895
66795,67.54222089290084
82247,38.45092310409285
81321,74.92695368440769
87055,70.02741165914932
58387,53.487229385075736
26605,61.67219114629384
100313,59.85914612706106
71200,13.908936705558627
41914,62.03715035809812
15748,25.846577488917102
32684,83.67054814340901
67018,41.034865194433834
39060,58.05887876328658
91461,38.87901250904465
66725,72.05967032674761
83740,57.55944130833886
5548,83.68279576369277
33273,33.85782793234934
46076,73.06763178323274
93341,26.639379100651308
73145,57.2060859534711
4157,27.142010398583892
42939,44.72970867636502
31081,44.72450577379205
41194,63.326908200554165
78908,63.97788941917695
92929,83.04128871829491
11095,67.29478869074681
18040,22.159603823551834
74872,71.05061042107499
101476,68.42441224004465
8030,64.59590760026457
49892,15.830105148172887
96806,42.87798135866711
46373,57.33007037618309
1470,47.92221376313802
69342,62.20655025564554
45647,58.381138968773854
46091,76.71003664358993
66647,57.57672333169748
35320,51.790823872465694
18897,20.008812729785124
5037,86.25292979891185
95926,38.84849428576738
22994,60.90685402940455
24418,86.80065685039217
49275,59.65698547993747
2761,57.1190680749725
102111,63.07907596322358
71012,49.98423390579107
26333,35.20999454745658
12636,49.84818133370935
1033,58.38168320381679
39354,61.03951806219789
35105,56.461435329379384
26941,31.2713539208113
19406,30.184852086254065
100706,57.17073374299641
5654,76.08211750908066
78564,34.840204569211934
8204,76.21517211346395
14953,39.32042940071028
10745,16.77018195448402
42455,57.5740649659437
3502,66.32405058422037
8919,29.801586933548904
71111,69.20118936189459
54148,38.30908819533289
42778,77.22988018163753
92928,81.43597061224962
83631,59.38677830009248
48835,31.49597766187064
2345,61.49807131275449
65435,48.65432060299179
101224,39.71413931090092
1808,66.48481031918385
19703,27.69220197566285
60924,70.27873895130642
31166,44.80280314726442
58974,35.37427020962357
67377,37.319086877275254
6843,52.01958243422466
49675,83.62413954120272
32810,58.725775700988
98233,75.71147386295208
66823,39.972947397230634
58434,45.58397082739945
87384,81.30732160423959
29258,37.20930503957205
45243,43.61284175541716
101005,37.8690565811652
77799,72.9329947647173
37281,42.24579254364559
52428,39.00880326631385
28628,43.555456851141194
83658,44.421061218526916
96254,43.58768198031129
61631,49.009169245702985
14893,80.44642476112516
28862,79.81039338441062
39230,70.70280305417194
90711,38.42824480367031
102290,50.773388979899465
49046,63.02306884662005
28327,80.0009101222343
5003,34.16811523723893
21821,66.84865923260014
58299,27.19065669126109
60103,79.19746677649124
93461,37.86134261888117
15335,83.30536493857338
51729,60.07466473386178
31223,62.016646400796496
31224,26.936635260837544
2170,69.30306615457906
58045,39.25364919008028
58200,31.985536518910436
10984,46.506297946417725
48146,26.710724200438268
54798,39.82100208054656
29205,61.11473507766226
34932,41.21470549095935
98694,50.62942931414455
52160,62.777818544365545
64694,72.99788476193643
66346,58.20498137857376
20168,69.76757176066133
94267,42.872886253217075
97308,75.57976563153474
36582,53.77182508360601
76694,31.970029074500466
80619,37.68433050857357
50916,30.515069507379764
53128,57.64417711250486
94414,41.501560858450304
64905,42.414116878359025
48627,72.02640018096115
96996,37.67969640414545
65849,60.052413137935794
87682,59.22195452683556
17034,80.53680217952856
66128,86.992421312222
59199,41.03810939974628
98573,70.31754914066941
57195,38.65001803146281
35984,62.27372531824882
101267,34.50274992365264
15829,36.647610683747715
37368,33.03636077948599
76206,36.686236185397505
73366,20.152594198706105
89659,72.0187365065529
75945,39.650058790180175
99079,14.174069156334202
44452,46.378153840294125
41984,79.14806267266478
96037,48.51503923983837
7948,38.23085895114763
68689,60.21362937342961
43155,29.839965976430502
8677,38.834054282528356
82042,49.584323774568084
38021,37.7232604721738
41699,72.34938515330165
84125,41.66986291605147
55388,42.69277250467785
23921,41.121673304420945
83533,51.29346467844225
20853,31.665167124703327
70345,34.628389022561144
97797,28.614715833274126
18763,34.73894993905153
5268,36.856645458753675
63857,56.48950110279918
88611,40.321267937193504
6230,46.29306336440219
35963,42.89452733235882
43430,40.54371911598361
19501,69.1767946779316
6534,41.33263713956879
69641,48.9388617283075
6448,59.165774969230434
17240,53.53256467963487
67654,48.86864182565647
97098,73.69275538252714
24985,74.09100881860098
79456,34.06254623146865
102644,79.13820751566084
63756,36.490113378539874
73514,50.63829416913335
82641,22.74629446207598
78290,47.59758008879466
89098,60.14882510856287
33419,41.26844035557144
89809,54.315157777823266
70072,28.866254249196253
99120,53.962279774745056
82689,68.97982394883043
52607,59.03751742794029
19418,52.72023354195954
12915,38.381599602360104
18418,35.59653256414625
49142,76.55200873555566
94393,54.758744303189474
18138,36.00761905158493
93818,65.82514088488314
78585,67.29227608790902
98286,35.55521067095935
71864,81.94153041041511
48575,75.98890685505171
48103,44.4769246845119
98878,32.85112263525199
73133,39.34188554154121
40107,46.661466619925505
95160,77.33678563057882
53350,46.508704582973266
52170,40.827842907320104
55173,67.74576316712279
28656,76.92141630792025
77699,24.57848778056841
37750,65.48998489976384
87774,50.328328486924164
25267,28.14080595621842
71508,18.80350734345047
96329,56.62850828840176
11799,61.95212462962306
41981,80.70233238447142
66134,65.65754061224806
10615,40.94633762447116
39367,37.38054002633332
652,72.09909555071948
48531,36.676557166395796
59116,62.40506536858151
7176,33.42329958180315
97368,77.22212560080288
15933,34.01690994624747
66635,78.68949571255307
27171,59.643353270041445
90752,49.57925542913673
24991,38.978979162928795
21161,22.216508256270313
67365,68.0732403046266
17888,65.54217533294913
9645,60.77891035489625
1153,69.15172054725272
62232,61.57522465359448
91878,57.21463848569661
101381,40.89892037446231
4862,79.73828545934904
68101,47.97224132126084
42267,73.8163071676518
61254,74.43096888905814
70690,45.00411126441384
9881,32.144476074838245
42343,51.197081128585914
100891,30.47250175965909
11145,31.723426253404753
79213,66.06916347845839
83200,60.04304247643687
24431,51.26899096123726
5676,37.62013979743157
62940,33.84036463838281
54035,52.007074231114316
39423,70.68132019171188
26571,63.00147345413429
96670,37.47597474819726
99081,73.81163616724066
29559,38.686440394803085
81259,70.59932417436116
96720,53.25470038671574
54434,84.66866063988778
26900,66.92735140172968
5702,54.028737863430074
2698,56.88968169380421
50864,31.148078853091622
87795,69.82063711506908
51130,36.786845283272
24419,43.20992661631428
25705,56.3549451916049
10412,48.8361815765529
5499,61.40188931964626
32620,72.69441729823956
16729,72.12121089433732
28406,56.823656541410365
95637,28.290117044704758
76184,51.04247245254834
40593,47.11313865239858
22319,36.153917399359806
63456,53.660105129190455
94931,70.6648467914186
96682,71.62393381509642
102272,53.117585278075225
44379,11.766698509884918
30421,54.618773807833094
52575,72.36735721422563
29879,57.67040233998655
5396,36.02857505807786
89640,64.8234963730267
37591,77.61170506601675
40349,76.84966928851449
101232,45.89342926992776
99126,64.41218457313977
2136,74.67686340396796
96614,74.31421720639347
17645,43.070416837398625
73138,70.90345494894663
72826,31.67439559392271
79668,27.169327093818758
46033,61.77563907463485
42158,26.908004955454505
56119,64.50494991044978
10232,36.26252032602028
49742,63.61079171171988
90284,37.28323145435428
43644,33.147575510432915
75664,74.46232781112133
87606,43.611989542056214
38929,40.31029118823281
79147,35.892427257739065
13297,39.44151521396881
93761,65.6621487566941
99202,82.4864662333847
59638,48.29761600869626
86911,37.29776119378473
96035,59.80067865535299
26831,35.879466947347446
31089,31.466329144821188
35304,43.86593165634992
68818,70.49022049268675
73048,80.85887725009715
77762,35.997835477896324
24868,66.9581939988916
62820,57.923986744044214
10987,46.87479633015142
95675,65.43129602029774
16033,58.941851816371916
78659,45.4566952478649
64693,67.61467102203733
51626,47.49679305575347
36615,69.52262735343838
33695,60.90840881353446
93389,71.21657041427224
18556,79.42826677505612
94016,33.38747774099885
1272,84.03305574365258
61992,74.45860679684611
7036,43.44755578861142
7494,28.769507050894262
94146,43.80475589318735
50566,53.420566020017944
45451,33.796297383854125
88099,34.39910367818
43522,63.04103289764147
54473,60.85276378074114
93861,51.79724146263348
9810,28.018924349893425
24204,56.41646180004135
87840,42.44489766385546
86726,55.28275796246877
59453,85.79134283018013
59350,60.89552315246207
34406,60.43571890855065
38126,69.9584828623552
42442,58.15200623652154
4340,39.206036423756956
33527,64.11787956152841
24539,74.30881753896011
85025,43.51237236318296
34945,69.7589586266147
2983,55.64222633242326
68685,43.029607640696426
84852,69.83991761466777
29685,50.400518057268485
3983,56.73417827972726
67680,45.20547309420712
86610,44.530494923376516
62416,69.48943907784684
57478,37.866223886017686
50724,56.079391392654145
101995,71.88260306350607
74172,70.14423594951262
12123,59.067712833225556
51209,27.44741528322565
101610,76.1015979147945
15044,70.22060406545194
61210,23.419779029560125
55584,23.115974626513452
56587,65.28040890169575
11493,46.596950413628164
83498,66.35740517392169
72743,36.57259954438884
44142,59.28239867921375
16485,29.004038337832696
88226,48.27185243262716
41262,28.20755376612388
39461,70.49054274950282
38795,72.29160527245398
55630,11.377141846196213
3032,40.120122628679994
79429,29.803903316613468
51773,83.3611997635021
80543,69.8592871680051
21875,63.14401759949975
76466,25.15536376591163
62283,35.91950115389283
93467,50.60312882912854
42682,62.34742259015383
55878,67.88988312993946
25649,46.886337793657695
78765,5.641581445630045
62364,43.48144928398928
17816,74.34446854494927
98334,41.72430199916858
58816,46.17085540879352
39724,78.95986495577549
95616,67.22388744068962
5047,64.65616182712508
53479,70.26741708382093
84107,64.31883070223317
30096,47.86864512730149
91629,57.18350857101723
55723,70.61821091587211
22032,69.37775870783042
49577,49.840723101183684
58728,61.07225975639507
66256,36.65753007012574
81627,32.04363756755609
9402,37.061827209872106
81841,58.77007132142104
87800,86.68346615985317
49049,40.026002941882005
49083,66.51928408591644
88974,57.38097947777426
54396,30.195044231079173
29264,42.01634623914467
93954,60.89333650458758
98077,76.88005632386832
17963,29.229956968201968
48909,35.69288895419916
48197,25.75563964032706
38647,75.91479452795627
97669,46.32034241889673
71861,65.19790470972022
81384,36.26565397118549
102565,65.04329269514488
28014,47.65908002023377
82656,43.687633838447084
6846,45.70554477037109
56280,63.968996140476264
1075,28.266025396853372
82619,72.04045851099329
17423,42.28979476721162
9333,51.03517455228058
61936,42.379142589493185
43635,39.48361640660041
26742,82.81725685930144
28240,55.82977735245333
96280,37.15126203230547
10130,83.06013299478386
44435,37.73546586246636
85562,33.201556616127185
35256,65.48675233005072
47112,39.044131447947365
37347,35.265467467857825
65944,72.58522134477427
58056,33.47463105558967
46433,80.0168539612709
31074,69.09219282428535
43420,74.55895972438546
45895,49.85979427333387
82663,60.53985438244759
68106,54.435627142313265
59304,62.82602563403656
80838,36.22150052435693
86879,34.08440467929573
3219,44.042160394517204
337,60.953418048412786
93952,65.94037479976112
1693,65.57971741972904
16595,72.55265644989512
37303,36.29807614709762
18241,74.1343364386642
93762,55.19821163193268
32565,76.14411947522308
19654,7.633756196619775
78073,9.23428343031398
20516,59.967791166170926
65822,24.53546919391757
8617,48.07764873734045
5854,26.76602802173434
89033,29.32524399781649
22696,40.836012421707785
99950,34.89288598217199
95533,70.85794465631304
97700,37.49680895811173
69487,31.40940344595884
76862,84.14112134379758
25120,80.81274217769004
36762,65.268329959725
22033,36.13243651003046
74213,51.49373459360693
30169,43.39230067490824
21290,23.235308785260298
79353,63.83730804728671
17352,70.19930170962806
89858,69.88758250948996
84210,45.48138225317235
67198,74.12663092589256
68336,60.54660753323144
51556,77.20972946931468
93686,29.800652028001622
44054,37.82655308355309
1868,64.38938815387536
76921,77.20460118007281
31535,24.836187145598736
66790,65.65797879231579
39000,63.084110342671906
35916,65.28740862939908
50302,64.38110205790554
21024,74.66873066710222
94739,31.12469392878283
101238,79.72161007222297
90929,77.3249945859167
30195,60.311319449133364
63742,28.197523433823115
32056,68.57421550681303
7863,82.40253056524372
5473,45.894062745849745
14288,80.54240477603467
82279,57.215608047237396
76491,31.62579713173879
36828,32.62655567339032
20758,46.20883619943729
100077,43.89151586021785
11135,44.40142370082927
20347,35.439805823018304
24301,61.205302796958726
74400,73.80877214610479
12486,81.21092249059464
101268,19.573609504141398
68609,46.42305648152089
18068,44.8931368390802
98985,64.57252912570762
96233,71.640310984238
58075,72.26220211435167
18934,64.25193317521199
67754,62.83114420917282
12041,46.07748616915626
87830,64.42027411401725
36602,76.80170755094636
9235,60.89037427241239
23093,72.3990702524034
88484,47.23187925816964
81533,62.23134100825529
9345,55.53700785332025
88403,47.30947605028621
45994,45.93312966846361
77680,33.122419417291965
65200,59.135650803128684
102072,34.943629592246914
77449,22.560661105711297
94184,77.33359106212578
102433,69.51654184045353
21889,64.94088749512142
37607,80.18410400091597
28154,60.21002911007146
84933,68.74708691347541
13289,38.59835841996591
34211,48.78353602537847
27857,68.29700448973534
85612,63.206590084632346
74859,50.51805789575872
98035,74.52328050600596
19351,65.50744245832162
73806,75.70408529895732
76455,56.198766360287735
87225,68.07499006860073
8496,72.87683352873593
16403,39.30661957794495
928,52.28700400648171
23571,31.598934372199007
57737,61.855974580321146
63692,48.91003264125866
69593,36.35160021322848
59670,16.984849612510377
43477,54.08720136792456
102179,62.4982471436404
44275,65.21190722535758
89566,97.40950499571389
49206,83.67595180304473
33836,41.127958700375075
14529,42.92902570874749
78052,41.240908469209955
34829,61.58654045399714
64240,67.51349054224048
35479,65.75113889589456
1565,73.1009538716898
22418,32.34685509851327
17326,70.32976039688761
16035,33.476334282039794
44423,37.520492825002066
73991,57.16807214572938
16973,60.8478943041066
86326,82.61603106127052
9045,59.60482732875679
71795,37.58652565394861
60268,64.98622184887866
45236,17.471279995402593
80087,84.5252848746768
94687,51.133165710844494
10540,66.10135089047887
72256,78.58712734016166
81825,65.48078948211234
86490,62.03931794164926
1740,80.08762944465285
29341,66.65321632156332
2172,14.468461593670384
53428,13.731965880760171
70458,38.577709585226984
18464,39.0714350925105
46851,69.58666784738959
54398,70.60417585525353
40660,28.515517717468683
91179,40.91225807916604
75499,63.88766800259864
22671,62.138475701187176
25028,74.51607945593602
15992,39.60855523427383
9201,20.31219718518563
24341,32.43404961236522
42781,71.37300640307117
87866,12.385161675045637
15475,48.255444298353154
48832,15.011038005079367
10765,31.4854298041628
85067,56.98317254594669
82048,63.81045149563693
68830,54.97964506514367
70409,27.688499289656065
98673,48.04932415226038
9480,37.96235480359889
34328,34.88946314498442
77804,38.54057805219152
3202,80.09327408311214
25905,70.38911486944377
79253,66.1183937980112
25877,34.10743213000898
7451,53.459877578283766
27381,40.349022771926336
89997,35.92412380820831
34052,77.60987534201854
37070,26.320897488240213
91542,54.68294361889764
56624,48.48984003378462
13787,71.98449343463744
4537,54.83950479901972
37641,73.44861370626427
50375,58.80326856198252
101303,25.370033653138243
59027,68.0066409738997
17836,35.95737675776395
73045,47.64815691620288
43564,77.53366282825004
75139,71.75496702952975
51269,50.7126351581653
97316,28.52936747934822
18991,42.150175807677314
1573,32.3244081432491
15385,59.90263569768996
68792,67.98413016610849
90440,69.25215362812693
73481,69.69254843722315
76207,31.139228107810183
79,78.55333021251842
3630,73.2009706689137
87005,46.856881389581
86382,78.62190522821402
59032,40.04551229173571
84729,46.180739548975495
8411,29.52754628074733
20648,70.76428160805608
78829,86.65815032666652
61507,39.167448394331764
17785,76.56731153552664
46457,42.585536212743854
61490,74.10890299961697
98488,42.53406541684473
72430,76.68300196004759
22626,31.894745026603825
99181,74.88101798554014
13407,74.53840083041213
60702,62.463303140067694
96055,65.41451388874569
61404,39.86049282287585
101152,62.232967220084035
29317,57.81318666146487
4347,64.7393456302834
42260,41.470350058373214
79726,65.32057222692029
56759,32.514296732601416
77062,42.95532631991487
22728,63.90746444149937
66217,42.39306052319429
13773,69.11606769673435
22932,49.882529451473545
69771,45.92351423814042
45525,40.537856573134874
41536,20.05224518124875
33481,38.14682825841416
58623,73.16195863691874
81807,39.21344891149458
15500,38.309461601540086
78582,34.54157816833621
47706,29.50340187677649
85706,50.10417331632766
42541,57.64415436636209
1446,80.79243120599158
60093,82.90253599212521
37762,78.07989465070476
3171,60.74945617704432
18959,50.51936310089094
22750,41.95380818989837
11167,37.999300048690756
100772,67.33449094082212
4168,79.56240886844151
58206,67.9551259537707
68886,67.0310998833326
13305,66.97092315824426
55674,36.60373888728387
65414,77.67109029422473
50364,46.71109365300343
74072,56.75956305605824
84311,38.02427162975134
49381,65.5461287617066
18133,62.846234881213604
5464,52.53834189375347
52265,28.155764044321558
71567,29.391975811122503
81705,57.4473434917455
73779,48.54600479686904
64105,29.09705599686216
107,63.579644362606
56033,54.222916701764525
80153,48.5512634496176
92412,28.985544224782423
96904,60.7395192827541
33320,24.405675453605628
620,33.3889136772157
61338,49.967326899433324
77300,40.12957992509871
27721,63.55558105393642
83678,41.89218687848065
26075,67.24048008834865
59411,69.50880022124826
101028,78.41046957140271
32352,44.67004295607516
81704,61.78014843603475
31314,65.23504996722431
48514,30.833167752137104
68897,42.42290405467135
35036,43.65838026671371
35943,73.86797671578701
17351,65.43551764277956
90060,73.11488791258388
1048,65.19786136137321
16140,63.3920943160911
45238,19.929098750620064
58291,70.03228086032199
67354,48.40004965357809
17147,28.95163105310229
30472,40.4634736188604
75331,51.35676050192414
38094,35.894920728104026
82975,37.094123011710934
21225,62.12953843647506
87038,56.13393828767419
11377,29.551653574360913
26516,31.943143136457923
62532,59.449567941469596
49941,23.01071006061482
40531,54.39915163079976
81058,33.74623080622024
57592,59.274697674695474
59455,62.04581830761964
48357,64.43025640919758
4621,66.8816845205861
102235,62.99926074442794
46103,58.40344657769695
3192,29.80790368805665
58894,42.27049372549479
87815,31.28181356410352
630,28.261572621288508
13447,43.62900472674677
7408,77.27431507634753
41377,42.02407532822529
100270,52.955301700126135
62950,38.37573539260681
76020,82.06815037207875
31962,46.87819946005075
99904,45.44429827869323
40902,95.66083045959039
24218,30.431846697288393
77907,60.985654475332396
25048,45.561752246665264
20018,78.43927365988408
66385,67.26825939905856
56477,53.11134250039807
63640,50.82061905908334
66934,67.21939241671178
49586,82.67798270163581
58628,34.29219669805114
101892,55.95921299830045
4138,46.136970221976604
41543,63.89566331097376
13997,70.18725754053199
46116,45.87437727810318
55702,32.44951518801182
9202,40.71329937774915
64473,59.70553946909232
8000,49.25700819052226
8736,76.95880612864411
49322,71.229029077516
91884,75.1765055112796
61539,66.62697816960342
13934,63.908095508249296
63532,27.539904211952187
22529,61.17422672612277
22726,19.973558316596915
91099,23.402679163112964
96855,59.79777412035003
101285,42.457574962379056
79516,42.900721362876325
64338,56.257530432502314
26573,63.87466922419624
17697,41.98763914004339
95216,36.845379743410014
55136,72.10042416400077
83385,31.826791173985235
32179,39.422374366369645
41293,65.0853894279658
56662,64.86278408389926
17776,34.009401631469146
51551,36.964470314988986
68368,49.35225123946338
61771,70.92375323019007
60212,66.1910001256462
37096,75.64899882241087
63828,52.05445025552706
80094,52.510914990677065
49633,36.96119584883146
64239,44.21105109076433
24945,27.611241765193938
119,62.8234387976311
51512,75.77735907321596
14965,67.79201716964977
1816,54.08880869859355
52493,83.60290269270101
82178,9.67058953773978
92546,24.771708713714048
76555,50.15993844668727
74326,75.40652417368646
54360,77.71260980328339
57695,38.911206840842276
61267,61.909500758854136
52425,76.80951729631094
67966,53.572314173828886
96027,21.17537092704545
43481,71.87642418097408
17236,80.88325334287268
97916,79.53760245680718
101944,64.88750820855712
42248,63.72161180342931
62843,74.76758086150024
22250,33.47981144666084
102666,58.002712729094156
7242,42.28761547303894
86922,31.9319866584604
49015,79.3032740027759
62805,26.047468626047273
85216,62.7478161373639
30488,34.3786825244844
18065,67.60494255338054
36911,36.01363642852385
51305,46.03183306396198
8506,41.8597241307482
93914,28.129821872313762
94243,60.72647690738822
19942,51.71050356747361
42862,67.0490445192658
63613,65.58979598767426
84148,30.434533176594513
26032,71.18926613622952
25959,26.3765123510414
42010,21.522943490652494
38593,32.79892618867622
65301,74.72591184576373
64970,66.02623899075405
55045,57.68421609292965
5438,60.520727003807046
101310,31.481535509106383
88959,69.53431096805517
24202,48.23776898049333
57036,67.30799064948842
54335,60.93589925064034
92458,60.16127931532668
40993,77.26840896472541
31025,68.66051692743707
21009,44.238719269094226
12516,37.981119747127885
92101,37.39109806469433
80695,27.422801683208146
9370,26.446307484914325
10384,72.33122285710559
73753,35.14870804551343
8854,41.0627468527635
80890,69.8610102788582
22067,45.35174271853953
19093,39.224391931904385
3152,61.89951191461002
77025,48.78562391903178
94142,68.40337032562647
23532,87.75921674792573
39100,24.256480555375582
34878,78.3378386794597
30082,53.36174104641175
72515,59.895401032600915
84386,34.27863735210728
33785,29.011116873795448
31682,75.92945187781793
13909,57.58449580422407
18880,44.84378065900785
47502,15.076997276705267
22589,48.49745022455011
49061,36.553599359434315
62225,23.370394597030696
7420,64.41054872600543
44492,35.21776378360942
9845,47.698209463069745
41801,0.0
60540,37.443380920836034
4552,30.970765782112736
22601,60.32164601515687
32512,66.50794624260553
92270,37.48249437282495
29788,75.21361140326297
91278,41.99471677108368
25138,39.487657252881
35642,58.723942264891235
92049,63.74124807479244
65018,75.91781203928453
28698,52.35725742780379
24188,36.34165358376582
46728,27.429481428520244
98741,69.94098883788253
11954,55.46173760796022
91451,58.06550236024236
2273,23.667134944345868
6327,40.62422568555912
56601,53.19961601025389
35073,47.67469900477436
81363,42.49329179615856
31095,55.2131210436333
90917,27.8396749057001
22657,36.876569987727066
90083,80.00670665760782
39057,31.87001187997247
57782,48.40921766916709
80341,29.447158117848932
35130,46.68778813417305
94301,30.87182302173811
37939,67.61958927512839
12051,52.320600056523716
74391,58.06430960382403
11104,67.91767510352426
11856,30.344501338013764
73238,29.836308463862785
89859,56.216767204427526
16423,74.58228499553788
38032,30.768740296406165
25101,39.84718048076678
2589,29.468387090432678
51768,62.938406167074376
10354,35.058505439648364
34516,75.1865164008961
65149,68.80272501259397
101413,44.40998675940389
82513,45.96311880232683
48237,33.64005701098133
16829,71.94700108255697
34291,31.63588154063354
3121,48.757011182643986
49429,48.22358785780848
22187,70.08023580984336
90223,69.31387653788468
33230,45.79008165909168
84576,72.79107354483793
76996,49.3066987983928
18616,57.82611316142116
51117,59.26907929616685
32382,50.76507305224835
48876,70.03988710459765
53490,24.95199197003709
50309,54.92406825318898
94809,69.3270417318523
80362,81.70262523793252
31844,28.44139485606667
6025,73.306525537947
33817,70.47188939809676
36123,65.25867519983804
89312,62.894899662659085
45757,77.01401871629939
80056,30.35058368733107
48072,17.924347600458084
3056,28.910612394844033
12233,40.16836218733053
90006,63.253249299701025
51280,40.27966132902269
14160,40.04310065412969
33904,34.02780311679841
78650,43.066245392881854
33376,63.50379600134423
29253,78.43256812839482
65821,41.74145480991401
86222,74.13647071110807
31463,72.02475380972001
17686,33.08285951387257
12075,71.55706492416749
7760,39.723535849163305
22580,72.99935036805175
35606,34.809581501933394
84752,71.6395225453553
10664,48.335525853111605
35188,59.44707842154614
10119,24.61010206260042
97328,72.85303754762487
79335,45.30702270357176
99390,49.21945230226498
67482,71.36730177228644
40639,59.91234359910884
82252,60.55068333968346
101342,32.57045254278434
22405,47.285315691524424
95651,38.38999715949775
79342,35.716413616813355
65785,29.129253161850347
43119,32.55546038681785
67885,40.027948631564875
96604,15.902635482930272
10142,61.88949104780093
37708,34.130375630830045
101932,53.03927197775742
74286,40.23011051585428
52543,38.4758505295513
50271,52.16307418176255
15888,34.62610185047415
66675,35.49417807230355
90062,74.56078085767945
47536,30.886140439349717
94487,35.6874802814437
48510,79.336066916615
34172,61.69103636354643
36645,35.80054848224232
78349,62.52717389645474
81459,45.1553573391896
101577,33.73886404044154
18721,40.2609326702071
77926,74.27614010402475
95958,56.13828135766711
5988,31.595268146819706
33549,40.327245564114
23213,32.22335611720943
76484,40.69179635184671
7901,67.2913138325639
32930,23.091374460078978
90169,68.90948928862115
79957,91.98544747506813
96048,78.11034942793628
24358,53.893366248209986
91048,74.39041319046154
6176,40.95712916390415
32251,46.022889305662595
27883,36.473786478916224
10656,87.18278547630055
72828,80.0064974611041
25486,38.80193915760656
62297,30.053908771964018
11370,69.96114128430557
70659,43.83522960535417
59995,52.871920626593194
27017,46.01776605043289
79444,59.695220340684024
76653,60.91679745719087
93103,73.84610828351536
30774,37.97306958330142
65780,71.52449561539197
6053,81.53488897783188
67717,38.69587033398229
68135,70.51506137367174
45101,55.096409164739065
100825,75.98601266098035
53829,44.7181121421189
100085,60.89090668622647
51814,79.36353568253777
71499,38.491867600577386
5946,22.50817906786049
43756,71.43033710619237
3350,41.235120635878104
7708,37.650644744643145
3396,43.59146826746411
9923,40.72289652507924
57316,68.83692787667984
26077,34.57236474672759
67290,84.9057917031098
36515,28.847917235433226
82608,58.12827732222695
82863,40.9793670894079
72688,71.93557121995016
36816,38.355496411582735
98640,47.035345495317884
90960,41.2619244927783
16117,42.30814878596537
96348,42.70380282254263
60325,52.71285189632954
73829,76.37276188355493
50786,72.01601702637507
76782,81.34250052451151
74555,64.00035393220179
68757,60.7251947177877
27837,34.83873030291653
36811,66.72931724304013
84684,75.92941852741501
65947,67.22317730137982
11728,67.5181441137253
24562,35.89868594903955
35532,77.80376954708848
17463,28.839404084092156
21233,61.753859170353394
38443,74.75753192963107
89672,19.791097397596854
75433,68.4780922557623
40479,71.56227339172368
71934,29.980677505393892
87706,71.94632675604694
64808,54.78861296670314
27256,84.73173422974966
79769,45.16679130628103
46526,74.33066164039234
72086,76.68943037341506
29318,32.385444168701184
8988,39.415937442918334
91758,82.6476298605265
53376,35.35592139340027
55896,38.00466275384932
15395,43.333338611565395
5007,84.90926428011059
33449,47.77434942195869
47011,75.10953124862279
58827,60.88730556493924
36040,69.34225970464547
63975,46.68889919741822
23664,31.16237683852101
42979,83.72377406753927
59472,71.67336389371411
54338,32.80094391753652
97154,45.82906619330017
74370,56.1141629778452
47039,63.5796871799303
98193,53.31582636641116
28438,39.31902720177922
25417,79.09056184357107
73276,31.031459692017467
10176,79.27511938443956
24658,34.392067103771595
9882,75.43914412560514
77845,66.50195268413134
79854,78.67052998300795
102409,62.33497792300899
15115,42.34324217241412
22252,30.912835298755887
80969,62.751944456953474
96960,70.6516649554154
101947,56.52535035248418
82080,33.13640858954745
83374,40.50278597195569
49590,40.13035049167364
64938,39.95363725462964
70848,61.49902985148807
80623,65.82639025125128
70900,27.2088779318084
70552,45.50424345688815
74117,56.71720343312657
101603,69.7600598896507
6893,37.24722743580658
75619,67.5399250747695
101210,22.87330151434794
94277,34.56367954310665
79195,65.30071903379994
57099,72.07223364697947
44461,42.78175199806472
83424,51.35645747656716
29904,45.24980503941583
32026,46.12815366648663
93714,26.731585105009398
74314,79.29150578164584
50750,40.46538946788286
50920,43.31119167076718
37861,71.80806151335278
54503,75.08048482500519
68783,36.89137800711662
17009,65.97407219250854
10849,41.593867950919936
67292,50.761653841620124
44859,46.65255935063806
20019,70.19948858161786
268,79.49147055105985
16234,72.73312786210673
67759,34.72036686784406
19740,56.217592684139255
59398,55.992531004724384
101126,72.61216952211312
48498,16.90152320592255
61978,61.762410856516745
77253,60.05736089610096
95635,67.13128691547894
19072,59.306558323092844
4676,38.25718471151835
72872,82.22541661618898
9879,39.81966598002192
14416,80.29920802575515
77653,42.28816168741825
74780,30.344288043407662
35571,47.06962877801914
8433,33.8969150000747
98311,48.80226981613119
74998,39.843932467827976
67428,33.80139053000735
95273,69.8999579685333
69674,44.56857766475514
41360,63.07364661325307
14178,46.679872819765436
20567,32.81202389354358
71051,61.99223381155569
84934,80.43299541935883
19412,61.888486610540475
102274,38.60076469535404
36546,40.990823713990686
80732,18.451684029400198
77838,35.23128141308569
86075,39.219171870230824
75976,28.23654375017917
81027,37.89704042542822
96799,70.45763701160979
94680,37.21497766396761
55067,61.30585023040368
15877,66.3149269416516
23870,50.86108784969646
50853,62.65027304672899
71174,50.89098321528672
77461,71.18622310330511
21362,40.27565816663855
67937,29.220046762740104
94491,56.36867339938178
58379,34.63288510028809
9564,39.24075850744081
44214,78.13552612047724
74491,60.4832124909215
88160,70.32978550842226
83679,65.77852739541242
4360,14.760221564305912
15562,85.95205509909971
28215,73.11615437567977
19154,60.09162543584853
5389,45.46918032815316
74627,79.98302234027562
58357,60.670555310783534
40317,30.776323486401292
40161,37.0138672045223
64553,44.541586742505075
4751,69.06554592567738
3279,64.44044152130783
29794,65.19912909123711
3668,46.48145063412225
20783,41.724140191078526
67099,46.61441222220077
78510,29.42605656661405
7761,31.3979707241729
22364,47.61526687806127
96310,63.057711358252064
66956,41.66755396335133
69147,54.25471523988443
18489,74.51525267743537
42607,61.39651015169139
33335,83.4435149649623
99166,41.99388934040431
102161,64.92961078588772
38913,33.63575729177746
62610,33.74852887570679
21895,66.66412511754825
70320,45.62079325992572
35269,67.7355871986752
13523,58.11858265252078
45600,78.23153375775698
43354,64.50505131005056
65559,38.49366412822246
44702,35.89656919463144
9789,69.53686486920736
57880,30.233828613647553
28143,61.231582907033214
31923,24.608635988611717
72625,59.62865285016095
62695,87.28917964393432
20497,31.064386622189712
59838,35.30332069998802
1223,74.78705911084492
29644,24.17255455203611
41983,73.50148354900271
76164,68.9358505654781
7463,23.38345802675895
65063,70.700863350395
51865,48.013046639743074
34316,39.24014598195172
18189,63.04445450949932
21794,46.43786881521808
7846,46.33729803916455
78316,56.674972237380786
68698,61.98087315121417
3818,34.86651462596917
68388,30.63862149530512
64821,25.755994512899512
29531,51.01440553108618
28688,22.92281301797485
20039,66.57473121255624
24760,17.277503522538257
19584,66.49842650363041
66781,56.9084786587345
39804,39.459762025054594
1899,30.091355915836274
85495,36.739143193251145
91289,42.18479374036892
27318,60.451599331152906
98881,38.0080320077668
57994,48.90413332908819
60190,74.16941008106029
36940,41.00679628468764
17972,67.96595802550631
72275,10.056898118099813
48243,72.05038655540464
32377,41.98700442963595
32090,65.89208453071501
58600,85.1753588805155
36329,75.06359767876373
59143,71.8489546051786
68243,26.56474132635061
78652,26.791943635999715
2109,88.27897214054651
54978,95.70304793986986
57028,25.15591943642331
30461,23.13104641672877
16773,69.5403526681985
37834,62.8074326610423
19812,40.80396312989239
20435,31.527595383703677
74423,39.773090263608935
17487,58.5907527005336
75850,77.46015912059454
81456,47.0278763285991
56273,41.16428350980644
89266,35.71987969471694
92811,31.763985816887676
26683,55.374927206891314
61097,43.28935275614476
24972,41.84336724376417
79258,37.78820643369603
33559,56.71604715208137
88313,79.62343144126342
99137,67.8256398275081
43369,35.83510412811217
67238,57.03938726523373
9764,38.04587078351965
42788,25.218407034843626
81625,29.57150231810644
95414,73.1838387041827
48051,35.25413762239717
40751,68.80492002967452
34360,33.18353492122664
79130,56.65078945388856
51782,82.70140764793621
84500,52.166338710260696
74559,70.4109456680293
93204,67.3988439784167
53952,46.25897215406151
49713,20.60598338551459
99451,30.225233292317245
68346,36.08821560798509
98448,31.868236194198712
80738,45.47797585405882
12349,82.0873078467944
30045,32.908710602729336
58988,74.55318401194299
85547,67.57063227488163
11775,77.46496249466563
72599,71.08432543890086
1975,29.653372356734042
17145,36.004157106990895
92450,47.453728784685225
11899,46.42012385469965
81622,51.81462451207905
57375,67.28657105163478
47872,69.50663583953845
36732,74.96962015279647
63965,31.21991514243288
100766,39.34714867466928
48100,70.86151500617251
15533,43.667447100810755
75872,40.75002646797194
20425,38.96318380703535
33523,72.83780609904892
70968,41.60646047511542
60631,46.10704316147215
15768,37.24862685273968
35682,81.73274212358204
60521,26.395484916260198
41556,26.165435017599243
12043,76.43807339918426
35643,42.08952414799385
90462,42.16209389180662
25721,36.173412850663794
89631,77.5915509982006
83653,74.10088728573041
47085,33.46048426098059
94557,71.32525672378601
11417,30.168907758924412
91042,40.1107856631766
50027,56.15474217323664
80847,62.04855084781181
73097,66.91632092082452
44264,75.57717036648188
70397,85.0962323682578
65207,82.32805593155933
65117,27.644302896138694
2588,56.726578448685096
57079,52.30312163449943
96745,46.69802368859338
87398,44.59026618116985
35385,43.53320919720973
54042,10.607097528374027
82970,27.36420807497256
36764,35.11496197815156
286,71.01410308062223
33869,37.92806860381162
70216,71.39110949360364
20237,52.582037975410934
51938,63.294752598660224
1567,73.01502495366418
28089,68.20277892623815
43699,67.83032819133452
56144,74.78058215424863
54029,62.9448832713811
29614,92.70193434174254
22503,44.42930951260226
33843,40.590574892143295
20483,32.03415911188407
49009,66.63075194199247
64138,62.79689187191484
38237,60.36632754492622
41200,46.023938428771594
11050,77.4749947477624
65684,72.69204649187179
27397,76.06201148914533
71147,62.39307641023747
66390,56.737790333166906
91995,57.659471075254224
9637,62.758943205749034
66363,36.66952044898267
49002,80.18253433189884
32201,60.025707380082906
20554,64.15609488017286
62680,70.77862547626236
90177,53.246344301044736
58976,44.53078727513057
28005,38.078608991502115
67380,26.858748499828096
24338,37.078612403239674
9669,54.5068129179339
101978,81.48810122265957
86792,51.23131946562944
13251,62.443589702425605
86756,54.44055590865936
79538,61.550090325532494
100217,59.6747568531567
57935,68.12607480645732
24233,32.08562513941922
13086,39.75125055582057
39373,31.95903650410588
5710,33.79454440013474
31281,28.968151292544583
43061,60.45931694619991
86006,27.755579263819087
69259,65.32973754601231
93452,46.21073345348351
51454,33.53360287426062
10445,66.84145862642288
19126,61.71327833204814
100230,40.542710315432096
63555,41.07773573391408
68734,41.556613316714476
69319,31.9066844473318
70385,34.24216123170638
63920,65.51213275700209
40418,77.08354117540608
4162,71.21728498503101
6349,71.70958525960545
59279,70.87995428729317
89628,66.85170020674936
78221,43.07685990955125
56252,46.371751815473765
64886,38.08798830985566
67703,80.11611814782731
18928,51.57598670067972
22956,69.74829660086542
75804,85.69930058120185
81678,45.21568325913121
47692,51.628969477986075
26487,40.523003738881336
58233,71.77208488912032
59133,26.099208256724438
62117,76.957256593334
44365,60.072703565642115
17096,40.58175684817204
47885,44.32318354366481
84542,36.127353073643135
64736,59.80895311080335
85107,76.67303149605235
56610,33.66093074943643
10218,80.80769420639425
69282,59.851075694690095
22176,28.634451837325276
29710,62.78010671511504
84511,81.17621457275038
25150,63.14214059899362
83175,51.29751912444216
20560,67.52659248313265
33687,78.73359355171507
83770,78.46224669589783
18900,57.667192660879394
41428,53.6095841049854
73065,47.73368387364597
7713,66.66888970048795
18871,72.2494457787983
89860,71.73222664273885
53269,82.16070927400573
16427,69.59556616921088
62957,53.3126641708414
65861,49.96450305473011
12701,45.76850629341231
36863,29.90076580171622
40004,81.68137043872466
41213,47.64667311955362
83471,62.10328607809345
35238,36.62305212840102
26829,56.00417980872763
52324,44.06252710117245
31724,73.52535116627884
10506,35.23860068715262
46086,57.102722012627225
37911,75.50723054803973
66242,44.601486650418515
31037,43.40439421256822
37095,64.46390217053158
38386,51.37998047552884
80459,43.01023716637124
90085,37.24639036121992
78933,38.35635449518369
83841,35.62411459664416
26582,36.48845271112474
46294,24.792713464285516
40888,48.87892579538843
19491,38.42899194061839
60620,41.55944536910216
339,73.87623736876687
525,26.232497756681724
43595,38.60202786814885
43191,65.70632986307726
67328,64.87517606321605
9320,41.075063335337475
10015,37.56607033153724
45877,72.13504995478544
8500,33.88321214118185
83085,49.81243604081112
10602,30.958643858877647
93254,74.78713265241831
101111,44.31413541646575
46670,45.705276552471844
100715,45.785918822356614
84223,68.28622252318831
67447,25.966664544080324
74647,62.768604798218135
61596,59.15517530150299
15133,51.63464799482581
91000,61.113168044768145
7770,36.75770955753469
7002,27.96097097685074
37253,62.93025631729859
77439,68.67379096709823
59356,46.768676403058585
90174,70.21163140891721
17809,71.36794770401698
91535,43.89130335797403
60188,81.08211566784175
4320,71.12300460360157
81591,38.69842021553211
79041,72.64825254838024
83158,74.58532468741615
47677,40.59697945003571
85372,63.579905806213965
20454,38.2653252907642
60853,35.70014207766129
72142,61.19200161969405
48971,75.87238749333751
16183,45.51147912125909
63904,71.74462420458363
73851,86.04366941269463
82533,66.7879398127231
73,74.33000475494137
69074,20.409444638882658
76890,60.31359270446664
1439,65.72171875747813
1455,66.70743767366453
85981,47.55646410789089
95070,55.03267701220254
98698,68.43206965952925
36139,73.01151357376986
69539,67.54888967315318
31028,43.03984259519635
54106,41.183836111178465
81794,28.68122759115198
12218,35.41446741789143
89390,33.90820562991151
611,34.51651617859544
69205,37.45178937029503
38692,57.376432776802474
48075,91.29560927348018
6578,35.476985847611644
12160,47.0165557024768
70382,28.23381573623197
66351,78.20257369073181
4454,24.560867564421734
53569,44.42017293019257
96676,71.87927321748602
44507,65.12587355581088
56152,36.80159665741521
4870,57.987927309686626
61761,61.53035328141918
8621,75.29950301407118
71025,39.54095000626378
3233,26.05374435171537
13834,42.33041877751482
102477,44.30652912505294
97721,30.90778935139732
33452,73.6927957002878
6783,36.52468974337884
18626,37.48425100204537
48823,33.43233838963975
27414,42.07107156563691
49599,46.750648965711605
87247,72.92627087572336
688,74.40907747197784
19520,76.30617323500965
11544,33.0028752932118
77411,80.57299705743549
26318,28.07994277089127
34904,32.90151270433046
94248,40.425538728698555
92395,35.28937290162367
67330,67.10426620647459
50282,49.32285741622809
60461,72.11004207056146
80390,78.68200674522285
58703,74.62528865214242
17617,65.37101799324697
6094,74.76024697575266
17090,43.83421120235554
32136,63.41816808734842
84732,69.80181199293199
98946,66.03545957233781
65052,38.528562156751946
34002,74.56431668346005
26052,24.707813352742743
26806,63.68927003785439
81139,65.76493190564159
63900,21.287557853064776
62823,75.38729140606556
78798,39.37023046823031
21911,34.10955965048586
74723,52.776297941928064
69379,71.95316018022572
85330,66.38122947293083
97766,74.03641507885786
60375,41.53938776852409
51944,62.349037183132225
54919,49.6415392951036
91180,46.729946066280085
42119,31.354376038843235
63605,57.99100815872292
44045,72.22485565504036
64744,76.85618393536534
70722,33.48226631723866
80336,65.76732206561717
30625,42.88642702569176
56048,60.36145826556604
76683,84.48453192578374
57157,75.93908560083568
50303,31.895134594395294
2795,62.29603132007081
57649,50.8753701931989
36364,45.45913628300128
19019,65.34011037299402
28957,24.1272073729749
65439,26.095516687090146
8949,32.29493992360873
8045,39.718521678579606
58122,56.692454015132284
62507,64.75468903227134
90032,48.76206545285035
43622,32.792713516449446
15963,40.74333816261549
99714,65.47362494270213
58315,29.253975663789593
43024,68.28466323155939
26245,20.462520344472658
76580,40.54029111955647
68992,43.55944079492966
43314,51.94759280348035
94352,33.89722295378426
40233,45.582778996569125
70007,42.66073585109309
53406,28.354355455074575
23778,65.98059464040222
77189,41.31189087964628
79704,78.89214756354471
41880,83.5749770422527
87459,75.78152146662691
75820,41.4003250808822
15799,41.54466492245049
46529,67.11081331644408
66085,29.101933538709446
53719,77.38556587361438
94347,38.051881270681434
68328,36.610974323352515
75111,61.10629349496458
50842,59.30905875552952
93361,47.96251656236856
32339,80.63220304087234
25324,37.68721669571902
9838,70.80258840205977
50487,92.81600813874272
70569,63.834544953923285
57919,35.750590205099336
12839,30.39524560472634
74036,90.610648607413
85896,32.35738495939827
100002,39.333374718810866
54970,23.804691452110767
5976,33.47749515144567
50322,64.58104043244046
18510,18.508357677962422
32579,40.08927769681366
98890,48.488391979571766
40195,57.53408923211782
32535,45.901410296880435
79288,72.23258000895191
30159,79.60162827350717
9704,69.36377105475846
85963,65.50103839984277
60698,37.96055002020174
98969,79.07344270108095
83289,26.398248612067064
41146,32.93311217877493
73677,74.33268994207813
20297,35.378795668680375
16515,54.80485817681918
32967,32.665654614109876
73613,24.693770687584912
32602,31.184953715116308
43447,37.86059302947829
56660,60.77611875594326
32173,84.57218837275366
31888,76.53452861019343
56830,49.15681038601144
33774,61.28435415483784
7216,28.079901201354488
95373,46.486001460585406
17688,33.300808637435644
44801,54.42886087968313
85079,58.782881621798
99891,74.78064753459734
1212,40.81370606127737
55541,67.72521700796125
77798,71.80911898773323
45732,40.10331274155281
21253,28.05661944384313
93318,62.90239123981882
16176,31.280089047387918
69206,60.66057534051404
58797,75.30363193750904
56080,69.91817758923358
24247,21.78658656739141
35833,56.54509115223604
71428,37.45719487898373
24630,62.488303376999156
97785,50.13779133015038
98058,49.203617820150455
72050,66.72373739089318
60106,68.57345648989225
98523,34.569747354022674
100921,31.30760361169265
28174,37.53648956836245
86738,65.11274505370409
15172,41.3391641276104
71634,45.228231566126176
27779,65.30861302427336
27928,68.26547300247127
12778,38.47846676980156
58818,43.721814333578294
16000,47.643771182247015
938,43.1053672313259
99829,39.186932544191954
23342,22.560113400040102
78008,55.65247312092676
36641,67.20676039458209
101276,63.5135445342283
49284,65.86595584757502
41584,38.99027528208862
29073,13.844456963855087
29657,44.621712283067396
7635,74.363727722368
1601,44.16770138064829
76432,71.96206289018235
55645,30.225826044767814
355,77.8951962870305
93587,26.928681710016612
7886,42.85215152107398
93368,80.28913148603871
67742,63.89054222962919
91466,49.468543333429736
39380,73.16829267006703
46668,49.63498993128124
31475,76.1429175826361
3438,32.869752699095436
75002,35.25795689831797
24645,44.89425679897659
61647,74.43453651099168
64802,74.76347342490982
1511,49.77359632001409
51954,76.64209679176324
101314,77.77222777016121
88079,35.783845036541294
4536,62.86574262444211
5031,50.62831711978575
80885,37.605787771258754
85733,63.10529866061993
61119,52.86129431964012
79758,42.39500081003109
97376,75.00798903371617
57605,40.261387768306385
24524,47.252982573620535
2974,68.74831657043968
11839,38.393118653749355
42679,77.42253513294764
4903,36.422017895494555
99799,79.65926110785486
40992,69.97333267881044
89724,60.76364269883487
26383,51.83448489977268
34984,15.93098755441913
88569,66.64471992029758
74293,73.29458344692021
40879,70.32375374928995
21416,61.93221497889517
101883,44.392201027017094
63844,20.917707637459234
10908,62.69269986881366
22535,31.923674449304727
37628,59.87382858311045
101851,36.87947978486217
65272,75.72779736748814
51121,20.601143571245505
71400,30.603173482357505
55598,75.15758548485225
74995,29.355231529009437
100187,68.68530072852357
46353,48.02234968038953
65251,23.952197753994227
102171,70.35664462729798
17471,49.51104793070449
91838,57.74347566920021
34537,71.46523262283881
71216,38.87936547234608
16126,17.05405105566339
71680,71.05575288747875
44530,35.55775067191274
98266,39.49209294045768
40799,48.414568331985116
77675,41.40935346054348
56581,77.45981472458702
67841,50.128570687419256
54315,69.90035971367611
92713,62.84954841939609
30073,49.486007439896646
36893,66.81091623118738
11184,38.218757550043016
90005,56.783293822193514
64147,24.557216431673538
53742,31.007157255676383
11682,52.94259143962152
69283,31.140101936365355
94890,72.6834372272497
98358,70.62334281956922
24285,36.65295150622747
83660,37.03239118661477
65597,76.63289254980293
54446,40.29816254566944
68036,73.86722012837627
56689,66.60472177262761
89532,61.296907205398234
63481,66.16259739643735
20574,73.34985745138701
27620,81.87774923858021
61126,63.247744912912395
88138,50.33293084865513
20248,60.78000753970574
48106,49.53775869794921
81399,65.22735402504051
87933,36.672315077954934
4115,24.2252501405722
23046,71.14446403330876
61244,65.26493387784143
86902,39.832561673675066
24749,82.49008603071785
51044,31.18996482682938
20596,66.94851299213154
60606,61.06619183598059
43747,37.597732005771185
31193,97.68316240091745
85384,53.70363594018008
61896,65.7842034291744
53251,62.76080439911842
79272,59.9199982083531
21218,29.234331904557337
36763,33.56269244212191
74492,40.23536486051323
84571,67.71136959140077
10008,83.3522254537229
87860,74.10571143217933
400,72.1695760367959
81828,68.7985907064431
13432,69.00176083365872
22801,53.578370717609076
3009,33.78495908163554
39695,84.73456360849815
84561,72.96237923864366
69880,47.89184427464083
47714,99.33258937788374
7410,48.75457319506557
71083,64.33848879073682
88361,43.65353264224144
84313,55.49731957379456
65948,25.34489155004104
6060,38.580703960674256
92211,24.84963331036779
21244,62.48590956664834
101988,24.982587475154165
73129,32.01336392723733
85714,48.22012545940159
70595,35.918328271306095
9734,34.915287115655744
59223,49.509558399550585
26082,67.08242204340033
63570,45.42985254616253
81743,61.25762634097616
35709,28.648643205999367
15767,40.02180432732668
91161,43.67334319184501
57736,43.16817701627939
22891,30.95947939651392
49068,22.982607432153934
100862,60.83338523686868
76632,42.863955019838855
47844,64.14664473537641
77713,40.30324919973297
18006,65.76354740498327
99789,34.817122828046436
73178,79.08161123214384
14701,79.75467342721868
101044,75.71344563078576
16738,75.95005474365973
9880,63.182042951632354
64661,45.408736825428576
36013,69.4704745455886
101933,96.9787006422428
72769,77.0594215388854
62308,44.65281088427366
71314,27.33726398808015
96615,35.41724361949051
60915,39.37269234524451
11735,71.14544263916869
71047,60.859426690422794
81112,61.25980487809032
91130,56.527129125263784
39888,93.10360554130284
53610,23.2105909622086
22302,45.45130160384502
71920,67.66224336024615
51747,34.11720094083166
91074,64.50786861622632
44334,53.19263275332834
98443,71.46006458897813
63390,66.49891993466987
15060,70.76743114201918
101178,43.92258542921677
37511,68.74202617926429
81974,39.02148632420893
37983,42.92766165131446
47765,44.777336796824535
89951,38.146629172298354
41520,33.74961582877426
93159,62.85868067509376
27476,71.11362056968072
67169,54.20329295399847
19305,15.20468153146777
39123,29.03816091479812
23745,29.450614665081225
65281,40.158927035035234
13550,56.09492688155796
50318,56.79710928795913
39529,43.06776359141891
21248,63.94567087159348
92011,53.145313336700994
22913,9.57863922855665
64263,31.459742523882504
90209,55.831755576168085
61319,51.86588805018464
19594,71.84790471065389
89573,65.86359380034655
48805,44.2947453529411
1505,46.025846122443724
74449,58.18151243043136
19629,58.86303311116106
32028,70.49823369153532
1524,39.336500149360376
82109,72.60354706355905
95968,66.42088176561631
24309,40.636839568916486
71407,64.38133471785167
65536,80.52352250832885
75649,34.899236346427294
2441,42.5247633713092
75443,42.708420035826826
14418,72.01291115453154
35814,34.41893361135245
80455,31.12178974470156
45541,75.91182293031096
28627,7.111693654027576
96556,62.872420812938216
15460,55.82685862482905
94108,52.53738969412123
23799,42.704533244680746
40450,77.26869064843403
18157,58.55203348956081
74552,70.98605748246115
95494,54.30176121550336
54577,40.86457201274472
90648,64.1045721884683
94069,76.93275368525526
51955,71.53253643092073
48201,42.44561690475786
55038,61.65246834826728
35869,62.01611179358228
95949,56.455953607894045
53913,30.012668428370862
80364,49.93338494769279
90478,37.34776826595841
3078,64.13346870890558
76815,32.641353761433884
32411,40.16550006251423
39790,57.89985168597471
8022,61.192905370458206
35691,61.072749139834556
71731,34.09109667553885
100176,58.654701500097275
86182,63.958000626644356
81961,59.99745237244014
74156,56.465610754321716
21168,60.643311574364304
58506,55.77374135849617
87695,74.66461496494787
29760,66.48285870234754
98708,65.56134205667846
71559,68.58114890127658
31477,67.30291661829705
45446,81.66225664269027
50638,72.36105213920214
9697,56.85177554918515
31519,37.391804927381315
81815,69.40721947667528
85467,65.95948042645985
23828,48.50160903437585
28246,71.91611021946484
17662,36.934307206336015
87140,36.52812225104153
99024,56.37663438314898
57974,58.065111937863364
95815,60.7882121310286
83979,72.12114748439745
56936,48.140023398573305
86194,41.525943187988034
87321,56.43507914427353
38558,52.394781833849706
48117,19.000808784308873
79518,52.118874712606754
24212,83.34657012973909
40876,43.93572051107607
53760,29.537788374883462
40353,67.9669935892347
68053,27.762105415301612
54898,62.174316823852465
84261,62.72391498304681
85606,34.27228593063991
21593,81.38139953321038
21155,52.395907406534604
8562,64.22333846625057
50769,63.04809873110837
12898,32.80927743695805
2271,63.7780044953827
9779,56.317514576583136
55659,80.7712912992582
87127,45.07019068967875
12279,55.395757043488146
21975,28.496802973456923
1095,36.93981189554886
2021,41.95880055501945
37893,53.11449208948095
34820,74.08941754318468
97096,38.815314720744084
93621,73.04445270910128
100328,60.66068286483083
78616,42.818306595056775
19624,77.88260266784434
56200,29.37628694203562
28404,61.89658460792606
84123,29.118810245454462
42882,31.271808478252076
81970,28.877542146183075
74389,45.69989391301441
35582,39.39005483319055
21949,37.5335729320237
62340,43.735966377828746
21496,62.81225252069303
25925,48.71514583818738
87750,83.76166800171139
86561,35.43196894191899
3739,61.34986698106657
43743,46.05513312536738
87214,76.87069229184436
61042,28.524772410554185
19809,67.35480758513572
70436,67.18923940595779
66846,78.2661796918694
19515,67.36418155783693
57520,41.753930822309144
37813,58.83881978233023
41759,71.74340655322567
46523,33.555976870080436
16345,77.6041498943073
66430,53.10030736203477
57450,36.264052797974074
20461,61.814707407929184
95261,44.669628803096245
59058,70.56886901151559
55270,55.01519950830168
97936,64.58554013694811
66153,37.958046723653425
47134,50.863781230829105
45041,64.69327297446728
51341,30.443380552582386
78113,25.611158944525798
77820,32.63330934981947
3573,64.91048908982845
46084,65.75770989540825
88637,52.56131013448652
41387,49.203498221610744
36659,73.57815099931375
70263,62.04594269296104
11091,71.20873931007013
9374,75.29839397498807
94455,46.61317123626068
54143,67.74132206012982
98132,77.29298846469918
63162,57.93746124978203
58060,47.35601532637679
63530,41.89211802958489
81977,46.69162146339133
19180,39.38042638148833
92585,54.788231673071905
46918,29.159206259411484
68706,85.6464604212588
1160,31.920999272849787
63393,22.24516978241471
74332,64.64798802095174
76128,27.711845008196995
71495,67.17882816263769
55233,31.104408932973776
22081,39.023324699674
62595,38.213588082040744
55788,36.99057442987993
55304,44.25036680046456
79396,75.99758669508748
26710,45.62763802944905
71359,57.227194535642695
31842,67.05439106541698
36654,48.74027267685478
42657,47.583600430038686
12326,67.09143826237255
81035,68.60361478702107
94064,49.26876447113907
34533,77.40778026762734
83536,83.95384452610327
29914,30.427716786763288
89129,45.11924713441111
56265,49.882095942493635
64045,76.70714418815854
16863,33.06464360973154
90805,32.89888990862446
83859,66.7827550927627
70084,76.65803821653579
74800,49.399833331066404
27532,18.846830743326983
56376,42.02452102967827
32472,63.68872942188153
28417,72.24257238859866
78721,55.25313560714584
189,46.23469590329346
26989,43.846583706190785
18709,44.459062564814936
48780,33.98593108977903
8859,68.15104024379784
18242,71.96356575657663
20652,40.44972135163066
71716,39.345453664777
18760,51.378459491436985
40532,71.4874084761776
52963,35.582299833510874
92891,82.39073514443102
65857,40.05821472596096
54084,34.373678709436035
27398,42.457909682931344
30265,84.59826527513303
8907,81.22501431443719
9088,82.50206050124652
41571,37.3670721198037
36737,79.08138677091368
96071,76.54087405565087
6855,63.78571664159704
25050,41.10968765610841
88332,36.892769447925104
33236,66.7404589729748
66177,19.614429273467813
57124,55.50023488694701
29684,65.44642747452576
27781,30.975682539031702
94289,69.20619857455821
51678,34.49642786333181
28871,5.824658820804494
66653,40.28924241606214
59176,59.45259330292061
86393,47.69019925431531
32146,72.8236848814542
50106,80.13225567463505
96398,67.1788065801855
59111,70.16373742940563
25723,14.602804447670668
93601,70.69778477627985
50394,63.244764482733444
18815,71.95425468836143
62991,79.8807026563774
102079,29.41893922907653
75541,37.42312814307407
70746,71.05283262484821
39109,63.365813086410455
39948,63.38208889064616
22222,39.52948204521256
19264,79.8156963821429
45396,41.75616409854992
5105,24.35986493054414
49850,67.6825243405863
42450,47.790571528102404
91844,71.43524461406588
69590,45.52614115083229
40669,59.50462115494366
75645,44.096342861925976
59608,27.596687266350745
4716,57.962491813696616
62704,28.658856792136483
99458,43.37519281910265
66562,85.46412957073481
13006,70.51657997765898
44071,25.16830363854707
18298,68.23098769464744
3076,44.09710754557435
60206,56.958553326220205
12021,34.97880925831653
40935,75.55781836807978
44377,46.87607148792283
68523,61.4934279662035
82295,73.38966985685539
25764,61.571324358025194
17385,58.62839632955823
70606,72.44086233360909
58352,42.66270165326012
21757,67.88534395121599
26190,33.56444015154727
28308,75.44366247595582
96838,53.6206756422071
64172,43.170449600152544
30434,30.648710666610725
61307,32.363348458327316
28821,72.20670862397256
81867,29.511039189266626
32586,78.46707626006025
53811,27.652709343681764
50115,78.026384980838
55223,51.82252147623057
14583,34.88247230152405
74044,62.88698780951002
95754,29.61309308895424
95422,72.51460228926409
62990,33.61571515789104
43590,44.14420069159061
55593,40.54255793519405
88645,57.547896260482204
50954,36.08436235525267
36783,49.31499959721809
61953,65.4296260718661
42187,42.627268777173626
21038,54.66475424989385
4515,74.5360636773955
1430,73.57676920328839
100333,55.84331170039596
82466,48.2329167761109
54382,37.488329164818005
65762,70.15264533141485
74826,48.90912567259807
41936,49.33922177923178
48304,34.37155721803476
19129,37.395019253769526
18332,81.13407104287259
25660,67.84685592724642
12195,27.305977053783096
3765,35.46552055122113
1459,46.06742887657509
59228,57.776838722240925
76850,77.34876317937992
57655,49.400074822572066
31641,31.38609443972912
74057,43.36691568091471
100507,60.97961062220328
1928,57.67244590653448
54030,54.038497723202475
46604,11.554193214301009
83444,77.7090210750622
25648,48.299951861358515
54377,40.47038881728208
30340,72.44166500285999
12957,46.5025854433676
56673,53.81953658197847
36690,41.594068237576735
92396,45.57061772727107
99285,36.303264208291395
26496,63.78765730341492
83367,27.849564771016826
73273,60.725978694536394
20082,41.39191263169891
93704,38.4651897901263
67260,21.664220726067192
87205,68.64154807566135
72689,35.30256319816286
68459,47.00126841356247
72321,61.64906942304618
17660,46.34516230376647
98317,62.7095123514977
83780,41.95468852315965
54107,32.502021854579894
73175,37.699191334424974
45045,44.80823337140328
73577,68.47018026932881
64408,35.05589464799335
49683,60.77806130755079
43376,72.22841461380852
60038,37.09822737284044
35359,76.6289903116095
79532,57.42814256513928
70816,48.930649388993444
24649,53.051458717266826
8084,49.59912386708406
102364,55.088251921523366
94023,26.182436958425836
95390,56.78901781396212
21613,39.32361554824377
66599,30.88800864946161
5540,31.374060444362755
34423,31.846849024239933
77056,60.428088387196475
2707,61.23145581844695
102659,37.620991229892624
65037,36.525102073540204
57796,43.01900704231777
59689,61.29284543294658
24690,19.019963550096165
21115,67.02191414326374
36173,79.08207807076957
4652,71.97800420020863
32407,63.97678376139741
32861,74.58815651555197
89179,49.815437395800785
92167,85.28067888608751
5423,52.26507104625552
97395,71.17001950639445
22118,63.50652600383616
40809,58.426826981489455
48299,45.91388051815429
32304,42.14497024947108
66553,50.72577942865805
42161,67.45002964188487
46126,64.20663654304273
68156,56.54233651069376
80394,42.667967710851585
83543,60.592558080176275
42093,62.546194128183714
86210,37.466690529830856
22289,61.950736721755504
36992,12.27543914316174
67854,27.393150624045596
33737,42.00758055596174
27207,36.08686939913811
92805,74.08110160908022
23989,67.57173878936379
92482,43.93740320105105
52676,60.641692484554895
64580,68.03930811207653
49343,78.14427135063636
58855,56.759683948281904
66443,57.66423628478013
94656,58.76457863575261
73822,51.62896576133706
44358,36.60890202029768
86786,48.90512844949064
76481,53.058422328798194
15188,46.60369472449308
38559,72.50470561203865
22812,75.91524183444307
73017,62.490564409758434
76167,41.59773684310476
39061,56.25042986690824
18656,39.69795133176469
23427,35.73417133120034
94742,42.509931840847784
4989,56.851980069299415
97063,38.68029543445537
72587,41.6461525483375
62037,68.6642147683188
74893,36.52385471180918
71722,40.58116015303888
31586,75.10490322180789
93086,44.543721994284
52631,39.54659959307487
29106,57.9997466681877
20655,58.66741521440862
48437,33.77771428127996
93903,48.61096145515343
81457,65.98405236533448
38375,35.443763400458
15471,68.92949775533859
12623,54.15191901412862
24059,52.44512626994255
69014,50.03781356525474
51390,31.890440550421598
97667,72.22946371017872
26725,55.03722429665608
56230,64.28145654422546
12302,42.362097051877626
88554,45.87157048763652
4380,63.90374593375634
2598,62.82314571555226
99076,52.25388422692072
50753,89.1910226056786
77877,26.943237383730207
69497,41.32297339744547
13882,71.51860990398151
74288,53.7405054444256
89708,41.60078788643277
6844,37.1095738647374
31882,38.6736883016135
59550,64.39388209045828
65373,49.24401598360595
90068,70.7580917531291
70175,32.94092101921005
93682,62.53020261664257
72717,36.65145941104723
58438,71.10449233155123
80653,29.80795491518547
22785,38.864670800321
97419,54.1154610769145
97608,44.51793300671211
72177,28.94863149326671
80612,42.174839630479255
42297,40.421133551970435
50096,73.49926286688812
92250,59.11372593548943
43502,52.66567078971474
75143,29.274909966482504
2747,59.822673921869885
80839,44.335374181922354
44139,72.4884761274062
49352,84.41982712362042
23316,69.23034527453524
20925,42.42110632098983
44498,78.16800055526261
23211,40.275762284241296
82179,69.4990589144121
42062,34.02942464232807
9014,30.955770517941076
53485,69.40605989454812
150,71.81705084625395
44804,35.60463823163509
47364,38.39742405317377
11571,46.6374956987391
85892,41.45572289836976
61889,25.21964047821612
52705,45.206713264740586
476,45.06242691477111
67692,58.25162903146076
62912,54.09278082668031
29570,28.21191037305843
87156,54.64434108504781
27445,43.82358128345084
1738,53.345848397105115
80052,83.3627368667623
92094,47.533320554454626
42038,74.95374708699238
92677,34.79577099460263
75492,65.32031277017246
85171,48.702602982843985
52274,68.54834891297412
48538,43.38362559470776
80307,77.21819399784509
102026,58.07538916433023
34454,32.0054970534133
66861,53.56230781818439
30,45.619227824066925
38169,7.837732493228522
889,49.17473325901132
25480,55.52678241845072
80078,51.65460478763773
86439,73.60837747217977
6735,67.61589994379034
61612,51.50365063571688
69448,31.218327450812218
98414,79.36370359919096
52343,50.90602201470796
14129,46.15453914295742
35950,67.28082239878489
41056,38.34090045799116
80464,38.903334830210184
56875,37.01157769751358
17571,55.27918999316239
7535,47.061097805171336
43890,83.5663823152314
40415,81.49239281660218
97743,36.24141803378025
19595,33.34455251566421
19881,64.828349797243
98872,72.04082988877701
84553,83.53021734735168
93977,78.39139825290104
73793,34.37101569984124
56861,63.515342616831475
28532,56.981805640315734
70128,36.47994408980334
57815,27.760697468057906
76133,81.47998469951283
64099,45.81370936984127
99628,71.21989594126885
778,51.19571075909714
57219,74.47906222338386
99014,31.873481551793184
88729,48.04853253426148
88659,61.16538352741949
101043,36.632105444100375
90847,35.28840561020686
83139,22.418006101595225
77258,42.446240307155584
53614,82.60721613003287
37311,27.945978135414343
49258,37.01322393228814
35957,32.56763713823044
47179,51.15133576034068
95509,64.05587591875616
79102,49.988462844152394
44660,43.216185225200874
68197,72.49931038380451
44137,76.51882149934823
35753,43.59527156086527
63914,72.11901796515488
20460,64.56121955840848
23923,46.411378125730664
63097,36.84714399437268
46820,68.57970650839297
69524,18.54083188182826
42794,31.464966925181855
15059,33.33992220266407
17742,81.63461181339855
88703,38.39453879777448
40515,31.421609754080148
39266,58.90633238692155
82599,43.956649583959155
95742,72.53794598951329
89776,64.00001362578864
40267,87.50587001381098
77923,42.55664126207271
85427,68.00507960780047
880,25.154333852697228
8060,57.8064708888545
43238,37.50900920442809
18550,72.76711345515142
54894,27.760123465224776
100157,65.53833750729261
5804,55.29608623510846
76629,59.13880315635375
90088,72.38325332374046
29236,57.597777889919456
13224,43.10924234539353
84270,46.22949338220743
31466,38.27416776660995
68788,83.6305019435642
96420,45.42979078758808
59255,25.348985997068418
55827,29.214578508904143
24029,97.33044771460101
100956,42.0063893279027
54427,73.97272213387407
53909,50.279918874022016
42891,59.97505109027817
72170,51.13386925469795
47638,77.8077526335309
8877,67.53038542676217
97489,42.86543656993831
49355,66.75345855458883
54592,72.57677186363813
5318,50.1418458631924
15391,40.91739478830217
2717,34.96127795879236
6869,41.365084278137076
5912,48.86335467820956
25428,35.90125078425339
80190,38.224238493390175
67017,42.725281329945894
42631,64.05817844118971
61163,44.72023666292851
80111,68.14603488307907
91385,54.557763574574494
20772,34.19527607923244
58498,70.96025011072993
30544,71.38639523206507
76788,37.98238593519718
92338,64.89568228347764
21175,48.96178458925033
53343,69.56370029578798
97270,43.35220519558755
97227,62.99985962365456
101411,39.94010800392085
30431,78.70863009673377
43062,54.718256926125065
14449,31.888103638976045
85824,28.806085012205273
56334,77.30907056639704
58213,45.09738593175495
19976,61.60708946631763
87135,42.61348809488949
85897,81.1235711056334
59711,69.35976239281561
70265,39.357684305138584
88007,38.06104201520543
51805,35.04894754558019
28252,66.3076587146226
26686,70.98697724205236
39121,33.9386712059337
14728,33.475439465076995
125,33.04250746734375
80327,67.74524573478757
63428,64.41017861512447
60302,38.06416815522674
18170,37.620888172209696
39389,84.06634541379606
85716,53.928956986974065
9984,68.3665620440552
68769,40.6003059712023
50982,18.007328897272913
33094,51.819605448441635
77837,70.70313244613996
11107,82.1093467746179
53882,36.41676759324188
69512,28.250634072536187
37619,57.66954611407141
70479,56.8619621886786
1739,31.562759074422107
100303,47.61949674728411
47812,71.41778331009004
10657,67.2001003236332
101515,59.890062236002166
81687,57.93561536120937
60637,53.803761958300996
31846,34.762943980345426
20747,28.687534800836428
16249,41.49805523428281
95377,88.36233335668962
940,29.399716209168705
69302,52.0517584168275
85793,33.47861182858082
7247,68.9963970828007
36958,47.75147323737967
44967,56.32545094316202
37007,72.60331631072573
18635,66.30122788164863
36322,24.47714390665635
100134,28.741546343943106
29430,52.18910368032695
42879,33.903270657944425
54202,26.102430006297
58557,70.68243909435724
41780,56.65195785210818
54626,69.7243675647927
14918,42.66657038860537
76860,70.480029118269
68201,23.612119997793847
97616,0.7932909317609997
37071,38.96790824008599
67601,69.46112269951641
59341,67.55105262248672
88120,41.819452593042215
28331,39.57701846812231
86381,58.87786618952295
52290,36.37414949922627
66944,35.00940482243725
77736,50.9811646016398
75609,65.72899915512812
7035,24.234899812433262
25105,29.941057193688007
91122,78.66213322229405
97053,32.557970934409816
64986,72.31470602066186
49832,51.620587259294894
38339,31.44567465202714
92956,27.353891314759128
76778,36.9058741177316
100934,48.37268482856199
41113,51.31615245538022
669,74.13830571160415
94979,33.05066971812631
4492,69.46607394291466
82779,45.70826581496412
4034,14.821617093757308
46072,62.07087097265424
76011,42.15894040047821
12978,45.43203702156088
98224,82.98096506470608
57875,34.693923429055396
68982,35.148561716841634
91543,36.37804296621442
53804,45.83709510521623
9066,31.926340554399005
70453,45.67225604036072
36907,39.66028283846553
45197,60.060825315521484
45587,98.87032976639541
91356,62.74967248736965
92198,52.16521308360537
29759,57.06867023059988
43113,21.934570659958126
56762,55.19468500224824
39147,82.7301907606642
5613,46.01419516460555
59980,38.64534920983818
61157,34.4699141837051
34444,41.889786435663666
84754,38.561928463456546
43448,64.83637710526806
100621,56.366251919141874
48790,38.96526381262552
102323,43.82393817429501
71543,38.892988687460836
19912,73.53870639398713
21283,28.70697813546347
96115,67.26604263693527
66872,33.574471185568314
27668,85.37842154569512
87480,53.209982465885865
89686,32.00861076218596
54850,48.96431817828838
44490,56.73514238229784
68082,60.10535463904533
65871,71.9425785015909
89116,32.096707197384944
62166,42.08075098586586
62967,39.948746161657375
59193,29.321028551766602
97890,67.33085825428319
71681,67.51508001679349
74876,24.172283800291456
62213,43.807730231931814
78818,44.09665464847603
70934,44.787001412828616
69704,69.75138727651024
71715,33.60921883009016
87806,54.74999146509959
44540,79.42110092913802
56360,31.530735544217357
36047,84.08296439754385
49543,62.18186207419547
89318,47.82974948695838
38746,72.38711906676541
14119,26.64104633084905
30744,58.2505508436852
44178,47.1652832583811
70509,27.965351950740974
34568,64.14837951064291
37604,23.166641845055963
15076,42.231015429537166
244,62.10689792469536
16931,41.636613237643786
90241,64.88736207417551
19277,36.33535215255054
29485,29.797947748450127
66083,93.01424215660485
2515,77.3769299781548
81376,51.756461173261954
57668,35.94457456024519
66786,67.14351475306964
39498,51.224566249240155
7305,72.96033324129499
58335,38.06151713422861
76,53.0905359595654
93313,75.11110854147037
55397,33.08997440506844
35174,35.546622196723206
58536,34.84005384379058
10442,42.035804846168
10551,69.64569660083976
69726,48.60602904997745
90341,52.42322861530751
74882,27.67866827394306
80332,29.067501628482738
88365,46.40005769002204
68458,69.46782098124596
54844,45.981623808563825
90736,29.905366442854227
25998,37.833376126771505
33610,46.21359458733669
3041,58.64742362775897
9192,82.19910784962491
68120,50.304853016104886
45842,27.46615066314222
66853,70.14849654076997
43840,46.48998742124236
54983,51.48688784921477
88852,46.03618355089083
34058,66.0742330768744
65728,67.06611948273121
48845,53.90360735946861
46414,61.20605522287275
50474,38.507017498832866
13980,61.57945361652878
23883,56.91374511778592
26865,74.56086014964204
2228,47.138455253285876
85101,62.76385961721919
44830,43.1718397542102
24992,43.076084838619735
2688,62.020362335425816
100868,76.11559454086213
2433,55.16763568751116
29633,75.72394227554858
50386,80.85223746095917
9617,70.76425538905625
31560,13.233187070584027
39961,87.00195570151624
79485,57.13694347870465
28897,48.27821263757532
80463,32.50461080568019
32604,40.764930338502374
62078,70.49392459303903
11466,31.532555430730998
63473,25.05507924916659
42270,50.38487288955076
73809,51.0934685545809
91917,42.10031096947639
28613,35.669614145257306
28299,54.05316392697735
10734,64.63284779901085
55486,58.08835188768498
39632,41.70672240716537
69106,31.519134086345503
22247,48.21564865551492
88200,67.55982036130663
31305,55.070685129708174
102470,23.558436564420106
88408,57.304294915752735
63712,46.579005666947005
3066,61.45852481388695
29131,75.15279079288028
44132,69.13748135324732
13245,29.1990173891336
73842,34.367348441465026
25493,59.30351404908085
87949,67.20089955878419
86009,56.2475005647335
85787,66.98162974641404
68366,42.36909215036072
469,77.77787973324894
27583,0.0
20494,46.31393425581453
44436,41.92663000169115
89870,48.505049237671905
12970,60.33904767659512
84187,42.438457478057586
66115,59.2763173781995
65749,83.29400411161453
53046,40.57591697166936
75584,57.01007381228381
49460,48.72141464181995
91711,52.78969182665955
83766,72.87345022121809
6871,66.3695236733787
55683,79.25261989975328
64678,64.69743757520374
38076,49.01338084460402
346,38.03762123844073
32678,54.71587690166953
73578,42.551854718006
73332,49.06378539876228
44525,27.639680315584513
22462,84.15787054691563
5917,55.341113066814955
49626,37.176449459017945
93978,80.80897868430003
95990,40.52283383555095
6540,44.75436996170184
19433,40.175261503719234
80544,34.90426904324674
79960,43.7440779864983
49954,65.42820115380019
18319,39.84680651050177
12942,67.63984167942473
31496,21.750265380379368
40116,82.24666601646187
6210,29.933361037000736
64969,39.81795485015138
4248,64.60204857750612
1273,46.40886851348275
3324,55.010551033719366
5731,44.75860716390298
67934,77.89439268112889
61410,65.90410504317411
98122,73.3334232200877
25416,28.32114822685026
31264,27.513569798718954
77362,47.968527175942
88331,37.276476131232855
25473,82.96581815325254
8326,60.45423605928826
13530,52.01913820726329
60322,71.28942652589595
2926,43.382436311277615
26202,36.775304683615296
56214,76.75271889431701
58363,56.439043289917045
76678,57.99968224899007
49839,34.369519583309234
33178,56.44555350745246
77149,36.384857719247165
71834,64.84820396478966
6939,39.30485143085365
75562,41.85841376813911
5297,67.99929839441779
17299,85.3163690184337
38367,60.887210732588414
97170,8.929638668570462
31250,44.0229431761583
76943,16.941880699701322
99791,34.072923429791715
100626,49.81755266101994
37654,73.3269040875715
87130,80.38438305855847
90441,59.88517377944301
24469,78.26225732668317
86876,71.12757914053499
38969,35.75530523369382
98547,30.24284689762106
57356,59.00089946314688
76052,54.05066617873153
11760,56.066905705613046
70555,71.20406740725002
52636,45.89286832214647
65557,46.60125940628707
100650,44.68049725991337
37269,30.951389242338536
55581,76.27452896819958
86855,47.23140597633352
30080,38.501068079091134
20562,38.4282101865915
24255,24.170231709163687
19941,34.33890149708684
92519,43.1846031436308
77120,37.54604891928108
11833,42.22162893193563
75544,60.53138826809396
29561,70.08710851566795
52816,63.50621789954938
6873,44.398452315804846
53419,90.41431636707304
27454,59.15411447909855
76500,75.0270676101901
19035,47.619883474140565
84034,57.97060338409737
68252,64.87589637195114
6227,26.038577972385802
4484,33.70495792249009
80183,50.25717718165179
79001,70.50625796590498
92905,43.927028553665295
18687,62.12683871904917
31664,33.77409859228073
6993,36.5105284278772
56052,55.55935887808282
100703,42.02599498306
41245,25.004435833565346
16941,68.98311978816136
67226,69.99490345258202
43458,80.48176305981764
84578,66.36755449293742
89049,50.40736027000527
13947,50.24714764690887
60021,45.28626535523139
8753,34.81904604006545
83448,41.878308565304415
45686,49.529911442170594
7683,49.37782672135087
8182,60.75461875131399
78043,33.23873564472918
37109,68.2759342228712
93407,74.88907763187797
7227,16.175523904838506
33961,49.21164119879984
64976,52.57277414409516
57376,28.84264676088072
85241,32.49541639540859
71899,37.747307699096055
44359,47.895501762041164
47860,32.3107225510552
89404,68.4015167730093
31750,51.364487645522146
74076,37.24492104391714
35178,79.23570302790844
55137,29.147002747444926
86829,33.14658970974947
3687,36.10973108529655
85538,44.883213277888636
87043,33.494589446751974
19706,31.916125169403305
66945,32.42210217649363
51849,66.95479022013127
22827,70.67471391088286
96578,55.977536430075084
93604,29.437070740953992
40074,52.558446216752074
75096,40.8509659819983
46737,64.24557598803344
67303,44.25213539083577
9639,57.12704278425249
55367,40.44971579174113
6070,40.02302925406724
93933,28.41513501581606
33732,55.63335092352425
41564,36.74682784253065
34027,56.94597991816635
11218,71.38905568775465
1763,77.49962015888906
98913,48.542934724907695
33907,52.45532052415379
85179,75.13129649402401
52378,72.58380068843155
86694,55.61700874938908
45936,57.08094848683977
68986,83.44700180661403
38038,79.02592852093272
91644,50.8219335430759
39338,32.704414518849134
64539,64.06931392296342
80089,73.26309095250932
50555,39.2778550743783
19090,65.87677376627873
99020,39.22137504244734
22182,63.75674494873969
85130,20.247256341108596
73528,40.257726958181316
98352,57.37602875760335
4442,41.664627707325025
96649,72.33990847208841
90518,41.219323748644044
23264,41.90535649539804
44714,40.46601221538256
18978,75.05553779565048
27677,78.334639621944
39469,67.14000824146055
33257,36.883360194386896
17860,78.50059357842495
9644,29.829143037962268
20556,71.48393596040924
65520,77.43989234618229
53673,70.27116291160358
42293,55.44563708703312
10411,58.998484982128375
33543,54.2124932033775
58869,42.52235823040412
78644,72.8325018595547
29103,73.47091339101173
67949,30.3917049688819
11286,31.893312376840278
82616,51.534047839427814
63171,61.89276631600221
57280,35.736472092619564
55348,30.354091642015437
41709,36.772092324168206
20085,61.74786315773873
18190,69.16810978824947
80315,29.584443661083647
4409,72.43546816714824
92177,60.66715090938848
28489,52.8988850970335
69250,33.202353370664525
66805,39.20100776605763
102289,67.29558801379484
15680,30.37161688645252
43475,80.87579243987474
66023,65.73398115569749
1058,39.50238068508243
61993,58.90362851905488
56859,59.15555515612212
99499,66.67186616054397
23657,69.91511996627543
66921,66.59653681137863
16900,35.468341790221785
98102,57.599049005798165
29647,35.72208012220212
15010,28.951339707098153
91800,65.17316907999181
46578,55.73791049072939
70728,48.021631613479826
97213,37.83713059276469
95567,36.933601803293556
3385,72.64087147900102
59073,29.299346695143033
96042,64.50481842062909
14985,56.885477208479415
16512,45.255964562243264
1659,33.05928452310758
43925,74.24207465100548
70696,33.30690149861432
23916,37.889848448600475
21662,65.01266853726578
4630,49.528419623478015
23348,72.50991314862083
7722,62.417360275713804
95950,37.43808004633607
90283,78.4880154720308
23100,62.472672123229785
100608,46.058090913543296
41210,57.5478610725074
75864,35.92967464553678
14705,35.59077855808055
65664,38.54185126620152
9048,16.251745925353195
23323,73.18743200851858
26281,37.440755774167165
28678,75.25367281077959
19425,56.059677997538735
73612,82.92033390918138
88014,29.647493145485363
90204,51.29126064477754
50820,58.88108254577814
92023,61.340636697186426
40972,74.62486273978311
47770,25.339521056352773
21265,45.86721103253129
56590,64.75473151048831
14579,34.58384879121151
8580,63.990465327330305
84866,69.91420791630306
24007,40.2894570779802
95724,64.59675645130599
67551,35.61893368556255
39364,51.630810318473415
37897,22.69054410574605
19498,35.01812539717128
54259,59.99030871250961
32338,65.0105448851539
85128,60.086875735831455
66350,61.88455938566143
93257,80.29748976974231
35051,37.5624298007968
101414,29.0015482947191
69276,69.00929958315893
14068,82.65350694665415
70676,29.886763308748662
72616,41.27092593365644
38234,62.171680395267344
6929,48.18394571663722
36000,41.02811520043314
77310,59.71446848149836
29409,36.46648902087494
76204,55.58995302066543
93121,35.37864140843153
46346,54.44416830153009
76348,16.253143060212093
36243,33.99124124435655
83302,63.78419251783389
19220,35.01103079539424
55490,49.40775925715388
67811,68.4535090338795
26639,76.43847886605512
65094,63.585441513459216
10343,44.09493657563436
67723,50.87615102306131
11223,72.75906800985639
78596,45.78513116969749
13209,77.25708148416282
102463,39.03938944383776
23594,51.45619905747003
50434,31.731845268899153
42115,22.834301075640234
78045,26.638895463178805
90788,68.86207604689203
86261,63.10225382954521
32887,41.37720964901455
20013,63.77172187432781
96333,69.20800751679636
87353,28.610987906126983
84741,71.57921105033859
65287,37.01911153206835
8590,42.29342211577166
78664,73.61171983543755
23307,83.07646097668061
34186,52.04358990317631
74137,81.11730032851972
52391,63.11991633868867
46809,57.45723855251495
96158,47.659548224787734
15215,63.534304705508525
62775,62.2854367646018
82671,27.961258394143883
25858,83.34462273603523
96360,71.33649802654962
39196,32.06611910726915
51787,34.98601557736207
47612,47.57140372815465
10906,24.248058380116895
97989,40.30460192610575
90757,60.01114744123312
63889,26.328899560070777
100763,39.51871553607535
99252,41.921957592385475
14180,58.09096071817844
45972,39.20396072316892
20398,75.58978704573482
50208,72.24577613941202
19049,72.18259112417326
25110,35.50971588051249
72928,72.2760804817332
37595,38.99119580200276
47353,85.46090037098153
34604,8.81492033435218
43091,62.70488033223827
63954,46.14374394344779
59122,22.45237251343455
41081,30.576430251467116
23679,59.5349501509632
49140,60.81259135790444
24953,36.556301628732086
24332,50.98450794353073
89451,82.54511070078036
36854,23.887333637197077
69234,71.01718299708801
83920,26.31296199811852
69977,37.975680884975425
56983,53.75295615203654
85380,64.78081076901134
54131,62.420233211464975
49718,78.27814113625271
73085,65.38720605306894
63319,43.09342016843118
81729,27.553380403622718
7532,77.649404873885
31058,58.70627384406301
50002,63.75022769058238
64502,41.9459524921062
15707,71.00699433959578
78362,53.198014651209014
42475,60.438498641191785
80506,36.95113946072974
85641,56.68317787984232
97472,22.26611207850645
97039,50.24944830614683
84985,57.604122107766344
78426,64.72386104576647
89766,38.30098736631652
30036,56.52742541195154
14530,28.804762737485596
66328,33.77968259241496
38655,58.30827875921677
23415,63.29637015794967
53986,62.972251466058275
80149,61.80291021380083
85794,43.76892482241415
46385,45.064146285128956
26418,62.620227206893446
69806,41.57857282156213
55617,47.88484832256058
40601,31.901135416068243
81932,51.100271224359076
51577,37.34048284860761
44730,54.500909126803315
100267,29.2107034735995
4646,45.66310477633911
45999,63.69253666670923
62642,83.8288462755706
17438,38.085718239048035
97205,45.644425037169434
40355,39.357363101665065
16429,77.4272941679741
85696,58.234860817409626
8126,43.67234313374869
2759,83.05292062796207
19969,74.5531184569227
80792,61.490002341682214
22166,66.71911748766277
14839,71.7945087546641
98325,68.52109976083517
57799,56.11413594157547
33857,53.0637524192078
63132,18.3776141212808
41582,57.01293907479206
19795,68.8668074504929
45037,66.74011420289202
27997,59.209753830398
44138,27.89698616429439
82106,82.31658631392861
13626,63.166712168108965
13806,45.159192893373145
80718,76.80923993328335
76825,19.057190234291213
1504,68.76417307979627
75420,41.68273289932271
55686,51.99020953853538
35444,61.230315234158965
98442,66.8294975369821
83049,53.69264312099277
73409,27.75266369733295
36929,61.94756579291899
3212,70.04439256376392
16638,61.147176382483806
100115,39.89367182113884
31484,45.93996936646576
5774,39.936462695407705
35099,51.68781571292985
94855,33.20858891430482
327,65.10707520208145
100988,51.617218519461346
21432,46.97402049141352
53386,69.60476764768502
48605,36.66585050262147
13259,55.53071420532715
73673,47.180585394400815
72105,32.38116683472878
74032,53.364669120419144
62057,62.50213283150169
66190,72.29639064158803
59321,16.52826608576805
28914,47.72953915043556
7838,60.30081295631764
87608,48.85251465047001
44075,54.44566917430922
24667,68.89295792205918
90584,42.65997575878185
78773,63.261041440915385
70885,33.05426483471295
100113,35.87064423187009
29372,63.21353655422169
22631,65.27888760174376
1472,75.3292037342882
84278,34.065643766990455
100848,44.683553693149946
97294,74.54297827929136
83333,40.96294240575761
1829,79.38265424283489
78654,71.23534281633317
11499,35.48540115046647
43038,58.54684440049291
78299,83.64935588753102
97747,55.778970017486046
12816,36.66671591642987
32821,42.83179625470136
75781,82.05985177774639
21076,64.14003863566981
10621,41.873819137309084
50696,27.46406927649238
68103,73.86221221904484
34616,70.35635650082631
36809,62.00680803299993
38160,73.42220981151233
68552,68.3329918260859
64157,59.75393924324759
95327,76.62544385445123
46534,77.71303713587619
95053,40.224108273168575
17041,53.76959847697331
47599,35.88655959729538
43788,56.13542657909788
76458,50.45765637377055
44339,55.24993262360878
90646,77.75084438323142
8434,65.5340939574135
60014,20.98761050618167
89922,65.76350160092751
89653,81.6884388829234
89606,15.032986543483265
11522,68.73168465086839
71518,31.129321918371165
80359,66.21920849604628
77600,38.40496842016041
96269,40.93708485649483
41469,33.4151545519787
68389,36.41127969983957
90393,58.62430820782366
32949,75.73971870390322
83334,34.88109986661945
26682,41.75723658280127
87888,39.96652857868618
31036,75.60705558869076
55288,83.45913525298523
31815,53.62749714632023
23965,59.735810267770546
48693,57.929953822504
87091,23.764984950332572
69847,44.329440750579415
74736,36.297359365604315
47234,69.81017071360867
87513,45.38614039295428
88449,43.23018891250763
34887,41.63193943276032
67843,75.45334843431213
65540,72.67195246071164
31900,66.31018062216184
16398,80.19335296475595
33450,25.058160472453828
73729,64.83894428464691
88011,68.45503669150986
32852,60.41483557861466
246,78.68403301047773
16029,32.27528391096148
21343,75.76544708535545
20528,66.02994150309203
64760,66.75252432708828
92770,73.9033656060337
46198,75.52469981097043
97818,29.62321014079112
58238,74.75119658649453
99915,59.63774125041108
89002,49.93597192970803
41962,28.48350146670251
19445,38.75097529647082
31478,51.70429187923505
73641,26.022822501255277
76975,75.8357135388109
70401,65.50251833042861
89622,66.20495774489541
28106,73.62613250251981
70333,75.11764723449802
60295,51.845291519588336
84296,40.10504430283164
14646,38.57258982686359
53147,37.43350909867349
94044,71.78059088188294
22623,63.43784790905123
39112,46.21160976078098
2294,45.4807199748996
4929,40.691400269345145
3786,67.62988761612215
21180,61.98040656129212
101782,76.20886081167345
66398,76.37841646752113
90014,43.40741968320735
40461,80.47989288486436
91034,70.15351320671712
59134,63.236038361295144
35961,34.62212931619201
18184,29.41376489319313
51823,28.033975656063326
79457,46.587991066431066
37582,18.996651868697732
93381,27.54283304592917
54948,43.00194919331541
35097,42.06359062854048
70328,71.67850290419511
101123,38.95582740457395
34416,52.93112615937891
40839,80.64989584474404
3014,45.157122648528045
91218,40.58769470474431
77314,62.40621994696693
82027,64.40286799968337
48134,40.200408128326124
100757,57.63192652126562
1484,42.80493195536347
48231,36.65234979579361
40538,73.41733233006738
78526,67.55061436108615
45564,82.09251970391065
94153,31.13820326194613
3452,75.4307292079989
38522,62.36070886411948
39517,33.71721840797592
42526,65.30012034035218
46395,34.112906794046474
58781,53.58972297064476
85410,77.96516914362167
29498,36.30276886508693
50826,37.79852343148044
47562,45.33730218181246
27517,41.8907648797892
50867,46.97662993751331
17588,75.6105581083535
19200,33.36642256417963
82163,64.17668136388335
63731,81.60702812443907
6668,69.60775081000301
23139,52.48388918386657
47679,70.49215044451105
95844,67.23830885765784
94717,27.485008748297155
99780,68.3445486129935
61441,74.3806527812855
96425,48.75022588871266
64749,42.86873749751778
40300,60.953256709665624
77936,64.11837997308174
3995,45.2877695784069
45412,25.508195938594376
36418,32.94840145116096
3403,47.71447140843123
98183,31.75853183293316
95063,27.596476813241402
87883,80.62731466312991
55343,38.25002480643638
58113,65.11918009485186
97200,71.68296371828527
70556,39.81825737197383
19811,48.3931921452956
94332,37.00084711268593
8178,51.372925952071206
96497,62.57901803038124
71103,36.5845540825163
76066,59.5836808171885
28591,76.22543879629582
24545,75.00706444126052
39304,37.90817825407583
71913,31.455125690036528
40620,35.15162554278921
77429,33.19074952950498
64004,43.86150172086906
60798,56.48363319892921
57282,33.13309701451567
70122,66.20466604065416
88956,65.07085463536978
41212,42.1883329071567
9589,66.1817257664058
101251,40.32575814457501
23937,51.40829023014284
49403,44.79121623741898
55027,38.354763351613116
85232,68.72634593443831
55240,45.16680436577071
62311,17.454844432735527
82990,63.757522291588316
31207,64.97202179625972
16,77.59767828511755
92016,74.44990507310908
30029,76.57462820986748
95263,54.587774816940104
94473,43.74568869588768
57153,30.68984849960172
85500,71.47456758083987
95279,31.042010142896448
31131,66.48774585707258
81911,39.27834259597098
102548,74.96557784829754
70504,65.50173667789875
62104,30.00727561107974
67190,65.33445074298739
6709,66.76202216783801
6350,32.54133736939489
61491,39.469706980676506
9297,49.62403519521424
38804,40.046616722808295
50460,32.1717258064581
37855,65.07073347969991
92671,51.16239533940413
22460,54.59304079810562
47324,74.25901586248321
58290,82.61537798517686
36310,57.75774878444859
49873,70.75290452196762
78657,34.64837226706034
48788,63.9795950041651
84177,61.483142370474006
67746,27.248392118424988
9155,70.18523960771509
5060,37.80788796741076
20126,51.49480436617797
19135,24.777886433541163
22528,68.96890347549814
90192,27.857095225296284
15189,34.297477340153236
88938,53.38449425909741
32889,81.35890074141562
76121,59.694417160658745
40328,54.43523772746331
78051,42.23992138006625
27471,56.2162318067748
25492,61.20278694516259
21329,66.4885348987952
20501,45.6410411136778
81527,44.485717651040936
27682,70.10114879986612
100794,67.42651786719432
48672,41.58777834059543
52261,28.55090226998792
90067,55.874952515475975
49240,28.6505318644437
67106,33.92994007695658
73080,59.80002731829808
26580,56.32301533940646
38337,70.80592876493758
87191,50.99813230467595
23684,67.26050223171407
40546,66.19181006956174
72123,43.925280793172476
85922,57.98970247722446
34439,24.11454915938716
30936,69.58295609622571
99837,67.12852336253317
47778,69.51853998730334
95497,58.52874013306958
95942,56.57728330167815
15546,54.29458336737057
75978,35.89477792128191
89627,47.335805520291274
32050,63.15087973924974
52126,44.51821501476161
25715,54.16740765919957
56513,63.50524583089296
14741,40.25599904025021
80742,76.55735787893497
97780,66.59390485712899
101665,50.463447417100326
75244,46.87707972574431
1123,55.770886912286116
1514,31.36758931253884
26557,49.37617434974324
68561,73.6887583981797
16840,36.57214907358447
87131,46.87641469662767
59791,62.33905962392885
73950,65.40697216006735
6547,61.73975841812146
79961,42.471383250307134
59914,71.98934541449267
46372,29.19227521241818
10262,41.20771725410332
39035,26.016697332111033
41688,29.854070887462356
42594,32.568226540593
9189,24.11395105442873
14468,66.78320825680233
67641,58.93452836476709
31925,65.76488579750301
263,40.018985558538226
4247,37.18144299070899
79761,61.90461317489884
7371,34.78979104210198
5839,65.73754199112383
68913,65.87280904015151
28447,72.10816068493799
1889,39.47358153514415
4142,71.5456263761217
15012,62.42769776043528
47114,79.4463106842686
4152,47.61465875341971
74458,59.506971938561605
9512,30.58105831744745
37606,35.763610988473
64121,64.34242057431706
74485,57.648126567498565
16272,80.26723266947852
16344,70.19383171457693
49184,51.367169768954604
1710,36.75895207180714
2627,47.641070835129796
37310,63.84837724158738
66626,39.59040200817037
37864,19.37327047744554
70541,36.91524689807317
23725,38.08978450215176
65595,59.33761318110112
55375,54.35731812582373
46564,28.02567425874209
31465,32.59021298791724
79355,41.29702313227391
62649,67.25705533248342
34077,67.52532255490667
76930,67.52769645802171
94599,51.55038435886281
13175,53.387224951450804
65418,52.8053707510991
38838,83.5848913577668
24103,54.17319742216708
44687,26.79946868963507
26919,74.27572028058157
32236,53.561725700059895
9141,65.30582467667762
4981,65.73961326591186
78545,39.68922091459811
99179,68.97870006585985
49870,83.33647794058396
44098,76.39852055657437
52735,27.94288713164606
58738,80.38344505826481
92386,46.94379956165628
95691,65.889776398699
8906,80.90031535609299
51338,55.09109092976012
23045,58.30186267729047
67402,20.39678917926083
50293,39.09795602447431
9054,49.85859565256967
54233,81.08961919752875
16960,59.3156561391947
93607,59.04735165087896
67972,74.22006502373293
43259,25.87871076820329
38068,61.88094126230428
69808,56.491209300708775
61632,34.637834416752206
11804,42.35979198824733
93306,55.25405304292531
47291,71.62903323944897
32284,51.816816376949276
98079,61.11456746679706
3150,34.0358034374584
5524,43.14871149135547
28859,62.482438401756525
65354,37.12447807132623
68602,37.90623483592924
27898,28.015199997442302
68365,55.15614072327648
23633,69.93441407803273
100963,66.4707641316044
8425,31.098085753136328
60893,63.51966181753208
95789,55.21839982255902
97,62.05441252564464
86928,74.59531879868632
72613,64.1274047972552
10776,47.94475099870343
32388,63.348837443068
24025,51.09304004933438
99521,56.50819999411775
5099,43.53579827509361
64583,71.1842342909888
26909,24.69271989858982
40360,85.34571149539732
13929,75.4081925185509
48858,36.983546295986
7123,68.3043450685609
30234,43.95114902303709
86399,53.560150965548665
52643,36.60414539830854
74138,61.8362945260145
99224,51.884867519355325
56967,42.98540241459372
52269,64.89331098172183
53836,62.33583393150765
34867,34.750482912390716
24359,60.684355741350174
50871,43.35373362328992
98922,61.90659956001933
13261,31.340119597749165
18750,25.4777861377922
36003,24.93824657195688
1563,58.47849911683991
22451,48.09960119383333
51351,55.52332703517595
16324,77.68462837710219
1615,52.92513573554256
89604,41.11840640134772
4810,38.25620834517727
11742,55.681983270254435
63179,45.21571668686437
37345,41.34604337687287
86067,35.141410523060514
52492,54.24611181009217
87730,48.996356653382854
27988,69.30889255931054
89700,25.363525207145706
59337,52.69286353050369
88305,33.60969756336854
11585,52.4368781213101
25228,38.026289196940034
47150,72.70761953639803
14982,65.15733880838518
43126,56.237033889194976
35684,30.770906840571666
18031,73.10954806877524
88547,83.61942980902593
23714,34.1721734331549
15342,67.07812354894905
17781,43.79642859119657
52220,35.74008599263791
67639,40.428224247542786
1822,55.66959712057519
14966,73.76419411860465
39046,45.8811704862988
22256,73.49143684191283
69823,76.05296023594524
57255,60.519615254206585
47880,37.375604674564435
28125,47.47795090604086
2264,33.98732375040972
12063,56.42465210998098
34165,43.61300359301518
4719,37.20782851973067
69978,32.976209006372436
14548,63.529886322017575
65226,39.11023052546922
91261,43.35857472300283
64302,78.48749991881375
29557,74.14641512319025
16157,68.19372180747598
20377,73.01229371639988
27655,21.28934736543072
44136,62.38640922080304
86763,43.07731953847099
8321,29.258240001486694
98566,66.2247553463504
96825,25.83062119785945
91132,75.12451981445643
59035,63.80820135679858
70376,56.8112029283084
101025,68.94614292483598
101201,76.39846330510728
7503,42.67061477148922
78576,78.0068274168182
78611,62.26445812101321
15006,40.38705288943173
61934,29.796919454130755
99590,44.54554712431498
38147,66.4251869898837
82392,59.977925370677134
35281,64.09755709396839
46201,38.86367111475914
48345,31.471614156889338
18540,57.780910234736425
77899,65.8003229432786
14124,51.142065598920034
31171,62.48133006999957
35165,33.39264683928104
21918,70.15902934201404
11481,65.17938566304716
38486,41.51468072175751
72624,79.1688540572113
38100,28.09364086339037
49323,60.62856940431476
54319,33.88856422457197
44884,57.411490434271656
65916,55.50530139490945
7498,38.73908347409059
5027,91.66805159576458
2596,29.66567506866874
86003,44.58501164464098
80818,73.46444884306412
24409,53.894832784739975
82607,37.39783427034493
75534,61.07554019827441
77749,45.72460944131064
66029,95.81545964039509
63919,88.25792093744835
70851,54.84004493074597
58121,34.01140856353593
2605,39.510260021795375
76837,62.508406615806294
98552,32.65829904697664
22633,44.22342502893398
65880,34.935997575578334
34970,31.380401219579117
66462,77.93995683080621
8128,68.82509004430135
67203,56.418452508043835
37222,38.77086174058679
83360,16.403976313094674
25462,40.41195561377428
64774,47.21517438735371
78641,33.99777923709423
17508,35.86495718733826
8990,26.843158824828944
72138,36.24350235470298
41001,36.081397274380656
17367,54.16941205439213
2998,73.49362320536804
72564,61.58369399564232
38349,28.8160105089344
53335,54.78355997910522
18488,84.09117297307992
67586,78.30972919075245
44332,46.732224014082846
48836,81.6714020946778
91576,26.355134803825056
93797,42.74555732084606
1013,52.54874623283711
90891,41.89001609720813
96791,26.612998521269784
72004,52.52481762094499
55064,62.73792655125906
50408,55.62993933176249
30495,42.23648649762555
9474,65.91831530317336
64314,43.40623418438737
9454,32.94080517244251
62494,62.65534766954523
27541,44.62986775409094
90486,47.632087026633066
88147,31.237508676550956
3761,46.80839211779902
44180,24.53287160451572
44014,29.183674099356168
99511,29.249565852177398
8785,34.556028069636604
65594,78.50299401399964
47062,60.27369596558679
89866,76.68915189382811
17988,69.94620039520805
49292,44.165057830165615
32006,29.25504763253575
79606,72.56514408096169
1920,62.00309604696393
98757,71.47861927844777
91162,39.117967300242796
15902,44.937122424710566
84070,45.604991857666334
72389,43.507868120351326
48142,34.556265445880186
80698,71.68076437602718
4211,30.675987898415997
62328,57.62226331391655
83137,84.05217212752959
73447,70.42399475355909
22730,76.82739826099623
87009,59.1207827460554
31537,49.7666242908677
4246,21.754155194335503
38347,65.77710861760909
60865,31.712637083151954
30459,65.20642699489957
45897,32.19404271556313
42625,59.21931553629738
74801,31.001606773816462
56029,23.215502027403083
78499,37.2393994170978
19207,38.8582706007903
25171,74.58152223825536
46392,46.576545602570775
9509,38.77770847127276
50334,46.781046032281
80422,80.52143763815052
11582,72.12550784952468
29650,49.53496730970896
1151,67.42049100893158
12052,31.28652358651465
89457,48.112455014172085
76577,37.43550722944708
46585,82.40303181070746
22331,76.31985298195212
93581,39.73359462127479
101032,69.94500888840037
80329,75.97992345205947
87661,22.1908519765657
66045,78.70790651815003
65203,72.06344821824217
94306,45.055205497727556
62332,61.22909736151944
51439,56.19214885346017
91885,67.14358441421113
65176,34.316609140317034
87364,44.335107030594635
84965,28.103024512270625
57821,33.39974175416468
97355,30.475848109558918
59224,84.05185875122403
8441,70.44054329337854
28839,42.92369489880244
11182,68.77367560271938
41995,31.101634417248842
92542,65.41632921934914
29639,46.15874141373354
61659,42.05937671143681
80386,40.74235373446284
94467,57.54492516287809
30046,75.72000534615391
32047,31.62038307067884
62827,58.375002208711436
46205,43.152051679791
43152,78.85152375302793
12655,74.90966919489922
76084,32.35739693727616
42933,48.09856709495861
77974,48.94538377566005
98105,59.48189028646869
25778,41.30696167049495
20517,24.634387042363116
75907,50.19333161471782
43582,72.42834302207194
61536,69.82882364886345
19002,70.90355417996457
99196,71.44766094855385
28729,41.43217394584619
67424,79.30958352795459
93744,20.35119822143927
28311,35.777892831176224
55711,66.89946616263599
47574,53.147594241130086
56367,56.03448721630454
58667,50.77681310632204
28814,27.262811680178288
55478,39.019817509527876
62617,42.140382564663625
76263,66.11472160633048
47321,45.146477669858584
78280,29.691743974835802
91152,73.40491865891855
30573,80.30202799723904
61176,28.149660711273114
42395,70.40077026625158
19922,63.81908632724452
72263,69.88305719528918
27357,60.020487459497545
68147,22.475916153698144
5561,70.28935937447046
59132,75.75097661632749
49993,54.91056690189494
97642,33.06039728568404
91561,37.63043463197096
8884,28.961327734478605
79925,69.70249755782623
13925,64.6066057901337
17452,52.42804190492068
51810,38.64625519015246
21701,39.28076613379317
50999,80.32050097283314
59336,53.63540159748609
89097,64.4514558271692
76000,66.02149773076252
7433,38.75219287180616
5514,40.384738791485184
79599,65.42764156942886
47887,53.998840568613815
29009,81.68494468034879
57844,72.97670420413097
25801,56.11896885185591
50341,69.46278261337139
13170,75.70153119174097
68683,77.05396311775971
4874,64.92605418599418
22690,62.41843434889395
34562,92.73421585088471
63346,69.63376259800147
3181,69.73225562722867
32950,55.00378003682914
83842,45.03878420787984
63335,75.04380637369253
41560,66.14257509218272
48573,61.99937176616314
74649,44.18373980552322
102306,39.67838558374891
83714,62.7200190803978
70905,56.844694649652965
67408,36.35514746878457
42053,74.70220836495739
98957,61.172412524893126
35783,66.98273975555301
51795,38.84375185041837
22635,61.788731068434316
87280,70.17472492817109
71762,50.81824048168073
35233,41.78434399942154
12594,31.031040935719844
85027,25.570935553800552
58871,55.884933086359
74756,71.94789839359441
41712,23.365542566978878
28955,41.69049341095538
100377,31.950751940213717
92310,64.8043487384105
57014,61.78573448148565
19932,48.21783028344808
27482,43.39761435520114
60953,76.80374525307997
47787,53.99236171757824
92727,70.34146772755773
99327,60.290903884835586
71225,36.39837599418972
5605,56.820624841235485
86532,43.589068683831755
77614,31.158975613167208
19819,39.78123952190173
18929,41.12735761774282
7051,73.90074242155549
100479,64.09988691967386
19622,36.86241142017887
46176,68.16829112898682
29950,55.67600895877173
12749,36.90169890657529
70969,41.024293156135315
74268,78.16129221545161
23263,16.743723225886082
93710,73.39785417669594
17283,69.34440898211034
23744,77.37126382120275
31801,87.18037617553281
95179,63.3804662367019
53724,47.236427807827695
21826,50.5241144273823
87151,34.02699073831287
25970,44.50993324208522
79919,28.988763037657105
85809,82.69837053446714
64127,5.757046065234732
65452,47.954466212219245
73516,43.4087207396843
56113,25.561936056726353
25216,69.1049219607768
92878,56.468777800361266
35084,33.67135944694326
90609,47.33952840784423
69877,51.27868975625598
16200,77.5241697546833
26811,64.33695845961489
72293,50.197341324868276
12026,67.26877329990626
22052,58.71603306467901
2304,30.947270350795073
93163,43.56398495451715
85985,62.61219419447353
4970,74.35065543808527
5586,57.25019495951703
57166,28.260641485072647
30145,66.2884697177667
56456,34.70572939102884
86849,38.0924471785711
25086,76.65115029198634
16173,52.845190260708584
92803,73.30717398202393
82263,60.385336261056196
37414,33.65294289751892
93252,76.06441566399903
48725,42.66936791149658
17183,56.19632720965995
84850,48.24283669670106
15917,48.9416062899347
36578,57.99752343355286
68998,41.25657370799068
100049,24.11195260698723
29781,44.27956448099181
7795,76.50723813380947
72157,32.34643288107835
82337,31.455190085025244
35299,70.23625956405901
89501,67.7585843352008
61871,46.361491779472985
96815,71.13463131802082
82800,67.46462516617424
63905,78.56842676078662
5950,73.1596520202364
9391,52.460909100286784
48711,70.23565574497242
20225,55.659389584982996
38927,69.452554903889
94746,82.43612259203373
91313,69.87637850029267
70502,40.769805596599376
92591,36.66142558781217
38225,36.92778895691795
453,41.54171404533502
58866,33.91612890651113
101041,77.29244459902708
93898,31.720457658373974
79374,52.90947571866863
75210,36.19396066693956
27222,32.519254117928924
87565,66.52383247676482
10389,39.10289931848173
80096,79.57598506055044
60387,79.23782078061433
79320,37.26946518638118
19543,33.873064669134195
46154,74.35598771463516
9655,50.7423071608698
45680,77.01365066406723
21490,42.09643120096076
49614,67.17866976037462
32591,46.144538603239845
4990,54.935336489013736
67995,24.133834479055363
48795,34.899678351745656
74129,54.06206206031721
94012,35.161746827052596
16364,48.96809045066286
19534,76.3615352346751
102392,64.33396534632445
71660,34.6558806713524
16937,52.2018407984708
83135,56.772437263124615
93426,43.78982486279353
95586,20.088490870318633
10386,31.570540314397775
69029,27.99167812016151
69383,44.73700195796672
55108,55.057643773868094
67913,94.8833341085631
82884,63.04507713789213
4860,71.20366549454317
81795,32.09965552924613
91909,58.30281831385568
91907,79.03966314005939
17,56.058506145146225
100054,27.483908685944414
8570,45.90651258413457
23680,80.87557038391037
7561,34.28021969911968
98535,46.85212723258936
33044,72.06366325852889
57046,62.14354232813665
30262,55.7959438433478
31695,46.741492394342536
73619,37.53848334031238
52287,63.22540887353759
26679,38.9305061362045
31472,24.830736920086572
63039,34.23015634496669
18992,49.64461270168653
81153,31.946293210342933
44639,58.39504782025706
38744,42.6051007332164
11393,55.31476800598486
80032,83.12930773602343
18557,67.84134317464401
21686,70.03917506846727
7688,35.52366762126735
21796,40.83476639586203
7627,71.75187438241599
59817,39.25720639759153
82644,43.906208870641294
31274,36.16436841587723
77693,64.67586189262538
15054,74.97658338404295
64224,50.259058454528244
48924,83.19775968305868
66265,42.77797915795047
53064,56.83406405851092
25435,80.20748547739433
99771,67.19902534129358
60312,47.79033696566988
5397,41.39984874350861
70796,35.10342284937588
6296,26.13752792711009
15143,42.18731212304779
98629,38.0902559337197
71326,44.50255504035135
23324,32.23121448102532
49285,68.09576145566038
49326,64.00915467485156
28064,60.95456290968616
53623,65.60425568088098
12456,73.68295081257256
30052,45.28884781959829
83080,80.75032951572308
21641,80.81476584207174
27859,51.8107790101828
41763,69.92689711902389
10934,77.16943209764422
50571,67.32526484231428
75921,34.894722056528344
50583,71.89793463671239
90682,41.94475280234711
96881,48.04213278478639
66260,70.12653635316667
90905,78.92681458134103
17436,37.80005961311753
18716,64.88663884631455
99698,38.72975733982593
9006,77.57532624560429
2783,66.87682607436153
83157,34.58005556704911
49475,34.01918779338882
3532,67.75664260892682
48637,78.9263420105475
3541,37.47162397529126
33531,27.49173038211434
13310,74.9622322883588
47091,34.41384006379297
29082,75.75143565586373
15700,70.12566598950839
30942,70.1179156718392
92553,57.31834424245696
76087,48.56306547059295
87511,34.816237266522684
82074,57.59444841060801
82883,32.63368298425324
36923,39.220714133386416
98790,50.978630716834886
37231,85.00976677711088
38875,70.08793107903399
28963,63.23306371708155
10504,42.575402951898965
45047,73.12859058988832
58575,43.013119665885746
58962,35.269670140243306
10917,36.079158609765
59346,48.56427746716518
29348,39.37228962020511
9280,68.00673449160482
28616,79.69575512374428
92863,40.22172657439423
8015,37.7926100872289
42488,36.28367922802037
11150,15.915611465771455
48019,60.04984995036449
46393,45.95845894363667
12386,56.008113064045524
1451,76.382417768588
92111,39.617670411149156
95813,63.16619612822564
41211,54.30127567777042
64595,35.116403609665305
11197,78.61291196025957
83430,42.315937104501174
90884,12.55904294909974
93641,33.79090871516736
21298,52.253968384878846
23852,35.137133965188
84654,29.676224649807335
36538,78.64412462654707
54969,44.410128274355614
4400,30.269595869977817
80796,28.2209009674794
55349,68.56149964850606
79982,54.35445331161681
50349,52.06526384588666
60704,44.4251363215283
88634,32.24976756926668
18275,79.97878005826962
89349,34.328557588804216
60715,43.85994432071293
26547,41.759894165271085
23166,66.864432374622
7042,52.65226935079146
22637,62.32072661737622
2091,37.54942635344682
41485,63.93575168468677
7904,72.05347869309124
17148,29.282806222003796
44066,75.36568894506954
69438,30.05653475862973
35454,69.53292352453585
34976,67.91795704494342
7282,71.6042240819143
27615,31.13030752947651
67005,78.47685995326603
14930,77.30744973235505
39126,32.73795372599279
34552,73.651601128452
50128,68.63075573417981
86955,54.07775935188453
40991,80.35247256043203
11296,50.15530597878136
91107,38.334384461783706
95752,49.882376797089066
8146,61.99794871043105
75078,30.53562149871764
25328,60.04978625250625
27608,37.095613524290606
58921,58.72950004583786
60501,15.67929624993031
82463,33.70897011434956
91837,74.18917554776343
35122,35.7601243293589
23881,78.60230192098822
13108,74.57336176172593
38161,72.86017576564834
21814,59.48589573143941
34399,40.38467897059141
15823,39.26236851770089
64933,71.88450785431121
40969,37.01818372040291
63807,63.25712931130423
43958,31.821179862526606
36305,60.88340071819381
32794,56.32079017841101
82398,62.555970340390076
444,64.83139175216127
48867,81.01781417645384
37935,61.08546283723987
28038,76.62278609505832
36897,65.37942841709983
34918,37.53223687737043
87746,52.91158614641388
48962,63.18907599087175
78951,37.15112751396717
8737,64.56670309063566
87971,63.784791087462665
57253,12.984205604487784
34594,39.872036106885204
61249,47.17677278208239
95911,44.45110142889577
36213,59.307162906981674
31863,66.53693068782138
38728,22.673202565631122
72792,67.32562200141626
55873,47.055067883516045
28756,24.545678609772366
49033,94.14594939398881
62451,98.97253525711572
18910,72.27893520877342
48859,78.78517171457852
99519,66.7442923057823
102236,36.26532260634408
38429,35.090453575653115
101418,73.03177119115318
25488,55.87831353220747
14038,63.30320722001996
48061,81.07975989957112
70119,49.24556339471192
64273,58.6661601367025
11917,81.18455776610276
78212,35.75375217660853
63922,15.164108389701799
65592,68.38351099344015
41065,35.505670165880815
87256,63.044852735792
52190,82.08245035381432
77681,32.34671273440318
41761,78.79888585052372
2116,47.59449170494326
75903,73.99557777215594
28170,63.64396021935579
43833,74.80363766008064
41329,64.51886312483802
46380,84.18781329343265
61466,60.562350321428326
45487,38.46911137272826
82840,31.42354141667205
56995,53.8177108613053
4493,37.640257180208295
93315,47.355748230280156
34348,46.85323636892325
51831,74.94993875617645
91665,59.46211292174544
19562,47.85264315455218
97351,56.22154318488671
82710,54.78971973633159
88924,46.98333521815008
61034,27.776929892283647
8484,26.598983448777155
30821,22.599044479526103
12364,45.4490221761099
5303,27.819435983840727
25458,46.61391321046174
12974,37.25251872552595
48452,69.32899853946428
50528,30.676211479610302
91975,46.20527821173955
44603,30.334323485662424
60408,72.21764238876612
82448,66.6065519621328
45288,37.54301341631357
9373,61.847501339185015
101847,69.0031340127523
39694,53.73631294886687
35176,45.81863977495923
50237,79.44299128358591
84448,58.689169228065936
16058,52.404276738894254
60274,60.96965042853955
51507,47.881971722947746
22933,41.58231737664255
41515,58.16024435362374
88501,61.41616581106162
19084,34.02082526928142
81908,26.71741280471672
82130,51.695625938713604
84680,77.01763319000463
31129,59.38810177906925
89083,28.860927738610215
25809,75.89442818717649
88418,36.98015114305123
9422,63.631259059430356
17973,54.73140517569609
43978,69.95092876603226
36422,25.384527163269112
14599,25.999235375328233
97727,75.89966952080621
84423,39.67503083677799
25638,41.16912432953088
66951,47.6456078464355
48686,64.32625611706908
22007,76.97351640067274
2799,78.35636634504544
82774,47.50642924144406
80353,52.87913265993282
7445,74.64622725364342
45476,37.32461013959883
16580,79.30387088787974
30925,35.355183149902615
99907,73.4238565501534
51623,42.39285275634549
86470,32.807988469278605
39610,26.015420788057725
14275,41.809789546974386
102655,21.119395090688656
45555,67.85306294806128
73119,68.31622921239222
9011,45.30492359845033
89496,32.68520699581779
88481,84.13414355869608
49908,52.16765315914506
27562,68.03628972108598
79438,63.515556553363425
31527,41.904074490332164
28234,56.92890407114219
64506,63.06031499104424
95259,79.45966587061088
94365,73.03457895346561
45556,70.28715987235458
3517,80.09681352340638
65351,57.65701940026551
38432,45.734284076078765
95505,78.12161861719918
78156,71.74563922035927
77105,32.63297967136177
41266,45.038665371279535
46840,27.984433906811457
57910,41.82195470814395
41809,74.44526952540895
94533,60.746996928155546
49568,61.94662766118428
50910,72.94514656759394
30253,50.44156642986773
22158,68.85509366583833
41731,62.36149304377929
78269,37.03867013682625
75670,66.91597578838022
92816,81.93136604287349
60004,52.90575744304234
62167,72.2826045588662
73727,67.85426182291442
61954,72.01978014289908
38148,39.422707687178956
82854,49.793852018912006
62665,70.75596773234498
72875,66.8349237294391
26143,70.12297313642708
71717,60.092980190263276
76753,64.43372397494332
42182,59.1275039413147
55006,76.65934470780468
21673,25.514116150080405
87664,80.01806013792495
49244,29.046335426282866
6192,21.274704788480754
45550,40.82534862950494
42986,55.212632201273415
69886,35.08470285307048
88373,41.04822840333531
99456,82.67846583949408
14890,33.8165488033244
42054,49.89257788540064
74656,38.33630356204598
92516,26.968067141652007
42025,41.09494417368789
43557,75.70825018715728
73284,14.707875919362522
66268,77.32289835218819
9967,50.706221277333185
26105,69.3404832274275
13802,53.08396544521804
92734,46.216267226569066
88999,70.45193969172982
66461,79.10382878563432
30696,34.78859239799102
38109,64.59229040214929
64008,75.53901257008697
98686,61.826299323538606
100867,67.4580120966059
79552,34.56371902594619
92875,61.14482657401415
24952,53.99632315910122
10578,53.50877796314684
3118,22.26913710488258
75482,33.454735857489084
63589,69.7685208028815
7876,37.31927963671024
45916,44.229676106687634
78979,71.0384955744473
7486,42.12790981314832
3729,72.45484020220229
61690,49.752619878827346
21276,68.86298934788451
32053,80.11178422350072
17792,55.16986890481769
54267,62.121693356690244
27952,52.91739003818103
82810,31.28226651041952
42104,67.1496523692721
29224,29.923799478006462
29153,37.42223085625333
3963,47.65309362475716
64356,39.89563532058132
75134,70.58724101861108
82985,36.664416466361565
68786,50.239925672903276
88911,39.138564022627804
79267,70.07979614517456
1214,68.89496733788864
1025,64.89165142648048
19375,34.18804711963465
48548,77.74840004133856
58267,60.36946685853461
51293,73.12952970886388
8910,78.15487767489671
72526,73.87068900749989
12070,53.25806029747894
18746,40.18874381068031
46749,46.05105453539633
16889,63.61726465887722
70581,72.64252266519642
27344,71.45442712569277
36411,78.89578642715458
70199,78.27517787344583
17971,37.482437208826475
21578,62.86683903309255
9944,36.72187240444395
26148,57.258677773880464
97326,78.0325084829856
42061,46.08355682155507
83091,43.070355309434795
6518,66.7109330588718
5418,31.126102302044316
19656,39.13330380931954
3888,68.41600983090146
5102,15.189071745926242
44219,45.39236716898952
85746,36.36103071720016
80399,32.33746863171626
14925,20.19729958674874
61099,29.13068328541363
17832,56.272164764804565
73917,61.47580313540291
46253,56.2798468292349
31486,79.39042442385399
36623,50.544015422537036
32350,76.13517475424487
101904,24.957341519135916
24055,60.39651745060145
53053,37.39088252640122
21953,35.95969797738202
80474,72.75165597759033
27141,81.11862346886564
88435,65.7464819349891
83348,74.00256899482522
87926,52.60080595358433
93274,31.569957797743456
86013,49.590752003101585
66710,62.54571304613363
39480,43.86349086233837
54961,28.306299935470904
10062,55.86958324983813
77215,18.240152419788284
24078,48.14554038930878
62640,66.19521829368392
74923,42.140694405642925
97770,62.509919624842766
8686,31.21947724227686
29897,64.74919926261151
3832,35.223279174083565
53889,35.5732866288301
79153,80.06733138294568
28908,30.66667429400529
19597,38.603529293293775
89970,40.30976180125801
69692,49.07193839926649
88970,66.61378816993407
4203,39.48897373476714
34629,55.8600524878334
78766,73.20380111202942
26499,79.91185132257985
96223,55.54439955567324
12887,53.3054380244936
86625,78.75058894509965
96498,53.87887241190836
101186,68.78060852936417
59128,61.67050137316225
19096,82.33183860399508
37390,44.89811306799915
18265,81.96008754504874
20479,74.94288314265518
27942,66.34095794444721
39562,37.68395348937549
57440,47.55043543500503
88747,73.73610861295428
39651,80.35938234292885
11545,71.93760425181765
30353,39.430807521527356
24051,42.61567446386763
54758,58.486278690169605
11056,79.89508665258461
96072,77.13218005361463
90824,72.50241468737553
28186,57.38284858481408
1682,41.61139077448286
92945,58.1825949725262
49928,32.09335259705009
51245,71.02527780852611
18762,65.07683920485297
60518,75.82667405693314
22849,45.30681031143891
91279,45.807787120425715
80874,33.95983807642196
64855,48.0445171850099
36844,73.43563623561909
50624,72.53436188208684
90318,70.49537439205736
22892,29.244295686250826
14957,49.102426253601394
67856,63.18920556151821
92041,35.56535510215435
95891,38.227415793993714
24430,72.3751878625309
78692,28.45070786417248
43184,38.685731900723795
49708,27.216263694371026
31585,41.78892670792108
5560,80.09515563892421
30926,39.284899038251226
35355,75.37868281838715
20448,45.00401667880752
61637,58.76522147209263
16581,57.448778314773136
21728,57.117519303082986
96641,80.8936552936238
33242,74.37741532271028
14214,41.74777279497436
19966,53.06322341384383
70229,25.932823148793418
5783,51.61804709801831
83944,38.39997030419101
4304,80.44843442863176
101526,63.10286996608739
33413,41.583942373565584
98540,45.47448827050856
24965,25.06523019086977
10961,41.767193644832325
75640,75.81753115770198
21085,72.46843251763295
59697,32.60954993157319
59807,37.14174802537507
33416,81.97499331111977
101895,46.7006180724386
45511,70.75417159674775
42559,38.06137641450575
23625,38.87910630506217
97966,62.86866177251292
79295,35.40048188532445
94008,81.12786508588101
62769,63.22402414115206
14820,62.802344885816154
77277,42.09985503386255
6377,40.8648194303512
13189,27.196138084833613
63288,63.01705899943289
34957,70.22333560996088
71168,55.45077500726701
34814,67.56722853487433
24521,47.87031307414096
98074,74.67836689627023
98926,43.305516938962114
22605,54.928817608474105
80687,78.68938584531165
52132,27.90928269238345
2152,41.55974386069601
93398,78.59190221085302
61162,30.05789081627258
35764,66.05589391526867
14719,67.8948652939973
99251,76.17486394474645
7303,29.492886777065713
41610,72.04123643411037
67973,27.159763093741663
46767,81.52725220120163
10494,42.7188447519273
56726,57.614941700073565
36001,24.699823708539977
37076,23.89642839296173
85994,53.31888712499205
91016,49.512722593295294
16634,40.02347687301472
70870,30.332623007550083
31972,42.72876926143395
4672,54.083440834681596
69729,35.51733220537654
88496,65.7603284287113
52206,32.817052438297026
33986,55.79553737084199
18646,46.90991880825591
86428,52.8980602141287
38614,69.86908634909716
96226,69.14994618390588
19707,70.06193510296463
51012,25.39140868513061
52601,71.57537724747579
79836,28.81859839316361
78726,39.32959528786176
22210,61.85953407433013
71208,46.83307222716353
54075,64.7710943688268
70627,51.39158262104702
32213,53.93945576416285
90460,58.757803149090414
24090,40.21924239504276
92130,57.3610375975735
43580,73.251531007822
26848,44.031541196745266
85966,76.8638585232614
81830,78.57084244130395
60565,61.27737430885038
45841,69.74135440619585
7621,45.734302916611185
98425,52.53155417227793
69740,63.491613659932824
31262,66.25371085928694
39080,55.55899331751562
66018,30.938393426343758
25187,68.6589245927093
12298,57.87632406022821
44727,35.28656815609076
94381,79.13238299494698
1869,39.94271286874631
11437,26.299565196592425
100992,76.65717597814974
78730,68.31849149524385
10319,76.94727378055873
22958,38.04301301621261
102680,42.44054551874255
9515,66.50990803321162
78705,32.411995499453724
22030,35.67197867346637
6878,78.90999465146244
91841,68.04595108681306
49342,72.92116797939069
92131,21.65313474406554
32989,65.91118278198385
74925,45.92039103489128
57740,73.03914226284638
98621,57.97004589109411
6767,23.61806074230254
72059,35.966884361033564
65634,36.57348919768438
62352,35.397400282755044
7529,61.578081590477126
62602,29.60189392117122
68411,67.18129820170643
82285,58.42723551290915
35675,39.22928575709007
14356,69.40969381025977
10194,43.79306502058539
31114,34.6759221655833
51122,22.04253139313107
97860,82.33123863531058
2889,70.3205519825081
52136,65.3739575225735
18372,64.25538603849664
56473,65.8063664897828
8409,73.09928021869317
78446,27.95976061519002
101202,37.89719281350014
26152,47.790801890926076
49690,47.98332204510021
62264,64.9024720808059
15297,33.90018660462423
50107,58.65720309232755
24384,71.12810800883148
98133,65.23412878236269
63840,54.74261282047347
78407,41.90440300443064
100449,61.78327502147114
38035,69.66222348504581
66819,59.35407066634349
12309,78.08312004469913
29536,70.15418638220609
64834,52.810329910113936
47327,65.54322881185448
90063,71.87681481058343
52382,66.85600582672242
63228,65.87161742111175
59631,26.433400795839606
29984,83.73104635583803
20031,38.76649900087512
100258,59.14657836328537
59558,44.02465015737726
5184,72.39261341856873
77353,63.74466292741712
16503,28.18090229284327
57652,47.76649538720888
51924,62.009708793147006
42761,39.695156051842815
83532,40.715373250457645
32561,45.13739737637864
20896,60.51466076471241
15875,34.82382189323638
97554,52.63523237904249
101568,56.105249693145936
70743,43.80654625911459
55602,55.066039206761076
82842,62.77549862382328
32453,52.02390707986225
93981,63.037408447935164
77000,40.072391867186795
100526,80.80935031077634
81355,40.603181119267205
1338,79.18636292747311
57732,36.25851146296532
8659,58.895285607641405
58817,33.729693874362674
27938,47.20327882202858
68607,56.544665763107496
35497,74.24731535029713
102412,57.88132605097866
60458,43.32761326843291
100762,38.95609494807199
86553,20.29362717675763
2842,67.72358321485902
49519,61.174995255168085
94774,25.072222343097465
92445,61.30598098457774
7185,76.34325320466104
36888,68.74782942681594
53877,68.55302686147084
69530,46.09528984768965
95969,70.53304559057824
8571,63.738588142326016
71602,75.64486825619379
64777,37.246286648398915
15015,48.241877977609164
21914,58.07335216125826
85291,26.865678924094013
77705,73.38434074964579
100737,81.46435008550013
86602,31.25230201070473
64051,63.388521973327215
81413,31.255343610195276
50588,51.066966693784515
84740,29.418115338802846
88512,38.46868982041148
75718,80.42906603770523
65330,27.521448295877207
76463,52.599358547080044
74187,50.898534926796
9486,75.03093199148478
63771,62.38886624913125
81244,43.519689927469926
30784,68.71705080863163
36703,56.96427735490441
30662,33.8016370375212
83748,66.0746647656507
99242,69.37845568280154
84333,35.730966351273054
10263,61.77894751482668
582,75.07173770499237
84681,43.88361387088017
16057,35.538915804519604
47458,72.15576082425193
87708,64.49672622775472
88981,64.3963505063391
29612,46.60404654185105
20632,61.29950904336281
44678,50.91270747513725
94284,77.44505609844927
40699,36.881046721169746
56903,68.11277603492977
37849,70.12504994666773
97192,39.64819540893293
2616,39.342220310048006
10512,46.08746637814599
14555,44.06669036646646
31580,24.683360534566678
92420,52.16242125899791
16699,58.8001289465971
62191,73.10603495552132
63224,52.14125551538664
76514,83.45238225521945
95508,74.57562905284013
96281,72.4568996408683
54402,72.68410175643857
62929,53.4931891661606
21507,49.39057071489091
60019,58.646598174935136
77952,54.68968199264462
70935,52.56651185918383
40689,66.04792112379513
16020,54.723236601777195
91691,47.30612295113393
3331,69.16061799914425
98158,66.51950787480558
70791,26.772988418414904
213,64.86121053354645
77491,60.28062775651986
29164,77.17824752144088
97934,44.531668216030724
25039,44.24620465155306
61217,60.9044053277984
99750,30.63368261510536
50687,28.027505610082383
33667,39.248104562948456
35001,62.52341307933007
91006,51.76308619819723
57583,35.734193485575155
10474,38.900579943391634
100158,30.060617552151474
94308,64.89644126291694
62326,73.64467444343244
55505,75.16962232624425
46435,81.05949107764955
39912,60.361674174741054
98393,60.703289209378894
35398,40.146478152279286
299,46.48078492579175
44181,46.92626179054997
45901,65.55175264281284
18606,75.17810422963656
35241,70.62736767518388
22040,62.11586816315588
82127,39.138834776628514
68758,36.99922855503439
57538,34.27916282779493
68650,63.83028563855454
34827,77.46340808451885
101854,51.851341141168575
29386,74.78470995606398
34947,35.77309551221835
47367,92.33914191263541
54557,73.36155270074534
96699,95.4578659270853
16369,44.8777932640936
42318,73.9631533754631
14945,65.40654006690418
33612,54.04126844259416
52330,65.39471012352513
67708,42.31807519463425
89345,32.14168132052823
56010,55.48919587771485
68973,20.36559555430707
73474,30.494729712350292
68963,70.61979690713622
53142,66.76351597241246
65655,53.85016682506878
24535,36.81490178481559
38242,34.80993825632818
20492,27.56145753389
43423,13.175416148542048
42236,67.67201960591468
56127,80.5195747253591
22662,56.268576432310354
45536,69.79230526766264
83425,63.39826226688342
69623,30.707313568801336
70273,42.166718372079146
48234,64.14386803462409
74994,37.383661009069
13223,52.14254802311043
62761,50.82204334858164
3222,65.32544232427419
23949,74.36528107765974
78240,20.985146533634694
20392,59.98599788704715
27905,68.82524848474162
26689,63.409958670585276
78443,30.54837739535471
6103,49.61617006007246
21562,35.87952110327956
4316,79.10574156623835
96404,74.56571340853448
1759,47.03503304813296
102321,38.10334007277707
9339,45.23311110089234
34451,71.6254771980381
96338,33.37237410449068
51801,22.47787218299618
99925,34.25419147043143
47709,28.204842434033147
45522,69.77223025186845
40331,55.59875526255021
96088,37.646981142886276
33022,69.1000744853873
63263,33.68820289428691
11480,83.71210253470105
51197,62.84219398747014
60860,20.796908121549432
53744,45.42136820990139
63601,42.170309411772564
33851,78.63544080074803
73227,31.30667206466424
41246,59.61115145921804
82747,58.53293383433717
18658,22.511343890967545
62845,69.75018383362809
94526,60.6953980003203
43095,70.27554107060124
80837,74.10097624493562
57402,37.47797654682172
87200,38.90522503197669
101466,71.48224464304776
79399,73.64467444343244
3905,69.52194147558949
97811,70.26103157376551
13518,38.07602682928616
93822,48.117120753255534
84701,56.41840989811573
29342,63.67726938312934
26777,32.129154814308876
86947,48.59391111887328
745,53.994179407401276
48733,74.04182533942353
25422,73.15246017372104
31566,39.02837830808247
8118,56.47063419782016
50392,59.81105615609727
100488,26.41691749188849
82678,34.76304701345566
78756,62.05592882342086
30161,50.768072260277236
28394,68.87184294743543
70723,57.632846096635625
67623,61.0612937913614
61700,77.34662836772884
44809,58.55990220412757
86485,73.56645134467651
90850,68.30290847262856
95652,31.661957280226858
35886,30.91009860662791
716,63.525285461015976
34149,66.69295915469031
64836,57.86143557386744
22804,70.15165597396867
51368,37.523419650491576
84943,80.08890969459253
62777,50.50035612472047
42466,75.30587110911087
56272,40.98072083645542
2361,84.71183265628333
73312,46.96590941397274
34824,42.485158342842766
80803,28.211580564951912
40912,66.13849870188649
34109,53.656035531225044
4925,19.568932352068053
16264,41.01415121499983
16893,67.63693742516857
30851,77.9038082364057
29838,46.63838836807846
34849,39.49298053319933
21575,28.420468471731365
30920,48.714643702023984
100408,65.65619396922145
22436,43.82407383583718
6584,70.52058251851662
94453,56.069820905380254
84771,74.6404076250381
47342,31.43113981182827
54359,76.57665285641734
19773,84.30910356597263
11287,81.44605300986905
80960,44.230567218581456
21819,33.088526177301226
89601,41.34940386993112
31741,57.40075299921625
86616,69.2854432536341
96294,40.28861780307143
68352,32.19184736939183
83288,64.36577954818434
94261,54.54778135209462
83849,56.900464018577836
94062,67.08641439145677
74816,46.569580056488405
38291,41.27714395946798
27019,46.97310774837159
17226,68.44954038323323
48492,81.2480159907897
4644,32.79041412889592
84864,72.6079288803682
8199,65.73214473676957
97686,57.585443830453215
18478,29.773227229245844
82363,41.59163514052325
35734,59.72094610588256
58571,66.02492179719282
10968,64.95137230975573
43010,35.629443824724675
20749,28.581949237391694
66549,84.04505446350201
1028,29.17649530354518
94532,49.973977950133005
66990,38.44550621707182
41921,61.360438585111176
17404,61.05682090648588
75182,65.54500832762932
92489,63.79386451228146
31452,78.818368581909
93849,46.06740508094947
45176,69.77720782507765
22015,31.87874348166918
81024,70.49395391584875
99600,52.557515266383945
71454,67.46238871505284
58064,61.47918346723301
29043,74.68622869750675
77065,51.871555978773664
49596,36.338452448743126
84022,58.410827539293095
54048,61.13179516735736
89370,23.445346144248095
44446,32.7733558224138
64541,53.72739558568972
97405,58.85687276456633
61412,67.96698002496203
80343,36.58865369291148
56025,63.12126184477309
60369,52.99982858694288
81134,75.96628212195233
64507,33.10883071254097
62976,71.62608786045425
24751,55.04389215935749
58194,27.50794199078753
52002,82.48941106585164
25530,59.09646081799889
61221,40.05310500444105
22846,73.5326936821176
55633,78.4482731253467
55094,78.1697426241268
87169,34.874634171120455
71340,73.73513563019763
96218,80.88437210437151
66664,67.93919395115854
84738,57.67963316262512
101747,68.40955159234265
7938,56.964204202927775
42124,29.28748031656104
31045,61.21521339999498
16240,33.05388711564432
65645,40.5570072423212
21923,78.29213337230142
38518,52.06999281567146
21705,75.62806637542442
41413,65.97626015424711
85801,74.71921978231768
96731,57.20449012566863
58220,46.51264447258008
30112,66.87366532037544
32074,32.92682977050045
94506,31.928232733260273
12714,75.37485996777683
4416,68.32016393926294
74786,31.342701781093673
36677,33.862581724842315
28994,40.72545838246319
90077,68.11575541631261
58331,36.98236221185084
45393,65.76065190686982
48080,65.25169991820522
1695,38.9075906568414
11457,97.16203508755135
96579,59.591765850696014
6560,24.49679774446048
66337,64.12192373829475
91081,48.63177792088989
26061,31.940141739091825
29804,47.77354783893515
78769,36.9147995494531
60454,38.58764941088603
25440,43.087089084478954
62031,57.67495992912157
72489,32.56917687067285
94290,80.31403868284205
35504,40.01291731835921
2680,34.897031545890535
1665,63.78796010278202
73022,76.81413778366586
32941,72.17241496200208
30476,37.565642102143435
84938,49.53596585894964
95631,55.062271098698346
95532,53.68026923889364
90919,58.70414080536411
52561,66.92755262418936
50257,46.51310474102765
59190,44.50912771560212
90210,38.97821227936153
84081,35.75098749789214
41023,38.06302912480769
95280,43.9852688765409
18615,51.41256262883738
61671,41.3110294216137
12312,73.13665762681498
28387,33.803226113115194
70485,71.6370367231452
98302,60.87674342136845
97392,63.26331934772878
74154,28.93625317911896
57836,33.79475056510817
10396,50.388124832344445
7721,68.81230961387715
31912,50.933314503474165
45911,65.49334118173458
69812,61.14058650997921
65406,64.22323697579367
75129,61.17987647353638
36568,74.99110450212652
82436,37.846090011873144
74012,70.19145897028221
66171,37.711471706139285
55763,43.292028847800324
77466,76.96342519771102
196,78.85273234289086
68449,57.28569433716117
8429,59.3015655725805
81458,67.94676051578429
7235,39.81445518419639
14475,65.3852263096731
73246,49.497603269927964
48227,38.420489119159235
87164,44.16634325377488
50346,55.6997903098753
39572,74.64949146398494
68063,30.50472588031211
26101,69.32777432323819
58006,78.64279970576237
19593,38.90437277656043
9828,31.158320499271046
11110,60.86927021499053
64544,31.28551712659321
13119,68.38297479699831
31598,49.05419962510743
51591,45.83903380116453
73955,80.50777325076895
51858,29.4640581366954
33204,48.29944884274977
55443,33.63517401424122
74861,70.24888282675238
77382,29.381866828127055
43467,39.03607739392969
37767,48.158099106058756
58351,39.71099984580097
41479,59.70716190615171
26550,22.64940963695068
16726,38.77527473181091
9109,35.384385228012974
90870,46.69913948732022
93392,72.10604541686524
55432,31.54056797590758
42566,64.03613612006716
699,65.76774512566556
67412,77.29164936006376
12722,36.18874068747613
81878,36.941880493295464
94431,29.93734053648143
22835,52.094158241761335
5970,78.30224001025488
65647,35.657752060829495
61127,33.445553505466584
20424,45.69448512426297
13005,67.79231162928522
59294,58.120393692885045
24888,47.95254644352296
75449,44.73610573916738
2897,60.00917593177671
76407,71.53648214877539
43531,54.27288460566173
11512,89.45638251966108
78149,72.85434768547637
19711,53.12075312973538
12645,36.050371723119376
82558,62.24635365917247
42031,71.89899219367288
6449,65.91342832172406
58720,76.63272033053923
37094,24.933145010813167
3352,82.12302266436042
70936,20.252114101201897
4214,26.12123306736019
73487,83.77318104920779
32539,33.32070815429987
27165,45.65897225261774
54932,32.49995576301541
9108,80.45393382200484
74940,68.85791551648576
8789,72.30946564688573
58095,29.289558706214255
96044,68.04300910517168
11485,49.37419475319048
70260,40.54426232493276
98176,34.55065619989762
87646,59.72399156107803
19592,28.3287491697196
57599,44.876251081084064
91812,36.57586559687117
5787,35.34191451756861
18571,60.48225626093385
56772,66.23110025854751
12044,69.90960653061413
42209,73.19356258406286
95487,29.693162719640874
35011,38.53833543664012
102326,31.408250564061944
56204,39.96066838032086
65683,53.06694247117965
67489,63.160198391588615
74794,32.87784143544515
34303,41.8776167215824
50207,66.87519030397348
3260,31.443563970943764
61701,68.30255097438658
75894,34.381930565023836
83465,40.22137969787642
44440,74.32559999244096
89950,42.66844015715741
36687,69.0943482183522
90052,42.380354881839146
76786,22.712172705075215
44808,69.9149446949587
84875,24.01587095156924
30257,40.58997585367869
78821,62.00829750669755
44505,78.45623790542476
60809,71.68764447919523
8364,49.84142046429814
64221,29.894949236970763
30063,25.143662719194683
11738,54.074595980878485
64440,48.63778050481032
56643,79.52586089766075
26454,48.6271054949011
53693,38.33318822963391
16289,64.62746001321455
92846,31.71144123859849
85266,19.767543042855266
1877,72.78115978470312
8779,53.26826790181226
67890,42.09270349804249
22952,82.0810847414919
106,39.25728716393032
13705,67.8527811782735
84492,65.28165869277737
62455,22.4157232209657
59898,73.31632082359721
57320,52.85969423742365
31358,60.02390398056055
2713,98.50582111238529
14222,66.2628793833714
12703,61.110845851463154
35401,63.89526644855047
54135,66.30023754724829
58518,33.0160825485736
9260,70.63862930097625
12322,32.17911804773415
43030,44.4989407944361
81197,45.233285494418325
56594,59.452760684786966
98088,46.096033383199114
97413,63.475077731539926
51060,34.23070889158159
35524,48.72881244096695
14433,69.82053805552776
45852,77.3672124168105
53171,67.93494704213524
87090,51.3712003405784
63325,77.20077581866144
21646,68.0680288176496
48039,59.7941597997307
13939,55.39819352961615
91442,65.33021459248052
54194,60.90661605261363
6438,69.19770393289724
44516,63.71131489717316
19120,71.72772792867477
41398,46.92526754046827
40470,62.74893772400404
98874,66.62019185667333
89665,70.14739246679184
96375,55.63614806756891
60370,73.61088446411782
48700,53.2083259519937
72884,54.90338456882061
76936,23.43364939739399
71999,60.87295057559998
49639,54.017169373971925
85317,84.81699950910152
62246,52.193450307852984
8946,36.782692848713225
56134,51.17742937248914
30398,69.69788597421274
59901,83.64211383649044
12822,35.881392259430946
61841,33.44884720157784
80009,68.73878008605863
45209,61.42210341128154
61387,47.72185681299942
32334,46.350163096044426
47350,64.60663231861461
797,69.31583249943563
44352,29.874542243015124
63959,86.51211516060536
87124,60.334061221490906
47127,40.79175352611873
28441,72.26909951839912
83857,52.54657723356975
83372,44.01970918262334
79155,64.02763713373312
50937,21.998806815183453
89516,41.83473220782537
46491,70.9598228624517
29095,59.29582741115058
40544,59.822004371191994
24775,53.3958089933826
74037,74.47035035240498
29345,39.07338843377367
100497,33.854977443692434
27591,77.46845265460829
96268,74.25147519986658
84420,38.066317782514325
88986,66.67087853291633
12886,28.04045261795873
8860,38.868324352664615
4385,41.85596680853774
35548,80.61852994199688
17583,63.71221373616136
13419,39.287185913386445
43628,69.60141492019713
30150,30.242047058066493
31115,41.9325954282529
57814,53.94475518677615
75938,58.90611107897887
27974,62.96903363536632
5048,63.27208677553013
23894,40.60218112640147
14941,35.028884800324846
79123,97.46689591266153
76874,75.36610781293157
319,76.30430661513837
93105,67.33592118063015
30713,28.54706890708143
19105,63.567280663806
88972,44.877310427236104
9491,21.628988938768682
99010,32.57071599932345
68008,70.09583540808966
38456,39.99744732239169
85437,70.05992904702347
90264,29.85323480601873
52617,75.91330055564868
22357,60.25990620696086
39594,70.3454546698947
43351,49.91210099100752
22162,32.829838718988206
41214,76.98037549018196
99238,70.77347982670032
96898,27.976252306367094
6611,66.63604334237736
63354,33.46228966666116
56408,68.32266732422528
13573,80.25556915444523
1550,49.16355812523125
47304,63.34958502526679
57442,34.19213828042338
2335,42.14155255138038
3191,39.73440607695253
65925,77.16063438376369
63485,55.31334932956086
23959,34.78729936932752
88364,44.11995575859696
27249,71.67968340699939
81736,38.06755970486977
37315,42.75316427673072
26874,56.88861996676226
72851,32.304603622185596
23601,64.88173942293287
88271,28.399145623653823
3246,23.096312832625877
77750,79.90749009734768
50578,25.041182760187223
11727,43.574166070296705
93298,37.74188940760503
43449,69.60161524040048
71179,59.570140494935785
10265,37.64357270219939
70637,78.73055960654261
85341,34.22722630928974
68700,74.86185309262106
15164,73.21447949769218
44798,68.16293607917873
68151,25.240792263669935
63120,75.69432465806864
91832,31.081302390226035
2414,45.70011526371213
31956,18.030771957611783
81930,67.58669927773715
13761,26.94829249038402
45658,29.197344697550218
42752,48.71676371263694
53703,62.29210773745034
3006,36.91173850573418
35158,42.362829273928575
51981,43.23150709221298
68657,37.44394914463593
85850,66.82451058106265
102656,72.57792328514091
67767,65.61210958448976
98073,36.52907362781015
90339,31.068243565143092
44304,38.680344411193126
100907,56.39796735790547
100501,73.17571401750381
63149,37.1192098462746
92400,34.22375272525808
94312,34.065359491462246
65525,46.07432474475401
49444,65.63144265137272
7447,56.32640758728069
73804,33.00404151881582
56453,65.33923158133476
41601,50.42967876324634
35210,70.97135360496739
61357,33.640049897272654
26404,64.53037780623525
83615,34.26368355070637
27760,62.784568794580025
20340,27.82139953937638
62409,41.83002894927996
31934,67.11564556028011
34029,64.43868048346337
2046,41.376715050060305
20105,51.97169316038665
18343,73.02224969554345
12679,54.86325842017604
3151,63.99141811703336
88428,51.42357954890731
79831,32.87081743844721
20265,49.281153971082624
54629,66.48449558563237
92218,17.612603764959612
54945,45.04550140304078
99537,46.39635243674633
25499,34.40864044872127
15692,47.204626002988356
48391,66.86056407990122
48785,70.20394495458638
24779,50.80589061583467
41439,34.88167605119376
34028,45.701710040823244
34765,64.42829398967046
70999,26.239862947420146
101534,66.21009279282706
17222,29.263279029060996
60227,23.980698621097563
17639,39.475403142293345
87517,40.62732324316831
56216,38.2968927022164
28182,25.701881075710652
102432,79.14651707366795
60241,65.6613430751767
70391,50.32897809159154
30154,64.64187497842077
69101,74.42616029769964
21433,44.94985934842127
56158,51.87214991357479
90101,46.34233471864775
101076,32.23039940420301
88709,78.17394432122478
10032,61.26710179872718
47497,83.11788212251199
3833,78.77561053045432
32363,39.68640766353611
9428,75.61750183428877
22652,39.63538908589156
21073,39.85216625010811
15440,66.5714647842054
57791,75.06950163751802
37895,59.61291622429275
69570,58.72040728120254
62080,62.93112732056693
14218,67.95765783839155
24333,80.15298385212876
64139,50.45198209524666
60005,31.304573194274013
62821,74.44104411062946
63352,66.64527606658926
91481,66.40216077722087
49189,31.427639598610927
77649,47.04314683740982
24074,66.43689505449785
49797,68.69569997585279
6261,63.444222001437126
68632,36.519845557484416
29239,58.73215372159496
47077,68.926145051487
14848,62.452874091902075
75644,59.22494947173608
11113,69.86718200526434
85086,43.656895788252996
61614,34.34321830530127
30269,76.87525445070659
25310,37.30814394111773
48411,70.60724435236204
94640,68.41181085895197
83779,34.78859546387904
8892,50.77849863484221
74829,67.12110483525791
70616,48.63584865583195
40959,15.710759256499351
2967,74.4525799029935
83667,29.538293146584632
14429,66.2267358440077
50590,74.0651245556342
44383,56.67071830067549
49227,60.316940464341954
87676,71.99691847749719
73690,28.55913955358777
14491,33.05654474872956
16525,49.76900466270075
67352,52.63451582567893
41176,78.5281276264628
66295,28.701280154999267
87000,38.224911352681275
10092,43.28840492738338
31052,58.598540429863355
45039,77.95692820259539
40474,53.56095037643085
13529,39.83452992494802
7518,65.15887226951206
8158,76.9741761287483
61076,78.96876167753015
73011,70.90570986299743
56599,34.80909709017616
100657,54.858198849401575
83036,34.12833757910209
30685,26.26069436547126
3991,65.22333038577497
45554,11.462291822160147
28646,21.07752601579934
15665,67.38420484155425
58998,61.35435828450828
99809,59.75491879527425
44053,51.49479445905078
45372,31.494997627389907
26328,59.847876596196755
41579,57.10418659638452
35609,55.30846956062397
29367,79.5152203072332
81851,65.45056610281682
91446,26.34280773343046
48010,72.60552559886554
32648,38.81883587466279
65357,28.220607548170825
9701,38.5824275214746
4778,72.68927647193244
47694,36.684391014047726
32655,48.900949032221575
12263,44.494091968973365
10335,39.062191618515314
75734,73.22447885962114
40025,72.77828555953879
2915,69.85842779437938
26680,56.16590246409564
93618,29.136115558362317
27213,67.18749347628801
74028,25.418857026161035
24406,44.335252248343636
58030,67.24177531846912
91206,49.70845356280134
77507,42.57207045564303
56842,34.49231742873335
42624,43.18330452133607
54142,32.50293702534218
78098,25.17134613281184
92321,38.17693548568982
86551,32.60948962267109
43129,57.65958638776102
61737,73.50280616952847
18759,62.554916151174126
11015,42.601494212988946
84928,39.98841548366888
58173,34.34491933205686
67053,36.27187750714943
11904,68.00745610303504
66841,68.92857284321633
59652,53.06273981052588
18737,39.09824681887581
61514,56.899045074256136
54039,42.15837020683415
39091,17.901473598255254
8257,53.722416652405116
64584,45.42664434826911
57096,51.22437638493484
100491,96.59235059972961
4922,68.73702165862824
84692,42.85337819639402
84427,63.37497972230672
42689,80.35114077092597
92821,47.12634030672251
99123,51.60654801701513
11177,58.97090214636434
7774,34.919483791866185
91274,65.40179523819123
24252,33.652105245324485
90654,43.01027585137791
33541,73.32081782812351
34521,36.74170959426987
93371,60.99127571669505
87463,55.56305038422779
55514,43.002358527079636
41637,48.67378222973825
5172,50.340567886567634
14733,67.05270798954342
75254,64.20482282261631
16228,74.59545241627171
33943,26.285156821418802
74538,58.01093972228277
45335,49.01516148192175
16225,48.92067545799803
7752,33.520859912842155
39305,34.06472215513918
21262,63.120628320981595
82189,38.46490025483907
61411,60.019487132100444
4006,9.72823378554719
91357,54.3567487466737
101437,47.9008736354201
43904,48.83023736554921
67381,41.543933575151705
6932,58.14820337719404
80008,43.51338551069105
9920,82.79700081654845
70288,35.52355014374042
71838,45.6423540642186
36200,76.65285613803839
80458,75.25994166037742
43406,34.955683878312755
50754,79.04526601153145
97789,17.851354533869902
49415,38.82063113056506
31947,88.98339368793043
89594,56.41681894322536
21986,51.924887355625174
13869,37.543468366513764
42818,68.67780428511855
81669,37.054215004588634
97781,37.608344834147225
42242,68.80221485457014
63834,71.62214699433724
94223,41.87558295870073
47495,58.10895470230329
101213,58.62138370404562
10542,45.45054324081329
47036,75.29724796609932
42942,69.27943297963915
2781,64.49762642442244
71496,73.94860125368898
51644,63.734753816191244
91120,58.88067561523633
81223,36.068030415913235
39182,33.79410449024793
83725,52.55959926420076
40819,30.266528332682064
59062,55.3049653069632
75876,55.72333592335178
64260,57.99944290449763
14657,35.74834514170683
102262,47.58077786412117
12198,67.69523559529398
48034,41.22801050474922
28070,38.088463140221634
43221,56.282878842962745
52942,37.53726159241293
94977,60.04727212598624
8163,37.87723493054463
41225,80.67112354389103
83365,57.13605524079313
24015,64.05538240469672
96172,52.133347879170174
81121,61.6661399209284
40199,62.613316070708876
73581,70.68074776559581
52031,38.016370304574586
36424,76.5276481772044
55289,57.68714279845915
34479,26.806026436620222
89712,65.11722652178081
83852,82.08320802055614
69495,46.03849150880443
66393,38.8870977383899
6036,67.10761894037506
47374,74.86941160581975
931,45.56609832725728
60243,66.21172950414592
48161,84.01783263321556
64270,72.382782201541
78468,50.64253031889254
3232,33.06145877812877
14207,76.01183041791859
34770,26.635323495100476
252,46.19798171740074
13219,76.3297582834767
13017,74.33899485392246
84370,70.11438101811908
90720,16.64107707386206
69852,54.46023730615698
5632,43.05321247461061
80508,84.29527685019112
24814,52.98983939342152
89842,56.57552310713628
43559,77.53187699068175
21621,51.08071574386017
101177,60.90135232134925
56401,68.71580905395518
88965,72.51780364809841
84745,70.2339024040077
72203,34.209072362677965
29722,67.3205394181283
39909,82.30356460881671
33459,71.4586751205388
101885,77.01416720827541
80767,24.92962224983082
12661,77.75134310844585
87942,75.74925245354996
92587,34.21719756081739
16811,31.41842551978833
63606,43.39062615021987
54842,31.97440953217099
60428,55.16180690627282
63660,50.497977263234596
41614,52.37839534479997
10020,64.52522829307624
67442,29.63026260143208
25285,69.61219664180855
21097,64.94195216092433
26603,75.95665700370469
71769,72.40273120936655
64640,49.57859960573127
53047,59.65996385886908
77346,52.84500180384693
28046,80.76417156095947
73801,53.684622186250195
24516,73.83932461278638
19005,50.53383302863213
78230,42.161690816129344
52023,80.19401855533796
101423,43.395384595974676
76534,39.544952488795545
4202,68.57653911682223
69309,46.64292813127014
2997,31.12511890604854
99597,35.061619352982476
13682,47.40855177743015
29389,34.58646279314392
24113,52.52931947768433
99072,58.53340996658141
47124,44.42335372184105
87577,44.86877378613395
72849,35.88042871357534
8286,34.38026839755326
101886,58.37427353191207
14391,73.39729861534806
13531,34.34579757656929
41392,33.563398548229905
93614,20.852355210331503
69944,50.91232159311183
88471,39.77478871259808
91636,54.80764345361451
94502,44.97587641349882
96569,38.16905751462302
67853,72.39262205717273
9116,44.08996988232526
55548,41.25909670799563
17717,29.589780146605104
75655,32.25079990939895
92279,30.82348169094553
12448,37.04780501892417
30560,43.808174042857786
69787,49.172053132720876
3792,48.31673794020274
94034,73.01932276902502
57294,40.179801084285195
83794,35.38622502735104
98653,37.10078837692418
98986,42.05905346571313
17589,25.841478991717395
30018,81.14587171395016
34440,46.29626917840027
42562,49.669023267531955
17285,51.04357607980976
102185,57.62078730015337
57598,58.97154684981019
25444,35.27711817578815
84898,39.52807281387921
6612,66.93487642439655
39153,66.46141726745346
37244,91.6011459517057
99856,69.7590234992154
74579,25.987263730402805
78555,39.39195663192711
50120,63.30363472021946
24171,70.2166800589663
33076,24.198252193185688
77259,45.48397645023933
99650,41.35045152362348
33225,57.94908803828403
57186,36.75472752496381
69784,44.15124559847622
95638,36.98876697601809
55407,67.18578348968725
50631,78.82307042469711
25763,60.892659251669215
206,66.05463910450601
43013,50.21585078896767
52739,85.53924602559003
26485,27.22231904399245
19057,66.26731389575535
24299,72.79819962315071
5551,83.12298483510996
101934,38.88514330511603
59426,39.88342263764003
25470,37.36666655996803
16045,22.617156186924774
94376,71.72916691118257
14969,55.87410397705894
9250,63.058793462505506
26611,67.24246497172454
59731,85.87593289230821
69971,62.04171823502254
53250,32.758792691488324
85899,75.59045009034637
34754,45.55949451914098
42718,41.38180513465572
34925,36.41817401207657
7399,48.2669046007681
90273,61.6206203747565
17059,58.40107023234
74181,71.47068409917628
35751,55.12188793816627
66856,43.898020835705495
9272,75.44976806746301
48426,20.74247860071413
35846,75.036570254232
14785,71.16703230200004
69295,51.018998942227675
68467,73.58377174357199
29357,80.11885913055991
78820,35.903414047346494
63118,58.005903551349675
31994,44.12354697184896
54343,31.60205219635556
22553,54.02059814759405
11826,47.08109600892111
82118,26.5251259894169
14517,65.95147076513103
83537,52.10054710627238
9985,38.899692125942266
53842,55.666093918968926
79512,37.4751623393775
4444,68.85492610991534
97553,31.864793882998725
87201,81.03232170539727
83509,38.404748790933326
95685,22.908589711470423
92964,64.14817795704701
99401,53.31652210022576
47822,31.34210968951588
47331,70.5568935996467
67970,34.07684792710905
29680,43.837545920039986
102147,32.026141503462
94539,61.45971891905039
32415,38.40543835148817
82442,38.296487725946996
6947,61.58933287177863
14349,56.8267855818878
64294,67.11298748624111
24893,67.77632113837471
60744,67.10734807734623
51548,57.63572266551589
13332,66.21611137665826
44662,40.68677784763901
4865,37.43382956991483
69314,52.06620303841673
50556,73.81801395626887
44915,70.83214158091174
93329,72.47364554341816
67668,63.81573058533653
12376,37.02234417843199
53065,57.96198299706592
5239,38.16944889834786
4784,25.305114844719608
55971,81.04176762353438
20511,70.08033539427086
94764,38.67914293537415
44354,73.61879441868408
90652,34.045359401002244
87636,69.14409479657596
37139,68.90029855835382
34565,31.383627920829863
10758,47.91822998266426
56665,33.53663622984604
65415,27.929906012274547
6164,73.91936931484331
97654,34.63931280785969
52375,68.61271816845584
19745,58.087773465266565
25385,71.52643131697936
36045,69.89573840510761
88193,26.33381849710111
2149,66.79876489994443
56131,51.87466053524865
59030,31.012389908865998
49210,36.3191769513037
1960,48.660656137666976
95433,32.65371516476243
57391,56.38482707596878
44457,57.297558867143266
39815,39.59632709545802
98955,58.38009391894356
61881,41.114382141109346
48595,39.930566379415424
22754,74.19625550866981
19512,47.33002585356101
69450,72.57182892926289
13216,36.261419471892516
20926,35.88665081822831
24257,65.46125359584002
13970,71.65103937167402
61508,45.5872496856316
62371,57.02780528034859
47270,51.75926666853729
74935,37.365470197921184
48984,53.5548698351158
76835,52.78056195181138
64321,52.3642664505856
9666,59.39481606379633
55792,76.74514788886424
7992,73.23614145004764
16887,60.50442390462116
80679,52.482154690894404
61339,42.834889786774866
75852,67.58058367057694
46141,29.330516420098817
18634,44.907818224280184
66449,54.754379930940516
7067,66.88401353497123
19414,13.80229250419098
63267,60.873980080581205
12301,65.90743942807057
11225,53.16243187463676
10785,73.64606397983266
27126,30.93973700829453
53664,33.2912011274209
88439,31.813902064384987
21216,41.124372538672105
67967,26.558137483531212
10451,78.47027646197596
31271,39.0667682039711
12479,31.336905620824602
47308,32.006024304957116
54739,69.02341665003891
35662,44.783575069040666
33936,60.93056475550918
26986,78.81931298927796
32032,61.0826095163894
14454,44.12853208610594
63367,46.203884586295665
916,39.85891707132599
911,49.49316036818397
73519,76.61856124433746
64819,41.42614430924952
35043,80.01117797507565
8905,45.73868613952211
62888,42.73843954665929
29766,38.60183651119123
8373,40.04856829231841
63996,64.26022413548976
49789,41.06989614312195
63373,54.794498781096806
59730,75.13569067044946
83222,46.8826195871583
41874,19.107464166105473
83259,51.55676722513059
36326,29.50530415478293
73026,72.51598041130566
92775,65.20778662266055
17643,49.25210142862531
62470,18.88844498835286
37589,63.70935491681869
33725,34.62156664178888
57766,38.21657909801688
39346,72.60314790050128
70400,70.47516893991147
27671,74.05142951931202
40697,52.625756880416354
90551,78.436713893157
45904,77.2061587974613
43469,37.100230038148446
5772,24.616548956176764
83390,57.58110668142008
54256,36.25138433456782
47928,47.02894088820508
66750,34.68645247199493
87940,45.408334832018596
43223,64.13523984526576
91240,42.62286046507572
81078,27.999003839902837
56667,38.32068287676272
9016,68.64799200414515
49265,61.04556066681028
5111,72.94750962988584
80754,32.39988271427061
27356,71.76766171125763
47217,59.74689796577876
78751,40.377191663529366
96073,80.96526796899394
6724,64.70608854505912
53624,47.44349958799097
11773,55.82137786858877
4593,74.12110763692584
32274,84.14279212183898
72525,22.42312729974651
31080,65.41166389559818
85499,44.92865868185982
84190,34.3155456767124
30768,66.05637440508943
83584,35.676626438507924
59242,67.13549549611932
70351,65.49681174460052
92847,41.26963820926031
57150,54.114166814813295
12776,36.534750182182265
65013,33.68683485161342
72889,37.86054153942067
87825,44.33850634999973
93557,44.41653826986423
23302,69.53050099474649
63366,41.76721065489432
73994,31.167512679109223
90170,38.0529458022587
32977,32.00733582659332
26095,64.64235339347118
34269,67.9685687271799
39343,55.29967353758947
34527,40.84877861349135
18609,50.27678743158647
95999,66.60225773806448
65206,52.6092058627175
12210,48.80640000054613
99380,49.861215337244346
18442,66.9332088480325
66696,43.53214838035679
37092,46.793153224118875
78329,72.52049935808833
5880,35.43891246657746
81415,43.55902829108331
7959,72.21562034878411
98717,32.41518624631016
1622,92.6935500463832
46766,72.4585886840097
60717,70.08346692484845
66321,36.7157966107024
79082,46.90358762763651
56982,37.01437912623062
27727,54.95141151460472
73253,36.12868454628423
102225,73.08743179107685
80795,67.91176311082287
88565,71.28154636050454
63489,44.65181529389007
5463,69.05954939155626
100062,73.3820899728144
35590,32.63513346873777
13977,52.851933743144016
608,54.70711904286024
44067,67.97034074759972
19673,36.86760297776688
4494,29.713531162140406
64367,60.6601872782377
30933,61.360497147983494
83369,63.707879976822205
65593,18.30467603379108
73456,77.80964876849319
53668,74.4273216855441
57733,82.58503176924587
93678,29.755990336468102
709,36.44892942583938
15730,82.13013836738662
54686,58.759358684884674
8762,43.01551216432537
60630,65.2435944366916
78861,26.216975643178046
91049,25.591708037687816
77664,23.97804441557006
41818,67.81332269644093
96001,68.95069995426445
75575,67.44874341333228
75253,42.35456055076122
80481,69.22412245644401
59313,64.8764382238345
265,68.6431621869155
60069,79.20950474265868
55209,67.00716468448387
64227,46.29680433714413
87566,36.24059713226068
55430,78.53847274551048
40922,78.99978330674664
29895,67.85900010365143
31810,63.761415380635164
19017,72.82633397097895
52697,48.93200887154881
24114,21.646248339217863
18611,25.434646013910296
58521,65.14131596043669
35487,36.6536554888345
49648,36.324651474914724
23896,84.43230638646993
5150,39.98609956726289
47616,39.953890511376244
100920,69.16075811264088
8203,51.06747012535275
32076,33.2485334010745
48050,34.5976743809994
7382,34.86988322476729
17536,34.16870045976101
34617,60.21507286253828
96262,19.159077256991413
11270,66.66830675208561
33286,77.03656531453782
49359,30.720279464649114
69285,41.6972206957778
6442,17.33923756046221
93011,48.8675563584914
19121,46.099389349498566
43742,41.02381106680255
85655,35.772679673981436
101406,33.119149504163616
95282,74.1618618777971
95848,86.28248860602602
69196,75.31964218613544
98851,39.735384895341014
68367,62.664941530429175
43684,53.60520069201431
21795,32.123547899154
77550,26.722219723974185
5022,39.538322070314884
96690,73.06601787443469
23692,72.09640100391752
50979,41.63165483543354
18502,48.81157503774426
13312,57.195472103219736
100248,27.01289438468461
99932,75.74950277771148
95183,44.67875150852275
8701,66.85946402556203
31503,76.49947173787612
6604,36.474862171984874
45949,52.67929514485486
40984,29.60254527813761
49565,74.98814877660459
89764,54.84911847896973
57336,75.37839698074868
54444,41.70428659305042
67478,41.13857081938225
60589,73.59202565619651
76579,71.0326086409096
31087,27.680824178372166
30702,63.30191963719194
100975,63.32205278087518
70299,34.95662029570472
92584,31.023866345831838
52853,73.41042933807627
82116,52.80537555041677
4518,67.8575530147713
39270,44.3782968250185
92153,39.37617623368733
59951,70.6520604636724
56787,75.54465909286716
66273,28.64216261611706
9947,32.64013805647133
51965,48.62123892513834
58750,47.30772646934048
10596,45.348885255707515
68364,23.075276057330747
31928,43.78996204888526
73327,46.70849040806841
87236,47.59310822080853
20934,47.050989538828034
47225,24.58910080711204
14503,62.2010375024839
55272,32.56663589814835
4174,63.65467499109782
18390,26.35835660371682
7179,34.73262673555543
35160,73.80076266328584
22365,41.28600644545296
51234,45.789038387944004
46826,70.5729617259874
32927,32.67883929707186
61516,26.768670897250512
25426,38.86453926025055
18649,45.0434396080926
71777,57.27306923749073
62112,8.103381124817009
70185,53.7689143875003
33832,65.08948284975162
63049,62.59685633759735
75247,64.61245734227818
20938,62.47254924683399
72388,70.08122220505727
25738,41.19418548699254
23955,42.9142749184237
52787,69.38518235932291
71990,35.51024228129479
40264,55.68951341613696
8290,71.83749444938894
49536,39.277930068073154
47721,41.09287175664232
7595,37.35920062622886
92551,37.206621221277395
82556,31.51581238246642
31601,35.82641968725399
66681,59.788673335050106
28807,42.40028019747555
33988,26.845814190360535
57778,82.45463166123018
40405,30.077662705202442
71780,69.73416981975944
49623,36.69255377270876
43671,53.40311907588881
30539,68.58727897005413
44676,39.677111289307916
32303,37.28128742453756
5412,67.996510489806
26711,47.71285210483886
28420,57.77366281762383
100770,73.65599211553014
16791,56.88531348133333
8106,84.26165618087438
75875,46.33786802391809
84917,30.711770020066776
61989,83.91493634825123
44888,69.95848393406928
5729,68.9747171988828
696,68.59151139748676
29019,47.93023696966823
80016,75.10457960056965
40980,38.99699081432388
101663,49.969916839036486
101170,35.16306753132565
16843,51.392371954126666
20148,75.51278458466521
77597,63.485435112714214
67979,28.925146393043114
44867,62.176991330854754
100803,77.9104656838581
83160,63.1816037439698
77301,64.92155333853916
29077,59.35156976929215
9198,76.59208706004901
88434,30.716686413868807
16049,33.77547447815716
90587,80.69824873326823
89765,66.4743299132831
12268,35.36216360328612
37961,17.802710753649137
2727,72.52592882212022
4086,37.437622169766755
90579,53.016456067511754
57199,33.936956250666015
16405,61.910668194202955
53114,26.613028221132573
24205,64.63270470546803
97948,44.22278000001088
3840,28.067204095796217
97189,64.44051803855353
27956,41.64772994037569
48233,70.14803810573846
29156,59.28430139478948
23951,56.85602328474397
10368,78.87088172040379
46025,70.71795935861957
85548,54.752805951344655
36850,57.28194912885674
55203,25.996599399044076
73089,46.446597132944056
94761,40.361400477842416
48335,76.75117283147985
8805,54.87134088797556
33218,71.55820913352426
17357,67.18599859392192
9741,49.92734250158503
91964,79.74191675123593
90675,44.53127809817504
58174,18.518979488167503
38483,52.568336111525426
32551,81.52232110504323
72068,83.99364094767638
39570,41.79815411449244
73466,69.87155046806184
6896,40.946406808687634
101159,64.63155820521831
8916,57.90757172587563
53281,46.19179002241448
64067,69.11517907289237
30902,52.81477830390371
46953,36.966014096587955
88039,72.29096894011289
29801,33.001678102819824
28254,52.004576040036234
81856,55.92196968354726
92106,78.75268421647719
73899,52.75548976308085
27850,72.17574522196466
19665,32.959242143764264
99712,23.644365125053625
24685,72.86247484135356
73831,32.94328506563877
37468,45.78315488251269
49646,48.846627418184895
61120,54.38280629259596
98645,83.01841520263397
90771,47.74415048502665
22168,42.16087067691322
3834,23.60823683766514
81420,78.65423419499663
19684,65.91357651161962
45567,29.314259356820614
84006,46.97945274156257
17545,52.22365026624269
2499,41.642695914208026
51306,34.086202157736814
92087,27.543718269172818
69012,29.684479753930734
16145,65.30445457676807
96874,62.155039713688325
68929,40.29652437798337
56753,69.8977287779228
22949,64.30159537429134
33759,56.42882932905755
25414,66.3530199797519
47979,25.51336075469377
85742,82.24151223156305
10184,75.48538427244281
68250,44.094721327190925
99969,44.22112292150533
40058,62.78498054104767
40885,65.92601517805777
23319,40.62158916825749
95674,78.90549742625959
98205,66.25675702017715
34099,27.492032281175256
39386,63.49806428719063
28514,45.930731861747375
36612,32.13650070729773
49530,5.496993665506867
7272,76.59195830650786
30541,34.18756895312728
99536,42.247308774156274
45316,27.426803906547295
46442,48.15868427039443
102221,34.37626463974226
16991,79.08636831971687
74082,42.876817668627204
16469,60.41346046684288
28499,68.79491835866929
6925,74.51200935294902
40113,56.24634007987388
79755,83.41567523561845
34764,38.82604157678257
32741,46.02295386268305
71322,33.69082746978484
5609,28.693260228406686
6425,29.851183923906937
90815,44.72471639864652
41705,64.01330691294658
46293,42.360018102674964
18449,50.237572511155165
70567,71.72552444698646
74823,78.99543201225256
95629,38.25684100593424
92548,45.40526757918459
55232,55.153547686289
56161,42.425299554780466
37120,34.74326073109897
51664,48.52065725952936
37328,5.477213551326951
18379,53.8661277989872
48043,81.33226916146813
60787,60.43007471143053
82749,74.01015028165313
74139,55.9720083056976
45266,68.6694034592665
10182,74.29321638423617
29583,38.378099893496426
1436,40.7874218046484
62228,53.18760132436262
62257,63.84085579409502
50593,32.645896302677585
20221,69.32719859197826
62948,43.30984873505204
36977,32.03427799179546
51,22.550489368695054
38425,43.094889603245704
30950,47.538979010412596
1347,56.99831031438872
98458,32.842223833410536
78326,54.30431619731108
87805,29.068229537309954
45992,38.822034239058205
70319,71.36000310667626
79098,55.93287318018157
14190,56.520319976963535
73938,57.643605292262436
3734,10.883335654848572
60610,69.78536872651699
1653,61.23482701493248
101542,69.74328266294214
26925,57.39279938905757
36367,27.79915970973223
50628,36.111187538554155
90417,63.341705351311134
10394,59.92510067466077
49010,57.04301812720841
2777,59.34605313861383
44224,27.799209603995617
100300,38.790795212365005
58849,55.31988269759502
51505,62.507663998196676
18383,45.705758786639336
74796,44.0845528419294
82645,64.39202780240038
40411,43.309422486229195
69911,69.47651893377817
69304,41.034299349166446
89701,23.22877922800671
72325,34.08266837526213
68748,69.83507037072306
11148,65.70171650689765
57388,66.43875738551921
13808,77.1656920898543
44060,37.75216384581583
14053,42.701577295204196
71343,60.7301476375015
27535,37.29769740603335
21014,60.54091762037693
66957,31.499592311660763
31060,52.1439694818084
10466,79.29487556963468
26502,65.84267820422396
39117,51.66252322279922
60588,70.00571292780629
82105,54.749271238625326
77945,27.138478221351903
14802,43.15703230901201
58193,50.98682173221093
17027,47.23932105835527
70133,69.54795610976895
33139,65.42475917646051
95555,35.08303932434961
85949,38.020835542212104
92616,72.43114308037984
66148,73.4890688923464
19218,43.60135802400379
84298,79.57595633470862
17698,30.452344433556505
8103,34.559151858558174
84336,74.8843169634202
28619,54.07477881647385
66799,86.46915965212325
94956,26.121337802656942
5619,39.426200604047295
55475,58.66125459545427
27809,69.22358159251105
68360,63.4646163661599
94214,45.19624421333875
92159,33.42455998188568
68961,19.35058815187479
72159,25.2827695859408
84557,64.56058735337224
73558,75.52046628883154
83972,41.017401925456205
18277,78.80803480767088
60797,45.27359610726816
84428,78.09622537874158
64549,52.58830705421095
50295,37.51067840549266
74087,44.7572085206956
42799,48.75738951972014
32619,36.33591972704034
41199,40.69298109944255
33755,36.110398769865014
51509,71.8201540756042
70161,30.144730703132137
1107,92.79175921523199
69505,39.074082071860495
91182,22.924078187032073
54163,65.78403767275601
39447,33.834033399825465
57659,74.76784910939182
84354,34.406690781828644
48899,87.72380090170915
86287,57.13265530995966
1045,65.16023680508309
39356,25.395991333355852
52530,33.94031491051945
4683,72.83372154197963
82957,29.522575026184185
99586,69.27076242367703
48599,46.92126273651667
17007,63.918877951648255
96784,42.23238213869022
30521,45.01398833833688
40917,61.957386052842864
26216,52.0232046676671
55096,53.9352505936547
40,41.10269858072696
52969,39.31700012850598
19053,35.00723676732024
48537,58.38128355745025
41060,38.758029477940795
50963,48.55530734744225
1187,54.07666113625338
3756,60.70822122819749
45279,38.94684981383391
16594,49.29667827510444
92477,34.3105868069056
81337,29.336839621941223
93900,67.66386816499111
80895,29.326288592386714
37974,37.13733342404379
88608,43.132227285450696
80295,38.061786344905265
48066,70.1829145786578
82653,75.58283654036069
73724,77.76445703179934
44745,24.23680880211873
101042,73.87146413181976
2055,27.640232872883743
27918,63.1113803268439
15862,34.13436742031721
64372,18.281151307775517
53030,37.78702473477715
6774,63.85296199439679
192,61.28293980320475
7278,56.52142893882704
87087,66.27148806638502
12855,71.63011116229477
75946,68.16807807874393
49554,55.96744338385314
92531,84.61799800641849
25129,33.65823227840294
17937,69.91990389366907
9605,40.50398271574357
30252,40.57323653015118
6740,48.23558213643594
67792,40.121601900533946
4447,36.41076069681851
62686,42.14863121191587
75725,65.59940499278387
10052,36.81732764052914
60653,69.30478538634563
18651,41.75723134292009
54403,66.29971808469243
52159,23.310665600670966
43810,41.798021707376115
81768,59.06145547674004
18657,51.25447223370679
57559,27.644227466815394
101839,60.289889305324834
75017,65.12047564136998
12492,47.30735646917913
39352,52.72721465020015
3077,39.236695453939
85590,69.61525783079456
40487,46.072921389978674
80381,6.7762424370015495
88478,61.32410275016205
53106,42.11466236376924
42092,85.59686299499324
41454,63.5343620686287
48543,70.74235818871537
53488,18.305342445837034
16380,74.11141303769338
76557,77.22297650864385
99794,62.92102211911475
22687,47.346880952395324
87326,36.03440381917989
18765,42.80685770134204
2575,8.804699926684094
60459,81.4667768530993
89784,37.71808322532842
45590,30.12117220813932
67810,40.3704594511283
658,52.885611111529904
6994,54.28897342825912
49060,59.88510254282451
14964,52.74510725563324
3168,40.52555400337459
15780,68.85900745789007
49550,47.97056788096771
96127,52.23120530362273
44069,35.51465872973537
99053,22.94950361822985
74988,26.575857003462623
72791,59.788546216064944
102650,30.61004762144345
1312,31.762095142807244
102211,60.14580462514366
75667,58.08440312308649
94262,62.765027526131796
22495,48.275317086603145
69789,60.494333407346346
85296,45.59786941897545
92814,55.27279957769455
13851,64.82018688029808
100511,75.06534838235392
72598,40.928165774456666
26591,28.18123429582604
28734,83.56618764130889
40410,68.88559075377788
13256,38.83503987065955
269,54.94495548684097
85134,71.73987630719782
81573,75.07826514347704
48442,60.4786841634681
6005,24.109918980016165
83172,71.97840535560647
90932,39.317707381157945
93926,65.85166419345563
85887,58.61340786814753
36185,0.9644683179542284
13135,59.665392680706724
76684,75.50931730477966
70303,66.02897469993886
11206,56.46205483360596
77721,40.8155401869226
11913,82.71305683583199
34485,73.77151176851254
79453,65.89170737595876
36699,31.334745250141886
3185,52.23468378365453
47424,40.638068841406934
72540,50.61756570553308
76048,27.425632799275785
90355,54.172273613059346
83380,68.21295901552375
97445,61.272557767199785
69526,69.77383035821376
95749,48.167425451670724
92343,38.465191148385536
14167,66.06422961798548
66065,69.04034458511315
11070,64.76009725730073
18569,44.62406134967653
81377,56.5038478169111
100959,59.952800530303605
89678,43.00975688515146
96388,63.48855411128228
55175,38.92351440846189
85029,42.46520735367467
59755,67.09289188327901
85734,61.133243529216664
4406,44.34583462052525
48017,27.482120016213365
2015,61.432154428891494
3645,80.34599830827388
11266,56.969223608882174
50452,33.05400758696739
31438,52.37903198994184
34126,31.499525235457916
87911,58.20394661259182
73517,34.011488787582095
52336,64.37896439021648
92398,44.187806767323735
60567,57.808602181824135
58879,73.53348480745174
65227,61.23734280727052
57771,37.200168048102285
87242,64.92771320261596
69633,54.36766359714866
33965,27.80371715693619
6680,61.80400530773229
101827,66.21210638247831
55497,78.46128754224603
76810,77.35202460164369
50603,88.16315171216134
75389,51.082580784106725
13192,44.828927922717554
35809,32.579179179610755
1171,65.89366676144594
78047,25.5592892833995
25708,95.89252547313214
30993,52.19086744150376
66098,48.51963380757865
33268,42.378302767999436
40302,58.076538716578966
25663,67.34572669256603
45666,36.6877207368867
20592,70.0491745117682
12777,63.14490399837782
32932,65.9634266959621
57578,57.30777906307917
71242,75.53568211288282
28322,69.38380366109462
50529,18.926363047031963
72969,67.61685626876081
80405,71.5500309063175
82186,66.2740836671841
76320,44.30611455211542
65607,43.03947615799973
41381,80.48057077022919
51700,33.57265110929431
75402,64.2277368346173
52863,71.02423670167664
47068,23.347893403631403
41812,12.714506297844252
84163,45.75415546902066
46007,54.28886393882908
18186,56.94062900307023
22214,71.92921087911273
95818,13.62056610847846
68163,49.164912302366275
54179,38.39884263691096
44822,56.44517165635612
73007,39.747063225348164
100053,32.994886482969
12108,72.70445694069537
42507,77.78128455866855
20093,42.106972577295615
42614,70.68132020826954
16258,70.34888597431794
47975,51.91463711757584
42423,24.015339764435623
67697,74.22963253499509
52927,69.85808179184241
1034,23.624063012471193
13139,44.29679365761797
31817,61.591359088766936
98833,36.6530846294806
29638,77.83860084825852
55377,74.38142218784391
15755,34.560595387076866
81480,47.49982991436738
81897,24.16603775657395
4102,70.85865828536625
55084,43.9661593520059
33917,65.93084728966798
89920,60.24948169907205
57247,65.13118849762316
4352,55.4501996894234
63568,20.008096542493508
58779,55.05490135580851
72371,66.92642732383123
2907,38.08810545929813
36393,63.98693910168265
31109,42.61023722318263
61384,83.36971152617271
87448,47.156893641547455
18684,58.228323478129354
94256,40.05425502072958
51847,38.79262772897377
91223,34.27090329376364
7881,64.23748690212449
84405,36.826520491857785
83215,35.13568218119842
35399,58.99487757469521
86403,71.2526077339131
83438,41.249408439235694
83353,49.58382679586831
86411,38.75517176466944
17138,58.90158000497113
88829,58.16169409565869
53038,34.155353364955594
31409,32.51980422004668
101552,12.548639478601725
41157,46.1320100674399
71978,61.38486043457816
24031,45.82006204206317
67063,34.66445636924061
32369,46.22000014269014
75418,59.87467188586712
88768,66.85293219712578
41242,27.903883296463647
27731,76.17478120539795
36430,39.73912257467834
5553,35.82238727435055
87831,62.48380580438279
55850,37.749387922712444
49081,58.86967116159077
670,48.354526907347505
59591,53.13426833207728
65711,73.25105474314806
92953,65.29933136803476
26512,33.026444283899814
53604,35.50045489141789
96024,34.83565096021897
57923,20.954788078588216
66370,71.66410246663136
95831,72.38840752293434
97391,48.49293890221891
76601,29.181702664167286
13062,41.527378460597156
96018,77.38499300324085
23170,45.14198454298797
88506,76.63074389930931
32555,99.0341560333303
86505,32.39405964572526
26999,54.61493704281553
55924,47.57555127177997
17291,80.38671710154478
45184,61.57191953298042
36380,68.9421126151809
34463,56.19734641454447
25599,42.87638248677553
99814,81.20818170821528
52615,73.01464167000394
7667,67.00395986878297
51289,74.49765726497726
88041,71.52387430816881
81845,51.850032908110826
75704,62.922342047124516
13309,50.40646721953467
44166,68.48703272967217
20824,51.74757767392414
38025,41.91849238517987
102475,80.43787725045553
73005,66.5108611922968
44960,78.12333819248553
34696,39.839222228511005
11304,54.435916560316564
102117,63.200229862545356
70683,75.0094273332324
32286,47.61003547310523
76229,69.78666463850769
53741,41.62250869486158
10938,31.97954452091196
9823,47.1890442866657
10190,65.29361240556129
7404,34.39647527771943
86245,34.278708659009816
91839,25.35883754444221
58211,72.11423792220786
3822,71.22400337656421
69387,60.200300099358486
84073,21.08384609948303
93449,28.76915421558396
51890,32.88386302046576
57906,50.379226919783264
63562,73.38392018896627
85875,74.94791629450135
69086,36.30102741277862
82876,73.57884318655613
16205,35.574538748080585
18399,27.029709931432564
100042,61.962095954033884
65364,60.72053422721178
98408,42.301237942894204
30825,33.73758215195734
59119,70.36872315712156
44380,38.83417817307736
47044,82.49347440010081
13270,68.65843195934207
94007,74.36453254827825
79566,51.75106338651995
78688,37.65903589158721
57427,42.94106984183172
88815,51.14533101946398
91597,70.59825197950346
21840,40.51908334814747
49399,47.814031893976946
88866,41.55023455286793
5531,57.360138946024485
101257,54.10049753600889
85882,44.66989740799026
53987,41.73003626699201
97680,31.69099684816846
4927,31.58673796342086
98524,42.76793371500145
6537,73.31658557475687
26934,31.86460172519656
65129,72.00057639762416
30290,57.7534588778027
8768,42.03105299908212
72546,36.41601637505849
75045,78.56099659256688
3397,39.057175467430184
49893,43.795504748029074
81059,64.74796711791046
53770,83.75447253472282
3955,31.4467400680452
49250,65.98335499369338
12666,70.10114023976837
11459,64.74717995037093
98386,49.33297611331157
10570,49.084524621413294
32790,65.44944082238533
93852,69.19778953523002
74222,44.76455015624637
72830,26.772876945234813
56879,26.95695117272954
79451,69.66920357084783
82986,40.14285759843264
65275,54.858816988983094
58483,46.62183591865072
81574,44.49584710244348
70990,25.238306240989964
29877,74.70691528903225
23446,32.759187737842275
371,86.09067408220692
65505,74.46730136711221
85238,50.11934744782694
91448,44.272280297628804
24173,26.93251987936861
92535,63.208569699490674
63446,54.451494972822
66520,53.32386880078745
15139,33.05047303768768
35979,75.72938260630903
32002,36.32836673914878
34999,44.59176790176905
51651,38.111405395276684
25096,53.66670396582929
31644,64.01177332995776
61875,15.865004714273898
57000,72.60663804368335
18324,40.9059608095786
28074,46.48871703352114
33250,77.1764673133302
47132,34.16347661084768
12504,41.70496003237248
44631,77.34223057595719
17091,66.9870755490744
76705,28.69433318211096
8239,33.28708833114871
82304,41.70913353249764
28091,67.63874219475741
50783,72.75320339873454
27761,69.815469941095
49644,31.10245039084431
3667,68.13777416165655
96133,26.318857410603997
46428,35.57263845574355
49559,66.85181184039797
7218,55.690350919414854
76668,56.252758444820344
82344,36.236235575610905
30760,64.193239962465
20257,75.82658278218973
38341,59.406598426346264
70669,50.348266372886314
51406,69.25796104128814
34608,67.89249628269349
68033,44.488136216127614
97601,37.21458562873519
76628,38.42497681516112
64576,44.84710914646051
5790,65.59267765795684
84364,64.15150755174211
61419,69.44637454240639
6466,46.47901273301993
68546,73.05338081767076
41677,37.70455242423449
18640,46.4700157689545
99977,58.52966393531656
95570,30.24702437796525
74273,52.86686669755475
27806,74.43046879066908
77123,68.7350787826393
89207,73.94516671728732
48307,28.662133459905164
50443,78.2483181818261
24783,77.38049846525601
26614,58.783565338384165
56862,67.34221071649972
95610,38.23008872341125
74091,65.38631451907403
35363,66.92694857027314
84883,37.9718652675319
56592,59.11344932298028
9466,35.069676905428615
54924,36.04958614012599
78922,32.40172394806434
24150,33.817530924532335
54248,33.2102235546966
24943,30.3513059627654
26804,85.96346285128243
87921,79.07102358904024
24903,73.55772215107436
49208,64.78175642515548
55915,80.9079697322658
12926,62.65532950491597
58240,68.70297616919862
4923,33.12366449139269
6197,32.873119937035
69449,61.459711938757934
101421,37.60276419614736
97632,65.2431186887601
79089,25.616693263516282
293,41.11078004283023
52054,51.84730276712596
58697,45.74346196228808
82597,68.24934900960073
79036,63.20389200706019
25547,75.37267073382836
79994,49.81605307587629
63258,62.36594417938143
18467,47.784125963000875
138,39.57276316306898
64927,29.438461409872446
38613,64.75613193051282
26610,40.30663647231942
50045,70.98617080213575
30814,54.47409073197597
326,46.05531650207297
13253,52.31291124098698
57571,45.90999186764779
91519,47.293065426830196
44876,42.06621668548174
98009,28.726139410229088
40050,71.50185181871379
101875,61.45265872608592
25851,82.73406660576177
42961,51.37992790777053
89109,40.04624535121636
97446,47.372490183853394
24666,78.82766935170385
92300,50.360597081734326
94959,52.00022385264928
54206,36.36691747937123
88059,47.77720398839613
56794,36.275596784180536
59232,59.93789385385174
13637,77.91264792923869
15873,48.114160563653655
68416,40.94630124974723
76158,51.70542021301779
56775,67.129377661625
8212,60.757425843983455
65638,27.67261721524404
60701,73.26582751570271
9796,62.314030119876065
89999,50.113513564210805
36129,61.74661935242645
66118,49.19530359096888
101741,33.15495053714866
17394,50.56959124288963
63064,67.00036134837914
2074,10.29369135670737
47214,28.34004667011463
96012,34.00805592294243
102311,58.513441662160176
2059,45.9981416986194
38517,20.462780546133935
78460,69.75436269291487
77412,46.74655721211438
20260,66.91540389599079
45724,54.10210296877318
96264,53.116799079204185
11325,76.37207121549582
92346,76.24747707468144
21084,60.47893202307385
95126,32.92788071347688
66152,27.118487491064734
30957,70.18920715095516
86371,24.47436430138928
82096,48.3614254716136
32114,84.09698918189082
26613,51.961696212317214
14577,28.3911396921255
52168,30.70772653157447
30571,54.61041487003537
39910,82.99032890695469
51734,42.62756894751162
78195,69.5920111736286
86247,45.18743800615887
33748,44.407843724853485
60015,34.62448839551583
23501,55.4125426372744
35664,31.794316314114575
43149,58.29793671319392
85182,25.419638718211438
54938,60.30083529046223
10694,31.452682387201257
8190,73.16566708483101
44646,40.87696452071126
100906,45.91970331309424
51237,37.737570234939696
50103,65.71710182952356
28916,51.34363568415739
22506,72.0662561628439
70620,46.07313673632392
63023,32.416117334084255
8096,49.81118007404232
48180,63.425356498154045
2928,43.09120956221247
9575,83.43334887878129
34623,65.60247241574407
77092,66.25408774454868
61626,84.90197728410797
24996,27.496956097212962
71525,37.66945251552976
9855,18.565576690203873
91863,53.00732010588348
7706,73.59108453958183
47866,50.322257275966045
33802,37.59231810937271
11710,76.34838084722307
15469,45.82426176666026
59137,40.17982822487668
53274,33.741319151947216
86142,59.753189891903745
88518,33.55316155993513
75504,77.17075999416085
80618,30.727027939349835
78257,27.29242086400482
100214,85.76573678156686
5823,55.974210688843876
64947,37.09912816125617
23168,53.23163634661017
54771,69.01566459005502
59935,66.95465881941989
25181,17.335896946657606
68833,71.89274814847072
33205,71.78510699949676
50467,60.607243427591875
31106,62.97116195327054
22781,73.99704400297115
75318,61.50158566638623
27022,39.18203074038374
84608,39.21233953096823
28019,71.86494211532624
81068,37.506514994037296
27107,44.966303868423395
16069,56.178103542906285
56443,81.39250898050403
72901,50.50791505726255
74745,50.79756330391649
8625,34.19984827696698
49100,63.04006111290215
64750,78.78999558994104
52472,67.47984868014379
29467,41.20232603274025
93346,47.55849593147242
84739,93.61433010352594
42257,33.45244006889451
11319,35.739027570151265
78065,40.296323383229115
41158,46.69301565826913
15449,29.27490476468494
57477,24.943390012983265
87333,60.376123789306874
80404,54.97752570627255
91616,16.60292364131109
91881,66.70294450386803
50092,33.36692464174181
77913,74.59531040857358
55700,38.48483389944362
1004,28.240692044896733
45919,69.18934826617865
77808,76.28451148736184
13779,74.18463599433886
33966,54.510316140398245
94139,74.17702095017697
28427,71.64019626377754
65043,55.61657614839749
11549,77.98296265758215
71072,29.267913298445258
95467,39.45696638376311
42300,61.81360437763305
79984,70.45605970004459
62009,39.68579277668198
21847,49.20566030259935
76648,43.68633350602521
42851,66.22398399938405
13355,56.64626913822535
47710,63.82675677561464
28366,59.34112536320477
43292,72.57345244022345
10564,59.21004091210601
70300,75.76137387253698
9760,30.312685551947638
85290,67.2845208710276
65005,52.29220299394805
574,36.32332531278841
16771,61.64376411424894
93345,65.87298347190364
13933,54.42255005519799
82568,74.49621709954248
27652,43.398992306397005
43322,76.2115996568885
3135,58.79910968450369
55249,52.60435598695355
65556,68.09381994417255
85857,67.21480784811665
86789,40.10287273664955
68448,50.159598237696
96866,35.803775093107
5770,76.85811808381408
55614,78.75069668701171
77677,78.6572816433808
31636,39.10567623430813
70916,43.14332904353044
42139,41.94717653917042
2261,75.0749420992256
63449,38.252068044959856
10733,39.78380782095438
26158,59.0813648791761
15540,20.212207936901002
76056,62.9622717064144
94877,49.13309782822873
54768,39.23174086261175
84923,47.76893724991097
68396,55.91271789089686
20098,47.52848615933458
38527,81.02899030056327
98526,37.495650060175755
7639,42.48082559574349
75391,49.64404165495259
60248,59.65121324790526
41639,41.23367792383006
45471,45.86764594068762
5567,48.05511840022834
71635,29.904275939433308
17354,71.94686489639437
41257,64.6190254326878
36125,36.84531804022352
18757,43.180706136581115
24559,36.16247394494917
58995,70.73104261228644
6513,81.45603731215706
46863,80.37293153642501
73776,42.55941103206116
49423,75.23933103726105
66620,64.62912478752132
98175,33.60441968906779
85968,61.78398621170486
27033,55.706418446823506
77896,33.5307479596643
21632,65.63395010121339
67652,33.644837055355325
5252,59.361701021653374
70004,56.731886301515885
53072,63.74121431027318
70251,39.62929645468865
54514,34.99087168916871
5356,34.62594776827183
51381,22.74552613270376
7557,29.260030794941823
98555,70.68671151039369
80779,38.539750648233706
83947,31.633026840570025
45874,70.0777349107915
99865,26.701355844864928
39042,54.96794836557377
42100,33.33423547328395
65740,79.4138669893696
49653,73.09161075861641
11630,48.94456028956495
59186,39.77390213832302
19894,36.052819182914426
68112,64.98394731015978
8294,33.596231058490844
49320,39.45167424329754
31588,73.75802082010203
14809,52.675858032780624
51754,80.68600821100495
32318,47.42994304331126
28997,34.61260488758675
26386,65.49238567747727
25160,48.528928991334794
62453,59.103942510770764
49467,24.943986871731013
33973,50.45277796966189
22663,28.601157771373845
37520,38.01609398344009
45800,56.40581110464376
97715,58.9190890109883
56768,73.49638776252694
35088,43.99364011553622
47387,31.216265584361924
18061,34.177105226837746
6606,72.497483652641
989,63.77682899992709
39680,82.91281856672684
28763,24.652118819548363
97306,61.300482058328946
80626,59.59717157988494
82796,77.32742266938205
31540,48.67553534783209
94357,50.066197240403355
34159,73.25025499269208
17770,66.89427116405429
66202,58.858044284320734
3583,48.134901061378265
39135,56.38214501961161
19371,34.665920495878375
77183,40.51693198304107
94752,42.61330317187112
37528,62.122427945768784
74440,72.96440508155723
55823,73.51357129710559
20389,65.95588475517604
63004,39.11053170923152
69639,55.17235492182935
49225,71.75337502217137
32402,72.1480470268813
7572,38.02972552101032
43760,64.42150796207711
100643,64.94610706456815
38735,54.865626071373114
98932,58.14166242509556
11065,56.20374902026286
64480,43.784642673972186
52045,46.75595279247324
76211,38.833183128038534
35044,39.102310173345444
55980,52.37887262618895
3544,77.2111372540233
13776,63.31436288972412
12912,60.72775071332083
53133,33.91618309792744
39448,44.43404960057147
88503,47.80627507537081
73084,36.35835976104943
94707,58.83702066160271
82016,63.017533763924355
22374,68.83662349248259
44591,61.77311913712617
16484,72.84346054659483
65977,65.17519027265703
2833,59.20534229599582
14357,66.0782859569542
25611,19.428816429637777
57136,39.60076120147501
75262,58.61979989252956
86289,69.14963244833729
89855,47.52650631126175
17843,29.146457687542515
34378,41.45087582463808
99772,88.0367401266144
93965,45.38062630551583
65603,39.912713638702506
97113,34.59010484962439
85545,37.08165664924292
89160,34.52180870914082
91615,35.85176711389439
44558,64.06525392338354
56895,82.01753782519522
61308,75.07138323535543
60105,33.07116593340581
30822,52.6882419074739
31615,52.438147109043584
2937,33.35890863000241
17345,35.707385933051455
60623,39.29281332780361
24263,29.814977610741607
46672,54.72894789480519
22424,65.25563434168178
26822,49.96296212546609
81536,78.6454150381347
8835,74.27107121171038
58104,71.9824583497125
85423,39.677209391935655
94440,80.55176935445513
3412,43.99929683048015
80613,49.43579840486372
27576,66.15538461221406
78718,46.40947686286066
15150,66.5295766712451
61698,41.01814412849956
39616,71.085424716158
88632,71.03152743984256
67457,72.52463677044443
8680,48.84155952546987
14383,37.547770833117774
73841,70.74786943702118
43042,63.21371042815939
2253,64.22474389440544
91760,52.53891168895602
36308,79.43912062274458
2944,33.101609315135164
11851,74.70181720941574
99926,41.91171622280524
1531,57.06181745776955
90799,50.08502833890434
78001,48.14131528927928
59778,67.2087198536791
84813,73.36855468668105
14541,59.62290653672337
23592,88.66109557959395
98374,39.67305312449224
32862,58.60862665966546
88811,44.525403205755595
57464,31.253092902360738
21672,68.12729036313468
72364,64.6603519951899
63999,27.864055645114057
100351,88.06247344995218
61549,65.9354557636328
14592,66.02250281438097
12751,48.090781579180316
94206,78.49347554520409
11747,35.73650653784899
5515,42.75123917496388
84216,83.00179086681939
32260,25.541084102715445
77729,53.269651303851965
78792,72.50021819376313
92716,67.05681859595285
54292,61.846958868422725
62061,35.12694883025489
49904,46.109676323558595
22106,80.43010523770894
90303,34.05048275927034
79979,47.2005742775324
759,79.65228752950235
45898,54.24124060411518
47826,40.01926672766304
19068,54.88816817258329
59904,82.64764528140192
39249,76.64755922024997
96490,40.34224090110239
1656,53.7573374743205
55615,38.50112926154283
45074,30.558754025024616
43047,40.195181387027134
70512,33.50338490630083
57161,47.45495639838205
42902,35.48765839743972
79517,71.6680465736039
97469,26.359730640425376
73730,62.622142657353606
18693,28.035257782260256
86609,55.515927814687856
88311,46.6853857022249
6859,41.53429486716506
28842,45.11739328218749
15129,29.245579207378896
13578,70.31831683064618
31897,35.90994115608083
37536,52.30160235651231
52398,89.10700333920224
35881,68.335296363871
100142,19.07071511033479
42373,24.618565232925604
22396,44.960967679727965
26697,63.721123088838176
98387,61.75367240537352
15824,40.36736883085634
17085,35.90068972657767
2610,46.99408539492165
3115,38.212080475886815
503,61.41484809509275
95695,59.42258809861156
29294,71.00650937571726
67765,64.29602313326251
66412,33.61551767982508
58729,41.840309199502194
22793,40.568771139196464
16231,66.06172204640747
42785,42.620329651088014
3021,81.41629028005835
32706,41.76960268747589
79920,76.31233312311124
8999,31.25545390549252
80177,40.46476803283988
32195,80.36476077886553
64411,80.58926122263946
86573,60.7807894672128
29322,31.436345734567343
66888,74.56616212210952
22844,37.908711633332274
27834,41.08263715906409
33266,76.85590739468712
19153,66.82212456370422
31667,53.61284466723808
30440,73.12438554181256
2346,67.26990846223988
75708,52.015326301041
45018,71.7360437351733
65726,87.3904245946286
38122,66.23919284110679
82241,63.629071527465285
1296,69.88286403837805
101197,56.52996669802371
55154,69.00752708768022
6587,78.50340075099855
71124,69.81111248945923
82909,48.96007055311293
62636,36.12891813600885
100254,36.736835026702025
46872,72.8698157922152
5610,55.853274219403495
95223,7.044881950199763
78372,73.11890902540472
6152,69.12672954233176
53875,37.14251025027464
14871,41.90020822860813
26685,70.46924517125669
45736,78.53140882986992
21570,0.0
92359,75.7741627571916
262,54.736600043677065
30971,32.265767915206474
86977,31.85583767279952
33613,27.98331495731919
81470,63.93990181627217
83525,36.70054851078492
51579,47.55573284070497
86716,65.06452778236954
61311,69.43306933867406
30240,36.59861262715158
64110,35.22903484197923
90154,42.41542613818652
77516,65.44236165900018
73554,62.83785010745917
4394,37.697091066134064
55427,65.99137322319801
93322,47.68909939064964
34129,44.55092652104318
32361,63.34946869620993
98093,17.888181124644763
48101,16.90152320592255
60319,27.204321000819384
30373,27.227431004692146
2611,76.32391802538518
90999,79.25901412079202
5373,31.846477897129972
97092,52.85608504337697
66088,54.96162425240716
24164,76.00688317806248
60996,53.27013261041836
75771,72.02312287591596
84233,69.90914175208195
24195,24.932387660136396
7558,66.23223429529986
73256,41.11305725494564
58399,41.77703933193479
73169,73.82769283964137
32143,46.237786226703776
32831,57.511717467062624
30423,21.185057639201595
70837,72.191706927784
97758,74.70321048393771
10560,32.89274744151038
23048,31.069020776761317
48183,30.718536402475923
65211,62.99951519265585
63812,45.50944551227894
39208,37.739561499699015
61986,25.875351799314625
37053,77.5059673964659
78068,73.10674879128538
52868,55.22887087216479
36745,48.109090506411945
25246,37.024291090290745
96472,62.38915809235415
51996,34.57294134530851
43272,30.204189939312197
70847,43.95476627856102
37559,58.41374786554271
95758,45.689236956262704
94120,25.664485937054945
10274,46.410511295438134
93516,53.46902869021227
36991,61.776147722217345
97845,25.04840328359076
22391,63.38506140681251
71724,57.75576398135399
91349,67.84328649093784
44563,64.19473859035858
33313,65.9261476289582
79470,42.64799333827885
101103,69.33366963237408
73462,42.01127744792234
99627,46.34788090353692
60829,52.46723169159617
23770,34.94764640864779
54735,43.53832777004537
9040,67.90645512753636
38938,82.1453444383383
59192,63.62861078091559
36107,41.60214674180315
69915,61.678229480666914
74804,76.37420208760534
616,16.284524586874475
23304,36.481206060167764
18098,38.99610786775219
102486,75.14252276667365
18216,42.24574254912751
9421,41.4665118292941
88524,74.09042510312786
21211,63.51744649347206
41925,31.39861385520428
73927,42.98867091742888
50549,75.9423716818225
3806,51.366121555778705
100478,57.90802117808661
64296,73.04366947518822
39983,65.84097221145495
42375,75.47738444913702
32541,72.91269249935743
22336,72.68494065027264
16375,26.261438110787022
29518,32.84642389949985
33979,37.72452744144947
33477,40.92853376692227
19436,37.95653804995119
44215,33.866127870330985
63280,53.690983287360254
18764,42.76290459764484
64881,36.52445058043239
7190,30.929754425720642
21832,58.47479151018756
61501,36.97341535813675
53370,72.76089399430589
59289,72.2277092950367
96322,22.864544298136142
52471,40.589600004718925
47034,60.21571420243403
11315,79.94940191816332
17069,18.33578737490977
11921,66.1161162828138
69884,69.97958567762788
52001,49.94598664068312
97768,69.51644495781554
52093,44.15301465667038
13160,70.26672611290208
61697,75.73342439632776
14336,77.39675501030763
61234,25.644085290369407
67894,67.1700611567029
49674,81.69153593013945
50613,70.90288143411823
50913,58.08374899867741
88817,37.18521058335443
29745,68.08847353709422
54061,31.27079749976712
4093,39.3098850865687
7755,62.21408461931313
3417,64.64515059932015
102024,51.43585233733805
38209,58.926242203914015
72707,80.03914361862232
52352,37.805220207500774
11281,47.07173611709692
53236,76.07807126048007
90726,41.320769408289564
36464,49.50838323343887
72989,82.30254855797793
66216,47.05366168818266
51231,86.79955990722097
14509,77.88923348877314
20401,49.18007531350297
101183,44.194663044890646
96110,87.08255548738907
32013,71.65199469605088
4695,34.75878400468685
24314,27.62925718360147
97726,48.57286825710385
17989,41.71919796379919
87023,71.58047627049415
81928,33.769170037700526
96103,29.56928508479703
77730,70.02679520117445
10034,58.07639612082154
42994,84.53739726580758
36192,47.04578214113671
9138,51.1663680158309
10110,40.909577126185695
21539,57.005489059987866
96982,41.33253708580392
80749,85.32107683513522
21202,44.49324033849101
73236,27.424808855271856
96572,69.64820507933192
62274,35.15671342544302
82524,56.83675909120896
91769,31.43513078173013
44416,65.85873201715619
27921,48.96277685691179
15106,64.57897250716817
45024,38.624022132568086
131,53.859248648043604
86664,40.42642024251174
63519,25.186203883254446
29509,52.672956899345564
21487,41.55996486215863
23459,70.49085208564455
79127,74.81981196153588
91426,39.329963621156274
7569,42.478923676049746
50881,42.38928065599703
57437,59.99011076831279
2217,79.9654082436301
101557,44.435423458625635
77659,37.80618586688245
24311,46.220878631255744
1287,27.943632266783126
59789,49.240448365796894
39239,64.14857943563975
2882,60.45387095477943
76675,61.4221731619279
95265,69.67817685471067
92406,81.9013378305603
20079,38.217331215169914
48755,60.171442701702404
71458,51.09110744318417
30099,36.34972532452963
33676,76.00246504173639
3725,67.06355350521363
10446,78.42485301891998
77138,80.7056028049034
17582,52.59086017382724
31508,32.06221062316494
72490,47.755414020379405
51036,72.05979961092314
59788,66.82378109533212
14887,44.82325563412454
80662,32.61083520406608
47577,36.03351979577416
43585,53.29341898503025
34863,39.07679435702018
785,41.1504611833048
61627,45.019174931582626
48512,62.117335789473074
14305,54.405062214734116
100061,52.72985169722972
74984,57.70564917332502
1096,57.32176887444822
46358,65.97694800070967
97477,62.95557632923531
60121,61.94599057620994
100677,76.17288312166784
39297,39.52056929127047
6040,67.36747877289642
23218,80.17737932233513
58793,68.79134820396519
6689,69.57425266611394
2577,51.58015733780918
15798,65.49412378501347
34182,69.0093005937602
6065,88.54261789474059
78786,34.778212707520304
48269,69.09193806088467
47483,40.599272194108266
33510,77.1255248860744
16036,36.75191646919975
32154,44.62887841984923
34826,31.968934670054907
98996,42.8570885486495
71369,43.657201577249
65917,26.1591890233827
53810,65.07696435546617
86360,36.718074545571376
79314,61.182811938141384
90231,75.1664966956588
20179,48.463983223875026
96146,66.90088515686023
55832,44.61861357547259
23912,26.567414501116403
51108,69.7332879349179
83261,83.68401388307228
19374,13.526699734532038
48850,71.69652620207458
56964,76.05832935616914
76101,34.3552497342277
24392,47.83635128773514
66866,42.56319915581685
64829,27.34984475177829
52141,29.1853468822162
100997,33.90183688384457
29066,33.679244073123286
626,25.3225555009528
71095,44.53935261145911
30679,26.623733359160724
98166,47.25152504859119
54372,42.8371272318239
101843,42.81029650599689
38441,54.36788371941587
77997,41.54708117075994
78109,70.98736896295995
80077,30.930038421035597
65752,38.75828946841315
43549,74.49987589079427
87610,63.87872663556767
92367,38.44605764232322
77195,69.29023046954137
89563,69.30085134619405
2450,48.605814623082274
11591,66.83194797813843
82332,49.83080380693818
3484,39.062342585967755
18718,34.792870516728705
70880,78.77540320954606
92843,71.98622034833522
100178,31.54154951284522
3318,67.48682893641848
23185,79.39650526374771
23869,41.025904483738515
40647,59.32564875121824
101806,52.23982321457976
11602,56.133862222441884
6251,53.42611798879264
40878,63.63720550099652
46967,32.78906151532797
20026,48.45362406116739
43797,50.08940848824085
42527,23.165791344805307
93561,60.92624562225759
46701,35.88457148535795
81658,67.65125559645941
51337,28.003434302945777
44005,28.629595669599716
24435,64.4755820427425
88198,74.30443686981094
75801,43.28883434299621
31458,42.86465268070069
65874,45.690752072329346
40518,58.87368082628112
43708,67.10386721725858
2312,31.04920094309263
34253,73.92780920000132
3717,36.69346426858971
11320,73.06573108812896
98880,24.625071013170505
68527,32.00761707517214
65533,71.25146905293886
67229,73.20470924494248
16246,34.954304094153066
70753,34.033931102419736
4090,76.3262014825646
12444,43.30484361932613
15341,33.44252815204894
1783,73.95716428934821
82518,67.11088429903407
23560,46.47208728164268
971,64.28185729766155
74895,74.1265840536297
16813,42.423605293295495
16814,68.55695894721057
62860,75.80801335825035
9031,51.52615467166862
89206,50.19031396443973
901,67.89922587659623
6354,39.98562564631774
74956,57.05975276754923
16223,72.93808762607807
99288,32.055428571816954
47569,47.00559099492965
65688,41.499805128423674
4983,39.783866648673836
14313,45.11870757109549
53044,34.28592631540623
62690,63.874681921680335
89044,64.24068996810918
73047,68.70749853713174
86319,75.45312121120223
82894,67.09476271618831
53150,30.733886280869584
11488,43.15427050504949
25190,71.49572143449342
82335,37.292927397573195
77175,56.86844993170071
78695,85.88569929670572
5167,49.01616198964463
54155,28.53898897807023
64021,54.273938339040384
2764,41.45777852671871
48730,62.53317365317452
99700,82.26836409548324
25870,65.89334291196789
21078,34.93740386748299
84532,43.71819993342998
79496,41.909956236641754
3386,23.865995211208237
84774,56.75161460190519
27093,68.81176853235539
102581,43.49625286755934
91737,72.35625498215279
24987,47.12674215674069
49601,37.537375746592005
97906,33.18017424286068
90875,74.04676218148293
98504,77.61840610248657
17097,81.67958927513212
19810,74.78457442824862
18860,48.449543539527944
53309,64.1481119085285
46762,24.35024711884937
99681,49.460211447138974
77631,73.01978971630027
43443,65.16639468115369
88397,66.3097948582043
27979,35.96802838566351
13334,37.46176149389934
38051,77.11140067037226
52590,62.56264263713313
63184,69.44086173251823
82756,30.056931500319614
7612,82.21221703353714
61414,72.3365188108337
53906,67.07947389972944
20227,34.52909421349165
62664,62.720897964863696
30726,39.64914833570895
60270,60.46537226561756
93608,69.4497473829087
39287,45.42870054100747
3898,36.75562138001646
94438,48.00781544413177
7464,71.57191220047935
38712,88.42632621806169
69642,71.93524389714162
70819,87.15326995065959
74436,49.8701999623416
101249,73.49303884459695
86375,84.12551904031673
60500,34.32617621279423
75788,32.959741269491026
84321,46.237086755227274
78277,66.8205277723273
1238,52.15864401269468
71812,28.003674653380823
43758,44.20476669002953
10173,43.04844007102002
86095,33.075823827522434
69109,66.95764192754004
61023,20.176980001390856
93478,22.878262906265164
54927,59.309602689510506
17900,52.17557108785952
96717,64.8986551742643
32138,59.91194152059779
90769,44.73588023644885
22586,40.34899554423457
27392,32.107617410120724
48153,41.39371623435041
48787,68.96980357656201
65143,54.61384499097346
39923,70.67364331285239
64299,58.735606586574065
75912,62.172601011750345
10344,76.4730421219781
96249,62.901371211407366
53667,26.172540358616956
2571,73.3328998778451
9877,68.9433223306171
47897,23.084869485008532
95440,75.51974554846248
94449,58.16480474032858
50010,61.812457049683374
60560,41.85181926907707
78163,56.472835651847404
12204,64.96893077633176
24379,39.346761794225294
80936,33.20549087478549
19256,50.99829360508017
55998,65.45745239956726
25983,80.84274205763225
71292,29.9945754473284
74463,74.32790386583586
14154,62.0877639704248
100461,32.102982916076165
90073,74.30903824512681
29227,37.602334555368145
80441,68.03539937386222
95491,46.51727618611844
89323,78.30176935950314
43816,71.70225294986815
91971,73.52341626022384
5286,54.9847031177352
15318,44.218342804836354
66334,38.68609152176295
11980,35.692137586208844
83198,39.3235994677578
51389,74.84307318523207
27512,47.82215399577141
61418,36.1849931218661
88983,62.21363468231262
33962,42.51425411569192
23871,69.71771989915632
7430,45.62419563277232
101371,71.90995834634487
69334,61.04680922663917
30053,60.092586626147884
16004,83.19353832267052
16563,39.87274723486017
46241,32.521996136842475
26478,62.14769907815247
4414,62.625891239626974
69557,72.50846407483039
28184,61.95052470007832
71561,36.23181640744247
70272,65.44305400032184
48808,59.027327900507174
102110,53.460040679816544
89275,66.26805959512005
97646,67.15080560745855
59444,97.90768413595583
101666,30.777338031638152
37513,41.786058780524584
100297,49.33328026869846
42768,48.75981435129985
76713,37.75568959035664
46102,38.67695514001426
14096,71.60637823542481
72051,34.41605515582662
72891,47.80615137761589
62452,50.14967494952113
73766,38.855474154608366
55523,38.37161514266743
23711,62.69335639360834
43710,41.26058829676627
3316,44.500884602116756
56564,77.75349995544548
12014,76.87958742012118
56780,46.19679666518075
58268,33.129761352129925
88861,70.43778473393216
98312,34.66320888530923
45077,69.71526440589409
64444,70.17781226784759
62303,37.46862289499209
93321,64.34179024841659
9220,62.69093902189749
81219,71.34010774703347
64185,39.366300100943306
32228,57.29594851524227
85537,53.77368087115896
90266,78.49077518378499
68500,64.27090892404519
9255,28.394152518336423
59883,64.51230953300932
69375,66.44114913083764
64707,50.95572317403128
28891,42.961717548269526
49446,45.853638694386326
28377,29.722315373724037
96640,52.469234971187426
52329,58.82047876654775
98069,39.135598613909686
85378,71.12696534587607
84764,61.5285010857813
38928,35.23149297414503
36614,55.64330727464384
101279,44.68744274340691
62955,51.05221415705968
44787,57.50438818014656
54424,66.54230007289434
66252,65.25569500683159
10911,40.28446155523457
66772,72.092909767429
37127,47.21072338570991
19280,63.4189756175488
32605,56.697166205386424
33318,42.70525741932366
64984,42.26925202092245
54031,26.047528226651842
5234,70.11104080721034
34264,29.61357523571317
54432,76.06128716181885
16788,83.33643798265369
75654,33.51489405315283
26939,62.59268275072015
64590,34.92926485629959
96318,51.74568130267633
86409,86.04281443991994
86316,58.5937759842178
31876,67.13994635944505
57858,63.89942620336663
53477,80.94148433282372
4456,35.92960084852853
14250,61.183669004100615
18474,31.830138045222007
8939,73.50544863273964
9763,39.63586290846766
16776,55.68332893936628
59123,80.17608023033293
86940,62.7336901053958
33978,65.26140427418532
60473,63.09576049506403
67384,27.566128729660836
96897,39.268114361985546
19981,23.72320468228792
45743,73.32822660846772
50897,59.16806804585411
85498,14.203479235933038
100278,32.307608269694406
9375,78.32104906698846
77493,30.599834179223773
78011,43.544506834439474
23276,62.33321712273037
30011,34.58373998856506
59542,41.406347429746916
84575,42.87085647184348
78910,57.56861817831532
102547,63.38542524187814
90278,39.660252500910566
79782,40.25358290196264
85984,71.66293083671414
20847,52.231823144657156
39244,62.117271938220455
16620,32.39052041745758
75050,59.661977856002125
28587,45.55433029606251
10732,77.56235897019685
69436,64.78946799314365
37122,16.77285439622134
68814,60.627697457249795
88422,70.34287055667517
44759,39.93519198662728
42239,80.65913406982173
44340,65.73452864402933
86005,43.34446501698015
89499,39.46600664387981
14196,69.88385663405401
28098,35.970535157768474
56799,57.90151581096143
66946,56.2334588265398
98411,65.58491291378972
42904,61.282968815782
34338,55.51666644830029
95341,40.97599903546061
69046,75.59083146065768
29448,36.71550101304763
28664,46.19095866771892
78150,62.673477258369914
76722,29.502482433312505
53740,42.191573694592634
18057,26.246741137791254
11949,41.55108954675267
27220,31.86470040971949
23663,27.411780305577665
53720,61.35637006433125
73790,59.321458819859956
22664,65.17653162216506
12363,60.70742517729569
64269,75.06230589193066
79833,72.18309789795481
12016,36.67670786607619
62945,65.08465493467168
61846,46.937749682590166
99269,59.41917024755118
11676,53.91495620680232
61838,29.38599622405892
72356,35.711627322771776
27618,45.39149273645069
16585,43.5154590594255
82898,35.47947378344277
97440,18.331892235896582
62920,65.54172757840226
51460,28.445351427399586
60207,37.20766228400756
72951,47.713968018477495
18417,56.41662352820934
37699,36.420090601065056
62898,76.88532439162731
29892,34.77014409717826
85942,79.58748643782394
55566,62.49947480547358
76652,57.909391065929164
69743,24.693211605944185
92765,38.95692201938665
64191,61.94703942520758
120,47.91005420283283
5580,73.67060369244128
78739,59.72174739924164
88127,67.3312698782023
27096,85.87807840472527
11634,55.40737942066701
73479,51.05934569324404
69765,35.82448716954565
99479,67.79742283174278
4945,36.556374846906266
54856,52.83792433475685
95894,39.62409029297615
95233,68.09766156774909
58505,39.09021584647824
31782,32.42793221661292
65130,57.96098196391268
27371,72.96118847531872
70645,48.09909723228701
73607,68.29588137865872
102251,50.46240916426487
34971,82.41135971057037
62265,37.03354259106171
35578,49.45419744534058
11883,73.62345144287833
89384,50.62560132163772
12471,47.98895265448662
65448,65.12816805114392
82527,73.1525268467384
58305,32.905769092257
31579,65.17571651166962
52475,25.73475229132447
88941,61.05666934073666
7676,67.419419791546
70426,37.41729628600154
69270,77.81746825837445
9746,72.97394191432657
54731,50.56824049423555
68612,61.54033173495628
9292,50.31885899136202
77813,59.58382046524055
102207,47.37983466354389
8054,31.600121054285143
95578,35.154910206459235
74903,38.714981596256926
48852,47.430417768276435
1751,42.39553142452696
69869,65.51123257854701
49787,68.86864084810642
36285,62.828724195672606
7412,42.428899819317934
78120,75.13675103019473
75830,35.09426588878506
49695,66.87590103650903
10330,32.56283694191125
90998,33.09552436411484
99060,79.62182264857404
62938,30.142834858625026
59514,73.3497014942439
97516,76.62108177492567
8803,75.58268663482653
8733,45.69937088271419
33328,48.197095499549256
27922,28.11181546014528
23610,35.148914290591904
94888,73.46099327816836
29242,58.60329621923563
11890,69.5274169291556
98507,41.83085548094193
314,33.51065632653245
75597,64.20614005244624
98125,55.0263026248452
20138,33.564739557555704
92735,67.64084940040543
16401,20.324273725029236
55736,44.61449866689051
41482,96.04504942071794
47475,71.76461125395564
19310,20.701870268524612
42676,39.113229022776245
47746,44.35750918484522
59024,38.46885848671181
68857,45.56911615898569
99603,32.46192037331803
66368,80.58931714800268
16935,40.92564160651092
49256,70.3059277487614
71397,75.19539093811316
59704,81.3072443644016
68232,68.45122002398962
62281,55.918882140748515
62450,76.5373958831817
18087,39.24925103173613
10377,31.920949093336873
748,72.03545460598546
181,59.39715441651027
24375,63.044852735792
93212,59.39585318533922
89290,29.41009503794949
35123,84.16969636582866
14613,29.350542317785493
20769,36.52577953393953
51834,59.20943072322278
100816,61.5260378244967
40357,32.26302989838467
57963,48.43174669059604
15218,62.51186772990354
69459,53.19095817553965
63987,53.21577914466526
12378,52.370937450790464
20502,16.753778711897773
47385,84.90788800434393
58812,36.10101952334103
78714,76.37150326811789
24467,31.5421279906466
45907,48.779592055658426
61078,36.53386045517761
60292,69.62924165718123
88576,71.65567883573323
58999,63.29004748513695
77647,27.08517480704473
51092,79.00606709230337
26337,29.878984273659558
81076,71.2359540603482
58532,74.81402017093083
39817,48.130927823013266
834,63.879749433019406
79052,61.21460234555093
49894,56.58009745647085
73877,70.52164479310069
72617,78.5560605512657
20861,72.89539720969536
97398,34.82555404818281
79265,75.7710320717274
39900,64.163244840811
73925,26.201728851460523
56324,63.89465114003574
22420,24.574847538946305
77538,60.28280017931597
82955,47.31358974524366
68518,51.42341679511446
39165,27.002934100367998
61774,46.625255261035036
19393,69.85777788841281
33819,57.47264823096183
64156,61.93005033056987
76591,73.41137184262087
11415,79.7407557229382
57371,45.62256825788147
61869,61.70394935394656
62441,79.02710797756164
9548,24.667410736156384
75000,39.06061351917752
64700,47.39994174770861
98382,66.38625548597824
5577,51.02139666798758
60739,36.67173624109882
18005,45.186635924086666
58752,80.12125250163822
9085,83.78745997521905
85639,45.33620625665115
72060,71.95211569001705
32569,43.06665158861228
72942,63.740498097437325
26377,59.15433147632482
27793,58.0766634323376
72447,58.013808560770855
11271,81.27596296866119
24810,70.52157855033019
80892,31.888714200369485
39339,30.83205678796166
70735,76.4614622277881
91185,74.49865973542137
82379,34.87771629700266
36170,41.996305246755185
74920,38.14152778707612
50880,61.450891303391316
101422,64.10083438984856
70803,35.1884595785517
10832,58.30571624013244
47444,51.74032532047687
95365,56.73384571635402
16807,28.366229487752605
91851,44.48732098194136
79888,75.34220457099187
69047,83.68620299814077
2700,67.44863391805808
63677,70.4495415093102
44556,34.36512574984424
57245,42.736611970575595
51210,61.16618035035123
70795,31.952027763526388
86836,43.864915185696645
3012,46.57555986650041
62983,45.986931177949245
53042,45.00173510910649
83723,30.404069703408265
55101,73.57973299372404
56670,34.01008321614705
93145,67.61625073157947
68220,69.99868492038212
82947,51.818786581559635
60419,38.45166211683316
78284,43.02236551954209
99963,79.62602658904952
68742,65.8167966025527
14639,46.30943298591057
26784,61.11256045582636
43664,58.51054158715722
8870,76.41650920833362
27885,58.28737983344197
8467,32.88506600537309
25094,59.94879699844817
26340,53.37099370732459
74568,48.3548296397978
17187,72.78611255618195
157,61.38032503913115
84664,33.77208921883455
60401,49.730173477832786
86200,63.73655794337486
19243,28.13182664858421
15467,70.90637371805565
21071,59.10868848798498
84788,83.60882784056425
53204,46.62739314886492
38709,55.53251015824506
51077,57.686238383529584
61206,23.76403648497336
91699,35.60449296578018
61389,28.88354944083783
45325,75.82877235606375
38706,46.10350993264398
49822,75.66280700895213
34063,31.960351931793898
876,22.327589265936794
51208,52.91341018556044
72259,60.34475226176135
44606,30.351775782855096
59017,58.34672492327831
71266,40.621850020672284
83810,63.60771539578397
87102,36.01014419058236
26918,30.879436229442437
43046,50.063320933174936
69084,38.222006638323954
59963,31.547927703128863
41025,63.79136314406641
4359,24.42078430135473
61619,77.17581499703628
67580,62.21637608025624
32681,78.03352198640675
49176,16.144250730841993
90143,78.7054930117106
96219,67.30891641421499
78899,63.25142160520778
97690,41.007057055252886
68299,43.97394211872682
10729,69.05393233829561
77980,67.6106013481839
60420,28.941647373746235
17412,9.862586722529993
15670,72.84232827452412
47432,39.20333348051375
57670,74.60490271457941
53113,51.809398017105295
28694,33.21343360363589
29605,28.507663843133514
59743,64.23616107088323
58019,66.61640292011714
1947,76.94121375835849
24175,78.68972578582884
55777,76.23999423230735
53169,77.3008141876754
99347,55.53099882342704
2976,74.40977728017413
14389,75.15361796394015
86152,65.67804390363563
14638,38.88693909103887
89796,38.9734762781643
77191,59.25250890544925
101024,53.83089028343858
54003,30.375978708320993
43716,70.05433122744694
96990,37.835614091708244
73464,37.640682968338005
53007,64.9879325256874
22376,34.00704471819286
69753,65.35485938505042
32509,37.793447968928646
56791,38.030950876741116
16882,55.663803390988235
15849,61.31448240054219
44708,59.38018387588954
17929,70.8406018865586
89409,46.55188371584276
23759,76.98345258912643
21130,72.58541222129398
7032,64.38979950588491
83185,13.654979794934128
72619,83.71070710502343
49918,51.91229891402348
5237,31.587527509065865
12929,74.710479614626
76309,24.61974724037063
7670,40.855355389504915
51960,63.90444096040261
45744,41.94962464591346
47259,33.415033565397465
32606,44.41414816260539
36705,59.83496789032107
22887,72.25153117217148
64467,66.02948174260311
66992,41.39612880353265
35992,67.12100287357669
74884,73.28625184517256
100124,44.62317229608139
67264,46.900823185939046
54466,36.80658927012285
44720,87.37981997995092
42989,40.84645469331084
29451,59.4488010809786
9640,81.85524481450511
76985,32.40314803707268
58037,69.96196156231545
63621,35.8491131422814
62752,57.72963953265345
52783,25.28260194600977
97394,35.10513985313759
17864,37.13104883844254
23014,79.13538939293875
20547,72.51008676776715
76034,71.79856616648316
60340,50.33248517780075
42846,38.18186576233677
10000,36.05669109520898
98798,62.45346553849415
35247,36.49822426043159
97018,74.94025178737826
32646,25.89730648450509
39313,27.288195833729276
69131,66.84849411839403
95676,0.0
42173,40.61672877197847
40906,46.63576016974481
74461,30.723638023270567
55433,42.94605213805374
95788,51.31419761476434
32144,53.70955776520347
38421,36.18751882427768
15594,45.6885705952582
13394,27.93699429234968
38600,74.80622329703631
12323,64.82167678565294
36239,32.64061760823109
85149,43.70316715193967
39053,38.86977420708773
35351,63.67119964521642
39600,50.3364199546712
41318,42.31232222866957
69957,52.34332038112764
92142,47.894452159328054
70051,37.180237824586094
45257,62.34785604660395
91372,36.01054568036007
72058,79.68784360473019
90616,46.45601378817521
27024,46.32569094681628
11577,35.17914058384085
14358,62.75239549399676
9600,32.265133436556795
82534,64.84405557028506
2259,51.33613263385137
91634,36.4943433358256
89465,75.21695980545687
38329,58.216299225769646
1099,47.89359257602565
50940,78.72867780334879
73442,55.96636141285469
89789,63.0898960361586
21197,40.605527008284014
29762,52.427669789831825
65719,67.40476077795313
78750,82.71475963580026
79182,56.92256590223651
28661,65.92051023878089
52308,59.61254680525399
20255,72.300991161957
55219,39.004922888501746
42362,63.6711095772064
89991,71.92937198027934
3634,61.992118598667076
95441,34.30364170293309
27217,30.72051855700364
34391,53.757695703607595
12667,56.0808941950987
57286,65.74788368535894
86406,35.05537884918997
41314,73.6293260773574
39222,52.26424156368027
40272,52.5386981175283
49095,97.61153618968434
5364,39.181024056185
55083,37.12789608617749
86450,71.65860167668554
80369,40.506386576042665
50015,53.34149547401218
79560,57.034468889819195
67845,76.68236514505358
63355,70.73297519514395
25682,41.1523835157874
68291,33.34520334569577
34817,67.32076663428421
6007,44.15572842092422
44002,63.84975747742712
26042,62.00190905977638
62968,64.577398315796
4122,47.30260854581549
90761,57.48412002598125
57051,17.64285986602519
87050,64.69790301760585
91495,47.88547446994668
15069,70.21729030917791
99478,41.149134818484214
38438,71.96258356042067
60663,57.89589594413175
7826,40.935633186658144
39094,54.500080800401264
36868,63.2764668070742
28337,46.03138569101675
91892,70.04500014403449
62508,44.89104880365771
13772,27.931632364105923
60854,45.50716753650166
9599,30.740284228552685
30827,54.59062178144299
76188,49.30256750067778
98065,54.08283770508032
97542,74.1572009063203
20673,52.99182828693266
39120,74.11416002078661
12812,75.28061992264293
55124,59.47147406652971
70275,86.15380621131433
58365,30.468638059620986
33706,59.81357500712025
85412,88.59474882963124
7889,50.428778374163706
74797,39.78181412574001
28939,39.09248796003849
64940,50.45567823197633
102200,29.389396455218545
26107,33.89673606789414
55995,56.10536515881417
52588,63.00006003236018
46312,35.33373980120323
39658,45.09100718479567
72685,41.60666394435947
39768,87.14444262634453
80967,81.47711967740123
11730,45.18996458178131
48344,31.06690479893837
98681,83.72500619571629
81694,45.24063497818302
21236,62.5990519549175
101777,67.43479430577794
6293,71.06728593995135
24525,37.23728363575271
81271,45.268484261073084
77177,80.7775817246046
84708,37.823415962539116
74892,67.63658691594
12294,41.58805418633695
27858,37.46599879123214
24651,32.921290868578374
89158,38.987182071173194
77854,74.14173774334076
30233,73.9958975391076
68189,97.93380892591854
50306,45.43392773786502
3031,45.512579225623014
90661,48.222283285794084
71249,27.342622171725125
71696,71.3531264038465
91780,55.55692192811253
57940,43.71948808936093
6526,46.62275161954126
58896,64.03004706453231
91905,30.874347180365042
26750,35.99251773322285
35935,74.86738307934417
70257,50.24253634858025
93391,54.91260513001948
84879,44.660175933621275
81863,72.20833108544119
76953,28.297907433989145
75641,32.02232235223815
98298,56.07379343195252
74761,28.775384743389843
85962,39.78701746957726
51413,56.87132069506167
99678,38.6564195879896
70559,69.58263892109514
28737,32.970795528264816
77074,49.37016461317841
48393,70.60323414094191
12467,67.50122000466496
91915,82.66783938061704
88072,44.62479980470122
95975,65.95935969467673
72181,59.09177825122818
85396,81.4461579450749
85591,83.38677930070645
29340,74.81790426568602
3427,40.23018655957856
57386,74.5363841946735
10595,61.735676757527344
36041,30.214477577791513
77605,57.07405060927471
77293,30.77597297497401
28875,53.91407904833571
75627,48.489367603729264
92475,36.375560374928
26457,70.3652974364743
90345,36.33296971587246
72451,77.5444382171882
75729,62.98151093496363
75842,28.404566675461858
28907,26.67731594116799
72376,40.15690518955566
57641,48.572214222333955
90969,64.46813815728828
42210,36.090520229659745
13638,60.15925118619459
40039,38.91417811705004
81290,68.13773290810516
38216,62.26338973828018
20850,44.29167820760693
62336,34.76650843738896
24671,67.44557435581095
5497,50.848291978139585
54714,34.5993947980441
73074,51.22965297295694
10085,48.19699613407879
45578,57.70860192796404
27242,72.53376509816462
62927,69.00716971960533
88877,40.54537283807744
15148,47.60640351229092
46470,88.51356760279997
9171,71.58408757076646
25463,30.66529325472932
43631,39.29584933548289
101815,27.694980490425696
55701,73.47196584639654
98226,35.73009543944061
62131,74.32366432799802
53093,73.66245181407761
47311,63.79553618067073
94791,24.481400048138987
69353,43.58561657477183
12202,35.12769038972672
93929,80.75978364784244
23479,29.26187773635597
36438,74.33712267494606
95821,68.83184976334324
8973,66.68755071151526
25133,51.05588729545953
50515,75.56884391986661
8718,46.70795775774876
51821,66.8730367900073
31971,51.2443279228722
37011,67.04016024163343
50792,45.37345089450359
36616,0.0
76630,64.30649845694298
22266,11.573233698517772
61760,32.18313967928536
45230,36.595373625297285
22560,35.51668826368815
75007,50.68282395282768
77404,65.8798978121881
51663,44.3914091955601
78352,29.326014016395675
32744,32.518006080516095
60378,32.4579162867832
80493,23.140533101780026
66534,29.273729344970565
27683,45.916454852484975
36666,63.41054823679262
30977,65.24042928951268
40695,73.87629764198248
72165,42.94049077763974
7987,80.79502624353819
26415,44.01804902903755
93713,57.786281772969005
101477,23.144060008947847
34913,71.26344238925267
41306,63.50598679877114
71097,40.6365355621961
14321,51.06476510658453
12055,50.67760999112712
56706,72.27400733585664
22082,26.065807833430945
53410,25.7229003048029
11763,17.94109446107827
5530,72.98818684608418
85002,63.68901856648337
58011,36.76494857656192
50286,44.44155436797238
65695,44.4536981860003
32270,73.26603018828575
36463,26.310489674747004
47851,46.03285246354881
90748,71.60571813560708
23189,28.256373843360613
158,71.39694466731186
61043,57.15892877075067
3358,21.085085841483586
78138,64.30150996908844
81194,62.235342547909454
93917,27.4348964116325
42731,39.823246827554144
18450,30.98777731130317
81169,41.736155259836664
80721,39.19245206429602
64568,72.20999599119092
58088,48.70444312863762
56600,46.98915979059191
85759,47.66600657392128
4361,60.36779439718339
45126,67.67483819401683
99961,73.49735126599863
101486,41.6557488707767
93925,64.26512771430147
64634,78.53335622954617
45069,36.974302305686656
32240,40.05301951947836
75698,56.42747527426777
59773,79.63097108879363
76148,53.52171203891439
79924,67.51225440945251
94885,37.900449285061114
87951,42.501480453948844
46661,42.64096592021597
10151,51.24337733743308
2984,66.84449890122335
55527,55.79136277119879
74107,38.88574249101701
10622,73.77254733177973
29556,65.96733443512838
10795,65.10721907353762
37680,34.926230458321214
60571,47.07017613367289
17830,43.5400280750667
13227,88.09427951566373
10233,39.81223704802632
16636,54.712077050162705
47466,32.08867758334159
57233,42.84110094130046
71507,31.820945422727206
80319,61.0766534508654
69192,65.29187171657922
22737,41.367867549496076
32315,44.57540646437249
38054,34.512042913273504
25067,42.473249683659574
2831,31.018571564568003
97731,81.98433646855946
66348,44.2833074701616
15975,79.69154101920515
36789,57.48746519237976
54158,41.34759971807262
20730,63.670230022556254
94183,54.500297622361714
21622,50.80831403833179
14270,76.15751765246975
16827,66.93955115677312
101811,45.84483285907506
52743,58.342897453967616
5168,39.46578803724979
46127,70.5262421915983
55561,49.78882941735743
41132,67.87001056973757
47773,64.3190010036472
13568,34.001025984024565
23542,43.6883719349791
18080,65.473293230664
83638,35.68628542330082
49330,82.48408651120266
13451,59.839649911744836
7115,55.725866839942455
34093,37.10046682202805
3007,25.905152292139128
23543,63.92996676372674
99459,41.33611811925033
81295,76.2638035636605
100505,22.162414736143212
75793,37.09393077829018
41619,25.387056566513277
69076,66.34549325525956
4366,50.43212601809543
50654,45.018138303451906
68937,77.18218836473989
7033,39.19080411280896
100325,63.884979707906126
99946,54.679808202183935
59254,70.08469737543999
98101,74.2220340744084
4435,71.18249189200688
85305,40.352821643807715
39929,35.34615050787118
6113,68.00063989544705
91212,73.52574455722325
63912,55.81633471865536
10381,22.178059143332582
61786,67.98576503703077
88718,83.84113730870898
88683,28.892927167506848
76237,68.1668267265761
70959,29.491070244128636
83595,47.427954825626124
83943,56.76751744032234
59973,73.62397428010348
42111,60.9993691347268
91314,61.45270712617105
47218,31.5088528322739
87552,41.85193970774084
28855,50.856602103471985
39401,74.41771745035305
84237,27.925994888437316
69278,39.481628059236726
23977,53.7203356574165
75104,68.29646965808676
45547,77.34611590633226
62800,77.79365874050988
13220,68.44762432359596
99463,31.19257379068682
15420,77.1369705918002
60217,40.418359523005435
54234,46.00743306134982
72612,27.352632263901206
59164,61.54218336002689
56155,44.31540361814515
28618,64.48814666692259
97591,37.84002886689818
25918,27.41164669762057
71118,39.98296524378316
68916,61.29630928084191
46378,51.893744562276
91232,45.164720055275055
59367,69.47620171875356
24281,59.679907282118755
62122,66.60469595434496
45604,35.918529970494326
19763,29.457490792883274
47500,17.049837203116763
94831,76.51724158341901
17046,76.59613723976857
22394,64.21135532683505
87801,49.081790361176374
54187,48.02592357781781
53972,77.98166772121675
79740,51.176447061241916
35287,71.60279839173603
53977,85.53085776696479
61545,62.838988052810706
89418,83.49005620989044
18973,42.25116400469697
7000,49.183165924873904
26463,58.54445171343746
55145,39.8984129804281
93337,69.86576469137944
24091,61.95914879221364
4991,49.76959180285047
96521,71.354818791582
55653,32.38585407543843
77800,71.479632248577
34357,74.27468643411069
8087,44.55846913929847
55245,75.64663128307882
17807,76.73634648182596
91138,51.16154745611128
38233,47.613202321324394
26924,27.69475176824022
605,31.578205773723827
55498,45.08969644105685
48064,28.478522625092346
26604,65.70142057641652
30653,36.657467579825756
11713,41.98431669220354
69420,24.31465097548186
22389,72.52150133613677
59225,36.47024886782305
36835,53.687199288313366
60255,67.44204649997181
79883,73.44302030910636
65648,34.681580234530756
32157,45.201876975129686
10485,63.7427011663966
40713,73.24213634801451
95017,51.02426281247752
36544,72.23309696884216
13435,61.40668940231037
21792,69.03795938764836
40388,41.65430104299638
21385,35.24390475326491
29250,39.28198129140143
101876,42.931775030131696
75913,66.78366399092138
51598,28.94652677342075
62833,44.55930129930012
72472,76.93421032271313
75513,24.500470808638102
46305,47.59103252637415
93842,25.62785554660608
39201,79.15367863975037
77510,68.33824040093353
35447,79.9802579887338
53384,33.17934708374268
51105,34.064973007498324
88734,30.880460276924122
9070,66.27528246622674
79423,38.42894069705827
25273,78.98421856313796
1197,28.416963179432223
101848,58.60041693623352
18480,26.895938994830257
37443,50.18194091384984
45918,83.22274839749751
60286,64.67945027619348
51665,59.29729176116953
69115,42.62469234343527
10160,39.488114178123915
100373,40.53695639728492
6888,78.25949998420253
97043,31.409725923637822
91076,52.68173553366455
31943,68.8944263446026
44979,80.46510387389341
23866,38.38189212368984
27145,50.48843886908515
93302,71.25535527781264
93165,68.08798223815582
67410,43.83198588019412
28436,74.50746727802445
61982,54.98326074734308
17878,79.38318815013879
51721,53.99816580761696
79178,22.395331466126805
35910,24.00031639891361
26390,49.008142985093144
66499,44.31950082082969
97550,59.46187073697608
85531,37.5219619918177
4073,36.408590188110054
34785,65.95988074626133
81328,31.863578525561184
20215,33.056624158921146
22098,31.33468018089064
15222,32.06633388070737
70271,32.21463513758353
82004,30.210273539175446
86133,65.8095183168943
61202,70.40261563632603
639,82.20230452858631
39098,37.131337455137356
33233,42.78821800708752
83860,64.72355356235755
101703,32.41654324562333
97360,38.70536409126336
40229,87.33830280863583
39982,16.14293834952518
8950,29.460628657734738
59750,69.5949081368054
9628,32.415672469233996
71637,54.63647477251015
20231,49.44197344914302
74551,80.9143279807509
87654,60.894561200852884
99818,37.20934890518959
2682,72.38813531782647
67709,27.41142185114066
51818,52.93076575652705
11987,51.309539787625404
90691,24.459539606113427
35325,17.55982493349882
54257,29.998853336316653
35706,67.92377719913148
78563,41.846242137752064
91924,92.59391552314497
24475,86.42040158460767
63255,36.900598878872664
31611,65.17450860490835
50915,37.00043815013909
75315,70.8321265234283
98844,70.79866495961974
31899,74.31219406751774
26055,76.2471674703856
53261,49.00342846971682
73901,36.41500536233241
10321,17.559638132087066
19884,69.21565341640252
2446,64.94184894556952
95163,45.63302137702213
30609,44.713450647185724
43837,70.68253717327593
61150,31.31087653526992
5199,78.16462175065132
11633,35.6752590004767
58808,64.45434911647234
91323,68.9155420714984
80035,67.99088042666897
16573,62.887265487801685
97117,62.56112826704028
48975,36.28966416715363
12224,47.13056166184135
17178,63.58363758262678
28379,57.84449827081312
8386,73.44535906947213
41546,56.29370609191068
64845,45.55568870591877
47222,76.2530100910697
54015,27.292240584571047
90394,48.258870483585504
59987,42.65340311137313
91109,27.708156895955153
34510,45.25485363865803
31023,40.80830846379802
9555,53.86470619316148
98775,50.74874247111798
40269,65.72497048022895
53846,29.062625150266157
97348,26.619687311964576
81116,63.439554716617096
11337,53.43649054713781
96080,39.4993435937998
83564,72.58573625923394
31732,61.50865001271855
36446,62.267909676657766
25063,36.700331934167274
89753,38.03466157023251
49770,64.88215929391289
21217,40.281003093211794
67073,68.82049398734279
2538,36.87477123895919
44612,24.939811024555222
74349,27.00544811333993
68408,71.66963345780403
52223,31.708623504949756
96888,34.48529758204723
79230,38.71804373675312
90583,69.64920010548089
72609,23.24363484348235
89901,46.4114964519552
3421,67.96134631065675
59061,66.82477052712687
19082,49.60597444507986
29328,42.31781254083981
5093,67.15971426113413
18047,42.08815846853812
55028,40.23518572124678
58448,83.282863246289
37828,68.13466440560924
2184,37.153358740025034
15928,41.5268891825189
26644,48.67154832208067
84312,46.494096197449174
43744,64.99375484900922
80488,62.856914887051275
33251,44.335635823559414
64143,30.6932842438622
17524,41.52496708696877
46356,43.4670908486538
65026,47.41847426796199
6964,70.82389937767269
37580,37.48512715331917
11517,64.52373512544159
59486,60.65789014636198
18809,40.611820348815826
85615,49.73613029700417
18020,69.35685899044962
81779,60.02072073847444
87215,67.746060516603
14920,58.7923635952902
31449,33.619980344688656
77828,58.112742422625075
94807,62.372721257985546
66183,82.69080078767684
17644,60.429425181629774
38660,45.89770432345254
52473,60.406150776958015
48375,36.255064751575766
38972,37.09817518156477
75678,73.27911061065669
36022,51.676858525567724
239,69.12251000802169
68790,74.11172838052966
80851,35.6828550376805
90977,44.139763032891935
47317,62.22109771595467
15813,46.58715283518996
65033,68.19371582450303
98192,31.858485897911116
80131,28.329613671052158
93941,65.9049284946708
44086,57.337112950513244
88902,68.21510539903474
13482,65.84930047446741
30908,68.40943377246202
102283,29.898653021577285
10283,66.65278003407988
28549,61.518537188882334
50785,81.00198304350684
80091,46.85558632151598
86288,82.27677509999972
50431,27.07240724714194
41143,26.72160247650188
95295,19.342108143095132
45166,48.2550586467589
48932,68.75043299710563
17389,40.40479961543083
31969,68.66721982633285
11165,33.68023468223875
48092,46.88224463515746
8512,49.55277239294385
58987,41.27070586619875
42254,63.95502894930165
89738,47.948314805886056
69056,69.54456176179605
46516,65.382177893407
65499,62.06912003283833
18167,60.29733940051784
78748,40.162030478272534
59187,43.71272583168586
70650,62.71470201892494
1902,92.69380492665722
73988,68.09305002524474
53980,34.77779284082262
27599,61.1938532412684
19031,45.223283851148416
58911,34.975011374996434
17614,48.31805088019432
70304,62.40856554552674
71230,48.25749175235523
89446,51.111801283602354
79858,50.50276571980567
27106,46.80114820771826
70706,34.52474449406006
25622,39.97895231449025
42996,43.34194621355172
48665,59.25874703434019
53120,38.72231781782226
35515,39.3533075651258
87233,67.79607129704273
4655,49.46966769478933
75768,76.16521740768329
1193,71.05788267115622
79898,80.19622916632602
49803,40.43008554877549
41106,29.07899200191836
88179,43.06096360658016
948,44.12073061356738
63845,60.96168050308226
63165,63.84707361775225
771,28.8286125456382
17551,62.53710497691773
78036,32.639217468352356
66208,32.34989690088025
40013,52.04587211676423
99704,66.07836152502011
27199,39.382374115267886
32559,52.77599582496025
80304,88.25961461683468
15758,61.233976007961566
2141,55.240026372841726
57528,51.17241516110054
74939,49.92972199687351
13886,54.91636388771857
59509,78.72967889758195
61579,68.61347397141273
22661,52.86870286808792
44483,44.481332440644294
95411,71.2637536768293
78279,66.32343173875383
70653,35.2943752515665
3967,62.83623780304763
2071,84.08183816479774
89241,54.21229945742785
32670,70.13665015900764
102234,31.032242481488282
81865,45.08827834118872
10965,39.43603133044485
50511,48.17765257388695
90137,41.68388146925778
34760,77.71991104531438
25923,48.91969266070623
53124,63.69125651962561
102084,34.9257093567214
100749,35.71432608704771
98750,73.70257837439004
90657,67.16067056220612
100271,74.06056824835467
76735,56.23085212258904
52286,24.34446529019966
74390,58.91470673283073
81906,44.87974267426138
49693,36.67844188695433
65393,68.74642014102216
100654,83.44922602428574
51018,37.24658209347453
33910,79.210837061372
6651,58.13882149144089
60049,59.27643864586779
75870,39.75930852949338
65155,61.100654620461
70028,19.55568378411278
28667,24.061800235961826
53616,70.71449088886489
53792,50.02812202814052
78456,26.903729591760374
77357,60.80233173596268
18504,45.64017453492306
45833,66.32618554713827
43463,57.32934124843726
99439,39.52766768669487
69688,80.33778930865273
84183,69.67803641837969
62331,73.82483668067825
15974,78.8473322738152
41191,69.56629007035261
79407,72.28937728074355
47451,71.9281891013882
29911,63.481160212953796
53422,48.696323844088454
279,35.37962081232792
90915,57.49823618574817
73679,80.67087234160078
3280,58.02146801846645
97387,70.35080406707884
81285,43.826502182495794
39686,40.45844635837872
33929,69.64595262692697
90888,70.65216250955879
62818,68.15693071903179
96711,72.5579460946598
56839,70.40012303621077
10783,68.46879933348903
48694,42.88796883633166
17575,75.77876973684323
51096,34.23764925067763
32822,69.84527941050303
28039,45.73152536268614
83895,26.41265252646032
13758,27.294920839406743
21049,87.2085779017141
64650,27.654368905374596
4286,27.359238733965523
72063,29.582438146896006
25241,46.23014299067788
51878,46.005735753006604
44961,26.137087969546403
52521,52.78293192162975
94986,44.73303718178308
69514,33.15034802135883
35884,36.760784433202595
51437,37.22919087239927
31752,75.14893391159254
17373,43.65513845128993
40736,28.07113731115483
97097,39.41074999743719
84356,69.67945927601137
52321,64.54452815481304
80590,55.85755616189288
96694,72.51840930815257
26513,62.87431052491336
74565,69.55455324050247
31238,38.88065991794352
40988,78.46033026661081
64563,68.3371542371907
68097,36.71397407607501
14422,73.59769339372843
61601,35.420985534970825
97886,66.1738536675558
77731,63.89624094668445
95539,12.081034607309228
66413,73.75714933020922
61007,74.85125992511755
25017,56.57371613974513
18420,32.77034146467488
3289,47.27863537881432
15441,72.3046038480478
20564,75.11555178477855
83065,30.287090540430707
47779,34.02027121769646
32215,69.73289113491705
87248,73.71716149840734
36726,58.50566938987491
2122,29.079167313309824
41524,39.000269509834546
23337,69.71862703590932
28340,72.80155790989355
36199,39.8284227230204
63465,17.55220429658105
49192,45.08356301432585
7045,71.19457962522733
31762,63.893000794876244
89445,74.38431193608508
14166,68.92458249033484
32496,70.9439048935406
85871,51.97526228655811
47366,25.233766361635286
76777,53.40400558787469
38772,61.36935339383269
51383,38.057846989622135
9325,91.68585953669975
5197,54.41070067814185
45875,61.925846748392104
4976,45.251359459760664
86646,85.89886968649168
22190,41.30385248155671
79983,35.30525099023017
26141,39.87222493970443
58695,26.648409331049887
45618,35.179372985308156
61352,75.40057672906772
30031,42.091692697174345
100890,46.89907875258786
33970,74.26026681208145
30333,75.53266603349078
80680,76.85692380285619
37329,66.82151705828466
65838,72.35000081352587
100711,54.959661174689195
76467,40.209411291276865
92680,62.81209970961084
52489,77.92619278903904
62153,65.2238880167543
21129,33.75620597817267
49685,60.388569786182984
64533,82.0650561418473
7322,66.06653129133375
22797,71.0177605295155
71282,38.53949702138097
93428,71.8985617757346
75498,36.204922589054014
14856,36.9226282151531
86900,36.210274332035944
63590,47.35103733458032
65804,35.053655357788124
41071,56.21542957963618
25087,78.97551556947299
96353,39.880073935734075
61225,39.06817566268498
48290,41.394144761277495
63156,24.274084698911828
64772,67.75615669610987
39783,72.0876002699405
54214,62.865547812299425
83147,70.34695964391588
40915,59.454234298415244
79638,35.458570161554924
7378,45.09986911255531
61748,68.43804430826091
16996,52.16315501004121
77743,72.79466807814688
52908,63.5263706920406
74408,41.55474732493225
60545,43.91356230736339
64666,38.09078037321717
17855,45.47287222930855
91669,70.52474346463185
85549,97.52834383053323
83346,53.31148128075031
53641,23.203643947845546
89055,56.074460517730955
46051,72.04763220351137
38015,45.664979042702896
72327,72.43863919686595
97622,39.603983503568045
29003,28.541395753464222
9513,50.732487528669864
61335,51.71993137478343
1855,78.17011018532297
18909,34.88995432653877
66189,38.40255431492882
70649,78.02731072546825
6997,26.720951512000664
66932,33.0136575354066
45161,69.4764644452535
19292,76.72849062058046
37156,72.89157631012802
18097,36.87241627217958
89908,59.194702791948636
68155,83.41488306514029
6393,81.63540850640648
75769,77.42494318044149
1414,43.4810936655948
3828,54.09738138118112
69136,67.26567068730813
47743,33.64483284790477
13210,62.59094625757717
68325,69.70591405437341
82395,39.762158586933
37460,78.76309232930723
93654,52.85185124465576
102367,46.577157673471206
89140,53.63570465665493
35731,49.14719963142947
5484,68.853217068162
17298,32.51870921718666
87075,37.42357723882684
101533,53.47867626198695
54845,62.29737169422501
5923,70.14269906250922
37300,65.96840211413226
2879,43.31769505285562
78323,57.636101878596385
78936,60.33350061865553
4698,41.565883497925974
37785,28.85512794508345
38890,76.09460732666034
63093,45.33498305422075
76543,66.44856366063021
17055,64.99191949543788
97088,53.01766570539889
80220,79.92162123061864
98011,29.489479909545395
84158,63.29488645053359
93848,52.948998123821795
80321,42.99117432897524
16956,62.51707683321257
1021,38.911153353023536
4710,27.199033356303776
24034,34.71896018651909
96053,41.13401192681111
69749,49.48539731965046
14736,70.1166597233723
27227,71.94599941337636
60247,50.947895256705806
89824,36.7533215779911
94554,38.61979331696016
57211,73.60618321804641
85825,67.70864987927007
17378,36.44835941832356
40036,73.1925511090098
31077,43.23546523678551
74737,27.510096566336255
8464,68.92672920793932
35208,35.292299093885546
24689,77.7912421264314
77142,68.28667419603298
44845,74.14804395115897
63405,69.5307087503711
60061,25.76033698329234
55972,41.539764527142395
7862,61.20260144501639
4752,41.39060125692942
60414,67.32435038989124
16614,40.433181219825265
93962,69.81368581639337
69774,46.3075574967523
99335,66.09197609365337
52467,64.24625486151851
46973,65.38652869305493
101297,29.738752742707486
93847,68.19350488455106
82435,59.165829939349294
94932,43.57796596841341
57300,49.35949143032509
3758,63.968836704781815
37192,66.48982028913763
29436,40.45243440864828
45975,43.28100179522805
86668,40.931809076723226
98899,33.394205118842294
37660,64.57899701544557
90610,57.275884149081165
35725,54.86445244102951
44865,65.99078550783534
83263,12.505196343255815
93642,52.042476490259915
27211,34.1979817133829
55970,59.03379157612819
2742,57.1415829387296
90957,50.099428549182605
70405,82.69381211708735
28362,28.52369868519005
73028,27.850023428741686
68691,57.8264421913642
6121,33.405720344196155
35147,56.58833697279054
20390,53.564212616404575
49230,71.31741520203948
19036,38.87252131176341
21413,63.949172595302315
84318,44.031327369403776
62147,30.729594176744655
8135,62.433603911980086
77470,54.108809497329744
100050,48.7553705246053
55558,60.75364626374562
44501,30.714119516056467
16306,53.85930367629023
53198,51.349879275545334
69689,28.80117429659232
81400,80.11011625942793
62436,33.46488215920118
52625,36.55929732661331
12358,66.2595843103073
14018,80.4017688436316
17456,42.37524159133179
60083,71.57191072537111
78915,43.67097864004656
13489,52.83204056886089
17810,29.28686620937598
65305,70.73271514639102
95469,58.95706312478002
96151,71.58183296348528
71683,37.52457072639742
83311,67.70127282590784
40142,76.32033493434949
27545,78.20806439733002
84263,75.02602206774978
71500,22.423393300230643
102495,58.47200256605005
16784,73.53701674265355
85835,74.85208700981684
42433,35.92285441112949
37919,29.134690177342605
92136,61.25747691379044
100617,57.813121212299166
12916,74.62572537559555
27154,67.4216575621616
73459,71.86507345788772
43533,49.3330886884064
5494,59.08755080698489
5873,67.4160420664229
42414,35.88900905189225
60394,49.42304841811478
37424,32.19363791970201
84969,53.59645687170416
8902,76.88348610560504
61456,83.56065875368637
17098,39.301768414033816
78351,54.16399449200884
12205,57.47231931844315
26123,80.57120120565656
24022,44.95535161578705
48527,61.89486148312106
50458,63.3049505681529
46924,69.35336784238527
32511,66.54425692476184
95971,50.475926595592384
70110,47.403721873974845
786,65.07892708637921
39324,46.43234166922679
13744,74.13480891545971
64958,12.40140896019069
77739,38.68552760488644
78124,74.04121944333559
6319,39.906995484030894
4005,68.49079456362149
82668,41.6200171460256
76525,27.84977278119557
28224,27.608879779053613
35470,60.65037420790517
15488,36.21713354318765
53405,69.63181235380182
3610,26.823561924359304
59468,69.13006087453314
73587,46.79219592320653
69347,74.60325808110014
90071,46.514925749023575
26766,37.27252953223038
81751,43.26709533830244
24460,26.379053613449546
4457,52.518450038685195
26315,42.24686994257268
7859,38.50813852632473
44303,51.17269629906838
51943,37.48500910990719
86293,27.890479158550235
94515,32.625985680774455
79846,24.861805399202062
54356,68.55668930693065
40035,37.9945249935252
50752,28.047609837990073
101329,46.11591159956735
90265,51.45245452610898
46399,45.69998627466437
8655,57.935895349629035
100543,40.76243951115842
8011,67.96182960413952
86329,43.52933562576016
80750,39.52128712035483
68613,37.67541733274388
75568,51.00659106012439
48001,56.94314037903221
72784,70.0157004854754
8035,39.71661143804493
28307,41.886507350852426
25982,37.79862369084706
18415,38.009581040563894
37227,30.579380619274183
52483,42.16280775220265
38996,68.15366986680004
30619,33.056173036992305
99677,50.80642353283533
84937,60.35948588442663
33282,62.8271112682181
46391,38.78261699013367
85115,42.707556527641415
63749,65.31683631202566
20122,76.84085947993763
24900,30.80934819906508
30455,44.73770535984558
60535,39.67944013077861
46556,40.81210737585598
92363,36.88740138290808
44966,72.20123837640779
33276,52.1097702184224
19559,36.93252264289115
78092,43.62251290899366
87088,60.965635331331185
45332,56.96300710922107
50003,60.19576777966178
51838,46.52538314047899
81387,63.41609765663118
95203,43.183901020537704
65736,37.77211793935409
37164,66.73813165344754
82813,47.98577055317309
12691,70.51585276412676
28869,75.25949040585282
84077,69.86411111941297
89354,34.793911617340214
98907,43.22125118393383
60027,53.97133978062821
1718,68.00963887816613
39058,9.9378847357974
12786,32.875980988709706
47146,63.336074369432154
41401,68.23031922927406
19042,46.22503636625763
95951,65.16529864901737
62986,29.857222737561276
12864,78.49408201147878
6510,45.38415551696069
88805,69.99723631355369
94327,42.7834654567701
49783,36.9711210381263
20204,34.770282833240586
6077,55.34823765615481
52053,61.71564782147189
2124,85.96543447314323
90458,81.4423838240824
3325,50.35503807423733
25002,60.64206275080451
11997,81.95936494318644
1115,35.723131540199496
98767,69.87647812200595
53208,31.19353358886127
83965,67.60019830312535
80170,78.41434772849149
14223,31.163372823042206
50008,58.198420680796104
92926,57.58570823251465
67262,75.66008665747597
58690,38.06341044216026
85708,80.58957615112419
4398,25.31398914716229
68131,62.257026867932304
59075,49.562968860839106
1830,8.83376694567204
44042,33.800538430182506
55882,39.63147096705318
16778,31.762356612245007
67670,38.457539467360476
62193,40.80235602830854
85736,65.4343924232633
31299,60.158201875231605
52253,62.098429982246834
32675,63.28391760979278
38138,61.0914533606271
6821,29.532426799825167
92299,38.352267606499666
14175,56.555872534790545
51304,36.267696944704106
86950,53.46558702490211
21213,76.38096527916588
63751,75.43890538095647
42886,49.41639079023824
88443,67.13219023713106
13076,52.095695700187136
67337,37.756974712236236
69804,73.69970635969189
2675,59.19486108009774
39048,40.32905378196953
49270,53.71873382474594
68932,56.94000746032421
84505,76.44182517941306
84281,60.62105885034367
43435,58.45321578879902
59534,36.55268353979535
69556,46.1624666020104
51761,68.81053966370882
1220,44.944187920323785
32987,64.11920318916448
39994,25.227471302877042
6677,47.86506969792291
9361,66.46668224718292
26425,46.211240082447624
43768,25.691688631292745
40933,62.23112172507672
56094,53.078731441070744
16723,65.54964773488385
706,57.18905320309363
12308,58.238322065271134
86660,47.52974824204216
93767,51.60748723523256
79563,34.627233460139834
79647,58.37447860725662
68976,65.22308980134332
54669,67.50886794480877
67334,52.43506833838477
50806,45.561618179159254
13549,39.01163816372822
102518,74.2472673324837
2405,41.23565814633571
2422,51.5809541834052
101191,73.10854664934931
11444,45.214987419547
12927,57.81796750704663
2758,39.842105475218915
95409,44.167573708494736
32171,64.22137541884605
45192,35.96462502628339
85008,42.07585015267578
61662,59.621203279213816
71028,32.88508383309489
88797,34.1241932168675
22977,17.274366503733127
67022,66.85577256521555
77623,68.16996194486808
82731,25.144809345863962
94699,38.25990458433344
96510,74.32790386583586
32601,41.917580923906335
97641,80.5924030539346
40735,38.59528909713736
61756,69.07092927092899
19687,63.86774453541122
15284,77.59932761331474
8412,72.73395192368469
52646,83.0807233414993
83429,35.685322997866024
67422,31.736590909003333
33239,51.53435037986696
48935,17.70664549989776
19526,75.47048371680228
64620,40.73722661678898
17814,29.431348136102
99996,18.659034984879614
10336,49.96798857607746
91583,75.30167409905904
89077,53.93971047066272
10637,34.32241617633209
28253,32.359303244443794
17284,63.472393624951636
92205,42.84221067570894
92720,34.15240044949206
69626,53.95221449477988
75873,66.37936917264409
29005,71.1364831998082
92174,43.099827480817254
82238,73.20678477845907
47010,1.7667451309866564
95396,76.29472558371549
81238,38.89186757467978
70035,64.31245862045199
20279,76.50003081638721
13747,29.231281095261057
16107,39.65790443938369
65955,67.37727084093504
38520,34.37407158668089
66205,69.38561333831944
10109,60.40428000537886
99119,86.0245144025417
36618,86.11877532564887
83524,67.5778853389636
75071,81.00624962402387
6780,48.408810618654556
41470,54.91311559796189
27435,54.22560212751221
83488,73.51281241596378
48015,26.924446319615953
39752,46.56428188138263
65651,42.3591697992198
80686,27.791284728000825
76743,26.41137865198872
46473,57.66506414861465
94421,70.46979169310961
102247,60.74150219652461
7050,75.50957279826767
8448,69.75010187058272
23706,48.41629985425601
72331,17.438528287728744
69199,46.64531963813345
36204,50.93189042144408
58239,70.93209805237333
40168,38.95142212333853
6268,63.98628442729555
42740,80.78249509370993
443,21.169886532761936
2854,71.65112154236007
58024,60.25544288721504
67536,18.326964462452963
15132,31.74582809640799
66969,37.23526530723673
83623,76.23537330209959
19269,55.116501528993226
34861,68.53578690075067
56966,73.3742277805774
75169,46.08361410204124
32937,54.26028985860472
62579,60.12287553593539
53606,78.68610367080325
28952,39.78473104161781
63471,64.78552207673516
80005,80.24925701623218
32447,26.008818305968497
87275,97.63568915700584
67848,41.38668537831972
38042,80.80274229112734
38174,58.61511688142903
70754,98.68873066698954
27399,25.121429301996766
81612,57.007499513787515
32359,52.047656377361236
71790,35.41725814538509
95936,52.453889783829304
14369,75.48265515806888
102626,74.75589343683524
43131,52.998947798799605
92124,74.24488097135188
69705,30.731005242285597
22450,27.41376080932175
59124,78.73916172731285
95354,70.94435852548757
41879,74.10518020891917
101266,33.50374000697668
97957,47.92260508647735
2339,37.95431660030112
34243,0.0
8581,71.83492525987393
5322,40.78027516633377
87763,82.46288848610021
71488,79.76976355676865
47952,31.429924439638885
85888,76.08088353968657
83024,70.52891199978168
54726,53.583851891521654
11818,70.90811449715783
102182,44.37460457091469
91326,39.609795890281966
28931,35.27529099928175
46055,56.96023218349447
71110,54.78106998503803
91443,42.80485878980667
12089,58.070606911746395
28383,75.07046014866819
101484,70.71858281640846
49150,71.3114928937106
23187,16.973147130056493
52069,39.965764811475644
65140,49.00978654139432
54441,34.615410458522604
42733,58.96572306906956
35113,31.66390585069004
95348,33.45134517410319
2349,52.335590879926
67247,61.39013838458895
69273,61.48431690459078
23088,36.67412222933178
29953,32.3693751637473
30297,78.70389046616899
99471,56.55461181526472
29070,36.467520497756745
38951,70.5606144302231
79993,69.8850339935592
40439,77.27162349202051
36947,60.38320246350281
96439,35.70814087155594
51378,45.45876078383619
80553,44.634372946993935
71053,69.95689531250446
51127,59.66219241419438
67109,70.17306411496384
52414,78.19939646875557
97259,87.19741090107425
25676,37.921026645045664
69401,45.740366527358866
81209,29.86130140618035
24144,58.883377295376675
67192,17.324029457120478
68541,56.148270112150726
35311,46.289649202726295
51986,26.812551148367554
30645,17.456806890779728
49751,40.50474263210913
71107,64.7744803250589
83819,76.05034194602223
55562,23.840770495593986
14273,69.49585676691038
19205,45.43752892156356
8397,58.89761836671444
38604,44.02340854424803
12253,63.43813499699017
67371,43.528440710132074
56085,48.045755335317395
8233,73.54216674057301
37470,62.36943392337485
7194,29.464778730629707
6115,41.192005666582816
98024,51.929318602119224
41163,69.63786578266628
32649,77.17282407986052
68450,41.267837951235855
78174,32.89637377451688
90650,67.1371585804257
31217,77.60733970588888
805,59.48756770250841
56239,62.5799787703064
78813,62.33759848825227
89481,47.874384853413375
15468,72.4131498507683
45921,58.78929346132489
82406,63.12653030321271
53735,34.0324200130937
92318,16.95188193808133
49379,71.40915034639167
3491,76.64972787622607
27003,63.326691846596894
58425,38.11718514243263
8932,68.33084698275735
29284,39.23044479117951
96014,51.56923505530887
84832,38.60466715579179
34711,42.57744289514906
87584,34.040532029410194
100424,43.56025833391112
75475,31.518304629941138
101105,36.1174262967758
481,36.77519988952793
19438,51.86341078174785
88516,63.3988493312762
47467,45.264649116803206
9547,81.7361174171755
17791,75.09034921528311
1018,76.48984865118189
89163,58.91647494801168
30491,75.79566706933798
95816,48.62362708932956
76172,80.49432125503353
2656,61.83842288841935
11151,80.30395868128348
71401,52.668234368803965
101087,75.30947735717965
53586,61.56536758207805
49960,62.86104030887213
51788,67.4968264526056
14624,71.34450057636934
6344,48.2560155312501
42707,56.11571410124937
13600,40.69622717636564
53521,29.54503159272658
42966,35.85427375992222
35752,72.3751878625309
48267,34.4221302424469
25249,36.853527557069654
61636,59.527476278023464
25497,50.56272561591072
78482,24.123455224417455
78604,76.86802902037259
49920,45.72464932755437
59768,45.63741154112043
79385,59.27862605966661
24612,65.44764896837859
78130,76.73606269340618
31015,69.51039115459876
69233,59.715849149453646
94429,76.52339233867576
61483,74.74706225894668
49110,33.572349113725764
24165,78.57926717387164
90533,54.07238656303064
70184,63.821471549442826
62074,28.081964983340804
57945,44.95513438535791
77088,76.44197154943858
54922,33.644615296034644
8488,60.88577080940934
48359,58.938160490331455
97363,23.631047949716972
81510,56.61550224197935
35309,49.500468374058926
802,71.31131283529248
87742,62.83521399066527
39765,67.63982352293132
1993,27.32045295041364
91113,26.17116661825701
40648,82.90977886191999
67421,77.16024593415383
25188,37.15814551023575
42599,51.095685739705374
85177,39.88103135174539
97676,18.840041602561556
101372,44.31351858807079
102464,66.28521222050288
44277,62.436989046770854
45854,26.910085887931416
15123,72.54037100974872
45253,60.12561559457305
20474,74.02672179016946
9816,28.42601850804869
49933,62.37743028712147
24465,39.64561446583424
87711,32.961760348764926
96600,57.55861439295783
47306,55.35531278253184
84435,59.73685825318049
35987,58.98003987585324
5579,40.81478773566994
95095,30.10909188327078
70730,70.16825209396679
41611,54.817412984514704
64292,68.6431632323208
45548,76.00898190650676
74567,29.774374915901618
56215,24.628257376162384
40914,73.0269434370897
87346,71.41427804906644
98990,32.37667774099206
93135,50.449655536194115
25589,43.76463224871237
51655,63.497421593856544
93957,29.794437821392783
81001,33.89025476346517
6326,74.59975469614895
44008,49.60792603380041
82311,72.85139326310072
57214,31.27955906043183
94912,69.57039606454614
68848,54.92449878621471
85854,20.532014086674366
7095,38.91538519178368
95700,85.70053307851592
16047,62.801393960045544
79044,77.20065073643835
34667,64.55834914563184
32261,63.80381119702545
86593,43.15472763695608
67280,40.3554607548607
14779,62.754653187517604
43088,28.544922291551615
25449,53.67458958856469
100499,36.63881486696393
25761,67.32366820939522
11226,37.951034457050994
102605,70.909686056271
95589,70.1670977238852
31451,58.8652303145566
30083,54.580772634186346
45677,69.91095676725655
63443,34.767718979742206
10493,71.87890624054126
56409,55.4552923331096
40040,38.31469957704902
30146,77.3287241707648
93070,63.05392454129192
23850,29.089073567678508
22430,50.790535539802846
94018,57.21925797418794
12418,79.51882700531266
96207,47.01491068776248
76655,37.9451593846582
82949,65.76067728490656
55282,63.4544117827588
66993,63.794262551893894
87150,34.38950838375877
62389,73.18196507837791
32254,36.2885026254673
92047,76.49577215452851
93153,40.524083965211815
41153,41.09918073891819
101204,65.0905467586003
99844,53.816960630856514
38619,36.119905896449275
7775,59.59514193697598
54329,34.454320954682636
56528,33.19053010158285
13823,49.68355891996837
71086,68.71597254509331
82638,69.07113026434669
74753,22.89634470302946
2978,39.47211624163764
54367,78.71373776608772
43822,50.00988679815718
49969,64.90042144628671
97125,68.93479466928994
42128,63.5259501150873
65890,75.4943390563987
31735,62.900493029127986
3360,34.016296128517716
7843,67.23087479576034
35942,48.822495829199525
576,67.99386890395576
25574,81.96566369060197
87332,55.01152803378204
63927,65.49906934162279
68381,74.65691161943084
60098,54.44895199539666
60596,33.279082276590934
27283,63.76951020074581
50836,33.31516717202945
24656,59.5009228125794
37502,76.08002221256669
18013,38.18529380218551
4660,70.65722151667819
68744,43.784376395068
104,52.67491167615326
4867,73.05161608118749
19094,35.52111638246238
43720,77.8075303058128
94763,73.9744598464614
74720,67.85334130298978
95483,39.83919531711432
10558,58.06194971166386
50514,73.49126737918552
39580,33.09549895951726
6158,44.43605723451944
39538,35.42855594301387
5462,57.33431267412839
53968,67.22143376851338
95278,24.086125327375605
55919,42.702915420365684
80980,18.036146177312087
93287,78.02488139226219
93418,68.93120946927627
46864,58.84179302915172
62070,63.463957606316285
79029,46.409743668281166
39351,81.67155673712574
90376,41.22503012618548
26716,71.95726213648446
99582,64.86599600311075
61706,62.65087277954186
24138,67.73139826841802
52016,67.09669158689285
11783,72.77958704395687
57692,81.05012368098492
30661,87.87114639233306
56520,59.21383792844815
30360,77.61791839196633
68775,65.50155994428923
53073,45.35002017327848
51662,33.109178140595134
28291,55.420142056330086
44353,25.5962177906817
70749,68.78969890081231
79183,63.80793275268236
22279,42.497856343583805
62100,36.73786386383479
90523,39.56211436678258
90431,34.392327192809134
27403,37.43739410257459
84922,65.35268350963815
86672,34.54810345087121
24921,28.547549804094515
63691,97.69493235849043
14944,50.58063377268273
52999,75.62925510350543
39590,69.09038776256668
97513,70.08383293062485
24413,59.796769162957915
44021,67.94642015904903
69734,58.71203786009613
3736,78.36547057729587
90936,50.343191909695406
17741,75.12673333487555
26855,73.01741206145716
1480,83.10949517642808
37239,79.06422813694405
15949,62.733892223110345
41625,50.132531228760335
9060,30.27757887424283
32954,81.28172979743209
90307,50.01735052041987
79238,79.30463296419924
21818,79.80107364329658
71131,72.77499388813061
99902,34.201978405405846
77578,54.22153412144752
24730,70.76940657507687
62211,32.42042161717864
100515,59.048783298835936
40895,38.04520732501435
58322,30.342819929908536
6818,80.58935714725698
101157,64.07385043192743
19824,38.05752681397331
54268,45.57982150656567
18619,61.61576981392248
46486,58.481374113311475
34304,32.366855025837125
45427,38.50496251328912
39186,75.60270998478492
14345,69.04832704755596
98868,45.00210965893775
91932,39.320393077687896
13002,80.514020191453
64895,70.55773144361581
48315,23.3961908015554
52452,53.36968765714146
99206,55.809570639170246
54363,68.19713150596746
16197,30.01526105453464
3419,75.50731648819817
72141,54.59691363150456
45134,40.66752563165254
17030,65.84774438497607
101424,72.52598672915781
48609,40.980220025477976
65302,67.86011512472815
100386,70.95086662756903
67147,32.28224129572554
73543,76.07542628038195
14949,36.630456659158334
99761,74.16578640579566
55517,76.82299413425335
72957,64.55135164717711
42604,65.98900095614025
92954,71.06382323962094
78760,41.020469520717064
69475,32.097610987476905
58470,64.96374566158349
24911,38.48627836640324
2143,45.00966480781659
27055,68.5440870691855
92959,34.65783155794731
39845,64.87529736697401
6986,22.49499356801102
55387,73.59638034496507
79564,58.05605098912786
65112,40.99015413633759
76170,32.988784717618785
13642,51.607122533649445
4106,74.96195616346972
45827,70.53867797674563
23162,74.72846756812635
23199,58.78678159574837
48747,37.05420271011333
2129,79.03269380498706
2229,69.37401026687132
80725,33.64593794924859
93440,46.10063477709235
80864,41.30394800532179
33284,48.51096049089311
98204,70.08802306089416
78473,41.53482734501819
58378,78.4577573203604
92644,64.79715983427943
41466,29.938019587803396
28414,67.73548423397501
5643,64.0928659404085
33516,66.74087518588576
78872,41.50192356660801
85797,25.577069514648933
6451,78.94017501372798
85106,41.74680860458861
96021,74.43924095285706
21762,38.26318901284119
48089,73.65762859368891
24099,74.48905787840503
101236,63.19683171800514
7453,68.67634274845537
8206,73.76549332598124
76057,75.56444397273748
11666,56.22014093333898
28258,32.22355456597186
45334,36.16402257413649
68321,23.423100264447967
41104,34.863167144187415
76302,75.53095971059385
14415,71.54537716100603
78084,64.65111466549644
95793,66.06638375779069
89211,25.232872535580462
16248,38.60622396379652
66437,67.20084675912742
82624,74.57049373401695
65257,71.33375201467022
9653,64.19926121440754
8471,29.312183395413005
27494,75.39050842488847
95549,45.445922819252104
18528,24.565303020781748
20117,37.305325226268664
37191,64.3492487488211
91684,65.87990341923934
62645,48.29850097271362
18491,38.667324521788466
26974,70.88747061019468
1411,49.56993479378289
30677,38.66573676858352
78464,65.78692413997874
63141,38.34808145255196
52997,51.78466496184947
49658,71.67029618851086
47517,68.90204149826508
2219,36.30869918710064
44193,41.94606746031513
95964,50.551212058958235
74263,70.91155859434386
65235,82.97214148058009
2658,39.37490403406703
42043,68.94660863382069
100680,32.26124994369481
73127,75.36025342184034
52086,33.38632569063574
43874,61.757638846558784
19349,36.19626941827369
15174,52.49380103654194
55842,73.69925009212793
40469,76.6644614862562
19957,45.69183932179719
5488,69.59839773684303
58031,73.50344396640585
65194,50.32576317736174
7659,78.38638433703102
8952,45.47502643326446
57162,47.38471227395193
61141,44.99445238497859
28945,54.054632980255505
12865,31.8189811439815
15552,45.20890166298231
61962,79.89701558741899
58134,30.68173188998406
71555,33.57502159725132
29354,79.13581390741044
22131,72.61062445176252
48941,68.36141393460531
29931,31.31674584544803
29010,32.056204234624836
77252,64.1418880304835
34088,93.82260866749183
69896,53.862218592421826
73450,35.642158119060134
78815,67.31400750980066
71042,69.71891391342076
24809,58.95712823376445
86793,69.7881757872027
6706,32.30774623502789
5064,37.2308962987485
48067,32.84765370714822
78091,25.985683127153273
68494,53.430063772413
95630,35.772113684315904
17590,70.0960482361906
33155,77.96480812506043
20089,52.21789606713279
54775,78.07470625594115
50424,59.96443574067741
76346,38.83717378081323
5935,72.49726928290342
26228,51.34201069463585
37735,30.923558772789228
57755,74.71893533539603
91017,70.34261391955908
33159,43.36855608860244
39038,63.886106302545514
66061,80.70339340622868
93166,69.56473132595158
45048,28.3822652719563
83150,98.70130099872057
31806,42.83401734452322
84637,38.88399939744319
85308,64.87814722997074
50551,29.182869370555544
94048,47.489444595876506
83238,34.32974125658325
46993,57.013183392480286
96967,49.28467989311302
6957,77.00843271891043
31455,64.26037364380781
66114,54.27288012132044
66649,73.81337130908489
98407,67.65079308336168
64005,54.28132886416435
50768,42.397932579953604
11781,63.922903518016874
61644,27.09023014186338
92845,36.64677537350787
97510,61.7260027534586
71129,40.074486653221584
42558,51.76736963866644
4368,58.554789395263214
47635,66.30259146975256
41237,62.23051168109444
31958,52.7358244370245
99661,72.26926294280884
96326,77.19663864159864
7432,37.89355810032474
50225,25.10597478033614
18976,39.61949809569012
28815,63.194195906664405
27863,38.681827363042544
99756,68.40044925470247
58932,97.67245346555798
77206,41.459476497649476
92464,38.85703748964039
17455,45.44383577558007
9781,75.73332806029839
86737,69.97651562214219
95557,44.85422302269362
48255,56.58629566613476
56757,35.02753999799224
48851,69.17288161647423
25092,29.89522233289634
40603,78.32686747916266
101262,58.911601537085716
34923,69.99889775139349
98124,54.427874920979676
45585,44.99744586940592
4707,50.34248543813069
95513,38.150629640936586
8098,64.53581334601213
29754,64.76544642834584
102233,61.85813135007598
38826,35.494096992451176
11620,21.959131476623593
90882,54.138135628976954
74971,42.38781604848745
94654,80.42210949661163
96546,78.0153374174338
73497,30.750286014703605
97026,46.867600306208864
14559,34.85755512509929
97009,62.021502954060296
49438,56.48621593175534
17312,31.634745958919883
35864,67.4429319555617
55805,64.28714911137872
18075,58.53465980100496
98291,50.408517287367104
93473,58.14955657132316
77543,84.07080733407844
93297,67.48776793857033
63101,78.5750764937055
16340,36.68043984235238
73019,41.8626295800359
7570,33.90379019744559
2413,76.7416901649777
84421,72.9430580384757
88308,40.57744048156238
23779,36.7506438930233
26186,62.77342588491922
64423,28.756290471769823
92146,42.26451458406853
63724,15.353372009646051
37325,71.24052601628708
55840,25.27752098131944
23932,35.51025595491559
74834,61.149106180930815
14800,71.46352342567988
98975,41.16530120654603
35324,45.087479684413175
1471,73.92090155193317
56380,45.43832579233414
2181,46.41803401336756
38072,39.01212873559277
94076,64.64857772325091
81708,72.8544725519906
7905,42.34503739651636
102047,72.69543974103149
86858,66.95922099916714
25912,65.27477460911001
55660,36.94497474455179
60169,84.84465340082049
39777,63.64662494874227
33141,47.14930254058693
62346,46.211693391198224
61606,80.61033142028202
83781,28.1740034144734
63177,63.20852221087987
8755,68.33615617646537
22638,26.08356384689434
85190,46.6694265063136
38974,51.82177674267825
596,34.85153757352343
63960,30.792196734304184
97605,71.36704726260398
40716,46.288227518291556
57155,27.495021869389973
98451,60.38852929986258
86218,57.162021280710405
92983,69.08157367996466
57329,56.59020985963831
98398,34.62355826668587
35440,35.04579656577419
4374,74.17549004150202
23402,64.16847852646647
44762,73.84185331305272
53294,63.56531211177171
78573,46.72526416168541
15286,43.556835443889796
19219,32.61507868224358
47108,80.47741947410978
16848,35.4984792776783
50181,68.10374160570677
71678,35.06931773479229
22941,37.11324067117699
101050,28.708798541528836
62538,60.88990309326901
39583,85.75593653051496
47742,68.29705420490419
100734,30.03168177172992
31509,30.329909623688003
15827,64.71064213850096
41453,40.304736291963856
1850,37.71493346439408
68190,34.137494666886724
60794,28.313507917834514
54293,58.50581528030429
11025,69.45357134518768
84326,54.2291459285389
74612,21.127692397778354
9869,60.05618922155612
78891,42.761498751200364
55034,13.220896805663138
47803,38.98025356825862
78030,62.09860859938955
7990,34.27340468413594
22768,58.721359411773875
65070,48.076296865634816
20763,65.12395579834484
12464,79.3477895148554
17634,42.03727181899089
47921,68.11558152683942
71010,43.72811168809448
61146,28.951710040703976
37686,73.05682984377069
9287,61.40186830073579
47818,86.32093006581826
27983,68.41956516804755
44650,34.17332851851035
66895,77.01834778874255
96365,65.28709976505087
82031,33.23276207750392
51052,71.05608116587155
102664,43.92173204294578
7587,39.99551262418309
51102,60.533903318043485
74060,71.70456383431272
34842,68.18820824023379
92638,64.91859227336248
18964,65.05994979973805
8855,72.19234093403063
92693,68.96400013612764
4823,42.881650364263294
57717,61.15679153191239
6670,48.65907107458789
89498,41.76839238254865
30591,75.80458086482055
92819,64.68493223589817
61033,74.01662290593626
11759,81.06923994829472
11445,62.95332305594874
65185,59.042695563220065
45252,28.864066564591052
63493,76.15270779464873
50636,35.69317087699119
53519,65.65102633339505
40094,47.847578323388
45642,60.16459702900382
13505,54.877645170235354
5329,27.92144401484506
7411,31.695089357075936
2173,33.68983355750414
822,72.53105309401104
39443,51.06604800135031
82528,68.10022557335641
99378,44.709782020655
38888,62.34424802569542
25420,43.19779357526828
101657,31.449945472697745
15749,68.83078870719976
32558,60.76003712561508
66465,10.447663407401183
9963,48.199137849406654
14678,38.84769668265132
10437,37.66266882405555
69288,66.9827536004664
26446,55.56039333175657
47725,44.39616156772592
97552,46.848469121415015
96907,27.84700825002534
60767,49.43921323476173
29468,72.62400862241955
59147,67.89955457185471
96357,39.79620665210103
92061,25.362520525304454
6347,69.29705160276099
84109,76.67934489274492
71184,56.20216197849142
92992,73.2528622980004
66779,30.51956665054861
20111,80.48440004669152
17237,42.35313039723056
89415,79.46872794225433
36990,38.71687578013556
22981,61.85467727229352
63827,27.220058287446836
31950,59.79483050482454
22278,35.65785322857659
34176,70.43209754419888
27143,49.147965033950754
56540,69.2360397284747
34688,35.17652280396609
28746,25.501456629551072
39396,73.46215946827132
85109,63.36467317038156
8705,66.01465450385385
84989,72.73368281674792
12018,63.782718223549224
47835,73.29554747356286
72879,39.53801780848865
33734,71.85796568800184
21549,31.7159642973667
62220,45.396771430934
98950,67.35089007036481
21446,62.362300530886515
75533,74.8710733587109
68939,42.44738283017462
95632,65.8355390439439
54942,52.83251014817675
35471,75.97697744156923
4545,72.32991346899301
28251,63.46730344368706
50378,78.9597822262346
14398,70.6573706849625
34261,51.221051335046766
67795,39.96341897670848
94611,35.4581040405784
68919,63.82041096065588
96315,45.785606704718376
51079,72.59282029857013
3961,34.43834522321894
64658,72.07781675712656
61879,64.56545374890486
21568,30.271102484070465
66673,59.16872206892424
96380,32.653107742996
42436,47.29597447783755
25193,44.19561119381678
99542,73.20678477845907
23022,31.490117249894944
40488,73.70558626878294
24480,75.97986867037196
66740,67.21074903372991
41195,71.05672927062946
56286,55.74725173651126
41898,77.23188799699861
79786,82.86221386704362
70762,84.61760872873154
63502,76.95037817528691
21745,73.92795725818902
4973,43.759567045563486
99338,57.946997574343946
101743,57.45434072408163
99156,31.62096882240673
22321,67.68593229100114
50589,75.09428983955712
29885,70.14111626968483
89778,35.51154016798486
68011,58.66899666370489
31748,64.68222117341959
97716,63.101918377577626
31204,39.02862347692974
47911,42.08974693810007
43366,69.95427750182199
79278,61.228772224429
76964,62.22999696137213
34456,73.647574739847
57003,42.137314727586435
90405,35.63835148822661
18732,28.584755358086706
33815,72.76849761621756
28689,54.63821353131918
18257,67.19599991704712
98612,62.504338390991265
68061,55.51762764953396
32907,77.49431916263379
68489,44.81954788216011
95838,66.38393611609584
79030,28.40523337478124
94334,55.226597094270616
28589,62.65475490664399
72777,58.99583217976431
33807,66.70077635222331
23242,40.50245054658071
19184,35.5139898399151
65083,34.51880334354363
56724,55.609056072002744
72040,32.54682869030983
41654,54.61357575206951
47659,74.2903194687309
1652,63.71111124592667
35525,46.478727446711275
13762,44.163459168404636
33680,43.31471469458034
53427,67.20641217409477
2603,31.890181584692495
61406,30.214358105842216
52072,42.197873638661704
65044,42.80855200085139
101211,38.754665129132995
31154,30.510046481445855
28550,67.80294938810374
32592,49.680347552227865
9033,66.64969832726791
57530,60.79993750335639
78700,50.74710567078615
85404,39.20223070992388
34450,72.14455192182147
1022,70.07865273447706
85129,33.39661157537009
46562,22.208604614974746
47534,70.04792739957333
52758,79.82140515525823
39703,76.78586289090897
36016,71.94461846635281
64874,72.45439601257382
8699,73.75003709819929
664,63.54622482855834
68471,54.56063978114817
31550,38.41196234329456
81689,45.66975019804164
18309,51.10061375438849
4933,39.31177308761097
61400,43.0685915851206
43827,63.31583483881228
28784,39.61415128626102
76746,69.3393626155897
60746,40.20987034875589
24958,67.59131465765964
75757,49.236552335623244
79523,36.665149067543474
23030,78.69190505269685
5117,41.15954026551423
33490,58.35519055680189
75586,78.03106394324666
85157,37.38542821212006
77029,59.412671794128464
73174,33.6654256519783
102435,32.096312982232064
83929,44.295495926704284
32141,29.019508114754544
39595,58.92010627857223
37681,54.307132683474904
6659,36.25435997098137
63142,69.94307984523971
84630,54.493956354078534
29881,54.399251650646605
59194,24.8134882680204
94456,67.84196550655173
65905,34.46230217924369
29944,70.70868190838459
33955,35.62918887991295
66057,33.67861963701172
19317,54.63195304933086
21677,91.86536693568314
8588,61.46508665114523
64341,69.7240355761569
26211,25.197221977931406
48561,12.731757204242065
42063,92.43139141129825
40046,66.31639063501899
40083,67.31774807153269
77324,68.06963275954314
5599,48.069435785823
27573,38.93643121911152
71923,45.18278405320406
23252,71.24557062286218
91416,36.57628106422027
77849,35.397207420718345
18739,53.80183905307119
92224,78.84900394768584
73943,58.70019506308592
16394,33.1838865966362
32088,34.062685589955315
28625,23.47537618861133
65269,37.91843517781765
92998,72.02267758328375
100972,86.05700315292952
45191,40.6674612142109
97237,12.829273311974
19558,75.78598667604328
85019,49.5267044369051
73594,43.9361743772302
80175,41.548279983238906
60018,44.56916978889518
57029,31.514721112519073
31101,49.0393163576573
2960,74.44796092650847
2158,62.82585605276718
42032,76.42855748923621
34210,24.315127825584415
4766,33.669715000512056
13507,68.65201124921978
39772,57.85218614345517
28439,61.647012156578484
61449,36.61818308719116
98385,62.29015078522215
30870,60.36227127492582
57289,80.62813050875731
77533,35.76251190210239
29917,25.993174591306147
74870,44.6184877248823
98126,40.958164461392755
7977,30.325346086452797
10361,55.99322589616369
42331,38.36727925459097
2547,50.7758633488203
96170,73.65633293972871
99853,40.40531757989806
50580,44.455881050799896
36336,40.59879309264357
92268,39.0244552200183
90461,38.817386795536166
80211,34.292286406126685
45374,40.193805933820855
55809,65.56930426214417
8987,41.35707480739665
66186,29.276692123255316
55414,35.62169420672174
19971,42.137204565331416
89403,68.0419387638741
39518,50.712729966188135
4680,33.26493806464494
6488,65.58882721190903
24440,68.75202858012203
88623,69.07831354868995
31423,31.910398965436563
29308,65.2128526255045
46513,72.74866601159299
70196,60.591854679083994
24030,63.14652516239318
62314,62.56451856723844
80968,44.509745951669856
47571,47.096511476796664
40564,31.66401415568312
14264,35.0189972677779
19348,74.43584777219115
84870,37.183836406928954
95493,60.46167951136381
97531,78.55551704591966
102478,66.94274666843975
88922,46.8731669337828
49075,97.7212561150977
22872,52.828985286698384
72328,73.04433289398091
17029,60.569206602479134
44764,70.75811775382473
42870,82.18740929973579
48545,64.55515074229521
82538,59.30212687379901
90019,36.40806693740373
67984,69.52937571871341
48046,58.907752909190904
6764,46.53089854550039
12676,58.21734258326669
13252,28.061638617851514
35264,39.222576833636964
55112,40.0576704583895
100946,63.273712537077294
82881,43.9280479999301
94618,52.32586542122863
7266,44.75858761441275
49759,61.23381246045969
97568,70.28889587756728
48592,47.283733234011116
99560,69.83748326740549
92940,30.024470087686403
53,63.76085806505844
69030,66.22046873844366
85814,80.54828208134325
52152,71.75823244693548
101757,44.067093269382056
278,33.914316688941014
89442,38.22893571989373
32311,73.1084599427093
41134,49.891076731991255
75796,37.42527722469493
96065,26.692274860314107
66912,33.40251095404275
16621,45.96091383710962
55945,62.951432126189275
27695,33.60576148654659
19416,44.83325234526375
65904,48.306341762275046
82711,23.025955793629855
41671,73.73259854751375
60878,62.20570577839814
73947,45.92046405214898
52081,23.44104917462434
78780,36.11320008320757
249,73.41864706768206
49579,78.56173554854911
95350,30.780460891425033
30469,47.888072196063604
76502,50.74893235170883
2751,58.10515377503869
28852,71.73694984450805
61585,71.51552601705522
98989,72.12505962609575
50060,43.54627391482201
59092,28.35958202753764
100530,61.611381103322095
100584,65.70970595038781
82649,28.913225525834346
53565,67.07240358165362
18158,69.00929958315893
17342,35.53123829141867
31524,47.7422344497822
6430,19.68125249311967
42811,33.36126674716751
45894,52.77488874101688
89523,72.74645364555812
71851,74.20519025936949
51451,36.64708688809603
6517,24.663673095100492
77839,38.02647390569448
60030,32.98391498624132
63226,45.615706032100974
40572,78.52981442052072
98447,37.45621002320779
55986,36.00435645729562
68642,65.12113078438209
60997,50.77049394352688
37744,69.4297677383502
98323,67.06404495681663
51701,56.24172927529293
76421,38.82729171583307
16165,44.51357191938694
20104,44.517370470555406
96928,79.56465314317487
98571,70.23756786944432
51540,71.20930419463573
22386,27.70397476037254
48151,32.8909033748674
100482,45.790469317002405
34432,70.95487468947633
43056,79.69852911935848
85138,72.88620127985709
41119,59.685553152643706
3704,45.604277845014295
75021,31.171575819114462
4289,72.16870776986299
94780,58.59087220987804
67941,68.78298283093062
58903,85.768754703595
21486,59.13271067805559
43843,80.2856352805285
10547,10.013839456461643
14549,68.10139731886903
10048,49.47928257172949
74277,46.60629724263103
10669,28.44698200696221
91734,50.264694014678525
73652,65.61448564331396
4931,46.10933146944961
14231,26.177198793546047
43946,45.796502666690046
50793,36.25262501936944
2444,43.17523358052114
39289,42.42041123760549
101068,30.165687213312967
87576,59.557157642689205
56546,43.26159186736342
33924,75.31980771538728
44680,74.97382448219548
28398,30.981886511949828
68256,79.86022797763454
8132,66.87482373400528
93806,45.83892114350359
1781,56.12754638268625
81206,38.250803428819154
13498,60.89091526447748
73400,75.18580326554687
99530,71.69020165218238
59794,86.10312568173902
73219,42.98410949727614
67763,32.36982528861708
35030,44.170849632392
100954,44.38933844525851
59389,52.45472715126495
60728,60.877074881641406
11282,69.24648484776691
77751,48.1671695315426
90320,30.743951625962744
42849,38.6785060697268
1709,46.23766856365435
48364,47.1570050238373
12361,39.111351762648745
5071,62.297118799717445
13335,40.92206549736248
87110,27.352742755094678
84029,56.146082259459476
32970,73.01054825712033
80745,48.64031320125285
56415,47.63523760315795
18835,31.896907304545103
61040,72.15208025092544
94918,32.15755717977953
74296,64.9176606426648
59091,64.3498405341882
58317,48.676441884944595
71263,62.486514648224755
23514,73.55850586141582
86263,39.653164379634944
57399,77.35033144702979
9615,23.863718642955597
61535,30.130901180015186
52901,34.092825002555756
36254,38.29120649913364
4774,20.986928943966888
28380,37.30734372398079
100931,70.82564068412525
68377,31.70452323236652
66407,52.70946050630891
69462,59.85543975917744
8975,86.05250363255465
7835,83.500604226815
23142,48.31329494851559
61704,50.296921285507935
57301,41.52239420448151
31144,73.63363374366105
96009,69.92987400350339
98648,38.33522858319898
26510,33.11949540448774
55146,67.90893340641054
5174,64.61597322469407
46703,26.9460159357604
66796,62.015290716176835
1334,31.30869717254078
77590,39.58499660828846
68060,26.37150687455579
86423,35.61078851276708
55086,43.02911692600084
75697,61.734962337433004
76357,23.896488643749326
11435,60.626691920112265
82137,45.74617707527362
73364,30.800570240630975
52313,71.74286612405172
57116,56.1096499589773
64018,43.73649080916387
47535,78.34840349763329
52610,62.2082890875175
75126,67.40490086381757
76274,38.27388211107845
79196,71.46396397357645
102512,34.46864031520565
87645,26.963286741945517
9307,67.7679881486156
25914,75.24118224854514
43037,79.71054995428187
25542,41.89801550659914
26011,83.16791143085659
44252,33.15604088231837
99321,61.574376038734286
79059,20.997635737990713
15277,66.03666309110716
15048,67.63130483260797
27751,32.815884071399985
28778,29.832059929547732
52909,35.33741804848395
86924,69.52582954985465
81803,67.49677320844003
9355,82.26721877687602
10611,34.93643661903551
9093,41.19306507843667
42244,50.26793567584767
3513,41.07340071050679
18513,48.36903989085302
62581,44.770521968071264
90853,68.88128949592178
10339,69.35332477023381
973,72.63838735777946
2681,53.12171477765831
6782,73.21344328425552
45005,52.793986481889505
11764,72.8444910949217
46030,58.403663400429224
65254,39.6190019006929
22879,72.04881173555093
92880,76.76849729005491
31832,26.70281252407675
80982,39.331978527553275
76665,38.935312155797305
75803,65.81810192112171
94323,83.44997049451557
41382,89.23255381330391
68765,80.96980920024112
14861,23.63986345538543
12991,69.42701347750999
81581,72.69096367771819
49719,72.73951664618238
7487,44.78177730356073
95082,33.541228387184226
75868,51.67404703858186
83976,38.603285332579375
10399,77.10177500850715
79673,32.607242259410185
18175,64.35232595657722
39825,42.40213383391932
8234,48.265071572684704
100059,64.53359344576793
11654,61.376011703116404
91625,27.96973290249408
28940,52.79918283143955
79572,79.13110713551376
21300,67.6513427309404
7509,70.42725558313862
74965,14.486157001987863
70098,40.603767143374505
96211,82.75146561488907
67916,66.09550621800366
80944,33.11809616788902
15851,36.582706149511125
18603,41.68566355575284
82073,58.36783627202867
49252,35.06801086705148
1913,31.805828998308385
39056,62.7805169012811
33648,72.65202327360531
79294,46.07779439755481
18486,58.28443682500965
95797,34.350130430200004
1799,83.12209221642692
20595,37.73566800395958
31746,59.26818020098518
5913,72.69628554229917
34507,56.87921125918861
48353,67.50843020772537
51431,72.22385178177684
48367,23.71988263673837
27236,3.404059149163036
46258,64.10658565570249
16966,72.64161388254328
37696,71.43140671814928
2757,52.098127243243084
60760,62.57502473315457
95747,24.10106913141606
28539,67.43211127428563
52632,43.3325687796919
24734,61.50962023774416
22791,66.46412065034227
68162,60.62221110637851
56165,60.46753369971708
28727,65.52999302124528
67366,53.04107060561495
2224,64.60019079279402
72320,75.44713030146748
41417,75.07888202632162
27462,28.642221906725613
22304,47.034574689091464
58760,49.05027609650035
21200,35.14180918735958
1106,61.00793056701398
58353,63.6202637474338
83785,40.95583225292846
21326,67.87110831722794
83677,60.48010792198803
59205,73.18857797696387
57208,60.30587432536165
58458,61.59219528977717
57418,41.12746176110514
41483,65.87608480295465
73948,42.61344942260051
28196,75.73398558204461
56231,68.97536375641917
93488,30.85280600735136
25958,12.104307182888562
52017,68.92830501064856
42151,49.95383779849922
34561,54.365906494264074
82871,38.38384883141948
74696,40.15170699077831
74395,46.35334722797538
73062,34.75555110528832
97451,70.90343608500481
47462,58.581639629598016
78459,75.79191423880258
49914,53.07239208793246
77022,84.7183725071753
41592,25.512227009823704
28104,46.439939722483146
77063,38.1459139557637
63879,39.96133633829472
72357,55.69607280106938
93126,65.38030534949674
59231,42.74805003068825
57860,79.83753973503626
90780,72.38188663320201
27342,59.458188075150005
4613,37.85981644583141
34241,34.05413198523614
87873,29.320851104079452
41124,42.93283223830155
62212,74.85883326434394
48902,76.92495431873309
79795,68.36050827163814
30222,75.69861615436608
51253,56.5909966253391
36092,63.587140105557594
39966,34.63573148505475
4117,76.55417666466596
72774,66.95731684420998
69153,74.04751505671891
59620,28.873839165709704
23008,47.95563629404123
26936,68.19703493585814
96738,46.362817320812184
61293,75.23090093159733
20964,67.86055436108565
94903,64.90695432731589
18091,69.53442023299743
53704,39.56134093551517
64708,64.56264846397508
85599,36.426813267530925
72578,59.424040071171426
85935,55.64676004411176
24256,33.22235253228608
45180,51.172496112897846
25889,80.89924411497773
28511,49.302234859007235
71109,65.13185638280189
86557,38.47863974707416
54925,54.5146120687823
1218,66.9641626767033
32624,59.97592362611343
68042,56.70584591413228
56336,35.87772907442917
25503,34.46269677555254
62010,49.939153358985436
57690,41.12828136031463
77217,60.138835576529935
26464,32.290797752853436
29052,45.79533474728482
48149,74.16803416342053
32828,27.430326120083055
74906,63.790276635542455
75399,47.513033235220675
7199,27.76553788852997
47268,66.80711304306708
53841,38.78271876711714
39530,68.28381640259403
83111,55.39735651312099
24878,82.6513946729972
38825,26.8615257813333
65350,57.744731679975686
12727,72.2161733450784
61733,73.27662549074395
69586,50.10637661405261
1507,58.73965377137105
74873,59.63875340794691
68779,57.14409703326685
28508,61.965737706266054
89463,63.62468945315729
82429,34.89075548670951
20910,46.977171497289255
70171,48.327947663001744
64704,50.59176156253277
72069,60.89569715219943
57712,97.70753072851267
15632,36.564905119513085
62831,30.591034639657423
19815,62.282507719350804
87767,72.2217893770465
11983,28.214500331083347
89978,35.72958293943134
59171,49.82706902112372
35248,37.23778297427378
79304,77.03660283543894
5480,69.95699137472633
34942,68.01353607429309
65629,44.51373488392354
63248,87.00034097765688
985,42.70319435243664
847,74.45775568184384
41932,60.18206906920629
76182,29.850605391419087
60668,23.727358254676
39690,62.46864949687395
60164,29.37419180876247
58027,31.46908254699743
95920,27.835262687312106
100242,36.971619730778656
82506,25.63299279727453
26494,64.6414069897128
16780,28.575290595201757
50713,49.91457719976638
45438,68.90229190006505
61272,45.76549608389189
7220,16.069393530908222
62460,34.579952655860986
68774,66.08773055637948
47375,28.534485129507082
57572,36.026943504041675
46354,53.09576797958984
6960,63.10902655502132
1188,35.16300818249721
38247,53.018594828264696
13278,40.52077246302526
44946,28.250459669012592
52191,54.090310851063705
5052,36.487750012920735
23180,63.1879108385161
48230,81.68725416517839
76326,83.71149166890507
40067,60.170049732915594
30585,74.56896066875811
101712,78.14159328147096
80476,63.339630643417124
35121,63.59437182695508
69871,48.66259058851996
63221,37.66469093907982
85015,56.47085711500971
25204,44.96098482202656
30686,36.731361176828756
63003,66.52965972620592
44601,50.554608930258766
73161,74.11866296711712
8083,44.243971388681636
36655,47.794856057103416
72698,73.05122317036684
102286,52.62450580080841
86992,56.19888526034466
21663,51.5727453168208
51136,42.21147162478132
27205,65.73152472882626
97631,37.293224416450116
102176,54.51815048954572
82390,34.56013851428099
47000,61.83522339319462
59054,53.17220987368498
49798,63.501192790431375
15858,72.5027636136392
25724,32.08590417315218
56537,42.68265208407547
30518,34.43142421203741
44863,74.11049573766734
40925,36.453872786165334
44547,36.532469581863914
35776,41.1692194996463
88672,59.816276751505484
59694,64.45912678697903
81253,37.096639696968154
25269,40.543093447324814
35493,33.27796895993095
18881,64.40097046630473
75109,65.9549914222389
70838,74.13406000884711
37169,46.90396232303006
85366,59.65177685497267
62969,70.2263931387593
52334,41.15919501992917
54262,38.15096360410766
49144,37.347564194097274
24506,79.44548010726345
51742,32.60696271949533
73418,26.461479088726236
31169,41.08625166649276
23667,52.19843058828305
66663,41.375460289332565
62993,59.07004996816325
69517,29.601221253683985
61063,27.686197764142054
96859,65.27845148418801
3649,36.6005112802942
36327,36.03162290228161
57497,43.019537207577116
30331,76.30771286146145
59580,54.161558178647155
90473,44.453765750225806
13704,74.76471907463117
48246,71.01506390331289
20220,70.27948575210652
52685,63.12251380787039
94696,40.66995930144517
33151,17.53310207800684
4033,59.35889105106099
82472,75.79886909064791
59618,63.32398357816642
89895,6.446936421321521
67361,34.35818389359054
66525,39.86717729760795
367,74.23358593605992
66814,58.95310987314423
54732,67.3774285977052
82849,38.19557536359092
52769,50.029853436500524
70267,71.61730591871951
63647,33.61666973514201
28372,58.03899375967144
69238,34.685693495336245
28124,80.6255885540802
87410,62.914078118538214
93009,38.30542110383536
14885,36.14266658347226
79640,68.93974860762147
42443,81.59317439491119
80199,25.895052277979715
40662,44.788258827869996
50353,26.280803528423334
25646,41.14139596165334
84413,20.94085646310288
20880,31.08918692138251
99054,65.6288802743986
28227,22.54217329018512
65363,60.89774111457343
23366,86.34287120874758
4771,39.78339322028771
73593,46.87303599439087
93510,67.52441466147516
1100,36.953449131692686
32440,51.10677101413499
6732,70.98404375271794
25593,62.723936456587886
56364,62.41726276193109
34487,29.276944957628917
11303,77.56313057069222
6312,74.08635203403574
76877,41.766885542166705
68184,61.75376534188292
59552,31.409341270459088
7608,82.27026541869365
67296,53.03746773671902
83743,40.118457491662426
8025,69.56661407060106
16553,57.48939379360165
75281,80.14622625998291
73539,42.58140782014598
85584,35.99124383440753
35847,64.30884163698116
38581,51.72933700200744
13644,53.62206159733081
25333,71.83789332055446
62137,59.34076620524429
6439,86.80856230919778
89017,35.9728957685067
24214,85.4096719834779
97702,32.249881515004645
82522,30.057177609159808
71901,40.41383647775877
54056,34.45331387403175
48024,28.830500742570187
9317,45.96641161199928
90865,59.71663635804144
13408,39.24662577984855
67915,35.80224360352019
81870,74.72759177385097
66077,70.03639647051631
24997,39.79885045186926
39743,59.526713557587485
83362,65.2015967233985
35242,30.593795478442402
37990,58.73542330439671
33471,45.10912340774858
71136,78.67703210744575
46432,37.20348755319816
80239,40.9069636724746
71960,39.96428223710404
99635,54.12656589575037
19353,37.667057650852485
73821,71.75436358392894
90038,19.13040622805709
54082,57.52412329545427
12575,39.94764113518957
25474,75.97368767755242
91641,42.0180105665413
87862,63.62114196556866
22084,76.22427882816817
91605,59.488690953044326
38591,63.22072512194715
19100,30.68275097858404
12359,41.340120900243704
87822,64.56951976589116
98834,35.63566836663659
45286,35.592064889035534
69780,54.21313078462294
82354,74.6716559601941
79151,83.3679414077745
8788,62.74369208050766
94125,30.94236478553427
10457,74.31562743507162
79575,63.38387281387361
31504,36.62797687642729
93880,35.213444408188934
11231,65.37012545249755
80029,57.189826114797114
38004,56.25232988627971
101292,62.720210436054394
97110,35.17700725293063
51438,59.36639492633563
87908,36.68466216791241
91159,62.2319381462854
67700,69.85291067040416
99621,57.057009226863386
37104,67.96596406572118
11573,58.195734237313445
52585,62.518188723708995
60511,34.97159247579305
5565,37.42847606966147
21422,43.345265932935206
10997,53.151779403856345
57055,68.93806341944843
30060,71.48147288633592
96352,44.645427792394116
47325,58.1990113512863
77929,68.52549210273557
61098,31.127992341428516
46277,31.42120129353958
38431,78.88418608966265
9237,61.25036496647456
60651,42.84150172708689
17726,56.05823696726836
56150,37.97379577933628
47005,51.96469776486794
90453,45.36105558488396
11855,36.36596324439781
95759,36.333936247007415
13865,50.399527275728
90622,35.49884739181744
54482,70.73371689013459
19539,54.98043700746827
71106,49.79261269490719
32839,59.94948492036152
18032,77.82471064711373
65008,82.17147729587765
1309,70.98697945421873
31896,47.494979042636814
51326,33.41433899983558
80593,34.94786831719167
84146,51.78208631972142
1431,71.47515813416304
92525,50.24317000277021
68567,39.57949002735971
20661,27.126030145918637
92040,63.49130987180163
10588,41.61307776830041
78300,47.72270678581542
74679,66.68941326529838
96802,35.63388651373315
3504,22.737195984224222
39598,56.75318971283518
46460,78.75058894509965
6112,64.88170144038875
10231,45.926517312041256
550,33.33048554671103
5568,40.51091433034137
32287,72.35242013654856
99141,58.03265323484
57107,43.24961808750418
70621,52.439306339453
41259,33.49818044234446
98348,76.53983412895451
80790,57.86783482932998
6160,39.67627048784202
57113,34.39772740487226
94081,53.3590199302993
69345,80.14301200897569
62105,68.07426123570733
102617,33.8221619644601
99051,33.24796233334428
58890,26.492590356796473
21249,64.89043923102453
26489,67.40463302856136
74976,56.518933334921
23457,33.55327532151918
87175,52.046064154349665
59607,76.61727013415128
72811,56.60851537878858
50703,43.22645540026292
91136,53.215251140507576
88290,21.916511891593117
26630,54.24034703067271
47738,43.43327610550184
93090,65.91258262254027
24807,61.49505416274508
35672,41.094036302510915
18234,54.680820486482986
55225,58.374199608208116
49090,69.07301661841984
1204,40.22098002980243
61155,37.387720328112486
80542,74.60437332608633
29818,61.13756470063959
57519,52.03334178047437
19089,71.21012638224613
62984,31.13776721290929
3050,68.90544415372983
6202,61.54654174986334
14718,59.48511730871371
24320,80.79024413397363
20465,55.42258358817243
90914,66.61115432432331
92278,28.68314457316599
47824,50.09595757997171
102351,45.6101989611201
60609,64.96032532649087
13173,59.111592631555325
92923,68.05059450232505
86677,57.2290444226903
48868,65.56920175496649
41249,30.098465706624992
99346,39.84309683964475
23687,40.77110000840186
66587,58.648422394169614
61142,67.13177639761338
2856,65.11303470768176
23490,36.7539011776061
24336,36.352409884062666
42514,41.35458890735351
36388,72.7719959051613
53564,76.12701606926903
30575,58.293406862397646
8395,75.63667645774743
6471,53.39138594794334
59907,54.650798951621695
12522,73.03647695987314
79339,53.84107752485174
14576,42.54931975849896
38197,31.167497517782017
52726,57.268690685490796
90581,62.58941167497191
33498,32.66415909547477
41114,44.84102119859923
63253,66.47694034202634
53683,31.008517242961112
48312,58.30204708116903
26732,74.9900866999883
97414,72.62378722220657
21790,72.53152437310638
94872,79.31281587703715
10562,67.33147985729141
77432,58.73666249469965
91242,65.7151238171927
69604,57.90796026053818
15657,72.8992366413553
51262,50.383258132311
77190,42.057111766519455
100200,41.30882844729421
34054,58.79607263535661
41911,74.7220246939862
60082,74.03876615794343
59107,71.46012878966866
31273,31.860457391077652
54802,41.42902006998473
65714,40.63861731981453
4440,40.93288692570185
97225,47.32886131732537
10244,68.64799059041192
88363,48.275213293879716
47233,69.50984806596063
58344,61.01846417986607
83514,52.61210061387115
67318,38.11606454112114
23909,49.14164970474124
43607,65.89468422319817
9799,79.13402593169197
81732,58.721456521541995
5730,49.55803247724086
61081,78.5760816524795
29727,29.652048518976155
79075,49.48361157384626
47513,64.83542868813626
13526,50.864700989346915
6068,30.70843520145748
36405,79.4896755794493
15977,84.02930497617712
35007,73.34383151933622
49376,13.692944886557697
100102,64.17515050049599
46400,34.71121561612183
30085,19.74135194190439
45969,27.761189223047523
86417,33.67064097502408
72375,64.90318825713913
5054,67.3005642694061
6415,35.68668954772659
98884,77.4458650852043
91032,37.958549615907565
41968,74.10009043509424
42392,62.603829789010106
93969,71.23885154299991
16015,21.342900274442442
13586,46.0518597944541
5262,59.223500209439806
78966,40.10356038196553
40811,55.88699159759623
73878,34.223385335841314
66381,38.978759066810284
18021,62.532945987651
90922,70.29028114725403
14595,75.86941895733331
63726,57.67419976381852
93225,39.22765937539925
29154,69.62559724774839
42390,81.55232714268206
55368,73.09476180693403
6183,45.5896034360824
17036,80.45609830829957
61923,43.932729113939814
23373,64.20327878497726
5470,23.121920486722345
43029,68.39946860708929
12491,51.824150817384236
28073,53.41796805777794
25047,56.38600151182061
21281,48.25199716450615
13678,40.60781963315687
45886,71.60571813560708
1331,70.19505200454344
91867,54.957278678336124
51968,78.49956583707014
29795,82.44414167477716
38738,73.0443318480838
45612,80.63425238862855
102618,70.85824300190184
38892,28.208072491216917
36119,70.37546842313044
45993,39.534678337070915
97595,36.07389077794979
48311,71.14120893150783
67132,75.12309823803166
82474,32.76562927402672
26222,47.25043851689858
45444,81.61566407617309
8585,50.60972544987682
25255,35.17360608813328
26088,69.97065554816155
30756,46.88643636891615
15308,59.660089667517795
3443,44.424756150266795
48503,67.56933544060809
80197,26.177912006674934
8444,14.349316088923526
41481,83.12171061300742
41495,50.46854317094329
2296,41.84185742570062
13735,66.38689503869152
97634,69.73123491207718
50966,47.928276626173314
66383,63.65676078249956
25294,81.44078984673709
44684,35.01396701575943
10417,39.14239235295993
34852,70.08204306284047
2820,55.47431584193272
101780,98.89782393985394
70628,51.75002544221573
55378,76.0958801951555
55147,74.08791051403111
5916,32.28707247409026
85585,47.441547091060514
65177,61.41623296426627
30024,30.77189920340845
90586,38.50058786510859
67491,36.136538953952595
14618,27.76443304042128
27001,63.26446180039652
54558,46.00138541497715
38747,38.86233775392167
56001,25.3121271035869
58394,70.25143969088448
61498,37.75110880092084
62039,76.15207940281223
53060,47.959902354944305
102090,50.64544183472396
55318,73.22203513560078
13201,38.86347661583893
19732,23.623359924542726
45627,39.25896234878834
61640,39.630788943221916
54305,62.06236865041312
75003,78.56446225307634
22859,67.64522764571751
85662,39.9328949287398
83345,31.281746552801174
34890,39.38452937427964
16816,28.37464580477809
4586,42.88082594419473
43566,64.26665007332963
86536,36.19418937726566
71837,49.938963702399136
92547,78.75462116094587
84240,69.98008998739391
85768,34.34791922569795
25489,77.40782416491727
78032,96.2523787894131
8626,52.10577877891918
7500,91.67975041931986
46865,31.04054653585972
86612,41.825391468338466
11969,46.607051950899404
1359,70.702194135702
90003,78.05613477926558
97772,75.72008712033232
32111,18.61404175746962
5076,74.21097498087389
24708,66.542627355505
76729,36.14727345778684
39049,53.18889044098749
61415,60.6791481729536
25059,59.60153828785274
57496,56.156080897397686
41341,67.71652851970396
100014,35.088259452876144
1262,42.14794152535942
52604,79.11046091370035
1395,49.13660747773753
48529,39.32105228304386
6598,33.029479817288454
87571,69.26273607509626
2162,41.11199127230426
13439,57.636604024020045
74248,67.90485036220045
28415,46.84882839771575
74578,69.96711437596085
46427,81.32852433477171
32615,42.015736350702234
90374,55.074554304352006
53298,34.350446781636094
41178,59.76642667597189
34287,73.66257490001863
74813,37.63604064710235
92636,21.428168850673067
68235,35.518679826379135
94937,86.15586300670604
32122,34.9660482461966
62995,44.315361407227115
87914,36.85565170604472
46546,54.967509383046036
51673,39.1162250754247
57676,56.03884334800807
20877,34.039265350768424
49401,39.43695219950715
31720,59.831028594537166
24778,77.58407013775236
42601,28.884655510410273
9436,40.732403868278375
65491,87.34493590881218
86143,62.97179927202837
55100,47.42283710734742
100429,77.35033588209325
74418,76.63024466227998
5911,35.65456468037974
90319,47.53167308664735
38529,73.06147882766159
7625,38.023778226609004
52721,49.79873456664873
5636,46.158443767102064
53460,63.911149729477614
92144,59.64235981970934
50095,38.034104766192115
34692,57.44007550520499
74566,79.2022426641046
54297,44.023337722792235
90046,24.598003105252292
88860,60.32051417609291
63881,7.356976705166371
77434,42.1404186778945
18134,36.208989600488145
43856,34.76904152813418
44674,37.133310900070505
62272,77.66883751996028
49199,33.16156994586297
17693,59.90077586254673
24192,28.899354016770335
19650,48.156565324914546
42759,54.387628040403186
85682,37.965209117850776
65865,41.42853203053978
10018,68.99078177726616
34277,38.65171600141571
65389,63.872720704199025
30027,55.90388606883538
21971,61.762590235757244
50618,73.00299233727392
97012,51.32280941467311
77973,52.35363645251296
93059,40.87053052463929
259,71.4561336837887
15253,53.36768977453177
88606,33.40057534200737
54208,75.74546969686992
58567,38.35719672279759
24808,87.54701042054583
78795,78.47716218342991
15055,37.945092276049465
28462,85.81395691523477
47345,35.60060368744094
99552,72.83258041051317
98797,47.12309880424731
813,43.31626435771841
31005,63.5743851697742
70510,67.71557969545435
18558,29.89657870620884
66400,72.41673183776858
34810,38.56297492464844
84257,74.59975469614895
75125,59.79547510220302
89072,49.56573073195812
46784,62.071142336381726
28501,35.55971411237778
101725,52.84138014810965
94578,35.498621131914334
78440,37.783063778516265
5218,35.39273951953556
10661,35.4390435289531
62848,61.53484321045227
54306,36.944538774309976
86621,22.410680753668938
56666,37.768165687468176
87030,67.33022002749061
101110,73.85867770314744
90765,32.752638298414524
34880,33.25859925474429
99525,63.21639215280823
59825,48.359498346797935
97835,50.5437592300569
1456,91.12146462025495
23960,83.32192134187477
92327,33.23471058543538
80020,74.1009947078081
67057,62.507788074171046
77082,34.943713387068165
100369,27.47709697431739
75381,61.63103133491836
78893,63.01055707941839
99565,41.35758011657163
68463,66.11545242038628
25965,27.650735801492885
1521,76.92562803088268
73128,56.370747734501215
23466,78.39514173418546
46565,79.90239102378932
54210,72.7845828154166
68572,82.41508969010427
97439,46.98821874343365
54728,42.85232259576287
8993,41.457174150330026
86452,30.267645498967298
36895,76.65614725633992
64001,37.82676621496887
102458,27.671159615139096
69191,32.64547719024081
12710,66.6918709567565
6985,78.07751398186066
49673,45.17783190815131
16459,68.67528885911673
36343,60.992992711080916
38889,46.1718637025799
54936,57.663882215279926
29628,68.74324086146571
28552,48.15552791692669
65147,46.203846385306846
75602,43.38921358035048
30362,62.59865463487736
82803,42.96070384493922
32271,41.921172739489776
1604,62.83739130565519
19579,55.994910244391065
63798,57.27730162439828
87639,30.126775738200283
20084,31.196553679000353
47703,32.35365242380692
46844,42.491053544860456
54157,58.5707063500119
81272,65.37835779578396
65012,37.12957220471525
61480,32.38669218387746
87549,71.04648962506285
64529,49.23655487384974
36930,21.647645460931983
91059,38.498546618318734
101305,14.226026995911102
11838,33.29692794897742
25381,69.40616731116067
36459,35.2967406537007
21778,31.890660726456414
29750,72.06173129084596
13812,79.93961442523639
96260,80.85375316524349
59775,37.5652167634019
65875,61.6578934002484
54892,44.021700374422636
70043,44.23447958137921
81871,47.820067924855735
18267,38.23347236652163
65602,42.018364670737974
67818,61.4644564791878
14498,68.00111581309724
35837,65.6585261499151
9164,39.544782438066164
85619,36.97042404921083
13438,34.46147752038042
36624,37.41276286677104
28422,61.254338215072764
36574,42.42498245490701
76110,62.42726267783058
8970,47.77688208174635
79200,48.42633348308644
824,62.73032807498599
16255,32.23019898648349
42674,98.68873066698954
59686,49.454812839342466
60203,46.098999259528185
98817,50.041323976547744
13565,40.30789546528698
18409,51.25161097571518
97353,65.49022776132966
15945,29.29294480848602
11791,51.57258823298115
71344,33.897417705914734
39866,70.9352517981624
8709,34.03356401489772
5032,64.96418876930255
10036,32.71122531638106
46651,73.88441762924421
48621,55.93167213605135
90267,62.82761213366146
21592,41.53769238986317
21370,46.11104485153109
63145,63.87515691365146
102297,56.000567762862474
31232,39.19651064543456
72545,54.45831102604948
32562,35.776531696156326
90907,86.79111458899683
52301,36.55473517071296
19147,85.70703831914369
6373,78.91265029598515
8547,64.40873740972023
75164,47.589658340962465
42345,60.13722019925584
58546,69.0744765414577
65073,40.7023254648128
68629,38.76366596595523
65926,63.91932370742253
20101,35.59764257136499
60104,45.64190728100617
79665,38.22878676257572
12521,68.92088017091159
13269,67.07086408789401
80075,45.02226676480444
76453,55.057119656468615
46245,51.9502299115436
78681,64.87907361003957
69572,81.56819884541923
63137,28.745400834432253
91394,27.24749772728125
40112,64.9468411107252
85294,46.420251318861844
72874,44.910720851803546
91234,44.670591459761944
54094,69.98680213522444
62146,56.9286265587748
36719,39.082107550413134
73837,38.7968301225596
52994,30.125194064145266
23054,57.53730131618379
8081,38.06712466235127
80761,31.5882039158738
4351,76.68843867080048
16396,74.57918053958616
73106,31.05587722957845
93720,57.22401348716996
29870,50.66034076972142
89535,70.55817722150346
44651,95.85697575526478
60608,64.12299459349558
45683,95.86264030199996
18726,69.84059091030687
67633,30.71823089206043
19007,45.05505093765098
67430,59.60547940246181
80735,79.23693515947868
95840,75.23930618500384
77153,54.73972041810056
274,48.17922638080229
33245,78.35957519693798
43457,50.941003792139014
13552,78.70200683327826
43476,66.81082401158744
34372,65.64003304243626
78871,38.74478577342841
3070,66.63043034551629
94117,41.4873651051027
33552,47.565764296483
63406,51.13844195260265
96217,30.611526227812227
82387,64.86223649006045
1052,57.078861140445454
43442,69.65640815496417
4309,59.788835145054485
77689,65.99655103165863
25707,67.17115052629322
363,56.61197463197267
55956,62.94727388274453
9477,31.638580363575606
82869,75.40887943263127
77211,42.29670493634323
31050,49.764485961503986
80752,43.03286469622083
79067,51.70253923057355
5611,75.09888592371952
56393,43.465871758566735
52672,41.17833184002643
78592,57.41029794718861
50498,82.53647547735304
94197,42.23541218012742
31231,38.86781572497222
98697,64.983996340456
63027,29.457556094393308
3598,36.69499070417694
77468,56.04359683831747
49986,34.2261152463765
19858,42.99041567068319
254,65.40605986889719
95041,48.91243523130314
22122,78.79309565261144
7195,66.02713783754419
7942,33.8062875732794
25183,38.51258423182097
3026,75.77162262447493
1872,67.33809791263813
46715,29.911984493798393
7526,61.49356906362049
98038,84.50041789858531
12583,75.02452734508485
10916,42.35776636475134
19806,75.08573091150647
64591,42.54809820095275
6225,68.15873663424213
95253,62.371954424398766
2939,29.283311703770657
97004,40.052708945610085
7427,59.42104116501227
94884,55.045360088039146
15600,49.61798627237915
60291,67.2378114412906
12457,41.59463754008516
42723,72.20675231298253
26833,67.2481920150728
37569,69.525788325781
29517,71.98951874890955
20092,69.11479275635077
94941,51.15783220765195
64264,61.978426657232205
40011,62.41691572590088
102113,70.77881343496557
58437,70.16391974367517
101758,37.65806793973462
23108,54.63200139716979
41198,50.89616302058322
11178,79.49453105337136
50140,33.54820096408556
99496,67.47660558629151
47135,38.51143794257527
51502,61.84661345621972
87689,47.573458859868936
93264,57.926888387418764
66947,60.68121983252987
30211,29.744453030036645
23461,66.21333386525463
67762,73.18966267473466
23080,70.32972996632795
62124,69.17859622104896
10006,80.4861914497514
91363,52.41030147659197
84248,83.3722829803493
22973,89.28823496602197
54219,34.08149515810596
2886,66.70452437370028
78902,26.80894336516303
61321,50.239396168325825
50854,72.72477098245557
4273,74.31896724475797
20266,68.17490501376392
335,36.79847545062027
56278,46.958443029627276
88676,45.22606809882754
77912,60.78232824153885
83245,66.89028622418954
11960,31.215787282910572
27332,55.29586327014696
4607,36.81739676408822
1598,60.96860031917685
76331,58.19867106303636
57686,36.795092966795806
29209,64.03150053964968
29796,70.36286144524846
55099,73.65892416199932
48495,41.63005143207335
99031,69.42517975899162
60575,55.08174965620795
99442,40.85473852086186
90741,38.914680222626004
9868,75.49348792932888
41004,50.228906619050875
77549,68.20248148226548
52245,45.812546739281785
102154,45.37706669607314
91380,35.81341716580582
36744,39.43840347481423
64534,30.028063872330513
67314,92.59992682063933
8122,71.44758975770179
71657,37.46843272159689
91198,37.93024872376057
47670,47.55198899421997
88113,38.40043905100363
14825,66.58214700110719
4541,26.699193663683403
51925,33.483079808861866
54510,57.97752632159262
7201,69.2486975172193
63463,32.44176500469943
83293,68.5771573695294
91551,27.12938070446527
83409,72.93032981128312
37531,73.82863353161846
30628,72.37837371163073
47504,39.808517858206876
49202,39.929358380370765
26470,28.527865128209655
6649,46.91091686945312
49676,27.28546668726735
76426,80.06633388026142
100436,38.362836299961714
85441,44.86381642782522
75301,36.701507099570556
99485,66.16174873227894
65372,73.5112106859259
36672,23.66623472822487
32473,49.86298523718096
27587,63.243451006429716
77612,44.19785708779079
97691,36.65734009970875
21338,32.54768273468868
100585,33.785712290688664
27718,47.80852698163107
69595,29.164783147681845
30183,58.28573608393735
85253,33.563399008173356
71536,76.61857111456743
79057,37.19398562020661
46867,45.25947708182072
66547,54.71710218149827
18164,78.74463153945413
78808,49.98232570136552
74853,61.57169588861652
78181,50.293927432502095
84572,38.21677173100414
68802,47.49628227520283
74383,51.63393753055148
63043,15.219091043711416
91485,29.07509571464055
67255,63.97572990487117
80040,70.47595680499924
76238,36.8320073649605
58565,42.77120983142646
43340,23.956201300468877
3129,29.15730541446282
77349,58.11411647185447
14289,43.2738611224224
24454,68.5295983579643
82895,39.37997383051808
76475,71.56963246070069
33442,49.0474436546596
92971,77.78998028624892
42314,36.734907128061465
81540,86.60543627707708
9395,50.417187833347974
44065,38.37426616400953
30127,27.31167951381625
85092,36.457129887304546
63777,45.182769742578444
96060,59.652839110154765
53523,17.69850756098629
49408,51.07483814047913
79812,69.91106461960445
48996,69.21884523472315
44173,54.84234110063609
72337,31.168534160106308
21715,67.04958567896085
68538,29.218331357201336
33332,53.468648564759036
78968,58.88364467139564
64350,63.585537883231616
40784,33.209453535548064
25679,56.56321317007402
95134,59.763879342558006
51519,83.9234489374184
11346,33.709430347883476
49088,72.66430026180453
37398,55.91721895283915
79175,26.757972979870946
100153,67.58062611451673
74119,37.15033514651412
61907,54.06799679421216
8556,33.67480734128147
43395,38.68549889508665
37461,27.97816668872007
28108,39.85253735063958
81691,35.41429540579059
20478,30.249931989671147
39107,79.55319269966904
88123,45.16564877236458
12656,62.61089806912428
45031,35.441002083044886
60928,29.353565577953752
76198,55.06348514301969
93946,77.51312874777162
77740,66.299810606155
58584,77.82613429207488
56873,48.05700994074816
66075,66.52722102792393
31581,40.35855294135543
36586,62.74620640761028
88510,23.88895406555978
50799,66.9089994873521
62261,37.20637911369737
85315,38.084430377661036
86750,62.79338557823047
47277,30.681115714391467
57506,33.16666751360411
97871,34.77777574589239
44937,43.88458721769737
16601,31.67368982074104
39055,28.343853623003294
95697,62.13286432687026
91275,58.73548505756425
92191,39.39866649975673
5339,60.23808881752293
87515,64.32159442598117
81726,71.28350684027794
82180,38.319379629658286
35813,72.60941253504387
72943,36.56586825327542
19911,56.971327553321416
35890,74.28744091419667
33876,40.02269466906708
4543,83.86404345229435
58776,26.94126651684005
82091,30.675646554055422
9419,75.05149551882057
20607,56.42033059002964
47951,26.330840683889814
83331,65.90288634757243
63186,35.52654350210907
80335,59.674483151921564
82535,46.76936407733942
79488,25.69259181117508
55808,43.43669653784048
3370,80.92544639335574
92054,69.15486759753065
91911,46.73405666669806
93676,41.75202715272933
27790,73.01604899818008
18604,26.887036627355602
5797,65.02179616403787
20370,64.60894351221256
74593,71.09040657852935
53942,64.24609642144605
102654,52.82384036895921
48287,80.56631759303309
71819,62.89708505891417
63586,74.69360818813792
79011,66.4597231912589
17983,69.79955523144832
45509,61.958508886339615
64786,41.60065209433603
59082,57.99179435626429
24866,82.07385807237978
5450,32.78249494866195
102224,48.87282544550007
80877,78.56593309236786
9804,31.491137709279915
18790,45.40352831340683
19012,69.61548181659413
6045,75.33337177401121
66613,72.84250249030103
11697,26.17740340309683
78546,72.88438311325038
87765,55.51544952145066
88307,69.26694229641737
65380,46.01842273131241
19642,31.81580769954693
56321,60.565165108637906
33064,84.93706325673428
93982,51.63686240959828
53085,36.486863655753446
64903,50.27541407133377
36968,36.64623166420785
93,81.24531460557256
14235,51.322220084583954
59051,38.32620242992068
63831,17.848459636899715
9824,19.549740795298035
86303,58.265322012372664
39294,60.315544010874376
5516,67.71757375117855
29443,24.400214303890078
94614,35.51774130702639
92599,33.27549417161715
102218,49.71975776426068
3355,64.21824243870105
78394,40.52258617806703
97034,50.31487563664193
98012,42.09857078187734
14875,62.53233078419197
92081,41.69663038218055
100986,69.58452649894033
31694,56.97750642497552
84967,67.91217496870378
41232,67.16349183633048
82224,24.33132170861008
32563,66.42658375896629
54290,52.06657453178278
85355,66.22377970448893
84116,80.01652618618029
40855,41.27902070868219
84416,74.02250586429737
40015,33.898783615768245
48912,34.39311800707772
84978,37.894742387017295
14097,35.2242476383891
77490,38.73484290594083
43304,55.59378352449052
89437,67.46558235728392
81926,35.202459913451925
3155,47.70299503199034
41602,26.647556832036635
29383,48.36266621019111
101752,62.4687037484825
68726,34.86649493017067
8362,67.23696329177493
27713,42.117872191333085
75060,33.395702740050126
101655,64.86060502607165
24507,48.844083278515136
49792,79.23129079617168
32635,63.26331611795949
83193,64.64979374166616
42993,49.96182585274112
24125,29.391758340499244
34578,66.08243288964314
64732,38.100987878221616
5978,46.27947416358741
61521,36.80643795200037
58956,65.77180066726501
89837,28.701013628715593
21954,31.909997228207125
92176,58.24684353631174
66964,42.320523208912334
55697,40.02019210365847
50439,54.76698511507449
55754,47.46046437055129
11385,45.24665734125688
59523,66.94062745919277
66228,68.5863990665926
77709,58.871055809009285
48753,25.85402057029762
13213,67.86463277350917
51516,81.87399552796825
24763,57.81207329166118
94188,58.16426969068995
53167,53.11698529683278
5472,60.75794483938641
64914,49.7845605464898
55884,39.94347086081906
91993,71.88239825117219
67645,61.14873400900479
15560,78.26729782277275
83950,31.360895995147185
10033,5.695516494771116
18271,39.81823898138033
68236,47.15477714825117
55424,46.03242598823218
75469,36.87663342674293
54531,36.55470832565359
23387,47.72632672952986
40946,77.96271102873357
24208,77.70087464725742
50655,28.49116030585607
69172,27.178822669161068
23281,63.473748554179
38553,67.1173540235065
99083,56.61770674529505
95004,71.52460480377746
66950,31.39390641466373
49133,45.07729691656354
38057,86.71587225472179
41883,53.56864045645075
27864,58.222621088234845
1332,56.49248939102324
78127,64.6483286409056
47455,83.48492836777103
17554,52.12721519403047
13454,38.416830384004356
14056,41.13276465331575
22287,67.7101667705391
93370,36.76802339937099
42008,59.76975096969876
64505,29.442669064831836
84960,58.15814839122055
11472,65.22754846545874
67319,36.42177596324098
36740,63.68527242785109
28622,39.26680771745974
38380,48.19539508322547
16883,58.13761811037364
8900,64.45165589191092
64125,66.15393175136168
32325,36.241844115400596
13350,71.75384793638943
54063,23.96111552796402
47983,44.678089785172965
73188,42.44796823779389
26262,60.581183507253485
15997,36.11911404605826
72522,39.31198930560781
92867,44.26997952143548
4913,72.0309395694218
97663,60.63611090935135
49773,76.93170080267406
64206,27.90258990549901
101581,34.87810767870966
14610,39.98341799760769
24018,50.87881208411136
88420,24.39039585834098
82860,84.09859872439955
92549,56.34916557571978
82765,45.0649779185604
86566,49.92212670130672
84112,33.62931102795735
96553,54.110348916642906
72861,61.046308550213226
60078,62.85898027852387
42880,70.87120672617965
30802,45.72546818890537
86237,56.65183733265455
14210,33.090297178295515
40121,43.09058597618581
44470,80.59429932434122
22300,44.12076076278932
57050,66.8859743018453
65386,62.950869844248814
47699,97.68316240091745
59637,54.15713737632194
18868,66.50659924092234
13370,44.71042449850553
4008,72.42325407824364
96603,32.32324173245095
33069,48.21241602141427
54479,58.74415259698659
8569,58.00777847433142
6702,75.75787584777707
79731,38.035670804963914
54241,84.47191283887459
21242,46.51035824554667
74592,52.487512357019384
741,40.32060731280963
35225,48.18430781897692
100807,32.575251710743494
24907,67.72567016969877
5660,77.96143893478236
67137,63.153719265234294
57265,45.545382177759045
60460,48.57980959137909
82135,85.84020522244673
30465,68.8978969962927
53513,52.64784688623857
98434,39.20452428038224
17663,69.99778068725192
92389,41.86356794731377
89846,43.95124558369223
14534,49.77649830214023
16241,32.438178721360266
89311,68.55537786421289
17473,65.45497271066237
52684,51.7606481014561
78989,34.656045655368374
20526,52.75261489753163
50437,64.3376401836392
85529,47.72377322396184
32515,77.31541758238822
14838,38.53216098759179
26778,59.903511717448026
54886,61.51523638203139
63412,26.89387364278774
11932,82.87198713806725
79897,30.397933790746784
74722,69.69887935189874
4832,65.2206746960446
9902,40.12423587447181
95606,61.80205517475234
95805,44.23305628063231
40521,73.35504115765156
91996,34.72239262072783
49169,54.72211447491921
21015,43.77924164290215
46533,68.69471919618482
23947,77.98960234480869
87679,78.83206056705517
84935,45.926338283510326
36877,49.26925816343773
83545,48.944060500308595
5826,62.58154779942336
44905,66.51490895927556
59738,74.72057279562269
32880,67.26971028325801
66282,75.71533594182866
101460,38.499029809751356
84173,71.73178660345573
90387,34.500464826052784
69318,78.7697505938001
21221,75.98505364163154
26153,75.9867410067245
12567,25.803918421161228
17079,61.5108290940814
29833,78.07631890619778
31775,35.9143100013927
86974,79.83278458627007
44994,38.23840691385534
95394,73.90669716201154
85853,62.91560467375591
32885,76.24209652186474
58796,69.38481807603691
51991,83.72124303058824
51781,39.53416408777471
83803,65.78720815045276
79975,56.38376896355297
90311,73.35063570517815
71049,33.258453748432125
75673,55.92813400831649
51848,82.57377051915793
78665,31.733231873590785
59767,64.31053148930614
9229,54.63233058869956
95391,27.961782425369265
72180,71.13282031143139
72814,62.866930175938535
47876,85.89034182169895
15553,52.47074264439236
44858,49.755553646060136
71603,41.82767504045122
39440,73.12712571280466
17892,18.343643886634354
13891,51.15738544593263
57322,49.57258690654055
86366,33.30802168368218
55207,38.547796602852785
52355,36.54277421362347
28041,65.7943230114345
46477,29.19331805122762
26655,25.869119481952183
43577,39.39447735956815
52760,49.206607613781706
4367,60.608233929255704
22669,62.40323301344015
40505,45.97775265750241
49829,41.80316236780768
91276,54.57623481922657
4761,46.664700919125686
18327,44.409661872099505
50524,22.49835487915179
83777,63.163039036041454
99740,48.444643408205295
37518,83.71048193461253
41607,79.32656347483487
3016,39.88469057439572
46951,64.07873811863521
30241,31.45786254809125
9497,44.60327222046094
11869,41.907924165540564
96126,48.98111182569428
12071,41.63217429450236
102643,39.228573471551016
44514,65.65925471972943
9919,55.34609993988602
60851,48.76277536578979
83300,67.04546231672761
58512,66.60374879281352
9629,52.74327540451554
33792,45.44610455112131
98968,59.118956786114424
21354,67.99731588844772
82171,46.76643459811808
67581,73.35824882444501
52572,77.08691798932735
37727,72.45311381865758
49305,32.610270817528566
99504,89.27388214013476
67991,34.72969030691086
47916,68.39719261465106
53109,44.67006806895196
63079,97.58064877725812
102535,63.34845627915358
41868,32.734208165818025
84900,31.70744529657173
62694,76.19546635036613
92301,65.68973322491863
18233,69.75716429985408
36334,84.26774857813146
39682,47.38584666414668
69455,28.80079657269237
55537,43.56102938697302
19202,57.2273816812519
62016,70.13639665730011
37023,23.39312565582453
92751,76.32126919074972
6913,49.75583740672013
30721,39.37908449029326
55328,38.92442319614544
26964,87.21599696535466
14726,84.59928271920035
86138,27.567283771057063
70526,64.34719913893866
35772,46.74409735271064
58482,54.38380547114778
23257,44.917853680614535
93638,37.118269639441664
76566,67.22156104225715
2676,26.31811938765021
88325,30.63368300928607
25145,36.35782604266094
36528,43.87199300794477
20504,73.12262672707143
30880,37.70334046600416
44133,73.10831345126606
65616,77.66610208499047
5091,59.1174214199997
61877,38.74504878268108
69066,33.32824780005207
8240,50.6557730356016
69035,25.235811922648683
61492,36.32975710828445
7851,29.376315197082388
87622,54.20871499724336
97378,33.96618186663081
93876,68.13199816240801
29324,25.495611701000577
59441,70.48760060687738
5648,29.796468025480223
48959,64.46579859803217
68824,31.755846324456787
92508,38.92045115822641
76636,51.69338535610254
69866,76.58778476868846
46830,68.07053650443828
13662,56.131597837642104
70165,22.44522544067914
73167,38.14439923751734
22894,32.6093001518843
9926,73.1798855040044
72794,67.2039934809133
16531,26.49256711175929
71955,65.25532426539755
60942,58.55770867172622
12507,52.69161071042077
40733,25.258790244704983
91504,46.95439996407892
5652,70.98391011579695
5778,60.5472991936594
38029,31.17758350158712
48598,69.96228342640296
34319,31.108379288965804
37379,50.656258817737566
78865,34.86616119517275
65021,42.21169934621699
64445,40.55698486892885
98999,35.961392195103045
8985,67.71466458073775
30272,50.17083872993403
94583,57.26123687704795
12474,68.44279386365099
19162,71.68115275762301
66505,66.63281320056628
79384,41.305026511983854
24364,67.80420630008155
78588,46.194365046206684
71949,51.18288180182557
23880,54.69675749800088
25271,53.870960482372396
81042,31.574869156938018
102369,56.051542790975034
6835,52.16279631430493
54168,84.05149795991854
62987,64.13212300775838
26008,38.33382836798201
94698,64.90503589629014
43249,67.59332797399779
17932,54.24380944574783
49348,71.27981434604459
52042,55.157728065340805
91123,62.550008958962565
66598,78.66901304916978
7902,40.41798163183046
72824,41.04708978340467
69454,32.26729200075425
43112,33.88420989193334
96061,54.27393259742059
27223,59.220264799610625
18239,39.79645826557152
85224,36.796707265228335
63414,54.65109187503563
55039,55.81535161880189
36813,33.37535466066595
79835,47.97290940082573
55491,68.41116537957086
66313,54.78247439535782
28659,42.51028429191558
81832,45.502983132589115
36269,77.1136423794124
37349,57.34758475687283
65110,52.93296076201837
21689,78.74760969759436
70857,48.62433890408273
8527,72.48875057058876
63295,63.05907221536463
73662,35.497164590301985
94549,38.77617115197753
44587,40.9822381038998
10531,45.817312060653386
91262,81.38224239966131
98728,62.310194469566454
24027,55.397692662537054
90974,62.257114594706465
48966,34.963686889171555
19069,40.480124019974056
3639,72.73693115301731
53256,71.99569186931697
17182,80.58391149895908
80717,75.45168286135551
71658,62.51790473976055
74637,68.52994861241132
78508,20.603781406761883
70186,31.230600059325692
95845,32.77409915118469
76476,72.47451353419058
87864,42.06573854385775
61331,30.267465382804435
91870,72.3057791060863
90492,39.58514222222064
84323,74.31531075903568
31670,58.7398670904973
52082,42.72131029020365
65842,70.2425756735592
62491,63.003015359391284
37599,62.980126480616065
40385,28.14913717739967
56193,45.04921622288213
75229,69.24584081345688
74539,63.85042583244439
98499,50.8101625093838
79172,68.2165128676827
43553,51.48717127081413
53943,35.129621579344985
49178,49.82270119835739
39052,33.916260206382745
31721,94.24731319837176
79229,76.22860699484102
102114,37.71657542287344
20944,21.37490422155188
45977,60.31999884987073
95472,70.95418900688333
82862,67.32029941061586
91690,62.48692610705141
9912,49.90286411979609
101255,31.941651757844085
65558,46.41286748798932
83731,39.38666261531952
12338,81.17553726369225
69970,52.51156201387869
33247,52.97392112461834
1989,34.971186408455026
97481,71.49160068084836
96868,18.96442386681002
29896,77.40585055674681
33121,71.5816437749994
84848,54.718481851047734
72978,53.67497361972356
90735,65.26721948457123
83122,62.250413373240065
79115,63.91758859020909
61959,80.23620024472227
27877,37.015059151371304
61974,49.84195732926713
44847,70.90066168307831
14933,57.033055121308195
47901,74.033122937102
88197,36.21923608695196
48907,62.98484676298813
91980,46.824729088650045
13143,66.36045168067405
96728,53.01792389093667
12665,74.46001110838858
40217,56.56346206663867
1769,66.71342188259658
74942,26.322028848125242
55132,30.56685964181029
65879,39.616528165472936
8273,68.43922170789888
77747,43.25210245511906
80411,57.09566341659891
16622,78.1611189448975
60193,59.834988010966754
29930,33.40966401554708
7894,54.03462636932284
39951,69.00917233238376
37543,16.988099785634635
95072,75.19306247979054
20643,77.49259738819646
89392,33.945922949397726
41044,76.2358993178666
14066,36.64028922546054
61377,55.94026359903074
20367,39.4892028830008
21193,64.36993515567055
47999,41.77892598766728
72481,58.09849904750283
14224,78.7921324569121
95865,66.43851618754333
5288,41.111776151204786
73222,43.72421026782605
16247,51.62506361903557
55092,31.170194239483628
74960,61.027879038331726
51545,42.80832930330707
22294,72.39759344888105
50980,34.19802856077142
69376,78.1073261060858
92794,43.0499688569486
9154,70.0724404225945
64942,49.351935629086356
95221,74.17833460135685
58023,30.56628553892609
4782,51.26602193255242
4411,33.86650978966294
85530,58.474647903823225
29410,63.59617587803828
60440,84.31777653497764
37143,25.39792002327954
36512,56.492165055660756
41927,40.43611030575797
11147,62.96725180897036
38813,32.3228047826829
78720,59.51535758460246
81039,45.6012933990581
2298,34.2957917705035
92941,70.36149545174038
34051,38.583626259119946
8807,51.907517989430374
32534,86.82118454739717
44278,28.34870343862814
21982,60.73043282937145
38824,57.2353956737299
4404,25.097218022585338
53672,70.5426101519088
68355,29.508551500882685
70841,36.46243524642197
8561,35.3937001465016
38636,31.546083616400566
73053,59.883075608410174
61581,20.38808711969705
43895,30.25835135071888
330,39.309240383948456
50254,53.9509458079005
16687,64.57202414506125
88648,54.19768182656544
54996,52.716688001489935
77296,39.362890834800766
24280,49.06482243487552
85589,28.760769657916676
15708,80.02039802309633
76748,36.5505098228028
30897,68.48800102469312
68809,58.04711686506461
12248,52.1494120352185
20918,70.73348835809448
37262,34.76158062416646
88046,35.34159668890784
53688,54.87488563494023
63270,51.74850826418962
34255,71.24101789934656
5806,24.686573104911865
75334,24.356581301698455
71699,74.17603073299105
52372,62.30728878890583
96979,42.115716025928236
76176,33.73422329817172
77419,44.92136395200514
24895,69.81036678564709
69169,53.06275448101047
36198,57.39858607368427
2829,49.46707113219443
60042,37.97031697098042
62885,84.9409766767886
97427,73.4143898504586
70342,58.038027626780774
100339,52.10770102758828
59818,43.8876542024031
84105,35.583096154040064
79234,57.143295049522735
40358,47.658232322731386
17954,24.79565471576697
74621,67.11358644887065
16899,57.8840603605192
25585,61.6093302390947
92594,58.831310781846454
41757,25.847047704028064
76903,31.982114796845437
98633,31.349788295424
61886,69.90256813041228
63713,53.07304149162708
39922,61.92474621032899
8432,56.52348896528826
63374,42.15806025459813
85479,84.99869104627463
40899,81.23092102049105
21255,29.579441727550094
79820,31.13388813994838
5815,27.90802429177882
70979,69.27542017194246
88004,44.534865458639366
20821,78.06090625319929
70519,78.86753004212585
68331,28.522779451899762
29075,37.28439371770822
99174,71.41920231512152
47392,95.69455193083888
92598,70.00063714701027
32011,73.5906312628537
96328,77.94663755089762
96191,71.43055064474191
32763,52.49221856215401
80178,61.32630424482768
7341,80.7889856233522
20569,43.20400203252423
69592,67.05041171769108
31964,76.8616861295678
71535,81.42474670780395
20173,78.40882110871769
67986,50.6357535193704
44292,44.70977671894122
35152,61.552305746360645
81074,46.047643849341775
12642,33.41016990322715
23059,76.6769030487403
62175,68.514100626519
12793,38.27670103900148
21844,44.39166178142107
100728,65.16388349217668
48135,34.50848381320748
69188,26.225708662185255
39066,23.69822969498886
95875,52.753612463478575
87598,69.54633951039645
101718,47.64818939081825
12354,33.82147636637491
79009,62.77134016152005
23363,47.33618343415662
16284,21.558381545437122
85542,37.67402957448666
63041,66.96900851914586
33400,65.11578343035686
52224,50.038869213590274
10766,35.657397948498286
95944,78.19727573933316
64257,21.36018915973421
50751,57.79467958823108
99721,72.37995872168668
45782,55.178206220537305
20688,72.60475953819538
49527,41.32496494990039
89019,60.25897680389946
88944,71.85155145730414
37433,36.26501231288312
73920,66.09281098385655
29827,39.197954933878194
75740,75.17630410793004
20386,64.67726607507497
83403,44.072306033016815
68441,65.15688157232863
92649,26.405570097325906
4156,53.31009934638556
74212,29.416871551873033
86401,83.90129280835208
64624,33.43283511337609
5714,59.17708615772319
74224,49.051380191647944
22600,36.930546965324325
88204,30.626657844143427
58745,71.3410510878923
93673,23.72068080365188
6950,60.143860289937756
91344,62.05042631637612
6825,44.913239012115845
83314,31.513462514911524
42537,40.39303404039535
80943,45.67623667400071
79519,39.27508983951911
3146,62.613756766695786
14929,75.00896387791471
22592,59.59231333267167
101661,36.829492464473205
18680,44.56303475940103
58555,82.67259315845205
71875,54.1217667154184
5857,64.5114583612274
1282,33.01902754621501
89657,63.049291098297616
93817,53.921170251713285
99729,27.038695577215776
34714,24.866681268729227
80798,28.29518223652006
6937,58.71269120834499
4765,72.42708478205753
34286,48.94841829973436
4910,39.746452584763674
76244,73.8887511762471
57090,44.829538626493665
89227,70.82250840696847
37991,42.95246464530891
10862,45.667796409236644
68455,33.43413296733494
98554,40.586277986347426
48967,56.134020985939856
102653,70.7409462403433
64085,56.39078697487534
13100,70.54950116203273
74632,62.53581519505073
87207,64.60981701548066
85780,45.60405923227752
9041,48.26908418697226
26468,70.42000802763314
22769,83.90529765828812
98594,75.86772972867878
21857,46.464277313746464
73137,64.18804160033068
36142,59.49062427676071
63582,61.83986867400263
63699,77.56764028619743
30084,83.13824799259555
4321,26.089585992550447
84241,71.15770016900714
17927,77.85495469070779
70173,72.98689331689883
101760,70.80827632344528
20844,69.27123305387656
63243,54.775940677517795
15237,45.53735001406526
63764,76.32149945930684
19910,31.89176008663439
14036,26.375153738592918
32322,61.746122001757
12092,31.730431032480872
13366,75.41059716067966
67724,30.29268785090815
12635,55.84371847502422
91226,32.047204409344886
70264,77.95740168383176
88034,74.14054427612594
87069,41.77651706159817
15711,64.75124046397862
78783,69.50963226303526
31170,31.60950103450483
101784,77.36131695010366
15968,32.87295363891252
2205,33.00317004419425
98893,51.47234741391276
48232,60.44875399999212
24112,45.437330943283975
15352,33.147662918556435
64684,64.40318050550246
31949,39.54895122079548
53316,46.790294147931554
87694,79.62656353604251
36786,40.8444482120605
18837,65.69447897850526
30291,32.899309488834334
60299,34.784886240149206
10845,22.581697369255743
85950,62.53835539199146
96679,40.81195448286141
24459,71.14081777148792
67055,83.07792036123512
74973,24.14826862474574
37417,34.44315560054768
38460,46.706959985890926
45611,71.29726460581514
54461,68.09803043590107
46878,38.63672159919502
75564,51.42664321110209
46152,72.04831287006616
75805,27.648678576772557
46314,63.212944775634966
60421,30.96834663252946
19163,74.8570943747215
99840,49.130285250865555
7794,43.92870257833316
27405,26.204347805354445
73523,63.94308216109255
13237,81.69120537335903
45835,57.07211700429872
42957,72.83957894266203
70281,58.49937073436669
100056,72.48486251531651
85207,40.28361280754425
39905,37.41616132838261
86105,69.20776488884442
77695,50.33441174672405
96416,34.22933058600305
72765,74.26749168259144
84332,72.54724399831565
57866,65.21347862329834
21410,40.44027761816204
24198,38.774103874444016
85168,55.185297201911226
44455,63.187930124591446
81227,60.26570695095394
102658,74.71731102960368
51321,83.91853421080161
34217,22.525493294808744
34893,37.922263063984595
71467,30.90106861420338
25221,52.61613514454503
4951,35.78213896823878
89924,36.316079467951525
74652,41.3782513832837
87722,62.262162517612836
31917,29.05982344358233
1895,39.87460788564672
21634,62.34693002304919
42474,35.14945267318568
78862,79.0974359590631
76088,59.483313675941226
23567,33.86183690159512
86627,56.59927734522417
54588,39.054685603279935
18660,61.064445908301956
25993,35.39813889699615
90963,80.26970540855615
86848,59.705073755917866
73069,54.337428203858494
68510,74.4683499221266
70168,40.607362275221234
56906,36.50503355139792
22165,59.32736940844427
56947,70.43895103210153
58868,38.133304630248205
66286,46.58296584644022
35566,18.103872045382303
29482,35.23084214883896
44799,35.1119549468401
37642,40.50387480970518
17681,43.158396134361425
85146,76.65243136703091
58191,21.579137720323793
51152,43.72193178288812
35090,55.48950091488828
21978,41.44132042081227
93288,70.42006248045848
99500,62.62253087767718
17241,33.009203192662966
30453,61.366344713605045
69686,61.49436110862634
57603,58.39108285781445
22203,54.18265889472464
99277,77.26162640066865
58652,70.94134174083246
85147,59.17147183490817
72554,64.13282853697811
14263,70.32269990657421
97174,40.43738522771146
82302,39.049215484050144
76464,55.65049571264484
78606,32.54731432179367
97961,37.41816454948549
3317,77.8528423755581
85397,63.82453069976354
18270,42.64559801408938
42807,57.45337694281991
12726,21.581722407349638
79205,67.40782026988452
98159,57.624854667694166
39788,33.785016374397
39619,28.06917429905085
22161,56.98098805652557
56136,76.35819287091063
31623,50.12232487108185
89536,97.26395884831192
86244,76.67483383299009
84092,35.398757467993626
46471,34.867644141321186
54238,33.483825318380234
48936,73.20001506645971
64648,72.60454143289792
97994,14.950880751484423
92566,48.4440006468131
59401,38.85800458603635
44542,76.00219280457799
1340,48.71899455213865
38108,47.61325646787535
16298,71.35156163760618
12207,80.72426827270439
22777,38.27679139595806
81576,65.65518649385203
89069,40.6339319396272
56111,28.716017895005237
82516,70.91623388721298
83975,82.65654519875444
18777,44.593682532290735
54638,38.36602708268858
44750,27.121150971761736
87119,47.275391724123196
41111,71.9307907356382
28598,79.32194303266238
70018,36.56586865258502
12331,30.63267010957154
27630,43.61100287598455
50184,66.62090083340914
89769,47.98109101238401
45519,81.69888821648347
63553,59.21368291679422
92703,63.37569936669678
61180,44.78309945384186
47117,33.47981484328661
81499,41.85964845117484
87702,44.311207676576345
74186,34.38644576762269
7515,39.43854142782804
8564,63.97225556302717
40545,41.37805330700814
30364,45.04761911158961
1910,49.15075254980243
25335,71.96467024800143
6558,72.89668116617943
47762,30.660683286746558
77805,36.02557427310414
25448,71.17299361055441
83271,82.65272266379439
46275,80.98949672302018
47469,70.1863307945274
15050,75.36038384371751
39648,58.55481759589315
11373,46.876743445378274
57749,36.83470733776028
42366,33.713870064755845
54902,78.54201813111803
12989,71.18764887968322
35222,42.51314909871712
50932,37.83000404175899
25879,74.8422789138148
59516,62.3610180903691
30577,23.44834704654508
67571,67.22865953168895
95575,47.76333508270544
98264,38.28204247888491
92761,52.829507477412704
75727,21.28182789772079
78972,65.31531660627675
32066,66.28599679875258
45483,60.50079428998373
10791,73.56569218371952
8776,70.65244341452106
85322,29.413241988993196
59399,52.78626761598292
44061,41.21783600651577
9659,44.89301676315661
60808,63.44489326400169
39649,69.10237245182893
97842,58.55359586841715
61825,24.189915700984436
57281,37.68860286152198
68668,41.75653196368685
51312,37.74293069899537
100708,61.5863849377337
17534,74.33980657217339
6657,47.124704925046146
46254,63.07341307779214
22490,70.3557321930401
82806,74.51189315034014
27034,44.3456335803183
77536,60.93540638615657
82579,53.88201537296284
58942,34.566290959788496
61426,41.74413674758448
56229,65.74330393251259
57882,36.57296360303264
47464,38.4825091934819
8689,26.714732576042554
22558,42.11288437622147
36400,33.45972095578787
75377,69.0018507637809
7674,62.02016069850533
54645,46.202213213590255
81566,30.254277475160468
88562,49.62106377891163
98831,67.76101109450533
86342,69.55993018484895
40977,52.59108705056906
59160,43.22113743037394
68922,27.234754452281546
19696,54.036764014006934
54408,26.90646522535137
5280,83.21667524992108
78643,32.39681218376425
64705,49.09223595647431
56785,18.442182127953153
83669,53.84689261429715
65906,49.850327967313795
48202,53.261266309717115
70080,64.02457966182662
61358,75.76745288607367
372,35.28376701034002
15063,45.25966932391451
77129,51.06547383781907
64065,31.577973604357815
4262,70.49529099975298
95387,31.71163885257159
6833,45.48995709532039
101056,83.7410682809138
41230,46.942720241779355
75454,66.3345807132228
22865,38.73036849682213
77772,58.66562807616163
100821,55.0548493944294
23585,34.43238334193637
30019,70.59199629517586
98512,76.51513372905183
45888,72.18932485179101
17135,63.751537240272214
42122,75.27973931269048
79016,33.55759554631436
34409,27.000777001782147
10638,57.72411393815545
97074,54.888938491093754
59414,38.85573802878162
45150,30.114689549808485
87253,36.701819817175426
74387,38.896083845772196
1000,26.111039123551713
29948,78.106597711002
69399,76.18216539412444
46087,33.87148018864568
30687,47.44323468285947
56736,28.652319506356008
34983,55.64685594161983
9522,82.35833446841353
76367,53.63499489520267
83214,28.57604537187853
79793,34.628885450263624
80825,87.70966985322993
7286,68.92934340685851
7866,22.351484253817908
142,43.30436460655341
13120,69.93547112453848
67344,12.213421781439035
51458,53.433011911087796
43122,55.37750091793282
81614,74.1798633363968
20020,40.818685831886626
34019,70.9114546065895
80415,26.468855063804014
97030,36.38860518550202
100221,18.097085151326624
41397,75.96394472749802
100276,34.324029677598176
4221,69.31433132378194
53202,55.05563218593174
75212,57.25849670294958
51883,32.0893141759775
65481,38.674078206259296
31362,21.509459564289592
52778,76.7959472442431
68618,46.58858587859884
74784,46.557533526332406
7250,64.63647392612049
3810,68.08391869603501
16314,57.692657068628066
95002,31.928800920200644
8342,27.617755228634298
89540,24.37173257477206
90133,66.90035750394132
16299,61.576264579098655
88583,71.24781193414165
98136,30.302513776793717
12657,53.262613069278
61529,80.39331618697267
46131,74.99933186809929
85763,33.45016121951064
88257,77.3396070096565
63945,44.808409232899905
55844,69.81833788619089
93629,61.216185731805965
7474,20.488634365204184
21448,75.26261337001458
37720,74.81897135826128
35027,21.513861659118717
87915,60.51997563105776
66339,55.3167698972098
51901,59.43039730705263
86827,37.857768477715595
45674,33.33685940057704
17731,54.84856116917608
75120,56.23885381001922
5525,22.59629497671152
25443,44.49065856073309
43881,24.3390274046978
94783,70.5799439386833
16886,74.3463680046357
38488,75.28812593250856
24427,68.52439838343417
54989,46.078461356021286
81944,75.6288123180373
93060,39.63409302910024
71016,58.60391112708942
47905,41.0428403681596
75797,40.64124494886905
8813,37.686094648438385
80572,64.84470114979919
46401,73.72554476394504
30108,48.906802246630726
20768,52.30576797617019
25517,69.23414088526768
26860,74.75602516153675
55487,43.83141524739373
83608,43.25069101400413
46995,62.35769265463475
65800,66.30575960774368
76737,44.70880448192293
101455,30.11219057202148
14048,81.02895614588874
84251,79.73758540328552
25876,43.26726918984029
9407,38.35964853750808
93173,60.97404922475246
68528,58.85376847855045
22885,70.68713747868571
63974,42.51520255067477
86745,53.22277621189723
99924,5.640596277329887
48893,48.36864714965905
41822,34.6556283869374
16215,65.28945945822649
2017,29.944177088219252
37498,37.04072523986318
98121,37.289787783642176
93711,56.32597065820228
79916,74.28533491088145
8972,60.1830301634063
55673,34.35863152714746
3713,55.515986045971644
43453,48.802438955745416
15359,33.98696569262295
100456,34.97973373960419
6512,39.94246439188515
394,73.36415937711135
58223,81.77573508995253
60360,85.88030951341987
80706,44.2104149318717
66140,78.61986409218264
66617,63.389080068715494
70565,49.75613732426959
34872,40.45101204681342
43048,83.68467301296846
46202,25.818174163421418
93583,46.21252161599808
22641,76.25232691063172
82488,67.96683792477576
41887,31.31124260538549
39950,71.47874085835471
28129,47.398023713612076
6173,67.97858092748795
52070,48.69433957549214
99215,45.33448095136602
85626,29.59656859402424
12582,40.3868643907421
85454,11.621604492894829
86929,69.89296385257413
51271,35.07875343615873
9423,38.819705450490616
7024,38.5208411598662
35966,33.89692907374328
56061,33.73717209750468
25367,70.32978149723735
91068,29.32592597202192
75676,93.77017390822968
37205,44.47599228121747
22414,37.05705163477771
30967,60.06597958041051
98579,76.65573740860094
46165,68.63085801639168
8311,73.33670218749408
12956,32.95274135982643
72137,74.91148736951439
17228,41.20725223299797
76086,23.26585963025952
5380,65.92379110429665
52971,56.83678406522496
46566,50.94026191012931
65032,51.41398103008633
64954,63.02841426641269
84243,38.253411328677934
84805,37.06929804667691
77591,64.3006519710513
10051,47.705848571315855
55476,26.680370197468836
27861,71.935172970096
76224,63.00344131190149
50574,34.79990173272407
39105,33.29173702303354
94180,33.53116011095891
38609,29.37546992323499
85764,64.94006464990375
22807,70.96624919617925
48522,76.26337713438872
72091,66.4148811194502
67802,89.53995153992105
90880,66.28653989510079
58294,63.76082374714167
102086,45.50509428722473
27832,15.719541257858776
93188,71.13176583374974
91807,70.1159523917103
36704,42.82788573082275
75970,34.91570640366325
46594,78.77019321524588
63636,56.965274271649776
23037,27.82808009694723
46636,23.842273035049057
55363,69.34678269863427
80167,49.40599014348789
102255,47.186651378553925
79964,57.7838496563097
23053,61.14366367624804
23751,23.759228099474715
11973,54.66808001127478
73572,44.30714171577394
92073,60.02813947985788
79048,41.77975601788105
817,27.895577023509368
54860,68.70302323981429
19970,50.46779167577967
32129,42.22002771863757
57767,56.012079790437625
36761,75.01858086896561
13412,75.72052543950034
45617,71.17106290684644
13341,66.3117333995161
19591,36.39809737354191
49656,57.341124704251385
9249,45.440698672650186
60168,53.49088190282032
75066,78.44317704007281
70144,60.53454706155422
70802,64.78953582662993
36384,39.64016840214593
3592,64.53761516652261
90679,74.97434232028314
66913,53.03048025893786
11672,34.27604719636763
71234,64.56207520436868
53926,63.04837757259576
10864,64.65985470106479
47777,64.3575472109815
5758,61.31360745264219
98369,71.96820899690348
52990,64.16101501788215
11062,62.05586192775074
78005,26.165058469456266
88419,67.68116667844615
9553,55.65402259532017
13721,49.51917629206794
15793,33.92655433687409
40962,46.916254528571955
79118,45.042974213226366
15921,54.442780247713614
62133,63.3031779109472
61356,26.248558400227818
100961,58.15092109958995
91023,32.907411022608514
2732,71.0222864896017
69168,34.69775181638931
42704,78.41743413513555
21710,37.83042978999018
22377,46.03542471379526
85646,33.536995601784184
67097,68.08845986737586
81741,72.12682065810436
21545,47.54690911683124
48068,46.97513637298515
95155,41.705696451078104
8423,62.336323410074044
40527,41.894439917345494
88957,63.63951742931935
11126,52.20192855415904
57257,42.87531395390808
97266,50.98385563606658
79992,20.265926071836866
78855,95.80276474159302
25899,32.901267268309184
95766,44.065089003789716
94833,52.85400143085406
32103,35.38660996369582
61544,55.312864258540245
10168,67.57027692116557
93675,17.21372913634388
101433,64.74436987147155
88693,58.188265865747525
2486,35.601209197345
41706,33.27804847227851
90901,57.507869681382005
61628,64.63161817821367
81588,61.69287714118033
62356,77.04466659567456
30287,49.81522023153736
20505,41.14718961816104
7852,35.70954738638182
49274,59.65234059166325
98284,30.510152985520083
99,76.3589009497355
28455,75.6311753284194
16025,16.904098246862656
94203,70.39665062991986
26208,64.07237689249408
63278,36.99188464023848
91283,68.52382952950377
58235,68.92525457685542
89479,58.54611680845037
83174,73.16192189520021
23757,72.79496801978286
66825,61.890892483191536
33987,48.68657640491114
98921,35.3509169843948
38055,63.387767775953
27444,59.787623220406374
2810,26.339787011969108
20384,62.89576955489827
642,38.90074831617369
35815,78.71258103831249
38512,75.89746800142251
17943,78.97093736181057
19169,43.397152214699716
63072,71.51570730718126
5571,30.99394728617604
62316,68.15040860563953
47336,73.95177026592577
13898,71.96531259260755
21139,68.35717980450427
53921,67.42432769982886
97951,55.88665694538922
85661,71.79983825441583
24777,32.33741304803686
34069,59.96435956791585
49532,67.12392843194648
53661,53.39383198081657
88736,46.420172506931685
91244,76.92408640797227
81020,78.69839212504897
76264,57.49467346978177
42310,73.78964348596986
53077,63.704113786978645
68671,70.55253793136987
44958,62.91165125159191
74287,52.74789405182791
98138,35.13936950363127
71321,35.45905201831959
46549,37.24563509327111
1055,64.55820784923847
17780,51.36412006904446
47300,15.455380443144893
25817,77.20598911811024
44703,59.327900289474556
86069,63.60510680723206
73915,36.31980479251507
66586,29.456915697789753
38323,17.84805780022279
49454,36.94910820352816
72585,75.67823353750336
91963,35.58718170079016
83588,74.5848652024974
42212,70.13121627053037
30786,29.641943306299794
59519,37.04478643435141
54596,61.01548734555267
89929,72.01585602283126
79776,15.709407774470794
87025,25.818303546349252
92165,77.35180983736542
71430,50.13421204938639
12060,47.41050415935605
36470,33.09408674757919
40853,60.790357228123554
66138,64.68766632898522
83131,45.01767124558866
43945,67.4285500847468
96832,42.628009645383656
86921,58.86662276135252
70006,58.533856093929984
39314,48.446878245643134
99757,45.930020624768844
10553,28.027185300717
60393,74.71374304838366
61834,31.937485632176067
53597,33.73605720312493
54376,50.81980495141451
84909,38.32667921230835
68850,41.26869085333286
9336,72.4764732512226
61573,40.65967032042401
93833,72.5506711009192
75251,64.0437638462079
24357,75.16069538645854
40138,73.68253344796099
8065,70.27058535697259
25528,47.11130735914826
29666,59.23444888167996
13989,84.00892548727697
36639,45.0327480172552
40224,50.00180313415561
46674,36.70863402982362
39399,42.36279670536613
80129,29.820003940511405
87892,37.82962881048844
34953,67.9770054434909
15867,55.554276295278285
91155,49.7423807863605
64738,65.29293333163542
66965,59.096712447217435
19404,41.32179871751593
555,75.4854836248351
48662,52.12805801130716
72235,50.05925484310277
79452,27.161957555963582
93627,75.59346160329093
73791,43.11490461793234
99064,35.88481357805281
33831,37.504899223340125
82580,30.119879653294486
2327,30.066286023920007
93282,28.875306707834444
27715,51.419247945594506
56431,31.537649563981805
4261,65.54246715324447
99359,77.73256804893667
82284,39.553424730982385
78025,46.69784070061262
14797,43.509539192381894
7555,32.85346981335012
2347,39.68291481696805
73993,39.240117561090514
21538,63.46205197921428
87486,26.583813834273492
89431,42.61244421975964
13896,88.33481264455915
72527,71.02133068297115
72720,45.307353815720944
64391,71.1012647654043
45987,34.77700817157533
87647,38.02416386757204
60488,64.32553309640787
79891,44.85004887697794
26162,72.28437503784667
89034,74.47794689978699
16799,69.22660420562377
60840,51.37870949987563
24748,50.8539354527853
12911,60.477582040025936
81205,39.95549696756226
9121,49.49193590656099
26879,34.460248820864564
37736,23.485546694368967
72168,24.783933533700406
8061,74.45369732825944
71972,72.31861424002429
10967,45.51871369502573
1294,35.06758573119239
72250,51.786739122425054
77773,27.835833370634408
67784,60.91560838291589
30978,66.10935432419521
64063,69.3718569046777
101737,36.6801506314689
52657,33.20135526989427
98262,57.053354402852236
58775,29.03350842305462
47157,54.67834122109397
59390,57.28440246750279
96727,33.007398611736605
41368,31.9540013836439
14947,43.41296276643492
86503,70.49535513037407
8827,50.543218565428106
72593,68.13970924011392
99572,28.904400055065235
100751,49.17611201528145
8540,72.66700584187407
29568,40.58923963935968
99424,10.852452371595604
75630,68.46882552134494
60354,40.40154648742385
87334,38.38158425176433
68903,28.923075546578673
44458,35.24050974677692
17331,30.24219837425224
10704,60.32580481286989
25364,26.584439041318248
78570,67.88333875645269
38513,43.65201105489583
8934,38.14973311548898
30812,84.2021315988273
29041,73.72549505503598
87427,31.75069586956845
60338,56.948137681787294
31199,34.732302891020325
86521,37.08235946522236
8384,69.0156548230802
97307,60.47003140806595
74802,71.556363578353
32708,67.77038330233842
53971,54.58124250501773
89082,53.19994381151863
53934,59.699829685639756
58147,51.505776296791225
43643,28.702850160687184
96198,45.561702787782124
5084,49.72202547275786
42480,69.81524461946364
11133,67.49968162970795
15417,61.189468427553095
28986,67.19568092081502
87574,46.66391183431855
84709,67.55059285964217
9906,63.54347579321638
68844,39.843988473144
32035,22.588951455919585
21706,40.69479654096165
12608,17.460921104709463
9009,39.81233039373468
53671,30.431215507798637
29646,69.80972222732467
2237,53.32168559860667
59149,61.86268281336808
19190,38.08921493003601
90474,74.66744235079403
6423,55.59056986061078
68862,66.07137241837638
16533,62.818766584258704
23253,37.684948660030926
17640,49.99892236012934
15265,83.8872367733587
78662,43.245659184615775
11854,43.863639527316494
76444,79.35320354215385
77495,38.20563636866257
26189,42.82488603745906
59641,74.64435600992893
12570,61.83149684190727
69120,79.92873021915055
62384,71.60930177414983
64892,80.30048385489194
39898,49.487412083778764
6672,55.556787733182425
83427,33.70403590779432
72737,70.70484490200167
13677,42.39140450008297
90092,60.052597524441566
25461,40.05079442028956
5614,43.30097454909949
100036,42.12519775958271
77996,30.49296310118516
87936,62.0551325656599
57184,80.57312800327406
95687,47.46095362692162
83492,45.66462963409955
65915,52.80333601659302
36778,64.18533321181329
14402,34.55822254055834
42353,55.45638295686683
19110,28.261112710925477
82593,50.44824842630004
75915,39.77833771288414
5887,40.6326663733671
94095,72.06807753664751
100334,52.407989928770185
49841,68.73612214978384
53866,34.527636825719895
38285,68.11549251831482
100083,70.47480506025147
78519,35.12147792753157
48728,60.53739570980145
54400,11.64087920415735
64432,62.1398726787111
34280,31.478897874366726
5505,29.684166729748092
38238,50.59265513723467
56930,67.32795303389852
45957,37.48310198227678
62034,70.60096155403178
30247,56.14958872582008
11180,36.4574909131476
97870,70.46071417304097
91958,84.25473764848624
62747,25.13818399897209
67602,74.8832635657306
22005,27.30454268302701
91630,65.18843433401665
52111,49.333291418686215
68304,45.308121680728334
72935,67.22043473394581
53399,57.2809970843422
28638,44.59590387897581
11800,63.13885352025882
88710,26.836107607055613
3643,66.65665565029268
88298,36.611372266079094
91406,35.64533446519544
25394,46.21155172000817
101791,70.51474799231858
70544,62.146407192267624
72480,39.154454122814286
24682,54.39854216983272
25196,64.18546651636404
60929,64.51098124228318
57870,35.0637058549204
33847,69.76469040664338
25824,37.832214980849486
1826,9.719906454643574
27362,58.04223634632416
96919,71.6734643542612
71595,38.09165911116808
76285,38.01007314398939
71622,69.47211965725754
21100,45.39294460475643
79915,54.30889804125009
18996,44.39944272424292
53697,29.34176587543398
34025,77.24135137929056
53791,57.044583175673935
63025,79.5815673371881
13876,67.14552346176427
49936,49.43581645426916
47406,43.7480720630067
22507,33.12641846496267
38509,33.59967815837837
52260,62.425049440443715
84961,49.183542259724106
44925,45.16022869072577
60941,71.2048595976006
13827,51.68784899872786
74125,65.77957708137852
57230,39.63066139174873
42850,31.888919440537705
98070,69.81723330366836
33428,47.45610672230717
48434,67.70098531692264
48476,85.54023498138831
3571,48.67590235651865
52982,44.708729071283734
29084,45.41433278471294
24429,45.53807324843699
70523,70.45244152576004
65135,33.480612813040075
6817,58.70698194022528
5966,48.376024291345175
12404,57.906133310364325
42348,33.22152596256866
5015,35.842374891204
56268,52.4866991967909
99507,53.29113346679165
91858,38.48158768877984
96678,31.7389951182841
87607,37.204104888728004
78388,67.29183693557425
44838,67.2088670141695
71057,34.48065738128117
54199,77.19658703801034
20717,48.9277220401173
62353,53.63037895849
18622,59.386881083218725
67659,72.0196512662697
63614,20.13277302625423
36140,65.07410104768535
30399,73.50328707408599
78367,43.04229348837281
76613,69.43702913680296
68927,62.96742160590262
63154,82.53724253632927
31390,70.22430474195025
68539,31.89343753008387
21303,69.1065174948067
1270,82.02460820798329
20621,65.41939905091007
82055,61.42772735357616
1231,35.85347596411446
41164,70.47282895489715
69904,66.44535101673956
28730,28.01311609957194
77023,48.38704885276626
102506,44.24281324197589
2754,76.60994518798748
30923,53.8029698419798
8297,39.27244883385168
83988,75.54912172184939
18564,69.82169044878793
3218,84.7051428525157
76849,30.455453587982312
62558,30.424430272291264
68383,54.23270469730495
59498,60.61377388528204
20223,74.01210086817608
32520,66.10007614660623
14004,57.849125732714
18199,63.23999449300485
87589,25.011786014786036
26578,55.44679325634415
75902,48.19533361692355
89108,59.263224684233975
98157,78.4635225833948
18517,67.19302800368447
63413,35.34519088180198
986,65.1865238626132
10310,58.08579362749403
56950,36.9563197747244
30542,67.85246629750941
5447,66.91798217163851
5910,39.90656133012599
53994,50.488161248433904
83097,80.00082267612544
76552,87.7655508986675
35861,36.32813691047561
90400,73.96310302446716
38864,36.3783071531205
3787,32.68123210238525
8018,28.008190710475272
60553,57.88193895831255
95406,61.90682844831832
79779,77.49074771827767
96394,74.43854370728829
16574,30.34085686778511
92008,19.03172699051744
50163,67.67520120454623
84835,66.97080548733452
89065,32.61540604465671
87532,68.0270375396057
92200,49.24645949075847
63451,39.67539386043605
32418,44.792082214618446
96674,59.92228612796943
63092,69.25389903198882
29578,41.38331300970525
52707,46.50819508192778
27782,61.1484219165922
66062,79.47452083130759
72623,53.44324607594041
76779,28.316463319221466
19319,19.606633057226347
95735,53.55638101784808
58008,48.1594333773923
11209,33.608264443051276
65934,65.22479563373533
90618,56.68208653747811
68419,34.61597242137977
95981,33.64292256823773
91982,67.33250840400152
57816,39.251640399298594
29979,33.92706702010358
71337,79.86803813678968
34813,61.956648584992564
36270,58.521232042393905
12660,71.93329743763125
23962,58.025438674889486
50620,30.84952992681651
53342,35.193631048661295
102453,52.200001575831045
96999,69.89058703664278
12004,43.73496272188936
2985,38.42131495913007
83124,13.26021061334838
50188,42.766648684176545
67879,70.44937742747277
15865,67.03665548683523
743,45.873237678070375
61394,63.2462557589069
23969,69.18036626974101
31371,66.11903821147676
3578,81.0303692218557
46579,34.90925152222568
69050,17.702028897334742
66067,66.09291463736166
67779,69.79353845831201
87449,65.03507935396338
40453,39.458230483988594
29825,24.097117998461485
1970,73.343842971171
39093,48.00774213009679
82014,46.71018442373371
25689,37.74763941264632
10349,62.89691296582601
96643,49.152781695230175
13664,70.15899345783421
16975,38.88554133354432
81745,34.069960935960495
23309,38.15602012954477
61275,63.73181988641775
51880,44.2846966550202
20739,44.6862619978497
75290,69.35527546475468
78303,77.79606407368422
22765,33.298463667627715
33935,52.60861859168698
48085,43.75327515268644
8026,38.28248644561573
72324,27.810276767238634
54374,57.16815408870134
79316,33.90260915993329
65869,49.78164624240672
94812,61.84855564140723
13969,36.31226140536397
69305,27.479690021378865
53400,35.42522423505368
46260,33.75392748299696
85582,42.71518733115363
59719,75.48276512265991
77901,79.3893132633406
75795,45.84299644698157
89057,62.30374031104432
9278,71.66950432590541
78026,38.79266849739871
63796,69.49266470807636
39587,45.28327598804989
62073,64.4200490172837
99250,33.7754348043818
47795,65.48335868785176
101138,54.563254522047906
75359,77.15327109766142
11418,47.368362162291234
85297,68.54056667833942
88362,56.19349688484008
52776,59.57625391574791
6069,61.00254249163303
8778,82.37681588806493
95215,80.29825793002948
102033,42.08776859555681
97292,50.914059464468124
4564,53.41129274262751
50030,55.62794504997096
75392,48.91963892034537
14917,22.258329114108715
43885,30.748228820591674
12866,66.70627089004296
83699,47.60701990637775
37700,66.99478560721543
34840,59.250702969032815
69854,28.7825565662459
92435,23.654537043290073
20038,40.154206967777235
69543,34.408366456683225
18997,52.2258751719304
25735,33.01105665001657
89949,66.7076547734037
20154,39.25023650174774
66748,35.9215419658947
7175,61.22648143721237
27549,65.74740636644412
27317,38.08606486057215
83847,64.91143892272973
40934,72.4445938923452
76251,40.5157569835547
32737,54.25863829027088
4307,46.287723870144774
18512,65.69902640979394
83213,48.21789017221941
63060,47.962515373638084
7442,59.145218788122335
66486,37.67962363411844
67423,50.49935723069809
6029,59.55553520747996
6581,49.7977207332388
53949,42.74624027188868
16374,63.94244606526468
17100,52.708405612110184
62383,33.68604822327967
47580,34.465002483812725
101499,62.05206547335785
8717,56.252090238215374
7140,34.75313637307385
73135,38.991893370768
9102,43.33772928487662
102476,65.51115215464645
57511,48.09038482193726
46487,34.18057736797637
66028,39.71053558163556
84411,71.57399194131398
94202,66.26712876505869
74023,76.89658405952252
528,64.1017838881722
45289,57.24313927323524
55800,58.98164306779718
88442,35.16188962415871
21992,41.68611403554117
36261,78.1269672121078
91217,62.41830212775448
66955,71.4238370573666
86367,38.96534680951057
42664,51.696537498362744
66332,67.30023941997317
97460,47.71050328384665
96431,36.374068785123015
17167,74.62491997795583
55383,21.39128414883994
34136,65.8471880636912
80517,74.5698590589079
90821,25.568232684273717
87295,64.42382633250911
15303,43.80596227284667
97697,63.71869235743178
86320,75.1765051137468
18890,72.1669215443087
77271,82.12462962306776
83762,61.01186773261616
51324,27.053419795111523
55713,75.17097266766405
9002,36.99503107008429
46023,73.53644853094153
62403,67.03201634191146
59041,70.09603638279953
98567,63.58656999676063
9933,65.58415281611065
60539,54.96933178955994
16407,83.1444293096068
39225,49.837248319093234
72218,70.17189656963632
85318,45.363958254431346
89365,48.54158704185341
87370,76.59892302621913
58205,77.84226849946236
61534,44.51591080214996
91005,38.988256372261276
88345,42.500221314166524
66297,44.41242280774944
19620,43.38020801596867
88731,46.99614018947136
71165,43.962451456095195
39143,35.09165398058874
16006,53.54011774559
56793,68.56117179609241
87693,28.97306761332817
79467,78.73221144552186
63913,29.56014677417025
66690,40.19241320622927
6940,23.174153747508768
46733,70.63356572156903
28050,52.851560314409014
6712,60.60186219849716
64548,34.15336825169229
37616,32.19124520628368
100060,39.068222536194156
70906,64.73830460494229
24686,77.46898536809779
87837,55.48258211305187
15382,45.57091159152802
5281,56.36769536299093
35177,51.20533759903793
82589,43.65773695740923
81665,63.839028343985085
2310,21.795525208117255
93943,78.56348081148693
71461,33.70295992247459
75222,48.98059982171537
56076,50.305857460216615
36906,73.61058476965549
85061,49.361781182487206
87623,50.67245196264578
54223,20.18388485226093
20372,58.64343146745942
14272,72.30349935576254
49056,86.10164082489828
57390,77.89440287046136
56844,62.33684902450975
81252,66.45355512648328
27653,30.358061705471535
91989,66.15166693473068
82973,39.62930800586869
82664,23.064287514784713
80789,69.2517471524904
21110,57.094294555098955
43377,65.33718591571494
82582,40.718865031078174
98066,72.49469794449132
3361,80.33109829763248
54345,56.96534321966021
6286,25.451635413028775
46935,36.39958859977835
49502,72.36460485450556
47197,34.62802962114412
19780,47.97616568445284
21877,9.574629375091977
47516,63.178845037462374
79340,73.70649333387101
52737,69.28549563531044
38934,31.615029226812027
30954,74.35729894744495
2388,39.708863794109625
98494,76.36330950695518
54654,66.53632163982465
24288,31.638093767612496
65666,61.22978189383722
63104,42.9648810902598
61485,60.05604528007191
98261,80.43288431190527
13556,43.84518959071906
23703,32.19505925238245
25578,30.08591197483216
46200,32.346942846806265
96426,63.08033918669291
98149,53.490127255306575
18773,37.736305330181594
15843,58.50974778116618
68619,99.17865338879994
50948,38.25262565446659
75500,38.142565127859186
9101,69.86545892215327
31778,72.04974281940804
37022,31.924585793446933
67956,35.17561490949343
19391,50.45737766957485
7353,53.661341557025054
82680,64.35949493033992
28636,43.922298394936675
91482,36.14278687833632
26969,71.87764312054077
44187,40.507655167569254
40008,29.01670866004265
87518,30.339367473810555
32580,31.01597027554425
102649,47.442978012702675
27976,64.33194591507315
18499,54.980910567315966
37338,36.12612338983185
7258,59.35869140557647
6119,40.7476732486019
54741,35.52236225233523
63611,67.66241235902083
26005,62.04139296450889
92134,34.248219378554744
26191,58.676071224807885
42313,64.06352109023081
50124,69.17226040866586
50031,54.65123413058127
72398,66.90322044184848
3964,53.4567013475602
45910,44.00219608046305
26704,76.49242954933393
49409,66.83033186259215
86000,69.96989046041828
10159,63.499980761059604
1614,61.82407814517369
96321,40.87454917793891
75719,74.10934754809719
68722,29.696264040928313
70827,76.06404074162043
63261,60.89113470378433
29122,64.4504271375657
41680,62.6588033242328
29980,35.61424048536999
94836,50.039404996595906
18139,80.10080224636457
83747,80.37533388854074
19872,72.93517207247555
6078,52.884300973846265
8683,72.83008639045309
50105,69.77367128073178
11406,64.81448396815946
51393,63.28128206958003
25546,79.18889828561439
38756,64.25794569217649
63583,69.29456027701644
629,28.59313854132458
21406,62.31103717580474
21969,56.530010269516055
14510,56.50561072118647
84663,55.632602259229586
98972,34.945496079060504
50726,69.65828283739133
15637,48.561524265691006
37441,34.859364498006954
44557,47.95831883387038
13738,71.8995757792731
37212,13.958478839457953
62808,51.76628261475068
25230,51.21858358325947
19326,70.31123714792544
72831,60.00958392438744
85014,53.33313844441037
97556,46.45865921025563
86168,50.009546585642
3434,32.22072734177762
61983,30.423377454943584
19273,32.4525302830842
24390,69.95152809192987
42649,60.47303807328022
21807,56.91025238447602
31242,64.91869551533492
68987,61.16761856962857
92523,67.49710008971286
77416,67.9356120026967
47232,36.222167110317656
56245,68.6664315183454
76089,63.36621911575572
6594,76.73384632321415
43954,60.737478904057845
48749,40.01445605051038
47003,78.41951932471963
24711,52.4615006154166
63233,30.694571334489844
31603,42.15360370523585
71175,50.379464122108615
18767,39.58698738174574
97524,47.81223525403717
35197,37.33053707508772
99465,49.64353961822992
8076,57.29347518759654
5266,56.352633876291634
75035,47.62004785266513
32001,48.395388757144005
15806,97.41295703704571
42898,64.67518665380656
3342,43.37331761422794
44258,53.99356207546588
93117,83.94081551150975
37717,44.007108951671036
75383,78.60811363793795
29846,24.187997895288472
81036,33.114608785161714
13768,38.50348005220475
102349,78.42376375041613
80470,56.81990928763837
98017,71.79671654122836
11515,55.04755556547095
83932,78.53477810651958
93454,38.95342413834426
30850,67.19762985387672
87147,20.912230553211607
98343,38.66486814134706
98493,66.4399269091081
24201,35.20112199024449
89322,72.41330567046326
69289,31.04007986654196
2528,25.138495105685138
4966,39.55480655575853
3836,35.38413087922198
35186,37.90446684359275
19681,36.025265979134645
42105,54.59672022136871
73805,73.86204743681249
9366,67.44209389825332
71825,32.44852523452242
48416,65.7240966722985
35523,72.61179778223133
80410,75.95832189790657
41434,28.435083901146903
16957,58.02674386406625
29359,69.09784676727415
679,68.18367988407579
59006,42.60043940927693
49304,36.82578165206191
6609,68.71911244995543
95928,61.80753703499388
25719,36.67584934581956
28239,74.3333712649891
76976,67.35319357870829
36480,40.232443835015076
36739,48.527929830670345
26001,72.69491516352613
48660,41.13194621070651
70012,44.34596982815089
77337,48.475992821900135
47171,61.43538886930665
45798,31.21133726565651
63597,75.48885231659341
15431,48.564785327884195
26368,45.58572389602206
85665,68.3962986985734
29081,58.067918472336615
36216,38.50402013676034
81129,35.50783925794702
85554,74.82223777981434
80875,53.93519768824705
75618,62.13872592505416
66488,69.4579541973659
49427,75.30684361465808
33329,58.14061932154074
31525,47.519927111577424
61048,55.853784394027464
16458,23.878592305432235
40966,63.051438489467884
2391,72.15758086480382
68610,65.04252482301409
6433,66.0305178566814
3128,31.461554518771983
39413,76.03072311505667
12159,79.67904962134176
94936,57.60677802230164
99928,39.25649584373502
59635,71.92735197448047
87261,58.59638026865019
14421,38.63000785976702
5662,70.85981411596453
17504,38.145397676506235
47879,35.80086700405119
47604,26.6221429776727
47278,55.88033767790952
60708,58.140930577762504
21563,44.19713575994244
24620,36.28154507183093
68195,67.32014940483081
43137,37.114176230406215
45660,72.39019797760452
74502,31.28358786371305
7950,32.434694545041495
57743,72.79350412239765
89668,73.28973020412175
100889,64.41581234115657
44462,65.66880850980111
43809,83.32241966700354
37256,61.71674858805403
24860,32.096685273514986
81909,63.92182391417269
70129,44.775443731715654
56261,40.496689649720466
15202,39.313065326584734
88991,70.09086100813273
41617,39.99011013912736
83328,72.91985790741815
56346,64.26565593660888
9686,56.4445489992433
38434,70.6029224715958
26221,41.26922140560853
80173,82.0129021623327
10126,61.45144119014133
53650,52.2664765078234
31938,60.03102076902382
30235,72.43550296981346
6760,60.56842385220721
47943,17.622237588278114
66998,33.60288970257295
65532,65.2748755777298
44344,40.18035926249165
86865,47.81969215121106
40030,38.35921517745477
79406,32.04500325577341
23248,41.940792953518226
69062,58.80763850958289
24119,42.902189492767356
37321,68.63483788032892
75701,53.97206914097984
102006,30.999679069753466
38580,33.59303189698522
13024,60.406743400501135
26266,79.2427411852233
1725,46.10820461612288
86127,59.99622033333995
4996,48.226088631024425
50223,38.38258666706274
82561,62.92514196164767
97397,75.79940097751238
54807,75.14421758888888
68588,29.556859848357863
32876,57.24208562338285
21714,33.80272384589163
54589,37.820476197603384
84520,33.12993528574032
19335,61.03061216636335
84694,50.281785599214956
49694,70.05955003373728
92085,65.46033053628494
420,64.1016916935962
26823,81.25299958636535
65029,44.47982155051194
24567,36.63925327568502
24855,41.82450404324629
16382,33.46217375054283
52732,65.57223115890136
15000,76.64819327576822
95349,71.00164597626322
37929,35.26924277527536
94015,65.20311727844282
22975,61.73736717570214
101658,33.40901614986158
77363,66.56525214325005
40512,31.24783425426644
87653,61.95217514414036
2016,42.66061249315109
101732,59.07071611124037
9025,63.30257135719874
95590,79.20617326605309
56675,68.49942340999333
188,15.699912888752799
4871,36.50912035137836
14148,57.818359816200854
49610,51.581705957205045
64287,47.11245048019393
61423,71.26082358357176
88851,37.95438241620411
95843,38.8972676115182
98804,53.79036797282285
18143,34.453705389480945
45251,42.62313655323669
15169,42.96176116791392
27633,67.34361795236993
75053,32.7153661413296
31683,71.06924142694217
100401,42.57215409985562
77950,61.38230863327128
19768,71.30048031052976
76276,27.497007820008584
32499,40.028165473177495
35396,59.655874706668
30445,30.612578457677508
212,36.072881152263996
31850,60.052737102663144
13593,36.23845484558422
70020,77.28535407036058
53826,70.47848755338885
76833,39.19659878827549
33256,30.735828235616452
82532,25.062428720340172
28285,77.30889635550041
89010,25.949884492188094
2625,37.740432700846064
16261,30.316344454022676
61059,36.12690129752842
1512,60.915570078106136
12938,70.59478579853561
3346,23.067418837297655
19553,67.5481490778638
46909,70.72821970748456
48295,49.95118575211815
39709,57.389486528921836
67927,40.5655461027928
91392,76.63059992875016
72383,45.721925276309406
78398,61.66404002960699
34804,51.63850092759778
11127,74.94022624126166
64216,78.71923297974793
34362,32.12212625809136
2475,50.66876927518599
97499,64.47288178988948
23768,34.90821921827345
2773,60.370646192166326
55758,50.42305937419991
92529,37.147762893329386
33228,44.946786355754966
46582,32.06658792880546
22818,57.31956088533743
20048,65.56755707988498
7910,49.59455272739157
11318,45.43764309598552
51186,72.26961068023104
53752,52.573585606493694
91549,63.950932731599444
46029,77.11142391031743
102093,36.825208956606346
54985,35.71739440834125
12584,30.932771631766464
72344,62.371835926516454
67871,9.200594957875012
19401,63.41118866941991
76834,69.20458386316712
78157,71.73095904945627
62727,73.87646486425619
16450,65.35963736178265
25236,60.133951473846125
69482,44.28803320941965
6905,60.632518220056554
99667,29.18685961833632
37851,67.57937705093025
18898,31.461278060486983
97930,60.050681903468615
63891,38.26178492621689
99088,31.44667645955833
82899,33.44215840944711
51735,47.8065284513112
25742,76.94035579691428
33623,67.45133557112587
84348,36.34081999952628
53291,65.18250798827954
54066,79.07940942384298
45783,49.09572122964581
10848,45.822223146669046
16452,58.3014163150911
39113,45.91176175284751
21999,68.63734604458935
8947,38.31755422949735
74324,51.081459100926274
70998,73.13510375713001
49243,33.725431123706116
80242,52.23453626218758
98546,83.89707232091641
71644,59.7860018544985
44015,71.66998950369248
86362,25.891656920083825
24586,64.82165762151656
61251,60.55903642631122
10805,24.741646938344495
30322,58.01728460465839
7609,64.47006440037617
25350,31.06376675551437
97767,76.64561436835818
91295,35.71066195277246
8009,62.28144647355527
43879,42.0015349740764
21771,45.83612173008378
57066,54.687817177516244
74131,62.10217817618394
28524,71.8518430146164
13805,31.540800871355337
10352,58.033910657595115
85077,40.96544740585173
58035,23.129943513168293
49584,62.1211449704274
75889,35.03111790590339
9544,82.47758662137186
14116,56.76787252859505
47734,32.22682748017086
66269,63.81263093359695
26966,70.35087116728945
20175,61.53326509418352
9557,61.56828912111684
77676,84.864972587274
74954,73.46309305266311
94002,38.36404725213584
54447,38.18252328914585
54120,80.13637411339283
52688,68.50392795942352
87986,82.00889019458845
84758,39.04257556873218
33160,26.19779930990582
3948,24.259732234555706
5248,34.42735265977975
20904,72.11579402018
71275,63.46297186592369
36590,59.223529278158956
100970,18.344574678398896
96422,35.32461156702301
78740,57.058979235073124
460,77.36523503934977
29474,31.712723583976036
41187,79.23210509387339
16472,34.61109536553791
48705,35.37286934701593
19240,46.22639653172411
37021,61.315099644835605
70545,63.85381506710267
4119,74.3475811882146
32905,53.72861743775879
98599,28.596271274023856
14447,63.96200859640578
79901,72.51961671114374
62728,73.85460210990473
83243,82.12604200666881
96107,46.21171254183215
53631,79.54083429820605
50647,18.577940753808974
1088,34.26512089862636
25678,21.12041705105026
51094,68.51309917492182
1366,34.684068975535695
66665,36.90994743071084
30202,45.15528487898072
78403,36.78170932262149
37330,52.02830407642955
65120,38.42995252971969
75838,69.34083267924328
73924,54.75287803316658
12064,67.69530836481738
1181,61.60705623853035
42463,55.23939192053223
9819,58.63953620190786
92330,77.58254609307315
954,38.92086763382789
10801,85.00569034939375
26715,72.97326945054994
90465,31.568952051525542
60507,98.06449489319003
83939,34.319926291803256
32441,76.62851947553682
12829,34.32585315872838
25842,72.31876048197114
81900,9.163965986949634
73960,64.9675569578245
91753,61.44475478873184
70639,53.043249653754486
56106,45.722706159903204
5537,38.719879396758756
82446,51.78824641653571
32336,40.23050480739289
566,39.14216577420961
58065,65.57182484251251
46310,61.047081675845824
14603,85.99185133995127
42014,82.2572820708685
32516,43.003696098197196
36857,47.50188801264897
102043,41.669155425422055
95661,31.458371865622908
71228,30.605691316312654
9313,27.9844088521898
4158,65.2196638318962
6352,38.43284350489081
52078,51.58163877872376
57855,78.43719956593324
88664,58.14003263424666
23110,71.42961582866161
51457,66.09292712955637
96754,52.91759000531131
6367,62.40249431646373
38331,53.416590937078155
52384,39.29001726075688
88716,42.51827926511781
86307,71.63542913414453
81381,43.92905797124475
62794,27.680991506335026
16300,76.32727828612059
18214,47.92732830160008
38966,34.891338039989535
15416,36.68929827290416
30090,0.0
35959,47.72818928447168
78288,46.818056670985186
27064,55.050097397094824
27432,42.88217334844924
47652,83.31384364520108
67339,67.82950714359376
60209,70.26820442270497
26276,55.84800165911527
26140,57.15999012498399
25384,36.34442775680822
23495,41.80305769500265
71956,48.16625131532504
36725,77.3228768964367
53502,59.684958888197656
77018,46.427740635637456
84849,66.8108381120494
80208,38.77043690531284
24394,67.874877575179
25323,61.48461690300911
11328,70.08460733822277
49741,76.96875719400171
34675,41.05261302927779
53957,37.44613960173044
62793,44.63446357144029
67265,78.91844498106825
76269,88.08589442200244
13202,73.6751526336629
69832,49.87714711594618
97199,37.45993738159537
74382,63.62596668455032
94513,55.630685820292726
62333,46.67815838674614
41755,58.790137606618174
54662,39.31056137949545
67782,67.50861120391336
49847,75.38807218822035
27969,35.501675695053706
77232,57.067310679378124
62335,32.539858409904085
102242,30.952368987232376
79039,63.940078825342724
101330,62.09370740066848
88455,77.00054370361126
101471,54.1298315991762
14787,28.541607186892836
53246,44.72692760168988
75675,62.31352723731996
94976,34.567289267795466
35591,64.67085870250719
33772,66.59505308080858
30570,38.749724276222885
54953,36.667331356754104
465,39.620989859394385
50710,30.98304339543548
65041,66.71206057709148
41516,54.14895327407564
102623,37.22341014313619
12068,41.38809731462045
36713,39.11014754638022
65168,50.69106451952351
18686,64.32605463849794
63152,69.97014706918598
2352,33.95975285258057
23513,35.66432754617137
67159,60.1848354305169
100107,59.836446399486725
10145,35.24842380679731
35717,25.56553202272254
36635,70.56776960894032
62296,60.95050556073251
92229,34.259868457661256
35198,44.525429598576295
54440,49.73493853531258
38159,65.51199768625285
85684,64.86066611965784
96915,65.06649218060258
44821,72.04941979055981
33894,63.27555905325043
49734,26.82758442868665
37373,69.11948336299692
6695,46.32778022999827
4224,68.04293963266838
11321,53.10949515252425
80719,76.9987207717065
90285,32.00491364980864
41031,28.05938020712673
92323,96.39824168332356
79871,91.97375796382437
41149,43.04562112914941
61613,54.80448710186376
41255,29.64119650383077
42581,34.745619120458485
21184,76.43341787257405
59793,56.4610960692842
91334,21.319963043261488
29453,51.5162285566823
71548,41.35531528122555
13191,40.263353530547406
6945,57.55465774109112
90837,38.02649937012626
41351,66.82927046059439
50533,45.064472595969676
75608,17.49016854001883
79212,70.33100710737043
30404,22.840383153556868
94318,39.04982534564866
20467,35.928623530789714
47686,38.11456199471483
28951,79.06147096427438
5718,31.353335896925856
13463,29.604632303930543
65781,25.009732228559646
19805,72.35087202779766
97858,62.921696183535694
47519,47.207214920082315
38585,32.15949103988137
32652,39.676437366097815
99892,74.20719694940021
33221,62.72258937779129
45326,72.016410705244
26565,74.24148116579272
41754,37.296844314591944
24750,65.15042659304595
82293,30.613255815261912
57696,68.37112820272642
39349,83.60273567420292
8303,80.61912117080763
86667,45.40556048564245
45706,61.05831231606585
101939,38.577549359108644
64323,43.36272437794631
93061,71.77493072379772
44092,59.930120626022564
43328,83.58972680333912
51452,65.75535031127347
22920,66.68496276642912
18625,65.14893914126652
28655,32.8347579977619
49357,32.89662141510138
90058,73.97887096325128
83250,52.87836137391828
56187,73.13353804208953
37054,39.413893267218285
63090,84.3906182203302
83144,70.09172415138579
38211,31.997253505018794
58017,31.92564843213086
3205,66.54089751437064
99109,68.07593686783724
43145,62.845473083900885
69415,63.32332516325327
82205,63.08953807120727
61289,51.110354056597814
35805,79.56586484733637
98039,46.129281924767774
50818,70.37156631895195
22847,38.92663523408819
77007,72.78031449035927
76431,57.51414734093803
90402,53.5134176815958
869,47.37707188347762
95516,26.67487418351589
47707,31.468272950638514
10705,36.49670556145363
93698,62.35934351847142
85774,73.13284643069156
39457,38.38278754707871
74374,67.0219073817221
90577,20.048074701942497
98318,33.500766657670084
89547,76.2079865560566
12377,67.08021173451442
21504,49.63461002356865
20619,39.613561803051994
61374,51.92176821106779
51455,85.66460072334442
65396,50.59032366234386
67015,42.30304482714938
63210,66.53949267031106
25318,65.41184575140241
5312,38.02463896552846
44189,44.05087210880858
72154,76.05014503615871
40299,20.361992216435038
85702,71.15297509162983
95648,23.75628576995952
41053,72.3322022901883
53121,54.37911591929324
60304,78.57805110031556
46539,77.39989335866301
36680,80.02170164139295
100251,70.32251091125468
101540,76.59459655827845
78027,47.507136008447034
83562,24.15728876344478
96100,70.86018079253176
36005,34.86432062158382
69200,70.95198956933471
68957,74.39306547873734
17647,68.0494139612397
76558,25.417436736901543
15719,58.253576466110175
26106,51.032135843317164
47600,37.22432767513537
34981,35.1765705056346
70733,67.66407462606864
38283,40.90938425402382
35310,26.727878063091524
84393,40.84111427547017
56604,36.54362904905088
36829,78.60714625018758
51296,26.583071368072744
61407,32.976985976407704
44434,33.38976644767827
59270,49.87890105403364
24248,33.34486493555476
9762,51.54324023310258
575,31.323009207941524
19628,44.14566441198802
45947,28.268432247630034
84205,46.63206427237176
70169,66.50124863453502
21358,33.05893896735976
41037,69.91533492033543
20033,44.90823322049303
73234,37.81334136870737
49191,37.12151894389869
5001,72.82176000211706
79093,32.16249101335449
69272,42.92809568245863
37366,77.87172813573503
98022,46.43685748562659
73482,56.756475491230155
8489,61.95823634309507
42706,71.4766226785849
57602,62.72269714573445
9403,79.82584197834032
8976,30.49300724254976
75569,67.74653626413937
20771,78.22206972326694
15075,34.819312836686464
13630,66.94225049335964
51582,29.217269534806704
48196,62.117617326160286
24712,29.85503658141272
58681,39.325990854878306
96744,79.46397550703428
26702,50.46232602544379
42633,84.24139509429075
9580,37.07433073845129
11693,38.93894206442986
581,49.97200122794233
83772,32.82121049082794
16082,43.29803486898734
32005,47.56444249591286
19601,42.41791503979553
75368,63.82799950830643
42064,27.43267334249661
7996,33.96509497627781
24573,27.66921969333633
29097,43.78010681135295
1757,63.353742808830546
93134,73.6219791682305
94492,72.47341298483678
42449,78.66383866143156
11529,31.865476976623526
36085,36.31653504163174
5375,50.08350703810349
70755,36.54942730361672
8271,41.46834950690387
82319,46.18794063206636
10498,53.47659700330889
95325,79.13422094927395
51401,69.25799755331028
21117,33.91506838083134
97041,35.510237103689676
46754,62.924175894916615
64223,35.23922026457473
93802,55.38646477026564
10937,49.13187576404275
22675,46.906092492346566
16128,49.66989041439702
16823,27.70351417497762
67977,75.29147707978959
17363,44.87939826834294
47698,49.127453686066744
98982,58.48864477729003
59540,78.89220170972104
50575,70.08114493604997
95241,62.44664528174123
58229,44.18917589043131
65560,53.037952034950614
15876,39.500508988712454
34254,37.22321614470282
40732,38.84025513692529
1435,69.09003891892417
97471,40.81999897831402
65953,29.02171104612842
37771,51.04471734918098
3543,60.15333512376503
71773,75.03662848748249
95839,35.992028944369125
23857,78.5114341615248
71140,28.65568979742105
2966,43.870008559106125
88572,46.90036448368827
13767,75.06747846660144
60379,71.18152807398171
30597,27.548225408979018
86099,64.24113572753188
57340,50.08124352970816
75724,35.024522179401
3796,38.44405268334701
79610,65.46259798187074
84072,68.57107114912023
99908,48.59816893964647
23374,69.85887854683048
39735,47.56647436910968
82896,35.54144657154593
96729,41.43223165062201
74944,32.265410027889736
26371,76.64714733588477
17863,61.39980994098487
48115,86.59525605003877
90730,43.87492797167879
45546,37.14448761509788
35868,57.36490401916102
28067,79.9772981742809
57165,68.3339213857059
2396,52.95719554255935
64833,38.86480722917382
7406,48.25959811783352
16844,39.633702027970216
98841,37.60455319581321
42369,64.1700679660321
62548,42.470562187783486
42697,31.18781209684804
13129,64.00077518507288
49221,52.264951555522906
90570,38.290590116512114
17424,36.77984051456611
67749,29.806650558247416
74635,45.97727153831081
99972,54.501068150380334
31379,67.49852693825294
5153,86.7972470246989
68835,76.2549705569636
70473,55.73305667338945
35138,44.58776659487013
42487,61.53233309057303
83626,43.90601890855642
80700,54.96053773015193
44257,63.29752141444931
82563,53.05462123655316
36486,27.540202110362973
99591,38.87712842445292
83505,75.42013815984613
14343,30.276260077987928
80552,35.14418757598102
63370,52.088608177374525
5588,51.61367253778387
57773,65.02409370820693
87213,17.013791017466687
66543,30.56955757768539
6681,87.18826573787443
80845,35.757401603752115
74433,41.80125137723265
24836,24.427798455837326
102056,70.12908593640995
63599,65.49632465805914
35631,39.74471270443155
66898,26.2537455326594
81417,32.501121586751474
12316,53.08579237156637
88863,22.527052764986585
18894,44.11523016852746
54050,51.26658960296817
27819,54.61143506836348
50078,42.41446951328713
15834,42.76931004278222
90981,85.38568535302727
70439,75.81538176447441
37030,57.090700282624226
11503,44.827746298937114
80966,61.86664923587608
72773,33.66643792642894
28794,78.15471834513373
43332,60.60625500664432
39604,29.967222042091603
4000,28.778717888778868
91508,40.70082872567477
95361,74.27551600869421
96131,63.5045572587928
77662,37.70744957320843
30368,61.038088329801624
62253,57.74109195457824
74900,68.54815008998635
38009,70.01179159323229
51374,54.9313256141875
23032,71.77285586083929
77294,86.59759106532599
2836,49.45099270365954
325,84.05441675135079
93922,76.51586321677142
62806,73.79394502004101
36437,40.47483650887254
57175,14.351575556377188
65720,91.7431720393351
49073,59.10623097024903
39322,20.976482582546428
95117,75.59934769116147
84328,34.524935128998365
88280,37.43700466343388
63018,41.87983275524519
37277,39.79939195358311
23017,97.48519317459872
52788,30.947399802240827
1874,75.11800765761305
101119,68.7665756126996
15901,57.280608894453465
31148,30.998770612520158
97430,65.97376671556714
32231,43.078408787526314
55337,36.777612736612724
94489,36.816738610072434
49481,66.16767396342505
67653,25.34054029946398
11235,37.61628024395225
72257,43.247283943703714
30773,65.55222705021703
75935,61.562511975700886
13338,66.40335543244763
97119,44.280867356068654
45562,33.90757536700331
15861,62.766470483561235
64972,29.138415998197768
84869,53.14581579221086
75908,70.22119518032758
73486,64.16709255329214
84695,64.61253213366476
71258,70.88421981374512
93657,37.77457945961314
6003,44.662313538806686
65986,29.012367909467542
12508,50.3025867422467
90152,50.853733018231054
66533,68.72493064504025
51479,37.40158923315839
63114,61.69622607577156
37159,32.67931802229687
13906,50.4590703888603
28280,72.81764057970912
55813,57.15709983576785
100695,50.632253018033026
35773,70.51219644935225
49606,63.54666888757066
78737,32.37284645504535
50992,72.01701227822657
13132,46.2212099131189
35575,32.36613342942594
40833,43.73852415575685
56130,51.71723509434259
52822,50.543885140889415
81810,68.83106942175698
15936,64.31380610855389
25281,80.17468058113613
28496,38.22348801870398
64429,49.07899841839668
50279,63.70099520809569
44614,52.494703321624115
28272,41.32341433003339
58931,42.07507957537066
9148,32.55309771263876
80656,65.31996831138783
97635,14.590888237113713
23251,24.25027051448248
76935,70.95132888432337
58766,69.27767344388091
57960,74.39422870805576
3565,69.51044220347909
57502,23.55195548418538
90900,65.41507139359828
49508,69.44272872959374
81551,31.154055799355866
861,33.81740249648952
51288,18.42704475471122
29478,73.68150921699099
36833,66.61819550706787
98056,70.17460734594931
70048,71.78252418593917
46514,71.04761623888112
37038,37.44889984410448
45690,66.77601504016229
80501,54.201170862499104
29698,53.01661916667441
37112,33.77270976105862
85036,63.15962011427034
32657,66.4180762909082
42312,33.03094104835844
18577,36.5511455325904
76846,32.96030191544511
83764,65.97038897979441
8019,66.33040734073941
16894,36.52059518621843
88212,68.17519509114615
93889,56.80152728721538
4136,33.64736908253852
50330,27.937061640228332
3778,3.4340131217230763
52419,39.69571254949073
70491,70.39126415838234
84139,29.244981692150652
83483,42.03827316389781
53226,43.17398110395094
23338,76.35584233522675
41910,29.700050799520113
62712,40.753106858795164
2232,34.872712611972496
78382,74.84122994104882
85791,56.36238355714329
63385,70.58637107075921
17870,55.40424280955882
16653,39.899484384499075
33655,31.04183670333717
13313,33.6228386829645
45807,79.96833791244237
84369,41.08498316002265
68583,59.95840961091788
13022,61.343647831274794
97771,52.927160158192535
25793,60.41213151107978
23057,19.53548343271668
2483,32.329102431100296
65328,64.78600126448374
23220,59.78507595347557
77031,81.32190186385898
55881,27.86291531735879
37272,31.888930886087806
85700,75.50135618734376
9638,73.09056497619633
12069,65.17026264604439
57784,48.41074383993282
45032,36.09303549687185
46383,75.94576717370391
54933,87.4764240044154
78348,35.98144988696209
101128,31.71583335062758
100366,71.11277203223393
64562,36.23421943816104
59466,74.79111412928486
82052,80.22808586789412
59487,65.52605308262423
98838,35.30594963303145
3894,49.05567829047068
4769,49.903711092670264
23350,36.81604984215331
29974,29.103140773537856
101985,65.59619848416668
64889,80.21238686853916
29395,28.56682535341811
26927,57.43510889613534
43696,62.86886380296281
9073,71.04046089717849
7294,41.90115303194943
33181,33.24650965555582
56940,78.6219666561009
12374,43.91147335758742
9200,37.02097410570395
18935,60.23482847633317
60666,49.21124334503947
19182,74.21032556664609
63878,69.00130037586683
57565,63.40446007757448
51319,67.75647770756335
68591,71.95369213167595
32933,23.082567814519695
36667,82.01057512160952
8559,40.84274735334819
89482,31.370352060577062
91129,64.82484552690632
62673,48.686196877249444
72919,40.465897694176135
57433,46.93349916167073
28132,65.99913737198807
18738,47.61601775834437
86804,72.57267081266664
8187,50.36579419792321
11542,45.63900796533539
97134,65.01522483886315
78341,69.66628739297099
33968,63.565279803550894
102561,76.96034454221456
64702,40.66736496407924
67923,78.8997801349246
31105,63.074768302264474
80212,41.80735816581761
17690,63.308350137030274
100207,61.486006744049995
43888,56.086669343738535
39288,33.887874110996826
46694,38.45731624181497
29540,30.57326118845439
26602,37.83707946026008
4362,74.10110421728015
56933,35.91274868590049
39634,75.03604992484921
26387,57.888697975546464
17751,52.12488030856764
89132,53.54525695167251
13027,29.72800363331033
53817,69.2556287242522
88920,33.59794027921846
74595,77.82864828772517
22153,63.32694417826542
44836,48.083246924434974
26265,56.06728857475625
3553,41.816524227886624
25511,70.33698655302324
7976,99.19114985584618
60859,40.30821733548263
88589,42.08700858118526
78080,53.0325348754152
42374,35.69778616411309
22006,63.82053946369757
95576,43.888210235619695
17833,56.09306765108192
62849,75.3662586809275
1378,40.98345365869389
19657,80.2553407790649
89484,34.10953386752154
26332,63.552947751474115
60383,48.660285168113745
58937,43.359138975528325
69738,54.67482682871536
50942,39.68146983089493
67135,53.758652633304635
17081,65.49529600764052
85513,67.78141739179037
75585,72.20289570696607
77250,38.14811835857391
39805,38.33516458770381
10549,58.43685919167406
38957,38.93616731798937
26760,72.63569999044947
15383,53.30000408494659
54657,78.29517161829102
32612,42.229065677221215
98651,27.16827217001707
94652,55.44508401296062
20258,38.61973591925336
4042,79.09870586028777
79024,80.08098713756728
90025,29.833201548328585
65180,65.14482413063337
45739,51.958565935523886
84264,62.759075916599485
2553,53.666465814834865
1669,35.37245093745739
5740,68.10648133028812
91453,59.59929471450808
72115,64.8708761183902
4483,38.694467816268784
56739,24.33732896305292
86957,67.9510706549261
101523,61.37853899853254
55546,68.97787094701688
51235,23.616124546117803
71318,40.176736615008
48059,67.2894105012339
56058,35.95232347501653
77501,44.642038166192876
94442,35.705373690915856
69204,31.70456321276115
24699,86.76546942459521
7924,38.36075901677797
48294,56.96904116139141
98772,57.124904392115
37899,28.85724885595555
93300,71.7102468939807
5279,35.35812209279622
6650,61.965733361444116
2779,75.31553314033043
29878,35.30876879148439
7358,59.71734823078216
92309,48.15885165097869
82169,55.46776151026811
43171,66.77541137498031
51232,67.7493736096862
7012,69.3986634196832
55944,68.07017475369224
94017,33.29981406268437
21087,27.10561117659341
74511,33.96189533224468
101907,84.88072197629278
42306,28.28560503816297
82234,67.89331499477115
64075,65.42010580121635
95807,71.25912104950352
26923,74.45680785923648
8723,65.34306037987471
39963,51.51246719440967
23219,73.32850539973687
33790,61.804864194185164
60625,38.13259889654925
50728,74.32689541879105
18980,45.97786854390448
66441,72.28720996016862
58934,34.87582319637297
39269,39.76692358243457
90300,76.11808016518954
19357,54.05741661668118
91346,53.5037113567694
55607,29.214775184744042
58874,53.14786581750822
29665,69.73198483100751
25036,71.13306469108025
6086,75.00198541206711
42168,31.464602222876948
37174,68.82444018439848
52397,28.18251630123704
35293,70.4565040469358
100869,80.2181066699998
6822,70.47213462454283
102098,46.55641678183427
40623,62.66820673208605
13402,57.10541200797019
52396,79.85956307854066
91725,57.75666259366732
25200,55.227147598422086
93584,47.36339932564822
71119,53.374752954267464
66145,41.31429450343574
39258,76.08412484616608
11422,36.26352799061264
38077,25.475505958821625
75956,26.566451651797486
62509,68.79096513473858
102080,60.76690063954064
46280,58.161101469251
288,62.16703071135889
59905,8.803266770307971
8375,45.35870706032196
2560,36.31487973495745
7084,46.02282397275145
56207,70.80185284050101
91447,50.32460228779128
67790,50.81686479408718
75166,43.40860427603157
99185,23.72064438911732
61675,57.38978522659025
47096,45.48500635913011
87263,70.54565918551546
80132,58.370518780047625
93683,79.15090686578262
79852,55.35603282213653
5647,74.92926525454266
69601,42.83594590455312
28644,65.79136448955558
100382,58.64762998967817
63971,44.50436893148898
88541,82.13553660279715
20263,39.08244853672659
69077,33.17171784755579
75648,36.156005115193054
70371,52.6968901568501
29020,59.66296338373607
77541,47.28520333017751
72650,46.21041752072753
50558,65.14141884992756
27173,46.242029502793095
88534,75.81543735873845
49261,33.16518559342843
77021,51.74363480798344
58842,54.403672484439774
98967,52.42730209879457
4550,23.682096953823546
59655,52.04735336827133
9180,65.27462572282309
2290,69.73754177515548
27092,65.8211415753695
55011,40.067181755748884
90466,33.70660339678849
78231,50.667802617803446
33334,97.4895900973751
8887,65.73705504938296
61458,67.51623785717656
25501,59.319993883214735
14567,46.79478436824057
3052,56.126021291991975
15459,40.80767459320686
17498,42.9585655844303
5388,84.04237032354021
88001,48.74687177811755
12539,72.14026642593402
38127,72.84978804370753
3127,34.659057826537556
59243,66.17299906469377
23156,28.822308372506836
45945,80.68088068203468
2537,34.880825917472755
30334,39.149087854809736
72479,40.32368419367424
58603,67.19358915528863
12639,52.4426600448231
3562,26.030445962237497
1981,71.06918187398352
89250,46.2889948309428
15424,27.153400134777435
7631,66.38558666764675
40282,48.73002129427662
4754,34.80657907150658
63237,35.76706104261287
24959,87.5567218783896
80843,77.81726650626945
80310,67.4234391624212
33470,21.14447786348398
5289,58.90756793685566
13671,41.695449575626576
15451,45.81725386056644
8238,70.219489415699
34276,34.584507064889664
88107,25.516594618189693
26417,84.40713813080697
62884,45.32902749260302
37922,68.67193657758955
18663,66.17922933093939
94669,57.79677792744882
15685,64.01554393604337
38224,27.990219306877673
31332,36.301821102868935
19840,50.74647690960895
51789,31.41192770634503
52387,25.64967759229702
65863,34.15055994984109
24286,33.59194561369729
89421,62.28365508574731
44185,66.30773498835231
60281,38.23195266040085
87223,64.26459770597998
83578,33.602692070993136
89676,65.28611500928675
15458,40.38590640177419
20408,62.896246639442595
70508,49.68005571353735
55143,56.49045034364495
29725,65.3503880437544
97407,26.63436149325277
1788,34.078056874388835
32097,69.2830191289241
87982,52.33300553743152
58786,73.41883225075648
60269,67.21744392532014
7348,85.76282176104874
96719,66.54697718600355
66120,46.71099377376194
66006,38.973626474795545
100477,51.850073823265234
30167,54.32888537249325
35161,59.27882570070199
40492,62.50701212049433
60872,29.21158565233229
75737,71.3729484969556
872,20.507613159872022
88064,75.67838796927825
67705,46.09280097243994
30197,65.47870552019339
99755,68.70294599521733
100830,30.92401363371363
91667,55.29662162060899
52918,48.71695076611235
62459,79.36810757317163
25570,56.90813488366683
53821,55.44572462828562
56460,44.872735802015825
34637,16.426318380136717
73595,23.629651892064388
39216,67.92510364294785
39077,69.98889241725205
36439,42.02151268537147
50527,18.635154312715116
28543,44.85386179439342
78562,41.80241727151948
102001,42.19708255291681
95455,31.14566328651488
38770,25.260667304392832
48049,64.69870481713329
30012,57.7952724922635
78758,65.5296505661127
75385,72.26248872538123
39148,54.71586762262541
13533,39.65786994071815
34191,72.8321420678966
14528,70.12356976530057
82075,26.588960435749595
66851,32.81837630977672
4975,42.742031562960314
81198,37.4421164540604
32252,68.70594325483675
37091,38.77660445741544
3293,39.93454079100945
74216,48.09575698657101
87411,37.173171590911124
86807,64.19991300785438
6265,30.913174398514403
87078,37.55058974637856
75481,91.17785278302094
20978,29.658000352585184
89998,53.52437623280952
75280,80.43258226793637
68654,47.364421940563254
79440,31.36925115613052
84285,55.28709062093358
6840,31.67157225083859
49222,60.74831022231418
58683,35.096190089401226
34555,73.79954794023342
96900,32.24703089882006
15886,43.96051526976753
14208,74.61527480499237
102671,66.17142451755474
81455,31.02871386901402
27613,48.97122669987311
7979,30.375102767113585
24484,66.8557055770149
90193,37.50270633800413
61856,65.61912409608183
35106,44.97928703225671
81744,32.366463666399305
44669,40.979186206445505
29314,28.135541691764864
56756,66.09806291382816
6014,71.69770500138213
55949,37.91170412383502
83329,52.15220126149241
34262,51.175523312791185
44640,28.38489865791636
27785,70.61544415181879
11930,55.558527600405824
48530,46.63697464011629
37233,64.39739074715335
41350,43.91340676161916
58372,70.1807779507663
79507,78.27086066074035
49273,65.33195392721254
83741,55.52243070338773
39739,60.969138710020566
46140,55.90066709663289
50169,39.5472090445094
48309,44.068976206590435
85870,63.24164900989743
59604,62.38072666318563
23462,37.512327229347335
76644,58.24723872263084
32724,77.06328534666832
102279,29.238959571686117
65065,72.36412930452093
92662,61.329926281756514
73642,40.43496069737281
89699,60.00804592451956
12085,41.14357023484244
77309,64.73956562334406
89722,44.28970526689749
23603,80.36184593175268
15495,54.73012528073498
63222,38.950032301381654
62560,29.074840644216255
12765,27.973020844725884
80908,54.12235258651526
28450,16.78926401838155
15344,73.18360648096876
82654,35.81173368567911
47991,47.57549400730248
55726,44.33377045016985
36818,46.36926686356661
55073,19.30629219944234
57615,76.19381482003675
48270,50.196013290926224
72855,75.5377045473893
37365,45.36874613610425
68955,33.3126648677483
6264,34.36980552927142
13326,57.95009654991338
25251,60.15598544181555
89742,26.654298355185986
16433,31.706702481491117
3523,35.98550639673126
48037,68.71976649227366
88094,58.524751746985885
34239,71.61823539348283
89821,35.736373476292194
87931,74.65543032465013
21039,76.31555599403697
94211,31.858666531140273
66122,62.91234607013175
57035,48.75161304823248
47954,38.95334398601807
53284,62.87832176493725
70424,59.97878499356929
87134,47.895461922234034
30555,24.940874141152733
26705,42.10888814156846
67827,33.568259634516494
43399,59.67049280657616
18826,37.087670854496565
85491,52.39799531421839
98760,31.858620824383127
43364,58.97664584784072
56708,40.730462465620846
24115,39.557175759830834
38269,35.45012562285877
89052,44.42548009649158
3065,38.23448984024496
22746,36.53354782868479
95830,84.12674717555188
76875,28.801170412438793
80376,35.864808294858975
58348,69.13845559175712
16559,38.491522510913164
87976,40.772597490787284
62069,72.31679642901062
56919,75.27687808913572
45769,53.83261157036367
60397,35.859674363359744
18428,39.97071384483182
82791,78.51188661924655
86019,66.20118768553678
61085,70.4086425159405
48680,73.22926763367107
23403,89.55885575825953
12744,74.48929674797913
82991,58.46918667774001
68038,42.53412180490204
99204,33.55343846432304
5046,42.73601963082561
74928,62.986565347162326
55294,66.99001210482439
34553,69.94944975332257
44120,70.13139359783948
36475,40.042522859978405
46848,76.47491649831858
49232,79.21713556122805
19238,57.89151031738618
91776,35.988714962343465
93605,71.60105982981679
54053,71.82833009080954
94659,72.6457782927918
92514,78.5473025303123
42228,59.279162689206416
9259,49.47123028032419
77319,17.87885830508185
58653,53.09133957231285
67411,36.52221887141407
65144,44.02644639267605
44552,64.36929336666566
73168,69.2222546056704
11376,54.99259917783284
53041,80.30632262414865
68558,49.13508495814834
64119,30.70084096821364
35142,79.71887688361109
55947,62.28714843651879
47288,69.94298176709141
36577,58.67731073242125
28835,62.95203762848875
53194,36.90574525080682
89643,84.22073914606801
55335,40.90929051571677
90732,24.78271520118198
59354,83.14003038102207
77635,39.53670926740017
37340,58.40729429921326
78605,21.242664701256864
45646,61.88180542769928
69544,64.21137128540829
101327,37.75186236538764
100381,70.96814672255827
23525,76.23149658099479
24416,35.345936249602744
63705,57.99746598627708
100000,40.00633095588141
14212,37.44703083980305
6988,40.05509225392412
22228,30.35930589926926
30214,73.59020351215614
47761,69.61296520190172
94164,59.84189697022438
100406,73.31428519439196
99133,44.379580012215186
7842,40.33359416123004
93271,45.89080311814871
2780,33.36408122820298
16044,73.03356227690162
58124,67.26582159961924
96861,32.79041801712988
24716,83.61517441029265
13228,79.01332877377106
36417,48.358007105515014
56285,64.56627596500807
63595,77.77792250338118
43891,37.575914201620165
98028,69.76334644600956
76573,27.75561185423534
49156,55.82260474116123
49462,65.50968798433054
6402,38.86366345422176
92170,54.168599099466725
93766,33.64470321460812
42278,62.22595270068944
75370,71.33990313145561
62615,59.18947550944374
3962,38.36112679793396
81180,38.81565268552855
99368,57.6027164440315
31973,38.83159954049245
57095,36.48910278568348
59175,34.07256662853281
80264,74.06371988790985
75028,70.5628470495738
59026,43.70099241931652
62150,60.506996648820504
81325,42.432006989714885
81057,24.736436028739348
56474,38.150084488438324
92635,41.986422242153374
50228,3.348859436600094
82866,41.75997867876438
34157,66.07302764506039
87569,34.51506151398597
54027,32.92511825962482
83942,78.93835115728407
65665,75.48284516796775
100777,63.03623035603058
10589,46.42358817953203
14520,63.42004491866199
38083,67.11574829514628
80726,35.06234602861005
27609,52.86098646980428
93634,57.76695685911813
54512,64.10893367083511
57672,67.80796946701271
53186,73.040951548447
7014,46.270891405079865
98362,64.72929432268012
19580,45.85850022107237
96611,59.86695647843397
59766,55.582352059283075
36798,28.695482769348615
79495,44.246070800414174
23277,33.35318487713297
22041,35.401950181810214
62544,68.40584753785275
10450,73.12332112295022
11259,68.58282779744044
40727,67.06905986288591
16280,34.842207953375215
40230,43.455114136145916
2634,33.981608946450386
78535,45.95996983148976
58364,46.578986211270646
47070,40.932809442260506
7657,47.45084884062845
99450,79.7978652907122
86076,73.88431159960825
7824,66.84466312419337
77440,29.251814931432698
77868,66.02052761319112
99660,64.23437318481226
88369,71.42193550246981
93831,45.656643987427806
73292,36.3797181795671
70748,49.233730334282384
87056,42.11158407462329
77033,67.37913767838114
66358,64.50715813709027
19316,81.23684421368685
5766,59.47037214522067
39672,44.58243862329545
16302,61.42459285890875
24780,53.56196683601311
72948,66.76018597577237
94228,72.29013924930692
5928,32.309242737551145
75791,28.84173717036537
2920,85.56251106067157
19472,36.07842335967749
54698,69.83395093713048
37504,63.98086183032497
72012,30.7826698252495
12347,50.766566523095
26364,67.7222339585719
2708,62.74660128430499
26968,65.85439498577624
1217,49.78764221602238
96683,38.89222909720628
93838,68.26736642007319
36596,38.16518709382284
91814,28.272701446579216
40212,38.0849478235325
51774,55.790691643056135
41917,61.23958302423724
69811,41.517809927753774
34909,47.48191004678345
74623,86.58024299257977
58569,40.361570993474864
30439,61.70845159813044
46162,70.00942614976924
37286,43.0811865340569
77558,38.55959443739174
71581,33.05469340769912
22760,45.45666224665257
6381,27.381265464395497
19958,47.539862911123855
5403,48.835362793168336
47137,51.663853649147455
78325,22.87691124785068
56527,61.7902420627018
44089,85.39036275012296
26354,69.18844675105302
73733,31.79729328410074
90191,34.81042980103989
69085,34.85761984018013
35820,34.851691892612145
89292,71.63319436391518
32527,31.449452586287407
82083,68.38129952763492
101416,70.52924397092265
78707,76.34241900547161
26482,55.249244833799224
98904,85.54388626475283
95731,59.175378072687394
58072,39.84020907974751
8786,49.056992901610684
90495,70.06228538339147
85718,42.7451609690292
37958,27.788930770662013
98665,67.26632943653433
36190,74.37805473799656
27464,33.189875196697834
9815,71.12671749079519
95545,38.54568978820454
94568,74.43116293858772
11612,34.62268795028773
93815,63.20527787042422
87841,65.43168060692142
99124,33.221519260421964
101559,74.91311234206044
67897,65.37681709547547
3690,59.133218473975525
81988,60.993267803291154
2471,48.15142030347903
6762,30.46140757779893
47985,44.4678010724804
83351,5.761255183404369
10626,60.598280272412865
31443,71.79155010224997
38630,78.26278160565967
83704,64.46729212669467
70591,51.33332199475675
5095,51.40227264097376
102582,38.44715626143791
77683,63.78423326861691
42666,41.92276311646626
2204,54.44177871323655
33418,63.96279259141494
67965,39.92139330435769
34534,36.98668676628644
54652,45.627658484410404
39899,82.33378074238453
72057,42.792377959464005
47655,61.06889727815631
59893,52.55540180676846
101694,30.282491072018264
42197,60.61956007739873
54606,69.58838674426035
30809,70.9758551726911
51558,86.45303182963053
35408,28.073311498660487
42504,60.40840077525158
27730,58.96760091404174
64035,42.75231674784168
59672,75.20958405177262
2076,80.49779231739896
83387,21.80015986229131
39819,7.753735661025111
41896,68.42088940983889
95008,67.51361478469127
54346,33.019334164092186
60290,64.51213960979227
74616,31.6232303775914
13994,82.26844609081294
25362,46.85726788499636
35576,24.9602627342897
28607,57.61446354133199
28488,67.72258869493913
90694,74.19695262036137
90347,62.83383598688046
11923,60.820677599692615
29939,55.708325447671896
42872,37.139299646940216
72118,27.859656707049353
100955,52.7675745276743
37299,41.81954877421609
43784,59.29891256717113
14474,31.82545802519116
77192,74.26696107441848
10313,60.23501738856945
20484,82.73622056184604
29351,72.19389513195
17798,67.75682648780818
25277,47.89188415116385
97660,34.095277396679826
57995,52.27186079758045
63218,83.66741785661667
96206,64.60582981674843
52514,37.64116231751969
49463,21.25439608548254
82882,68.02545852242474
81639,42.93229334120381
29146,34.867138589658275
54559,31.85696439631787
77924,75.05471618156946
46940,39.02844673537466
60839,82.98970112643246
97256,23.090114466528515
57950,60.739985384708326
60720,36.644277739609244
56423,67.54714018243172
99929,50.33189257815313
71748,34.23954335197676
44621,31.75722113384348
12971,87.12902102714887
28137,72.70750630476489
99369,48.30310887944461
87221,54.416759851414575
34242,30.169981737746216
21748,26.62756574000941
74031,37.129240868373635
83990,72.31753200747752
43218,83.89658889175766
83266,76.51896487665611
31063,40.142903099245665
12574,68.93546164197728
6020,75.03438283259473
1584,68.28288810715266
81953,81.90498450945228
64659,72.53105309401104
52583,25.26487649285624
25935,75.59913759889106
62887,75.41175396908994
80104,50.46840003286101
25034,47.09073191723617
38295,65.86374479904573
64660,64.78642226997705
17924,16.39426169251034
53040,52.18979919520416
5644,65.61091188250218
50866,61.80513917805616
92600,78.55872769193958
76824,41.6818595417332
32096,68.95247848728336
52764,67.31668367680577
69803,87.42043517056803
20572,68.83857517015666
89025,31.291620410609564
68865,24.718897774081594
16518,74.25661926013751
95624,69.45702590950829
18245,68.98726704096237
92251,68.82322122414811
42613,46.33332564656494
74999,55.217519686246426
25872,63.70829864270154
82515,69.68202191945633
12801,41.17330809473384
3069,37.02535619995559
71575,56.43977053443133
18768,76.43343264522801
53935,33.44630654787336
56792,31.32806266983754
21088,84.13363784746176
38475,58.3124533864318
29664,51.390661621208565
5125,36.76682283535885
97655,67.98404261882955
60215,65.33913320245648
95746,85.24984936586199
48150,62.84933755302326
17421,77.35197085303571
23547,79.56650522292551
47452,42.219990523700936
78763,44.160890946263684
22672,29.863774225016435
29587,41.31562582643192
38541,39.09914984087312
38727,49.47143423850297
48077,48.302599973294406
47382,59.03027728034305
83299,73.64462312216264
9327,72.47617373135499
75395,63.13875847058106
23580,29.963784558103672
61051,78.15594358835872
14308,20.880482730165237
53698,39.1766881820181
44235,43.28950828006831
20901,51.16302873698227
95707,72.54844686205215
100872,68.84978570184045
25311,65.1390991229733
77126,39.35965045899861
87660,42.60768685323097
81790,31.36457546624885
43994,71.89477257821449
42909,70.10732889239625
63923,39.55482399639565
59447,52.28552114808224
17425,71.11186776917951
84527,32.809196524792924
85064,33.40117680261922
68499,64.65440706297812
24414,19.682535982399948
100981,47.73404061326018
64016,39.62294097038783
45367,34.50344217239478
63727,70.14548618553937
89571,35.36056741701687
22049,28.092675388643794
25287,62.11351418513152
6041,33.84949734048471
91490,43.08537615823771
89829,57.88708748514248
72387,37.756527138308
80116,81.23529215244804
57549,44.16298320901899
47744,36.795828202529975
13388,57.128240357093034
52644,31.734511771863335
67513,49.257182869614255
27868,68.08721061580196
46431,72.41659737737528
81255,37.9132569883515
21586,98.56297644474537
42083,58.316679351765636
65055,34.11543564451219
74915,69.45747599835803
17202,31.67491012083553
26324,78.27752043599241
68363,38.41777238341342
87743,39.693989007585074
51346,35.084371765124835
62773,46.723259425772426
77388,67.20100161942044
95473,43.891939461417635
76560,64.01527693654054
100388,41.487118010882824
92369,36.55982405382966
43427,28.261665416775923
60898,22.881089659237343
51975,73.17826528383574
25346,34.32661434618743
84202,45.00751548267821
54239,77.48304301918672
21801,74.89703637376682
56847,50.01348634738404
81728,35.19189971832414
99872,64.11343645697853
91649,61.418197888271166
63087,42.280571890650045
21800,77.00786058909733
66471,63.24745847165306
64234,47.51282495015571
2233,35.176635596768776
95515,71.51617614601363
13114,47.32790416402152
98270,62.14732791367871
50127,33.68789470315908
17933,61.25388674879032
72316,73.52670707964405
3404,62.57742893752976
70626,72.5211930265178
91125,69.27524315110371
88489,56.046578721100346
1784,84.04225841030672
15470,45.495587196586854
42854,41.90988824061857
94650,58.045377286787186
55905,71.3978613023434
3405,34.60904461959137
8104,37.55888126472421
101338,70.16554127317426
29756,35.6614283337687
29232,54.12855568628076
97722,58.95573225318041
37357,44.72369145028679
83967,74.35549610892652
74167,72.32067374162911
74192,68.7938077179492
14869,31.709123037577076
44414,50.082895814592014
7606,47.56968614608709
7571,41.10520564236903
33468,62.030893171528916
68531,72.92147069272386
45861,86.72870477416325
52815,81.33261015283887
13457,62.99738230381554
16278,44.71293075946942
5748,47.369051300220455
94118,58.89586809428767
78536,36.43923539817676
14451,47.75708148751324
70435,35.75885596792885
43764,42.055869448838564
11900,42.39811234283927
65960,26.058028858882274
43162,42.368872574609526
90569,79.21525314052296
87530,78.9941390655743
94733,86.93028605375197
87668,41.85097449185818
89634,79.13774300576011
54494,74.35086877525319
83529,72.1328350685041
10920,38.61314194280454
88868,68.73540857283706
90713,72.92752629926102
25526,31.480486686313597
61452,34.651221706874935
75812,79.13014412620954
19564,38.55812754089768
32117,84.597178212052
28013,41.57776475419119
69778,47.22006030729579
87969,54.85428617492202
26525,37.82743043999424
87643,49.659532078203654
2193,56.26288338143567
100918,78.1112429732022
55623,65.23048877073052
102193,50.100984149731346
52850,50.906453759159554
19602,62.90940963113176
80578,37.529882639541604
94377,42.43405437690964
8511,73.69924946590902
13652,63.96775555258587
35632,74.16946636742439
58215,41.523160594916945
60905,69.43256016115072
21386,73.66321821886905
43578,57.63266654539411
8748,43.44363141800702
22989,71.9221296706913
33403,42.6009879223698
52811,17.944676692012827
77686,38.12867869582513
9533,29.702262297709822
88907,81.94393529385454
25587,56.863772382486275
46914,27.52540736279669
91265,68.36801231668883
28528,76.9618405980899
56567,52.96419102524126
40198,58.97514289066271
30432,44.25556918963295
86249,48.32787934237812
37225,74.31823809719738
57169,79.28977768219521
79049,30.82928625009732
38761,50.60160259915064
2094,62.592036882028054
80214,64.14766076265443
62337,77.26879981716647
35009,23.843456965521163
69964,54.165389687209796
77350,61.96762325048192
55770,79.30898321436177
77452,29.973340646353535
13436,63.34008648755676
31120,75.49527828994813
27614,60.358514820077005
78762,41.94597142562458
44323,68.7347870585906
92182,38.20525854838799
98427,21.12493795485127
63946,37.52939115588642
42709,49.14978250710196
66871,61.60368756975358
99792,72.44159662104923
78094,41.09864152904111
1489,30.98806371566602
13508,76.10816993859595
11726,32.78843272230292
84387,46.55426256011708
94463,36.64890498325137
22790,60.91708883597717
8169,74.10874058770449
71204,75.17833911683972
9517,70.05336014637854
78494,70.30688858178294
65131,51.29592322807167
28009,28.238222869674352
65454,31.886513683638483
14312,26.15441037143313
41772,38.42609647422632
20859,66.88242970309663
26449,80.4348910810958
55976,57.086684995278205
47791,63.21132418722279
39214,62.48777667886404
82628,61.092854487714405
96852,67.33681846220891
37111,78.49891507234585
18287,58.33615320621676
68349,38.74965763244785
13462,37.55525206043913
29668,83.44907031077165
79772,49.19444489335122
83435,62.21307751310833
87464,35.699859272213715
102150,45.66922254440047
99720,36.25202480455916
19532,29.692152783713617
43620,64.06346709454019
16722,70.51845888631016
39800,59.83680506519602
19973,77.45119426849077
62202,21.459851868122318
78549,44.381883167368194
38325,54.751431264329405
64048,63.06425608912791
46170,83.69861562966919
827,55.175402611756695
76941,42.43079488976261
48883,54.188021593488784
7562,38.418662093658924
36815,48.363303382890656
47474,57.58602021387351
11105,60.02680222169712
24801,29.77857079663156
84828,66.81829421881241
26733,41.05352468950539
84765,54.14253482669514
40575,23.34161081257313
67323,64.47826942107649
67048,40.43127415948209
97965,42.64869140079065
3798,35.4999737274151
66250,67.05559792057284
93076,46.175954205806484
27692,63.10050015959814
31505,58.4219656611488
30706,37.67065477834816
47113,43.48946368506418
19948,29.078721827768046
16576,36.97078852485294
35983,70.6627042253782
195,67.10851515669881
23370,44.61851232620248
61571,50.29428059151155
93094,59.91724905846097
18834,41.09971836885329
33722,35.41156361845229
35236,23.521875547495767
86334,35.58919546447089
41553,43.30619802913401
77343,69.23280233584762
86207,65.83631152048628
27390,64.25405966961809
95457,64.52280482848083
9614,73.56522488441595
24726,52.98470669594277
90140,57.98598339385168
40591,73.16198666694216
9122,54.22641730615249
99171,72.41189075962691
42321,51.3208624392683
8647,70.85227052587176
14761,77.3771161402081
3881,37.79940824100027
93918,36.56293070441662
71695,55.91249230363891
3954,33.73669401948313
58422,54.44503849204047
31802,51.079987792074206
102371,61.497931918465426
13766,35.43943542572323
71002,39.70089084588864
71750,59.62557445026262
28119,40.77973468992686
92235,64.10741016623689
20672,38.772308852900125
56189,38.994838407211866
44288,21.924639195003383
24258,49.78192141304375
91213,68.64356648894645
67901,35.64883434953725
36780,39.953322071990996
9485,73.46532174056628
54134,45.39398011064726
72102,68.86237155578456
21841,30.487433078283033
88477,33.80855920646516
62448,50.85081122850226
43773,79.05516050033225
8461,44.14417921607839
43615,73.92366590683343
4758,49.841196975642006
1720,67.09104636552605
29179,47.49194525577984
61118,49.40193169749709
5198,46.238351121392434
18723,22.905358030644877
81142,78.5344521904276
46259,60.56785925500115
85895,56.09395134718735
30932,74.98033356343805
58828,38.07061006909768
10998,65.641625878405
51894,57.78659027563276
11510,71.39446026545599
99041,23.535126630662226
71754,60.60188283046171
70527,54.15448638323781
94994,92.08997639025732
75394,62.52935943342509
39317,27.755813807187092
21026,67.44294560698896
75350,63.10684364519771
5961,71.27617003833399
56786,28.99332340510905
33331,74.82584666840424
37793,52.360047861142405
55900,30.43854502948722
46282,54.6554976250963
3189,67.41311472400167
91496,73.41175084439392
42482,43.51765521082072
42848,34.566855536574124
92192,76.138190879011
70778,32.38056603493787
47642,69.12562271449512
86907,36.76722283244853
16461,68.06046900905255
69466,65.92385802383046
65411,39.32292713562784
70253,50.2847594766359
93380,68.62676585260319
42284,76.46532727145328
31759,37.79395488258554
99022,59.79887570180895
5152,50.07403391788443
4700,79.18373372943887
70919,69.39851418440134
68717,74.20412114564638
50137,71.92892147081466
40940,66.74046057512912
17821,68.89203899005189
77843,34.398881184127745
91348,31.172556457777127
39370,54.23286001683931
88030,34.467688092478056
87403,48.70701130229155
46297,28.944934757874844
26041,18.67954444087866
48131,84.00408413519469
86384,30.401040966964572
69451,60.42770665917315
63128,66.3975862359829
92214,30.81893860766078
16543,76.97168476580647
95054,75.5971769454152
79138,40.54854424976787
47980,41.80170418867968
37101,31.063908490545334
28833,64.54116421714954
54840,35.517376662694275
100547,40.23315782145836
36978,70.77706934574769
63188,79.51209278889014
35905,52.49677970676535
43613,59.79141459284432
6256,23.224026786862304
392,66.93895208991529
70980,60.901789144695975
26993,42.65224484879292
86466,39.28141473269858
49220,40.46831337879364
48992,41.77822637477126
97878,69.6516723150985
101274,48.322763076005
91645,25.922461383779
48432,86.82962630487171
10107,32.390985265335125
21067,46.91135786909065
20129,60.81931738021344
84799,40.25002891342758
98437,70.83277114893309
40010,49.432638391540145
55959,56.08797246091248
16372,52.761980185014735
46740,71.91848877997907
78004,72.21512399003993
12187,63.014201507672084
29130,49.639829087768796
91656,76.95611340335319
22265,35.9245485300617
78764,47.549279957971926
52376,65.15371878600622
65067,54.326149980478284
28315,27.77906069280209
33795,68.71151884651742
19904,65.50487652366903
79950,66.2971976525958
45620,65.6297274991589
23124,44.22117678715213
61574,37.7828355752153
72336,67.57862712144365
10061,31.270389931244853
46355,75.72429192567706
63195,80.27762459459018
89691,69.097284461659
75242,51.08725754613599
71312,32.680123093476965
39445,43.04372391064745
98055,60.07114395197338
6527,64.47359208728014
64405,74.4089905951246
15278,65.87167770432126
51053,54.2412043190449
55856,41.23547851923381
53961,75.79729047020453
67600,32.902503962297494
30624,64.4635354293873
70860,63.439996774986035
73233,62.58278067988053
86468,29.857039363608656
98941,32.68596735882422
49593,28.035817218191077
1186,71.8752137293942
69388,41.07186887505541
837,29.50903207931755
39536,67.74031380084472
5100,30.790704392419478
15756,25.721351753230703
67194,63.42319463579004
46207,49.159068098664264
61082,49.44993675801961
28190,62.92716880422871
1670,65.6247637050642
58149,25.690062467179274
38090,44.59124977655149
71938,35.40574122282508
89928,63.34388015745469
46261,52.84661575138242
14026,60.44252677155944
14574,44.00055675501193
98707,46.88187977249468
73379,75.6164360635072
23698,70.8829553896386
26178,59.12183214141448
21352,29.646651313049688
50905,57.94542651933895
42445,34.35679482565952
23422,74.84918410766586
61284,51.8077980631955
92850,45.19064845864885
97357,37.5659584605103
18498,38.77813378585017
27103,72.24181794760744
93334,76.35880254486595
54215,37.991176186584205
20409,73.24469886758254
75881,76.2223857423251
9498,27.244263599487915
53185,47.008377315199155
3285,46.600440239542024
89213,61.98370454025708
92837,50.888215813168515
10566,56.667876030936895
20036,27.350249046050774
52311,36.16024947519502
83123,78.23438914963948
86587,61.10831534384312
49567,52.73526215593225
91612,75.70001292118991
34092,79.27719430891669
97052,44.653107836498194
15275,38.482547362203206
99413,35.56110363614018
73350,50.05609598964135
43301,52.06412266105863
54752,41.93557347326995
71649,69.04783687184606
82154,75.73713667985129
86357,41.03222218240651
4843,68.08724060575136
62550,47.86334026999451
74514,41.21375928618507
42275,79.23130027796306
50099,61.62388315546
14979,37.01107679597438
55287,35.79209503314955
27365,38.132265397885526
35390,13.1791770069477
41248,68.32667600128963
50326,31.219804868986127
18336,45.04245692056216
736,69.31893522831436
3843,57.88893180776
22088,76.8199445925564
94567,46.576076475054364
75227,26.251973036450313
2426,43.7377475249701
84668,59.756287541648376
3623,52.323951714171685
72820,86.24724759722957
8421,36.879914634175435
84797,62.60736232308267
85510,66.77324732748478
100523,53.63330442043049
58022,52.92922443368933
34558,24.702969476275065
98357,64.86132488234028
41284,52.10802294980573
59814,59.090354648117554
55128,36.92800780069312
24879,50.35852890458756
15262,76.49797478521728
45792,76.76804239030145
88787,38.50613344029126
23621,62.44154343163676
101773,73.04294738288252
32167,52.371442368126594
14716,68.39093518367633
55127,55.69853186614333
49307,47.55098913400927
15614,46.0665680885169
79393,50.49866937236209
67185,39.871277280721834
87176,32.484404181503265
32432,71.91861206766303
4185,31.56910436264562
20834,67.18604015502062
35748,71.62174362678334
26300,54.56148691019291
54288,68.25016416583928
42834,78.21270697659133
50179,54.27134463180279
15014,75.52677036177914
57929,45.12625024607951
65378,65.50213969955425
22898,28.40539168293508
45579,32.421061736738075
54240,67.69471271390358
86657,60.71650229257379
64685,39.62732721989923
62897,79.92331081376201
70187,78.77433385446315
99493,57.786628846832784
71992,72.8736545090484
73032,43.1382804488441
69937,71.80618152716946
96419,28.234227444847683
102,74.20021936170616
60603,62.13918947928657
35862,68.44997471552566
60263,67.72493080515699
62447,77.88901804198247
59114,37.07027673591768
80617,17.573376308478206
29771,65.8564542284279
63561,35.394654196284144
85893,23.783515548487866
59822,33.04146487695427
76548,41.07192393644973
92275,59.27240958284392
86355,83.75973812904955
31998,66.5084924652999
32878,32.548343828953314
97243,66.25789393670867
92970,25.461434827587855
13631,85.11536444168735
91379,31.676420305587957
2950,72.92091659752421
69161,65.98921522877106
14672,70.46341896605713
2110,71.40333251260478
11810,69.74796522543492
99742,32.98146122605521
35667,75.0957965475854
33835,46.40524623513171
40356,71.5660614664099
7323,31.13806127800389
78003,46.25209851250169
20975,82.7321862567516
34646,62.37248050831031
60074,49.44503940337635
61915,50.84342585187234
13968,66.94703479508198
64217,72.2402911167836
48057,27.283269224027602
31559,68.21906650689922
79613,45.349992754880006
77916,72.61491919380853
63496,40.354840196535285
85828,58.46536595673878
77451,20.449727215177397
74677,71.4009041230938
29903,43.23732609923586
31592,68.10088833799144
92446,36.635078433164495
88399,32.17741397886096
75486,75.51328699144977
57954,22.4334940807042
99830,67.21690673410846
761,64.53171493678884
53859,79.3761054385904
4083,38.35149265694213
34021,86.44897258067903
42675,78.44311176270052
11464,63.63310284834161
20161,47.168291820794956
71317,39.8346053751344
46978,25.040461892983842
6954,59.55945138042614
18453,43.58627329592868
90906,73.1939948764651
80899,61.51964607370736
62438,39.967026238156784
42635,46.98372646741025
83936,35.539832504529365
7083,49.166875844967784
37238,39.6132401706262
86550,33.559783711336856
28596,34.708687307595255
75269,66.45739583783028
20602,26.85623037054878
66270,55.12058589872562
66530,35.4491869924212
94424,67.90766734344575
673,50.23356956773503
58992,68.03963672400732
3270,69.9494388295053
94005,33.339146515262286
85974,51.83620639245626
61904,34.798698426620994
29912,29.42302552743049
72539,68.59745799189153
80684,68.32473927718657
48470,59.06631223728225
12531,33.260606857708936
20359,57.131419007663304
72862,38.82346531104085
39877,35.61732229003908
25360,31.80926198844324
49717,60.61832154775478
17618,66.63471974439777
19855,65.08035080985198
43205,32.881872294373245
94177,55.96304398062965
65445,23.070107576768926
6738,85.65422483873533
82212,81.1095818329393
66880,26.031490246801603
53025,44.6585492462502
75501,66.70154515141124
63436,34.056080787860495
90599,58.332975120503576
54366,30.308995935524898
29726,55.78069210386458
13609,38.32968267797669
1352,37.97815853871927
96274,61.46393565359518
34324,77.92031093753019
7005,37.0607782684203
64335,65.54009754674928
67425,50.69489008026376
67574,46.371884773464146
64810,70.06832090464344
68110,74.33105030251778
10598,62.067480709358634
9826,62.01677160457741
87855,52.22287362701204
68221,71.52303614278294
66667,48.466559335372764
32705,65.51166440412115
92623,37.33534314879246
34939,72.66360469599104
95740,55.763134989331235
18677,30.648300367318132
63976,42.23245591096524
28566,56.33926139636885
28195,46.25173908422382
72088,34.82473200592112
79271,72.51833539549426
78435,27.96009064480308
92248,70.95460742145406
56784,26.976452544814546
50113,41.8529541725991
39227,56.61954260012821
15302,35.20559511692812
21488,69.74796160127657
62554,39.0666483506587
90836,63.73876419554311
27920,50.897828651904874
4126,8.847962361826315
76807,15.644108905930647
89243,63.08814468015743
74519,71.58134080507618
8002,68.73323521411174
37428,25.529153878253737
46524,70.94668060901498
99871,95.37638130788713
59181,47.78245405754512
7277,29.958313541273206
26543,24.115476808449863
6750,42.78131042622286
62696,93.09584795902465
68088,39.268789834440554
60635,59.63945165595244
86585,72.81511700135981
1180,45.411410591990155
42017,80.2744480800952
15725,35.14150510779575
46196,79.14117142525137
79612,58.47039300304164
44106,38.016168021565264
97713,41.16371167062949
101258,50.78725518156752
11513,16.165244716738684
96666,53.32718894837656
54816,34.20107062845292
101566,27.60421966205527
93857,55.47372647512057
73096,51.95717254321143
50056,45.451154757620714
34059,66.87300399266834
79345,76.81357493555005
82829,79.71610569507757
71793,78.12116541887498
94494,35.65027654030459
78672,48.22322116770743
16043,70.98092136661467
6973,34.753944178342095
98223,26.50276499069402
77047,39.455541051624905
39176,67.90629649086938
97452,81.11278876832486
25536,19.462594987808476
72503,60.13554669378776
51510,80.89615315139639
80530,21.836008533492787
5381,70.66868489223337
8325,65.44391134935208
82277,35.895782669998354
69531,80.76038802483517
27842,68.96509305323764
82704,40.42695971726113
70252,25.92647805751715
91019,44.82885233901975
100184,68.49976663010017
32294,70.2939522274807
71158,39.18215651610572
12362,28.35620628652992
92393,39.670635406668794
58261,70.79039961686055
32871,29.77713615037764
11824,54.908586434139735
68639,32.34943400443605
71839,66.4040508013955
96764,42.600827721573594
94426,60.04284363580021
41696,15.731172426622436
61608,61.21666990387105
29507,62.700229139269815
82290,34.19033111516031
80751,38.1130764910566
5511,25.971834252363298
10267,29.683577346950788
16842,43.60600705705728
84594,60.196177680673905
72421,80.17061194431352
67619,58.392810003193844
28796,39.04322976372103
57374,35.13057665497893
89436,70.09698582129276
31877,67.74452600928635
67059,67.40454209204071
99090,15.160038579284592
87583,32.56498130375167
3876,46.375271739104846
35880,37.27601692990856
36054,33.83890538328234
41922,65.93977505920685
52325,34.65905647617309
88948,69.60714845035096
100299,66.70998102053468
50213,63.849800175619066
52090,42.96965902863006
11847,67.95253853872347
25699,60.97427996628811
50737,21.359564031323007
26698,91.8265205645522
73091,66.80756197107281
35151,62.03953567118265
101660,30.97316118117657
29757,52.9666086679941
88482,33.10789272174367
24604,64.2572833408274
92271,29.747229401647004
74805,65.34840295971063
24093,51.591957036871
84059,58.72235323314754
98837,31.041544241399464
29472,48.55211718802694
45572,45.748998190856035
7313,61.788618928264185
16772,29.17791097196811
55458,75.54298006689335
68209,44.37870229580925
41710,68.36893775795201
87927,69.05269146275296
29279,51.55357292048846
1742,67.99183651808981
29821,42.39917663288175
31092,66.93568560964354
36600,62.16614576507565
88662,59.811903693276236
64823,59.41329851077395
92215,48.14662664311698
80941,61.794529453657645
52762,66.19497714390286
20519,56.39453014152261
42145,69.79901828926852
72953,24.212634039017434
73202,71.2628769885508
90975,63.113592285711604
16828,41.69538269403527
31039,73.47129620384105
61892,78.83476501490429
16707,46.003966094082784
8977,35.173989481086
25366,41.49412590971018
61538,55.105565454466266
42477,38.67848424987833
992,69.4655036825788
67938,51.275434851593076
90908,55.49040222807622
73012,79.95729388130746
98353,42.25863207903848
102007,55.349627671988785
68762,70.66533641778578
66838,60.20538763998298
68663,45.77533143184924
17288,84.77243821561186
73636,35.667728040114014
47281,45.4983378428895
73768,45.55763573755695
67511,47.16003689294111
3436,36.10439045172714
53153,17.47520419831296
39623,34.02467244693096
58501,71.92751272626904
18535,61.608698631443694
15016,32.852191881453976
46485,78.4775969207516
46802,58.09007142227911
94775,24.775530821513808
10617,71.97502341872305
16444,46.03119600921531
28635,58.36606978030302
40837,63.923260737966345
53395,63.00874520780892
65429,38.567216974472565
14690,68.24026864837057
52930,76.21727774892051
26947,62.030996094659
30727,49.58876198763362
37257,64.48420579891634
91652,66.36480394311636
34997,84.10386741844951
21347,54.07554452014956
37996,38.27915423934574
13096,54.92519069176672
5123,71.76676110014782
63082,40.63406335244266
54976,38.044290199463454
77163,28.5808990990429
11252,71.69837359386726
56542,79.83668204245126
93665,46.674424425199604
101644,60.4752126835838
26029,54.800243930706976
7421,53.950485773156416
60602,40.147821372155576
59397,73.268881504702
102524,67.11848844986967
61291,39.823384231015645
88353,43.75476521592522
66929,74.08815490451963
16007,76.56565828351677
102301,63.286988760391296
62046,55.79742870973554
65903,71.11320878788969
70701,61.880936757740926
21093,29.6328424409397
32239,44.12819479192224
17881,26.91186623216651
91876,45.455350805939695
94222,72.64117915552293
15987,47.68692713460075
25387,37.80941234234841
43127,60.656329204313096
32277,67.36777272327376
88118,46.81562157308268
79141,34.099642369711106
56343,22.021896698272993
18866,66.80164355915278
28684,49.2722300558457
42019,50.31286169618157
31049,60.59670656556615
3485,48.06864950833254
47589,74.23758943019114
102386,43.45858835471747
93239,48.97856551271378
93435,71.33903629843587
57310,62.8294842012094
47107,40.74549991656151
63430,40.42486880311199
6627,36.49391615461681
73908,57.971200827780436
78186,80.00651371649295
6363,32.97852428571
17000,23.19591905935424
86753,27.87566585680807
3103,60.9104443795389
48741,45.50221975411384
30846,70.94077130172664
68296,33.81326427249682
59153,29.442625528837343
92990,67.25516339988006
79144,85.07383231814978
96064,56.45514703704999
11399,45.79400715687292
92830,55.80085130882554
4993,29.03675031432634
85976,48.71679362801787
68032,45.46370032381016
99410,27.882069292651146
17490,30.347817793183104
8417,55.94301484499911
6665,81.06345650451718
47711,80.25995623484701
101580,43.081355784135354
40157,67.01499171351944
35798,54.2576929072009
22124,72.53424779757472
93251,65.72598140157947
42800,30.37196710500253
38128,56.25498555120172
19851,65.22843349624345
29493,65.84523995169536
51325,40.34430073765915
72711,55.92560716507539
29999,27.780450103329553
84496,63.74512864626602
99262,74.42295457823569
66535,74.30403052853619
353,46.57610631227332
43598,39.55525192490451
85725,61.43956148728503
53733,35.66383218170699
94760,31.026899916662344
47673,81.06154534066563
46135,35.34372063606959
50591,60.4612376955963
101999,39.127003203004115
1247,33.02280508942824
22452,66.40564119107538
47794,73.2770077605816
67460,67.81726681055788
2647,41.858625987049166
57192,75.4998868655545
46553,75.95151696021533
38476,77.30454607067689
38634,57.56785435504012
37133,42.32826476887771
72284,66.91747904218383
63287,49.10795649821736
87488,73.45539759625478
88826,71.02955048260712
7329,39.20421284708577
88992,35.67849970224714
3866,36.56575188188702
96011,40.622775678801275
20306,84.52556544155655
14821,30.997280810818488
59569,49.8016387778887
66022,41.83068707321654
77039,17.5441280169741
90332,47.15014055477764
68173,62.9200814617325
101920,31.812012547275952
75933,69.15565812749527
29208,46.21144625977138
58968,19.29218041768788
43704,66.16157506421301
51473,42.801911809247365
19863,50.14129819526053
22281,74.40555137132785
73094,36.4222759890182
1341,22.31189175450431
46543,51.949151764537035
23456,22.33923339929534
47974,29.845690519573296
92262,27.238349987494082
41073,39.746134892308625
59021,27.39500979141556
66290,71.04455453089193
51170,51.771193255104166
1490,65.76115508164328
42609,34.29277810249183
56489,29.630463458272583
60825,48.124400018465415
71884,47.32129235686034
18455,50.9930978565418
15539,84.73393031272201
93801,53.17851219182772
101522,53.06695984016649
92,44.18800870358294
37137,33.774132504813196
14064,66.42724836791209
42828,41.2181201177411
20683,70.38074934880176
48982,33.04629163856824
59483,35.1980544382377
67911,48.377024975454454
17188,26.1735295250255
88814,34.90008994005354
54659,30.586319820906816
97095,66.49046301192394
75989,74.2579490734879
58662,71.8784062823533
4760,43.185808642245405
71084,42.96032921467755
71880,70.83913076569779
6571,58.20332675311476
48644,62.71778744633507
62373,34.564034412342835
90698,70.02669412596185
79107,39.50461733961192
21520,70.34666933305311
83918,81.77646568559706
82061,77.80252176500024
17129,34.47133691431136
7998,53.280084499155976
37910,61.02282446818024
9929,56.50616190823882
31338,73.13707316043366
63565,65.80240277551732
6479,40.795090456584276
42,70.49527767898995
80912,38.29369539503474
23929,39.072605359480434
56060,28.397979204542168
68630,79.44904889126587
99467,38.75230193619981
7413,71.49935637293697
101323,60.315694593876984
74571,58.24496196545932
84441,70.44684671870581
21647,32.29900940934876
76425,39.86993026105469
77011,52.167493065667486
35681,77.15815269283793
57735,53.121685085049265
8513,52.53527898127458
45223,41.13884790526924
25357,77.26635229045834
46901,67.09183883031234
17335,47.99265139253379
90866,67.1862135357567
17928,37.04316942257787
88112,38.11992950932737
86728,59.0214430058344
27179,69.29066997057208
28216,76.61109497915865
16666,64.80275030476946
63638,39.832592550718665
101769,62.54161686067364
76223,75.52026851712517
23803,59.51626997522449
29105,38.43314190144912
14633,48.23097225147271
51478,60.71716373894188
53692,34.474771049427936
74682,49.80775443179611
41275,71.6810692769118
50503,38.72343993144497
102528,75.9588200275061
16489,44.62809248021353
37871,28.351124130507326
72103,43.82286649756483
63301,36.125177854904436
22333,54.7410663221351
31330,41.10196449941408
16193,68.10140918179769
70546,25.75587058568946
10207,53.402009323416664
17502,31.14464210323296
63197,59.02847878862437
34735,76.65024677098236
84307,56.67513494729818
46601,32.204472871550124
71768,67.62544808649221
44998,47.97560360777685
21398,30.340912407001845
96180,36.369321580346
43207,74.60642340456984
100850,45.96078473386253
99345,76.0067851183351
97526,55.34189239374197
40187,60.41138624018607
44448,20.552260703484944
44754,67.99309995239842
17602,76.04694245193193
68658,39.699492717739744
49636,49.15836125468604
44218,27.129093720215906
30984,47.05955296916193
100170,98.7760294737909
22799,46.376870597072894
93085,70.36583360579216
58119,68.29730917977878
95924,36.149439188729694
101984,44.93508137417781
21254,63.33514292650559
71146,75.05906086086753
69532,40.7001850491972
6626,48.92269532600423
14523,54.42797992109624
1578,39.771305495271825
33517,45.22160979251688
693,65.28461276396521
37068,55.50877255799695
57646,33.69268643107229
96102,59.87677924349084
2366,56.69873119878355
50161,81.66013876704092
67593,60.03386081774775
30276,66.72922252390674
23314,37.57796619760924
98148,70.30523111974108
18477,39.935423456285584
15527,65.40916621747809
62682,30.259303800280705
56755,78.08102545288466
28042,56.32492976649839
1298,29.712243134344952
79433,42.8658235544018
71436,58.93640713786726
98435,72.69611264669601
42484,58.02439450275406
9939,39.31930673699563
11861,21.253901069789514
47190,64.29516058778842
71544,38.14495100122609
96734,39.37681074145435
7792,40.1070520529596
78628,61.995379440623964
89113,66.99282223513714
55889,64.99305364914429
90187,63.941516644117385
65723,51.352073468345786
37196,51.912876124065065
35171,57.146837401781184
39041,80.01030997004446
61106,27.498909453608704
65790,39.404009139389295
93241,63.58212311154456
29129,34.87101502560014
24098,32.067133154537096
66410,59.300910949651666
60006,47.280935285332234
84445,62.28374912566744
24181,74.94304767914439
72428,82.88407016429193
91009,68.17846377345495
89406,36.33382451618614
34346,46.376402132173155
77939,34.33555211098104
2891,79.60463660948345
17984,33.496097516728284
7763,26.70237222994124
47592,56.29049877233604
7917,31.75121061007185
51104,49.67479397459026
79307,40.95399693944851
60858,74.29378249198545
37829,51.76633332225613
80848,34.455850751122476
91723,30.970966249961695
459,41.88691060696258
23084,26.830005654679795
90505,58.72673165480199
63056,39.55784849224459
37555,60.287447906088076
41422,68.60593056730453
91903,52.81051821244611
10029,36.03578091377081
75347,39.671158305571765
93791,32.13789078271937
34447,68.50059587711165
26664,46.21600293606443
55679,38.177546577311894
53493,64.33241809315462
46193,36.15323941973528
81348,55.950528371989506
97733,62.72170511139568
14812,64.25136303272402
31164,56.70190774605038
38849,47.19593057394124
61672,70.2099071690105
22943,64.52605057485698
93856,46.95323842730852
87246,61.52675839908011
52559,71.98449343463744
70617,75.90865775497127
98570,35.5745776855854
87821,30.734632301602822
4029,61.15598770127086
30599,77.83483885130369
24688,55.88519231259398
72064,45.834600154323134
36775,62.47935362386734
44168,74.21007871508756
100802,55.42304262764037
56612,68.92949201118235
78556,67.02127844747915
45869,78.55581546216642
47528,39.14544329041066
77766,53.4016384698943
62072,73.91551985324499
41773,35.048551732622585
45958,69.74358233646606
77573,60.73442400591508
69879,72.66704102133174
64558,64.88404829394761
6066,61.96210732462628
13090,44.19831059132075
10820,37.13705427470264
20525,52.821834377635135
85640,37.70313656050104
91889,39.947746698636784
65708,27.57246369439471
68638,72.52320321647767
65599,83.5408963314259
1198,39.655621020964446
70433,44.91019555366803
96586,32.85773926623608
61710,64.90621538949055
80498,46.46843509561197
86292,40.07923749738735
71345,76.44349107093595
19385,38.18054377968051
47816,35.46356414322122
93116,73.08500481777779
79432,51.01334826117801
42171,71.21152859152974
17964,37.77059982275107
5441,62.476583180816974
41315,50.730034860219135
98036,57.83670814102497
100199,74.42935383618256
89867,38.808121957157596
87649,37.146646296989296
66159,58.71589009261122
45489,46.00335991421868
58984,61.124244793893865
15294,61.97163182343873
68721,77.38256451318777
64002,71.3525553427756
34626,44.277826658044845
10471,68.16396351663282
20726,31.296424609114716
81240,52.594405569958965
64872,44.48271793345996
76637,47.65744975699277
10874,78.040591787384
77313,37.601845182014806
68954,71.81624325081296
4274,69.26691236203179
69123,44.70005366200291
34283,35.54643764555197
50689,80.91576106065878
77850,62.10349267750365
8613,16.63745314681749
60142,46.113555601046855
55228,68.73352301615613
28792,77.31502612892835
86549,38.67117251378846
87185,32.62824619416575
46999,66.94570163829263
99279,85.65831111548795
75823,78.1327369699504
42670,79.14260882736492
20870,37.69347362048945
44038,47.08514229461792
35593,50.444818985727196
93073,29.693907944406362
55934,70.74835298690925
8189,64.14112040663824
46949,29.28243342901862
69675,38.647618374057984
101022,32.0705382372806
24931,38.23684910639886
30742,48.335032070035936
53676,30.757391845526712
4697,76.10615971285631
59520,47.872761405990204
35738,57.324204621784624
27253,45.64785417719031
74221,65.02107185435595
100139,86.68156272887856
67370,66.97951057707655
74254,54.886186112305865
54794,82.72700461360371
99758,30.017136731949165
48632,57.65622305161068
54778,34.75937661679556
74669,66.30289192369366
72795,50.618062875835335
48550,40.72751754256944
47195,40.07626363030784
59991,19.330871802370098
102616,53.77609121258631
16715,42.568348055846755
42720,80.90630233248893
97037,77.15961677456298
48949,28.405509753536627
15709,31.36786936027978
6616,45.36927309392552
62594,55.08062599203613
54478,43.61932084727805
60932,40.24144799544171
24293,64.2724809318774
81442,14.431717472611858
94558,17.821249767936152
50993,69.60925393585276
30857,38.08505681863407
50740,35.340195394311806
25134,61.88807320102448
70379,24.317821286527607
42399,58.085666005054456
49520,54.53923181346332
86192,45.95478931460803
77400,36.58382648837796
86909,79.60220720236362
76415,76.81141356686695
39795,32.506597265434046
84974,40.987563030031836
71100,38.858856473796536
33431,74.49279922006869
94665,79.07116368053187
49269,74.40407263613254
31014,28.74795721731774
65624,60.615671690866826
27838,33.834862827548996
57072,58.569441755024314
67368,36.3993952004278
65722,39.403199386020354
97185,32.32205587467785
16869,29.576298857362275
22838,41.786026493144
43683,41.055059772588486
10870,66.19002411042962
89981,65.98142949933204
79802,69.29555396186944
87469,74.6613543001136
100111,43.158368159919185
40551,44.96161082510833
56616,34.84322120745337
55974,70.7072058383794
27904,57.25363808239946
96940,76.69625327388431
12624,55.2256206382622
93894,51.236247788287656
28370,67.83153320401118
86471,65.81951235902778
71426,32.94927079807661
34120,40.773612731435165
75063,73.83841639122929
94685,30.424964688372643
35561,50.090152603352934
21688,48.54956510025584
18749,46.32172173773199
18936,45.824975097962536
101331,65.49750121807992
3807,73.64302592279543
54420,39.52007407125256
2898,54.61859439688895
89440,41.7887497926915
38900,52.97157552449923
2289,63.501832130793986
86825,34.79590687151225
66727,42.51079647826317
94642,44.055728988171396
70131,53.78693702449888
51953,39.4012120921115
44962,53.26690223570553
39947,63.53659806714431
23452,85.86529049377161
54570,37.15871913647317
3920,51.48386861664905
16079,57.90440342235251
47821,77.907802696178
43188,64.39123512734847
95220,82.21543551351623
14120,36.40823078825161
56893,83.74973520162361
47594,72.58392569052482
33095,47.050219170802045
72907,25.249137724209042
88358,69.3986634196832
102160,62.673077495901936
64981,40.19489796499185
7379,38.571162641168875
3996,33.7560094327543
59050,77.81953902690981
17303,63.60260684747353
75153,53.591506691588926
31427,52.9172808277031
2684,42.88707266141442
83233,45.60501301154357
13665,36.67984458070841
49712,76.85979534108552
57568,37.07331092086188
80283,42.417706979813005
52145,41.58443361650154
22814,34.496780610602514
62294,55.111965506395464
86475,33.842282887947476
71597,84.88007230256335
65774,25.46637471477502
82199,64.2389285196291
64607,59.57970081318681
15171,22.830047381692026
31595,35.289366787560496
92502,29.138579163342655
72541,43.02620706959234
2687,79.49097156996616
91773,71.81502703892332
49635,35.58385648720904
30716,56.077927912316625
19746,91.66885077269853
16754,77.73834816347163
39198,13.09552225258222
9610,79.88531191354761
9691,39.557483869481686
10223,68.0488724341163
22144,35.064550087762264
61231,35.98423327572173
95801,38.102695594331934
37459,68.03577547826168
11867,63.73936840362424
82983,46.181143736571414
65609,69.34117183473799
69316,75.26991937574716
14400,70.63551338154844
56874,36.582847349220316
76999,30.123327125998966
24738,62.626036397159424
68571,35.47128063096347
95863,32.00942890586846
51010,66.00817222544214
66847,39.217840757853104
17856,68.43907178313663
84171,44.43958839225263
48472,36.04825629164862
16986,34.43495082123866
30968,74.91787686085823
27101,62.91047415966982
14737,36.42507589417828
94425,69.11882633960451
38739,88.30122752973196
54138,54.3018390351788
66989,37.52684908962507
81275,75.37799936832246
17221,70.32466042103168
54990,49.4007839951064
12543,58.625995023401615
37783,20.41111800074885
97036,71.74056283194467
98577,41.990548116106964
90598,64.13650775841128
28800,60.11573027131059
41525,30.508489397206052
42960,77.81874695009762
15103,47.38951353432949
68072,56.02931915823397
44019,47.17002658929919
97626,62.60855330116558
55357,81.83398431602356
97832,29.040716386870255
89351,53.606944021226035
87422,69.60722710478005
98951,44.42057347999139
55608,45.37583989739439
58349,35.02101002990627
12514,59.99855579399362
57114,39.1647868266231
41003,57.96207577429536
48834,87.27560528058623
13919,59.961810441540464
90144,69.31363309200432
62646,36.38447269853152
60519,52.98723706656881
52033,70.38462990591714
94607,46.81217686385533
36112,64.20172454170859
69053,65.13866547411095
13699,37.57757962023645
46590,54.07145351117807
15572,32.953887867456416
40110,73.89737339453087
64828,47.335101490529226
91169,20.861322305605785
56591,54.85688117901789
11873,58.8143644951
3889,72.9111866946365
56137,60.64559573211423
28232,80.6287497770567
34317,66.80526815553554
73800,43.98210148243248
66756,24.24980256732437
60470,19.69180937002197
15983,77.58678852934707
34573,34.669601781266046
99008,50.60413531949614
37894,69.07709796798198
56556,51.72698529520319
10790,55.84287016155446
102298,27.04896155238947
24425,68.47219791617499
12849,43.73570545188267
42518,33.3168427046853
87036,35.89357706917464
23898,39.48458229938688
12249,42.72806005995025
27797,64.87863958426861
3387,43.85581446895241
88621,53.176685063342866
81789,41.689403158885206
28121,48.228163557863724
37865,66.16693173754268
5920,38.008578734792835
27489,65.81510067113786
14259,40.33189156695697
56773,74.55346171592294
40704,77.15946200809907
40664,29.42059396240861
65799,77.74640850010785
100999,35.46519129141727
21942,69.60156661636245
27477,31.16739686158408
14461,67.72787159070268
65369,61.29566216981727
64848,37.29685365495527
71014,39.940533884913194
13484,57.57951800631383
83120,25.6396698916937
4948,46.195929167059326
21105,67.46842174672663
63895,38.877590228182086
78328,67.61161405258034
73162,42.18659669267347
22700,64.31594755273963
100211,31.64240773800292
81652,41.79877035986231
12711,55.69396664715549
64229,49.83781420794912
51477,36.873268442411
41804,64.58511789101412
18825,61.13964978179118
68636,63.463343300427255
64894,36.56617498919213
90899,68.206511711812
57873,33.29509416266315
80515,67.03314418910448
51298,74.83713629878416
36643,23.867180494340506
11657,37.27695859058123
38906,40.951948425326265
84677,69.6467861780948
9726,72.03115764768401
21374,22.529931324562092
32743,40.534150811784706
34897,49.45868592621881
30895,27.81601094171019
77632,55.39537433261678
29333,37.270398636319555
101326,31.117929405599043
59503,49.65595310357772
80514,55.64579646267957
46503,44.02217138302423
78757,33.97625748692806
33445,44.95116820947205
44035,28.811874953864915
4239,32.416367244169365
17341,40.072499066800134
24833,66.42462052782798
5233,47.84744495138066
82011,44.24594129179167
50869,37.48938230436405
66869,25.04393467721761
100048,57.710749299915186
22833,70.07744493132434
76993,35.12730391300399
53380,64.35716941339712
22140,40.95791520796999
41640,65.78239459691036
79937,69.31725447293898
15938,27.011272782650146
73512,31.78753092972727
56008,63.7103293438563
33306,34.2093925589198
4790,81.51550401654552
50766,69.65594719375287
93545,72.7543580416652
34205,63.98181117391565
71945,65.54538798825988
68472,61.825989169251145
100851,45.5163682306555
64192,40.5881849050494
33115,35.53142861083372
96639,35.791717482526266
65894,57.25958200989004
17897,32.25183336038033
38152,61.83349678938226
50214,36.327329011639456
77231,68.13313565908345
96374,34.04869384700322
51090,68.52097288379483
89522,69.09618597787727
13038,34.29345165748134
64374,50.67661729544429
18043,49.64416858393965
79765,54.7389042972178
53255,69.68192864182919
83276,30.073897964577608
85344,71.9609870488363
102538,83.5033602794344
72219,34.61584376083125
89660,60.36853439043141
82936,74.35356819266158
51239,75.62816133557934
27550,79.60413742089759
54782,45.1293949346365
61417,49.70915540717564
51035,65.7150823626519
16867,57.70782143826703
55200,78.51699070155041
27267,81.73838767993585
1704,64.04479442814625
49504,70.99473607069345
41095,42.194359642387816
47735,60.907911838582734
48796,27.97147037364138
4171,66.47920077553924
73271,42.511852903617175
71464,95.99752511641856
30206,26.04816933620452
64354,62.05580441094928
45057,77.54540158910837
56680,38.457722426539306
38701,74.2346853444237
49377,39.72520277296679
18096,82.07890677423633
87071,36.64960616303073
38753,56.505877521342654
32929,72.39612502947102
50231,54.02519875896739
93632,61.95214698699968
43532,65.52441846652312
34946,41.64574551769006
76541,67.43065673272741
22237,67.1869145263451
2360,72.75979346928898
51939,38.75005007291354
100384,80.61807606085976
4703,76.33535398204415
78680,84.98328267330908
89728,67.57713749910023
1916,76.83538980269421
24951,37.58794291538646
92823,21.399695539058733
39213,55.465630073742176
49631,62.61197124696815
73179,51.813322570229715
87561,49.92494551529936
18344,36.31745558933541
84087,34.59124799682615
11581,71.05651441691396
54064,40.974586649928874
42015,60.99275248979414
22089,38.903863017842525
30501,51.55836127546105
1307,71.04803705986991
77978,67.27228419873373
38188,31.65961992683134
52876,77.7217142079839
49875,52.334867519266766
90947,67.17577730827733
21806,65.72252003475727
90404,52.106402971848254
7265,57.96831326894754
68517,77.52283213871607
4699,63.15132440773733
99187,29.05385014964904
43077,66.60669765804025
98508,29.08915193495928
19067,25.183072356260773
2872,60.035474127573224
3027,53.565493575889874
31745,29.766055493877644
90608,64.60363860284201
35139,34.890882318686636
83391,49.477774947876476
82962,41.118159240838445
71953,52.26480597059251
83118,38.18163174389813
68301,78.06962638147562
97163,73.874741658733
3264,27.551018791742766
46816,96.0402069995316
50715,71.85029721155178
100018,40.88057066597439
7215,55.22274466210273
3759,60.03191263358556
35651,59.63112372938565
45695,49.382361004310454
5344,73.00027873962098
20855,66.99151312829056
4851,40.2842691899257
63688,28.06290544362726
102545,43.69739250292421
60595,57.183743146051654
76681,47.331534620734615
12640,78.94967665318882
94307,32.43812610771705
70284,58.087731218181304
24062,84.1529725974512
102585,30.962215290582826
2519,22.539540501606453
23239,68.18207301752217
101395,73.94453312866555
96755,41.050521500840006
91622,27.205538081996178
95272,39.82474564251712
24839,35.528402201766866
52846,40.70133210237354
81686,58.508831585017866
76598,53.4829857666131
54422,40.98807519128507
59183,66.0587040579764
39278,65.26763777885431
38783,71.33447952912564
12237,36.78102763070572
2384,64.33224566906598
88076,72.71488475865328
8546,43.45498258940107
27998,51.222466511732364
43106,69.40240848737552
86252,70.71016194052298
24052,34.430102415549534
64691,65.38267098082488
94231,64.33699905477808
40616,48.040464929108865
93078,58.33225455044719
15134,33.040424620253354
36904,58.0939508285706
54879,39.75357264633722
73388,38.819226105170394
79085,66.23635302227234
64902,30.340322996691963
11090,55.64584588556135
82811,33.59464266728658
23740,34.21640033092793
102062,39.71711907659237
9158,45.51232868849611
39937,20.033344419107145
24588,76.41617920677619
69108,34.62686298217727
79424,69.22865193142417
57327,61.239230537323394
96933,48.27903525404881
77117,36.679267119958205
44781,72.33115607214697
91011,72.07864817661218
6495,29.614697028595682
37214,71.4508252632254
5592,75.16366321181538
54433,7.958685641350737
102073,22.187062627399857
75058,75.21950633904713
4662,71.8052163039123
77537,80.38269707890572
31590,40.456802633285385
50243,39.876863570643174
48338,68.6638033277471
91231,43.84474309041188
19313,75.78326864379153
11138,66.06640326770852
70924,47.709438355236685
98497,55.09532594419184
35468,80.27465021389213
53218,57.308386047493805
39337,73.01085301142595
102469,53.83656389067715
87850,68.76465786371773
12528,43.912407082254745
35206,61.6987967244227
14722,37.841297893037385
44766,78.48248177286457
31421,97.13471183008195
41782,32.5942506454223
80981,30.554910110165036
30289,34.08957593162779
49488,24.31964425458651
19130,38.60391986690638
47110,65.45538737830498
60177,31.510892455835485
29334,77.13754586315872
97046,26.38372339366623
12217,37.429126752480244
96234,47.01540174726911
38089,51.10807549918175
2541,61.76575049103012
44784,53.36277447846899
57185,74.7773234647205
92244,26.81285450542313
90744,39.96562643522944
90946,79.31423377009929
61694,46.55089921137096
82197,31.22973278208702
91395,74.64527134664816
42170,76.48902432141742
30409,31.968061173156386
16187,66.24660979957783
30207,42.743196612596506
44090,61.213037978234226
20578,64.41738604491792
79900,36.61584153681775
27524,41.90686756243803
75082,33.094308470121
88441,72.01705281435916
44175,68.41090856242022
54848,74.62512008419594
91912,68.96080184634704
11354,69.61532089552642
30374,35.92632741384502
102195,65.4899684667059
92209,71.34680763218363
9980,82.1890531322383
5140,30.168185652810788
53352,64.74301797608025
19304,43.07040250658174
97853,72.56098981012295
57420,31.52226267881344
37521,47.70616217611209
47966,74.50024707089429
37194,76.68341312452077
96896,32.40705132303063
61852,64.50715813709027
12126,65.34416696973881
70457,67.47488771160465
74223,45.9688766448825
53518,43.502135931962
76926,55.94492817338128
64996,75.95927201465119
26776,75.82173168895658
55004,83.57628046187618
82408,64.01790408596673
101676,38.113828508647565
61123,74.00965848313723
37773,37.14283399630913
64460,49.74723382424847
41349,15.34057524871264
54108,81.52118967135782
59968,52.25793192117283
54974,48.673619437914944
66424,70.57056877011578
74346,36.004819950045786
14876,72.28053015430802
60222,37.00893618155476
20368,44.92921300323768
14952,62.324995097419475
23243,23.317193680740033
52115,34.52329144850194
89267,63.73303557916042
37093,65.61229220453879
64268,48.955991239084085
45913,82.73406660576177
25997,81.15557785841256
18358,77.76672312271273
33571,33.18820436000071
36738,35.7688612136411
74179,73.56065014635067
46363,40.536640960320234
97295,73.49873957709215
23993,73.29246290923292
7653,38.02099357618258
52416,58.47327022928815
33197,58.417744195384884
72185,46.837246571515536
17475,36.07194154158959
81505,47.00479484291086
37792,77.15828733488465
23634,62.343967538566844
49570,66.47460761697377
3969,63.87768660715101
45863,67.63088453531927
27520,55.121796828433894
42796,68.03625269822558
14086,44.56846283440896
58649,69.80350454799657
86806,70.05242832974531
15574,40.93088531436132
14203,74.11174051560364
73016,67.44167590035477
16598,74.71939024680175
18109,37.68637892345588
58313,36.65186014136596
62822,54.53192643631025
68974,61.92764296939045
80722,30.708212441870177
78331,43.034088810904336
64470,73.1842483717542
29247,52.34454853274126
72233,82.03932712740612
86410,32.706028217178236
49824,69.12365249158404
99159,70.67975365617494
84485,49.70463131119078
45607,75.43582662458658
82142,30.556081681457268
40924,43.974986113531074
41322,47.698882673252214
25292,71.33415863044453
91069,58.48284117348771
93057,34.76331893012198
17032,34.34768019646193
99693,65.76669468977927
22594,61.185526405715486
4978,29.909105577711003
75081,79.15089946915222
67914,98.46527011505137
36581,78.72865978213294
25861,55.829103054333586
92724,65.31449636740945
96432,69.78162823890622
41517,36.567101528338945
36126,44.26750114947694
62309,83.40743656316721
17624,51.08060840927908
21116,57.38035988377446
34922,47.27535093253935
12208,59.50766953726202
28832,60.875307219052466
17016,34.10500521504398
7310,42.00969342189643
85082,18.60308326545575
2213,40.15847979670064
87419,28.396170354309426
93151,36.00721706597942
31873,16.46302106063115
358,52.247564072027124
74708,37.18394968479581
8145,82.45153660761517
98075,62.07250229622933
30095,31.601161347666444
52813,50.439363371013144
95131,34.778188199980676
83324,47.371559952204116
100192,68.1610093282394
47198,33.89111255521853
28886,32.453157825855016
66560,77.40354184877566
3478,63.190148365017144
100082,16.33606817351545
62136,68.31995416790859
71307,43.00287047119035
71574,40.85690820032377
2145,23.8522922311029
11563,73.20524386158546
82910,57.65998544971012
34034,54.154411767119214
59364,39.83323903598104
70497,40.04767584206256
68746,73.19990579870957
38643,43.820039269830815
64752,33.27011346853578
6921,68.98798679414547
32938,72.10597106585155
58270,33.139772104279814
17938,48.04752044561067
12164,29.009483889785677
87001,39.16121737642294
78782,30.697853816428015
12274,58.859395747884925
81077,38.75565673401147
25393,51.971562262940196
52411,71.87327940405763
16274,39.55146381785174
25630,39.487527001949125
67888,75.05432830029261
80600,67.38035479742803
97265,66.65341643768755
25297,75.20408526077432
60774,47.723450540172244
84673,74.01596792025137
89792,47.31530597376832
62082,57.41516249686801
81428,48.5478919623028
49492,59.215731569651126
33291,76.27616363388566
34992,65.69348037086965
57912,34.540631596882044
61865,38.79560854970478
99804,37.29555675976306
11057,41.464585361088595
47204,56.42577693360088
89885,82.02859659021497
87076,39.5253103314675
943,51.01209951069195
74369,70.2504540418382
15414,33.78636685098244
95404,30.314733179983882
33461,66.45327054806762
63402,42.836702144357794
81723,46.457164686255695
43053,56.57828079035705
55195,71.78846893550148
12746,32.286117334061274
94544,28.177889819779338
85247,48.994882608279134
100220,65.39795853309944
7900,71.47531248836498
32392,42.44726945079696
11169,50.11097016919548
13102,54.111184037389414
52368,30.441753448561634
20064,40.57615001226152
20738,40.32063894390654
90240,38.459781334814785
85051,62.166131836663176
102249,37.209456095888406
59420,61.79759620718453
46548,72.66030542951367
92297,39.78107311135839
48958,50.10844353576735
73975,59.557106745662736
41573,39.027443799191424
36349,59.499112830019556
95326,31.382600249425614
49985,33.376665885606
22738,57.8417723855014
13236,76.64271796088127
94858,54.097624705386814
28944,63.836241223650106
87195,60.02276387185485
15201,62.550427010248136
42589,74.40995874170216
12600,30.68314317463125
38549,72.94837659288567
81512,7.654441235957339
66206,59.918301736555
102360,72.19697159714828
35104,46.60161045767606
51140,38.4406760367435
5013,56.37896722847659
7337,63.30393691082689
64284,50.459705008855
64727,32.126107233795864
47756,70.63132412228103
33070,59.59111484533262
36569,72.36790480250085
47071,35.953591558246785
54800,69.28666402284762
58212,77.36143075453391
43022,77.40984103597293
69421,52.41098865663331
33086,42.41476505902948
91813,71.48340305836908
36797,38.34627707735666
24721,32.45447195808876
70141,69.97961077149105
32016,54.92259589145628
29688,43.17463836773429
75626,34.051421581745366
60284,63.225931344814825
90294,26.325936080090266
2463,56.97821509781269
15838,82.26721877687602
73216,64.43585569799393
74092,65.94479230964635
46856,31.83727039662825
54628,75.81290183009327
50374,43.390660468728115
99670,32.166372633755735
35149,38.713319204304575
19447,65.86018739278214
39548,89.1480712500821
42810,32.268228924128856
51356,61.90961416082122
2174,30.93716257142957
53663,56.845368781111
46593,59.355620778396506
7527,36.590846212709906
9952,34.02748466813126
94881,44.01519314499829
49729,49.39752472614409
85264,72.13632597593775
94299,57.335246885207994
26635,38.27287952974371
33,47.27730916614625
102087,43.84070330940675
56922,66.57393800869654
14261,31.15423173750762
32492,38.726918322312585
47924,57.509997626635624
83855,38.856486557640444
38997,64.32377668657244
31004,63.85506630144326
53715,64.37543629811675
18779,54.70212327570182
68805,31.373348934688458
3607,66.34578908594807
85932,77.11163377904377
95408,69.2388752011592
63684,49.24517020498642
80080,49.71313371625268
21032,52.02086005926947
73995,34.10332796922809
7356,57.48535977643995
72614,45.91370307211173
57290,63.37770567151193
90935,54.44770374233714
90116,49.654326582935695
50517,74.68673011091602
58374,36.47646787852743
97597,75.79645600884471
32204,65.9048709228281
15905,45.124257269608705
20882,77.18882063913043
38932,59.623644899163324
64114,37.96340071638607
78041,57.12598570075669
41313,45.385678124012834
33764,47.95853055486192
90716,50.96354356689478
88707,97.68532979832844
33615,74.54061257453826
23485,58.23314129721095
30891,30.73667902538318
64152,46.58379843518946
18340,60.79567727812197
73075,44.58344714850767
12258,78.41907586593544
47560,73.89428384138657
99674,64.81129904690036
18127,66.6939962642951
88409,64.24937350396402
54812,67.2855223444526
96927,39.22587890215563
89574,33.93267878326324
87869,45.53432428996453
71859,47.74614717779621
22,82.46944335148642
55262,61.678858056458594
5573,50.31420166754076
38010,76.7117014123103
82831,76.7464944024439
10407,31.49028162791773
32549,53.28322135383185
82681,34.88079237062253
76656,29.536989474735947
31147,24.327397592884033
6447,58.7321416395445
23122,65.32682155329094
50094,46.702088779535764
95732,62.651673601737315
46331,62.29516717627539
42737,63.483131536535765
3138,78.11414972938368
42550,84.66604629594693
8978,44.747884806940284
72584,31.033420438734826
30151,38.35700952901921
41825,38.5332595442811
3664,25.54132188781235
16551,54.57023701567805
27639,65.20861366189453
40790,77.27610706838092
81882,75.65266279970578
12603,30.596151068611206
12138,65.2922105659527
9603,66.13998941202112
81532,40.12764325616715
78255,62.32323131366249
54391,66.03126885378086
10395,76.80604480922567
6384,80.34763809248201
38119,59.36249226533658
32653,54.578275244463285
32216,51.37925481230734
14508,46.06107618959488
51771,16.37031702238656
38720,29.647681038807942
97045,70.70469169484818
58253,41.705596659233855
71276,31.372362855500967
72837,72.71010548551868
36917,37.89726646246361
19731,29.026808747625516
4165,38.67508709166217
62710,64.96402085877124
52660,83.72428512829393
2752,28.70746310254576
96403,63.489650085378905
15379,28.97484185957536
95822,29.34819268616948
51151,29.300647150394163
21583,46.16416219956527
36985,34.99199070837482
76462,45.80979391818932
36661,13.0844624991398
90966,33.46609140361311
58140,49.1345182271906
42396,82.86903324300461
59203,14.747297602836834
69240,55.54141208711499
27134,44.14100187646838
78453,42.02067383173571
606,34.44713332349457
56479,39.09229293748244
92254,47.44186922850839
65847,65.68668684610151
100279,46.279624350270346
101654,58.69984612931624
4651,33.36391416879305
83364,82.68830121740326
29085,66.32398151365047
55269,16.611061421390826
78683,65.06885823843588
52867,55.760917588208905
39566,37.816560062242374
67152,68.18004892053168
96248,58.49651262329684
80642,76.05379107737168
33908,37.714087822696506
6930,43.68004616337468
43877,35.22979523089475
50545,61.88968828800068
21780,72.69131908121588
52180,65.49294494551856
535,26.383650970794328
34142,57.68550779727927
62634,39.14292301860142
22148,37.796683288871975
85583,68.78921968229665
26712,55.90702097188214
99973,42.06144042360272
15985,76.66252156159962
8241,32.712476107340045
19856,37.01402029498902
20598,49.22347437673575
67875,43.90070993166772
2428,33.35874871268681
23742,65.38465040338096
70761,73.58942747590461
83152,76.48043393220001
80757,33.459333482439334
95033,35.92719147346191
16943,73.77395029666638
101382,44.22674083796549
58635,38.629482543482425
85062,77.92163395869747
54736,38.422560090337164
7150,11.681602422443632
95317,44.92433649539122
3353,32.74063332195311
31165,33.39259083120093
5995,75.53420669088393
100148,21.963852057201183
92534,75.4949740925035
81232,54.068520190914136
75636,74.00472415864508
21765,31.35588162280633
92593,55.26479047190897
12724,64.57153224829577
39321,63.96472460206815
63870,38.08153263484686
25103,50.32841925155442
60735,54.83370032919251
3811,37.91602974396937
101524,41.12512159079823
60857,41.353477738851176
83882,27.68592836804517
32181,58.24040144231137
89813,54.13913029984166
79845,48.94447542779176
58446,30.65508662234593
7818,55.51015476463529
52314,32.67131618825143
36919,65.34011186670386
32160,71.02735422888112
38514,41.724095797831424
35066,37.326174636165355
90212,67.13657815400373
50930,35.46723710710295
62906,62.8326576639307
63958,71.70378603756342
24735,64.19427448835422
70666,65.10789017199477
97846,66.67324965972341
4177,80.11893651774237
28451,69.8173037196424
46615,70.1636362682438
58986,46.924184268522204
29297,76.4792535130413
15338,70.11460879876756
38313,43.07588382563927
87503,35.838386695251074
11934,38.06389123966336
73226,59.13243839798386
92870,34.71055323201479
21917,60.55507073770178
66060,64.25280990810765
31564,42.6071315106803
88126,38.14005771393437
85220,28.49318025974229
4636,25.002738211215295
73354,64.33476482633372
33368,37.576292917092914
62539,70.64627491104943
39013,70.91065197430876
62076,40.150016259858134
3466,21.44004120171246
61381,70.96661580297145
55960,65.97257026535699
13467,56.370493097655306
70495,71.75149994678623
77733,34.83006540689013
85049,22.717857699230688
79690,56.291619497212096
57134,83.50937533731815
43338,48.95549454656485
88068,69.34505898004437
35535,67.85626142184717
85054,85.67485553858438
37741,63.36401732656694
33752,26.379839063342967
3240,64.60413365792165
59829,78.2339394290425
33103,46.56832290486106
1643,47.383590063000625
99748,37.23081504707623
32903,67.87118656094145
46682,44.678375041182235
51633,73.74969400555466
84881,47.103252258310675
504,76.5176789581667
35315,52.46261681134207
42877,65.44733433637408
42965,98.05412379257113
16977,50.579815640696715
31642,35.94789785685582
14150,34.2325715472375
92991,43.77451113862955
55206,53.06405237802062
19879,79.90383071569615
57243,44.23583268770126
8619,36.26153657949201
43640,56.4253753991468
8846,80.06574624565715
48462,50.452641334149575
82131,70.37452470273968
61006,74.90387648897376
83016,39.97497926910199
46172,57.10604854477129
77595,41.75262944112349
3276,31.836524820847565
94218,31.14373847024291
84903,92.30678439603157
37259,45.699567836417835
22260,70.49288454221306
60156,35.512264912753515
83107,47.46348940995588
4087,68.77731879379192
1954,48.56337922904257
14723,38.12901855088925
33405,64.21015109946045
30350,35.283106077119776
82833,30.72119230877024
1823,34.970362029850996
38846,39.73053738978547
6403,39.702187817146395
41786,63.697449125207314
33887,68.29946838356628
83098,40.05098933683895
9356,76.0092712366287
97974,86.06131611924367
80630,39.43290180845685
99074,81.8033444426863
15526,33.33458957784478
39545,32.10812047838602
88821,44.99296733731127
19457,81.06014598684916
88988,43.20923594371398
20752,84.60151502754317
87029,51.149454078741286
22907,28.746887626858484
8038,52.65365803535131
98743,60.542903890825
30803,52.75918150284336
11802,33.11438005740431
26661,49.73195909440783
66493,43.76976425745694
20267,26.40304935533768
45108,35.92296086941154
95593,76.29732896224908
5865,51.211336048259064
46410,36.798355876002425
45962,32.66804401556263
47610,64.79658062104147
90274,76.10442588270831
548,42.41448086618623
95671,79.681821976239
34574,82.78780834475197
53408,76.06128716181885
96238,55.360455504194455
41561,82.00620609341564
1371,77.92525667922436
68995,52.4960786887062
96317,32.99590206154369
73309,42.00078793900193
70414,35.03610588997174
100995,57.74512964492966
50639,58.37784470350914
35012,63.53772915411547
24079,50.84432184180164
58309,37.96062166108608
83146,73.71221198498512
33899,55.31910075134018
92528,32.12129225150481
38104,67.20450880926276
83242,40.75866313810757
97952,61.544006549202784
33427,45.175027261495266
102292,31.0332755083488
28368,40.624507972056755
12157,41.83046651826397
42784,31.552183913696208
11156,65.3386433571689
51017,66.84557799893278
46569,75.05988483982699
35118,31.52120339254222
55518,40.83391770279554
85326,69.20805649826362
8816,49.84966694346939
50401,53.38035526376137
50856,66.63276106624912
92545,70.99481717812732
38973,74.10449007178993
95897,61.89437754872616
60736,63.07478090355018
50397,48.41011251849483
55571,46.87125102074991
32665,33.70282084085733
99293,80.32099051681935
29167,46.95053439075294
22742,28.1290279756077
90560,71.82962191465634
78369,33.99562920505379
99697,33.14793563159703
45224,79.33324132886361
86390,69.64988612951198
76809,74.63162118190584
89721,51.77965121725772
49255,53.47344284239658
44667,57.38059802278002
63507,40.10614091748404
85663,79.90039718366104
37757,73.82053070779449
75041,63.42983645818061
55024,40.319590043325135
13460,45.7754817578807
36983,78.1018929121928
46226,60.455449988592235
62545,54.62367901090317
101894,73.7584953973086
42634,34.650291503257606
99247,65.32041321035975
52690,78.77739555368316
54820,50.27849222490785
54502,79.10712848600325
84464,31.177021463814825
55937,34.43869393485295
40275,54.74882990466544
26549,5.406372619210732
27353,31.378349718144833
46719,63.194373739561115
1244,70.71168270238732
61253,71.79107387585725
10495,26.956816441383573
26422,57.267265552284826
44070,42.921915588449195
27694,53.75052678778886
18172,29.590936375516907
80736,74.50471430801164
101054,56.219605699137176
95258,77.91457135097801
13528,36.904413895077404
100452,30.897053822067818
60330,37.95525822110857
57624,70.57006016383636
96287,51.69957054581795
61844,66.01378647380169
15744,40.372425710430235
9277,51.600404787275565
9545,32.656540771224414
35721,74.0270985522036
13771,48.8656314323111
55694,33.51297063596017
3731,65.20115604213757
57448,86.45679220617205
49321,39.52093143780903
84327,46.48407252978906
86267,61.88803481819744
54825,23.76032107764923
29072,63.87307522599579
23786,77.88530263047707
71177,54.05610028164716
73617,76.88055944131202
97393,71.65469100218002
96246,49.372998091880206
21878,57.472879343211886
13025,45.38931463167345
54254,37.60863618492038
52049,72.34690042048965
73723,59.824344790881774
28782,80.66128074064642
22960,79.61531784203837
49558,45.01194586102494
19299,43.44857765152496
81579,26.54088915562194
87943,28.996630269688676
55467,36.17825919513819
9817,43.80757030619957
79023,53.0179651230244
23425,38.103099013930056
14863,66.52656810519906
72817,58.61645979779944
38423,64.73395129994402
25240,20.119060520947137
41411,38.2301110373102
28055,30.512583472156052
50251,41.78849925527542
20792,80.48794279429953
28470,33.58815106164095
43796,50.059288818843584
75215,32.763717609625424
10234,48.91745186630707
67713,44.75834021224786
89081,37.540391114132966
34284,58.080145742826446
21082,53.06025489576898
20422,26.9062913790736
97831,24.915350481379306
25136,24.443268800180586
47465,58.150516671529324
63517,54.95522121989333
52828,62.97287036508223
33842,62.771082573511364
15794,60.08420704780856
57728,42.1175491321311
101714,72.16048090768928
43321,78.43497693340748
21532,80.66556206839562
20676,59.34359359870771
77524,35.27635990853428
36023,64.22915858079408
4252,51.32308108975729
81750,20.05163298211629
21404,68.93485810068468
76924,68.21458580996745
21007,33.23470280803976
24350,74.61634842132648
84757,63.219901698285426
71137,60.724364068334125
64623,69.5928179460617
1026,11.97463127439854
37970,40.07978086055273
32298,74.05539765818536
1809,69.91601487224364
19540,63.701614345546126
11142,85.08453369693164
99885,29.831171203470394
21409,63.29510214348562
25700,84.51979412536271
10769,53.44451727947697
60730,43.597261467120695
93248,55.35854479288392
4497,39.258051607865035
87382,39.63942005472293
93992,82.1566029802535
50885,31.15186335006441
24923,52.97691346360462
52135,54.58386141385068
94643,42.50955691993228
79427,73.54385864172994
31631,43.09557276178326
17805,33.67653282441314
6981,66.53443203389071
13911,65.67197799922403
12269,19.843241052139618
82418,24.31790331597177
5051,63.64455324498475
227,62.822743108272014
39132,39.881312626997875
93960,21.90427710089974
73643,24.376442118060034
37817,43.83723343875533
60624,62.106550071523
9184,40.94934658961308
47460,25.432380627193883
34256,43.79003734945702
34122,34.56816828570643
66446,41.57707599610061
5263,46.38590941777636
58722,52.65682866256324
22204,40.83581670061821
19360,59.80741430469204
90692,70.60911419679555
83962,59.22706985676565
49055,35.56338232372096
82064,70.39172852578625
62603,32.94370454943159
76023,85.20608436469709
1840,17.92296767338163
73957,60.832591061795384
49242,43.4832273410081
66548,74.68494111510148
24490,20.119622057582937
78952,29.6019226169245
44465,52.000289403483286
9468,35.08430185888874
42748,71.5407531530696
36503,30.995492520996578
38407,59.69853439260563
80522,74.99779707538343
81847,26.483853156926184
17497,35.89979303205885
61517,66.10134150536602
18254,41.87912072539156
59121,37.49340022448442
9332,59.043042295492015
41597,49.778955969645665
32574,61.432544868363706
50839,67.86633278656475
58664,50.81422915274149
64243,73.9718842270427
59325,40.9832018652
3826,40.36199094805813
66073,56.69000822639786
91224,38.955828344727706
26097,32.71332842846277
18931,44.10162226376503
54648,38.8552249098062
48814,52.62251955921241
25529,59.481938565402956
15304,41.82887484908005
28222,36.251116568442214
65580,59.63352695303608
66126,70.56176315458444
82314,38.60018234198402
94063,42.864759436367166
64464,30.175155753497364
95395,63.615839928737834
19400,24.377063786875254
2941,63.054879934323736
39151,64.7245721546737
67168,53.28938029622654
1256,72.34781068240716
74548,62.64183470609057
96616,41.688757049952535
27448,66.21574549802405
67020,35.661793757987475
13079,60.926330698993226
20788,37.68550691013824
37691,36.677911512808755
100028,45.90388820503041
65162,64.7575950257896
16492,64.4321933894354
19906,27.464692615730847
60643,35.09657313639289
52946,68.32521838550356
88425,54.277801661544615
25623,36.63017510812648
20823,27.541386499548032
93029,69.22023433807509
66133,30.958787447185358
99151,51.97895402732178
97919,52.52042258917287
14442,29.186069388115666
23322,34.218410387784886
8702,39.62856848055952
12162,48.29139650420565
75910,59.86984495708875
82857,63.49324105055028
25831,33.65419120286507
97600,38.20505617285009
44970,63.189519057051264
88763,26.0381504172221
1335,65.69552202595409
5987,77.14699425595745
84098,51.604909056702354
98746,77.58149599134475
95959,78.97725381740707
22404,70.80005762391903
44816,55.241292473321565
24897,51.235595001111605
51426,49.49005399134134
12617,54.410474656678616
23654,67.35435120205362
48735,60.742121038526626
23130,30.610997814448293
58384,24.03633014830264
58917,78.46758666841407
16148,78.61274846824823
25844,70.12951967957426
54036,31.52431180176995
100778,35.62329099181741
91796,66.12959969909829
29331,85.403482889207
23318,39.54354614814203
36304,28.902277887897778
48317,76.66989340432576
3669,45.25461636587375
96696,73.13015276680002
7226,40.69037027924424
57485,66.68976476271519
55264,26.270387481700798
80480,35.131654480532966
72979,80.75164393807276
32166,61.48497907301058
19660,59.82205337292643
76805,69.91193894867209
64303,68.60472310719926
57966,70.87716562910045
44615,56.979396570203015
44251,37.85104112940749
95857,58.120138704559785
23999,52.98906234346509
35796,55.99916704435856
88796,18.67387187940009
16418,36.34191092757245
94499,21.113013842269105
96022,31.375017195312235
37255,60.84233285953534
99453,45.553457251681735
41074,70.44791296639224
9981,42.17739902146448
24850,62.700330023756166
23673,34.48304093173003
8943,79.20780368031737
92684,68.6722581563271
83244,56.576105992093176
33949,41.53639081275066
713,58.0610693106764
100774,38.42355941300034
78115,62.110545101286
12629,32.954227231759546
95307,56.595553195201454
72898,73.23549452039549
10134,37.999663586304585
35630,51.171501122497325
17911,54.321111237708024
86189,40.209092798101466
4791,65.48703174618822
72552,61.102039303019154
76515,43.59932878430168
50448,70.37613566491791
10239,53.09770699812351
7026,35.540849612130685
45817,47.075394724309
8963,32.8221557702614
10859,84.51684568357464
19605,59.85288771423034
47509,64.68204883673246
27418,76.88474356995529
38544,67.11946605678335
94883,37.15109659931536
94014,38.4916430283784
79778,23.268565454260656
101362,29.006120415232502
53095,55.78596890055284
65760,68.498397931532
62282,59.505217737687076
89247,68.87610187664737
6632,71.87580871085139
45385,60.27724318809041
73465,79.92224569128845
99455,51.82036481630081
66360,39.82437154002732
101589,59.91907273209454
17304,71.11031580912032
45960,59.708024437173464
18551,39.153707237491304
101645,63.98717351633951
45802,37.721073297469474
20521,68.84072398451549
58959,24.130415333169857
65045,56.78262520292454
72496,39.39395423521296
36402,69.85425864831447
25815,44.69273102342028
76702,72.57866642486957
84777,59.97297982161753
30356,79.88505547225574
65815,29.063364785641483
4147,65.96125850118395
28384,73.21079972943791
80942,58.91234740132748
41797,44.944743219754606
38925,41.74682169048095
4785,68.1904945934245
15536,37.10157658782598
66949,48.053566699086595
24614,22.91294824347961
35712,20.961865277719802
37917,34.805067838189096
62321,63.62030560419836
93731,74.79239413944457
18212,46.345405991045695
36296,75.75029656116581
95639,44.63328200731239
50423,45.20093820530751
13920,80.33144717839208
8458,27.974447366398902
51026,71.96165170343767
40103,83.98440645431151
832,92.8399781109499
69312,31.211573782617876
3261,71.22520711721961
58687,32.909984347903794
31480,47.555517764712505
26949,41.414720855273785
20143,60.04319540630063
11805,63.615510051812
16149,62.76165191633466
15022,67.47692598647285
94814,59.772101809425
6389,72.48195998596876
75196,32.59593191046625
80169,61.39574438515138
95553,75.48095374137995
46798,49.798626074930844
100177,36.80837340497078
86560,80.42709944833538
64830,41.676394441406764
44056,59.4595501620218
39231,65.21944187075637
30613,47.91868828522755
18322,44.465398638817135
33215,52.1188703877817
79783,62.940154430516436
9577,41.13988317464116
90940,44.403973408421194
101547,65.55281493376822
61111,52.86796420787118
13640,64.61714261162797
79012,57.40897298299068
72937,53.555099021218574
66743,80.28565991134565
77405,22.8409993863016
7174,60.01697405920335
44569,73.46376934893271
84144,71.14102396568171
1818,59.781233323988154
8148,55.26865218188394
41916,38.394492106161245
93659,79.77682597738527
96957,44.808196541404435
43839,67.34572669256603
38048,67.2870176803863
58629,34.61194336634172
89380,47.91563656536384
79860,67.80718627187417
22125,53.55600286924182
46845,36.09475524848811
15872,29.980666210691705
61708,65.69629159564246
51916,77.74835355722111
11968,80.41553806565865
4961,73.63336695900685
8549,37.128431816222076
34309,32.54367956854731
31457,49.475474040881764
8050,65.54368130235551
59488,79.5255047136601
65896,74.76331680528453
71621,39.998460828120116
13842,41.10027632395971
84004,47.8379435621024
5675,52.68469539579712
92075,61.52218204101492
23801,22.23224049150562
87611,76.3895591511548
11868,35.03772973396362
27411,51.85137457860971
100809,43.88196683158486
1068,47.334714337121106
86021,63.7241928665249
97705,86.49127747082174
84822,76.34583927517733
102058,52.705433024638985
32295,38.68000366003124
19214,44.48531776027857
8822,28.487223847174313
68006,18.74230154210446
45670,36.59991730538692
41815,22.296096037555614
27702,66.89319456836398
48091,77.77238081606002
68025,65.32504088682569
98685,50.38713157053593
26867,11.989309501048638
33130,34.534343632286486
93033,34.72261313343279
28409,35.94868370600783
97750,38.037547647861416
32716,37.626683712250895
88377,40.52982619442751
87899,44.75526405814691
45390,49.3866074931922
55993,56.166776501387275
81905,35.054241861161906
48403,67.76047957522599
39541,57.2072614588958
3997,32.11666577549721
50599,66.62257907585312
48078,77.33633724689305
100602,83.56874048452725
79666,40.07132208830708
37611,27.425440965043816
15231,64.45165476505002
51276,76.49916481711898
12973,36.58769782007876
23188,81.03090242661014
88061,46.51541578909281
55130,77.77882757626949
55029,36.75733214581537
23885,63.89827723011391
68066,39.7422694236179
75352,30.48463206765142
48058,55.31329493931139
50288,65.15036510186509
50879,62.652362941981266
15714,32.38914296847967
18869,65.28452462983614
98165,74.0070314545435
58070,47.19839872908211
93199,53.06849218206776
37434,63.50329045135694
83089,33.98516963769737
98898,53.120674422008264
45632,59.93466019529599
8348,74.47952576542039
21419,66.13201189185625
26342,46.569671404584184
101405,51.27559081958641
91794,61.97527490558982
18112,66.94692525064852
86497,64.63358145733369
64676,67.50386133042961
49766,26.1198249075317
73683,29.550190655491036
101532,50.84017557899401
90631,41.667288754381914
78107,73.44528383746939
71710,30.942434093399132
97293,55.75582991371218
17230,46.69855453289328
50706,61.88900223168979
89841,74.69115986852933
95973,46.97210254328054
70727,50.14512366868714
17213,68.38126891839752
10103,70.6179756686832
87160,81.13849444181737
101950,35.50830509395341
28995,66.89900764131426
23888,33.82045234233599
71797,61.76542847228828
82355,37.162086951770505
60656,58.653843471774394
32581,64.85974081560671
37879,72.41862380832745
69658,64.93344283477055
8183,78.56262951549286
11976,57.48914276094536
7559,24.099557769408673
53556,63.81893840284883
81860,56.71254071632275
27939,45.06715698252984
59102,71.77618659808226
85000,62.387904835248634
80083,81.33661388747176
48713,53.934069954114534
1547,50.25797225538034
90629,76.69479056440619
65375,33.6493702750788
98539,62.21387708468771
26284,45.532159811645805
42153,66.00048506289568
5816,59.38984799283226
38103,71.65006744509904
84028,39.05604666930155
95015,76.43439435225442
39210,27.869932852334916
63007,82.63094172584239
13942,66.16777512068433
36862,54.1520732583504
52995,29.723743158396665
40798,40.97753064225797
6557,33.876745887198446
74693,58.12850945418026
24647,21.995405543163372
86333,66.66907510810381
55501,59.19011270974777
84789,54.9462690510034
795,17.790596724130847
41802,33.22426258405955
30922,56.846134894995366
51199,56.6878311119507
58981,71.97526517663073
73301,35.6931202517091
28843,68.76643332230461
12708,62.03872101027569
45805,73.4874530185922
25363,65.34186822025156
86391,23.109223067881214
94675,31.017881877078377
59424,45.88827766620655
4272,68.36600531789294
50931,20.84418657857785
112,63.03987735318002
49678,66.85164493992737
31857,80.75611369084054
20110,24.571581418439983
33573,32.96333354609859
90863,44.83508973532183
56502,78.5772688864295
36055,50.85380113364507
71546,76.1395872142439
6076,67.46253801537213
7025,22.0222241622548
90432,30.391066338312744
13864,40.136242565034095
64556,58.34718521821463
90548,42.44649054073028
350,13.5610251981782
12738,61.81138455677224
88832,60.85225962051339
31146,65.89579453837663
47481,67.21565929412809
5810,78.77258002046327
21177,80.60267360258366
87966,80.11916430352562
59742,56.81479323879986
74272,48.809475554754144
7429,38.82153214248084
20284,77.62663727651648
15211,38.64697388194578
98473,66.32227335397334
77394,32.46064692490967
49257,38.22564054020287
36212,55.597067195315006
78848,31.331605864639425
7287,67.04985257407219
32807,64.16874008487565
87508,64.68928957506296
93358,75.13471321548934
10259,38.83839630831528
40129,51.723767526508986
99653,74.95740239787466
65796,41.70220398935976
72210,33.34729112875894
27423,60.73251216710874
32256,40.94971087317411
25098,75.83231561628739
42753,56.41001534210265
26749,81.95424424354502
64771,75.10742594819695
21054,81.21551573091492
100294,76.97322547467886
14504,41.38022040605796
41110,27.029828193252733
58154,63.36446968054609
33915,76.49622860197047
61256,65.7465252701979
75526,51.93582434045345
34557,63.82703255161767
14041,32.927342493003394
65754,63.60870654144966
43381,30.534971688747333
20025,33.59587440872106
99300,84.1954254859144
56990,31.545707786556683
61610,80.57172509505307
74812,25.482969284771446
27894,34.725110146471195
19843,41.13753567449015
49214,67.03064407853056
51076,55.99368177174844
93758,62.48889980662403
11739,32.86780672289302
32357,35.76760581973372
40542,30.468655678395468
45456,65.66792335789681
89393,73.7587011498807
96386,54.07300790746817
20885,47.237413456390115
58132,61.26645970629043
43025,70.40403660641215
40583,41.6168158433126
22612,37.67356985599886
56118,77.08980440415655
66700,59.16556787531497
60847,73.1472480552586
71114,60.69015283507765
52246,62.00130222181891
82508,45.750671380165976
1944,59.817266806992265
11299,13.932530563434359
29702,50.819227177838556
44885,74.86450426710981
51459,70.44337251193278
3081,24.023506265324457
80360,23.113654480268735
27098,82.07539938657884
15138,66.67970569335051
38764,23.8453264743141
86150,62.88858175098489
53619,48.084611450622305
71007,83.66993997677494
56318,43.83187194420209
93542,37.81733552453159
43805,28.69902323949066
53500,62.8452813269042
62161,34.013150018469524
6476,52.03841048347017
16436,31.655769861499554
83074,46.973214079249665
45273,61.59217900933268
13030,36.79433606887761
6424,64.93238065900556
9835,75.18822141319302
64742,64.73227826796737
57834,76.46825595883246
18374,36.62895565558943
49744,81.29511435045404
7880,42.18630563874501
20287,9.332252902525706
33189,52.14851833845977
81040,50.867910031577026
4600,49.389760613659504
66962,75.08783313962263
102490,50.91805148087387
89086,9.512938487301433
35081,41.13640102642523
70566,64.59345677579142
38097,22.62771147691235
52678,74.9626000184355
95998,92.8486732403684
97399,28.935214365880107
90125,61.538959519237395
54621,39.9461182326038
83182,50.87450887270741
29035,70.75063170232028
82925,72.66036173290186
17166,75.88500027694539
13923,80.90263005610862
85807,71.57998255441767
67031,67.0835247923025
43924,70.1092592855583
89822,46.64941549240951
79903,64.30432492078955
75083,41.97413050654127
64937,70.84259266076886
89511,69.35767245596645
23245,58.559733650363796
56915,80.66730130587447
59812,28.74139303053102
78379,44.025541710385234
43976,68.48958075542163
39140,40.04205182810701
59937,74.1459222467785
4011,59.467132491758846
7180,55.81393808000295
26102,67.33107040654639
27281,32.996038670178294
93691,71.31983750114372
63708,39.824086996850845
53119,36.020726096994174
50698,79.85751962047497
95227,41.359972025079024
7239,28.03832684806492
21872,44.65552597672867
58763,72.53534097134197
16361,23.15881906372846
9680,65.96967500724023
79303,76.87467210499001
57177,41.99133026781454
88698,79.55581762989411
99620,47.79340322859291
65455,55.949392080325445
96140,80.74189087177601
84501,52.82625240461772
33045,25.54809092412023
63478,63.97976747862833
4963,47.190109164507895
39167,77.94483148473861
73963,48.2079030389972
83257,72.90311656517198
80655,69.05467170002727
23992,70.81011704513435
95885,63.12744192101579
24064,44.78230250908291
73743,51.94134178630117
62418,58.55962859254661
10372,59.45668900832222
175,35.213906594012194
66357,34.951146143838514
38358,69.13263432317527
7120,55.688925191534665
64796,60.629176626818634
77289,45.374069100886516
78638,45.18595944813394
60182,62.10850041322205
38123,79.19102191899471
100475,44.68452564900029
23693,79.88163797173756
72921,47.184765992913256
540,66.24150082266945
5319,64.53865427485205
50138,23.399666198090962
77582,46.36236437513689
85342,46.385891362907024
99850,30.26358999372566
25962,35.880057909466025
5581,77.23369644314103
70864,65.41519270002229
68164,46.24085946096292
15720,67.76253589240065
54671,38.69569631110241
72754,38.003693304791796
12117,33.20246537144281
32163,35.82248293533257
6936,43.124914991644005
101567,67.8995642113076
45748,40.72022232840044
42240,59.759139833422445
44668,73.16221862144569
76828,42.767470517269544
98763,81.34955951178645
52010,21.61125381898476
83884,47.89574837142938
61552,66.07054620762042
28081,55.88140425166566
83332,43.70353988918241
80854,53.62470019218537
89906,76.45255291365618
10148,72.61669906233436
33118,78.75815592284388
18591,74.87119902938343
13697,63.66017521983406
84761,63.109923369600494
35159,37.998680498664335
12154,41.28626758931378
86295,80.92048975742101
8244,54.01852385389887
65417,65.90197878774723
95869,68.92950614634336
51226,48.08255127544333
69584,67.85376464265252
59680,26.20313837259695
76799,83.52380754568199
12286,47.57829684343928
27767,49.38696111712246
55090,60.07032979587794
10187,62.33835549943315
88521,50.239735283284205
38725,71.52839513475125
102484,52.755612042619525
15854,42.80281815076457
7922,53.86976108895736
51723,72.70333733569555
23298,65.86637462268754
52187,47.593298007210734
43237,75.7465153129533
82809,41.29261630994768
37014,35.73296240605002
7188,47.88614573850066
101525,76.52592767915112
7717,72.57656981564382
46357,51.45046330259794
45164,81.95720836123627
86695,48.93191364237046
52496,26.98466196213328
67887,39.28909555156241
70215,34.8272183889144
85837,39.77765685567355
80003,57.425735656663086
84894,44.160319084836104
1728,67.37062375227626
81257,64.39723549063264
75997,38.91392590303215
22183,41.017774596122784
72287,37.85399084513895
3392,41.752019440553944
46054,36.72325878036325
79063,61.931655605700335
45291,19.988606624730963
93343,70.2237293377483
54509,75.235661853012
42060,66.37429109971897
61413,72.72485980516933
64682,56.11746782730374
86580,56.31053713562224
32798,59.16913279232903
21536,53.23174022782526
47912,70.47730828726995
18592,65.38492164913052
69095,71.09411235131773
16648,38.07677680559196
12735,76.88999605137249
30886,75.3106787843528
21260,77.9236488850602
50059,35.1687058233062
75890,72.91664741054637
2581,75.16565147362388
7131,44.36405762620248
60943,23.625218317288017
43687,73.69625501280171
79545,42.09080813429683
102156,84.01505858856034
2546,71.45386201900709
1797,47.788853715458814
52765,38.88639159032472
99897,51.062695161723504
46475,45.391531656564624
50518,72.24660375584727
26467,71.3790729014192
24504,50.3697626169283
13399,81.27579899305132
14490,52.913373718113384
55185,74.40999937312885
64628,70.40141152732208
55848,46.83782303806832
70500,49.82856990136152
89259,21.437912206351363
9199,45.15310461808865
86958,46.26965403527948
101593,45.56683696452757
53366,61.401242128195214
74140,35.674756961177835
40154,63.41764138219889
86402,40.07172172404416
79569,28.290536968906377
98314,70.44349270816267
101813,28.119706388919443
69843,72.06726100434466
22226,27.583137357080616
92710,50.16747168466951
90588,73.93222518422586
14329,49.543858582793504
91408,38.56123569246256
22111,85.37770062783568
29669,48.34128804600291
20235,43.27372659874834
35108,76.60410039461141
4815,46.37777882520397
41630,44.987027832811776
9212,61.33869001649634
11535,41.07220514710547
41205,56.48843497745621
22680,37.377964405722864
58710,53.137220999507896
94436,33.3030434141162
9062,86.14188117419522
12230,79.34718234817336
34374,30.021058760765882
96845,37.13948471442609
88075,23.69248044735513
71981,69.5914984802471
34936,50.07102779942507
53611,69.07278665157054
26275,70.75984332827358
102027,39.57274727704926
78121,52.25665120991503
3673,58.40739659616004
16803,49.66190750910329
43081,54.04335470259256
93755,62.75299374534952
56480,67.88699907340686
19547,62.05592423249355
15930,61.857281277301055
54896,36.611631789029616
75710,72.372647831914
29811,49.36930406750122
21291,33.28414680674667
19493,52.010974634073555
45311,24.118745215268635
82812,33.987813000227895
75672,81.36295559989497
35216,36.10484514776064
72172,42.633231353491894
97993,83.50621178066916
96460,77.02679642159976
89863,35.7027498858175
65264,68.62865052333339
75977,28.837260522565874
30354,76.81669028864238
39796,64.17287703932158
55366,39.99090877912873
6992,78.56166116003027
82777,37.6853073855019
22303,67.06866732585158
44489,70.88802991559237
65027,54.20502828053884
48926,40.98225526389089
18403,37.89738953473182
99011,80.53318329751272
59819,37.51639525904885
4831,65.83004739857493
2954,58.874202882813165
21393,58.23328450542719
60000,56.70710665394136
13290,37.891939402200244
64435,44.64394114003498
14304,67.10824914805804
79006,52.607315948951026
7580,30.270374073016203
22524,52.88011539826708
41451,34.26954269717278
34007,75.8099124977056
29285,76.65856342207442
29622,71.45801991617205
55036,56.69839516790154
60309,47.68052240671687
92488,71.55816280894994
72031,46.12122872664252
76647,60.84842129290202
86645,42.702827652134715
4337,54.80316673691772
35400,37.341410126214754
99727,33.54069469392687
90277,73.62898332954256
83153,47.84217060877454
56764,36.48109519937217
59823,54.65086352496877
6552,64.54557167690015
56288,48.72622580057951
39578,37.82200354659748
86717,69.27404073831698
78904,39.584650424101646
70067,56.47187215169416
99486,66.96778033756942
99112,57.75106467001099
48409,29.106386304520253
35038,49.551600935192106
13323,71.35052266202428
27808,36.594314562932375
76138,68.71580905395518
55429,44.3207148332084
80835,53.17352792166823
93892,42.50515911965869
7724,26.69982363730795
96090,72.08906941852413
52554,75.56641162586968
71243,21.456538904223315
23040,38.564247800658876
23941,68.81099940423024
58327,30.72351208200308
88047,34.84071297567206
6975,70.82097532007704
15074,44.59664054926229
17277,36.2400199597757
91602,71.57496616580839
68055,59.075538938585744
78970,40.16236853742161
29204,38.17734772461528
83497,45.8364344600904
6920,74.90203226575073
83823,63.47635508754999
12967,27.28720410596182
102214,55.43802674815835
77752,71.65218409940331
58444,52.29749462301035
72401,74.23363547929316
24964,78.17243271893615
8834,39.17850709186351
16476,47.593322776217306
31251,35.27347909497131
48943,68.19533658190213
8287,70.48832393348
44510,61.83206171915223
101112,52.18767100626705
13912,39.549120675709
84457,69.37112750301552
100562,33.497884603158056
54185,65.21016030413463
51016,69.03905803886256
41442,72.88512643998902
71538,16.279928105612935
49057,76.75141294611083
29616,62.823203464372924
51736,69.67619614590687
89423,38.26927723088916
67104,39.70943660728593
64762,77.53825498338257
62091,61.1974417574339
67569,66.31843710870956
69773,36.421976361124216
59779,35.37177122542622
100527,26.848293869100186
11109,75.40618745372632
4731,37.21099916742539
78822,81.43772495387587
66056,73.85134030702525
90131,34.94256420951337
69917,36.703950808650646
85979,50.32584310991213
93401,30.95352508635618
94920,88.27749234660882
83761,34.29276578736386
7911,34.665294333323416
80689,53.5621633787989
56422,75.6274866600485
1979,38.743588071529544
82229,45.05574074270825
100801,42.77946760948881
98068,47.68122664934174
99646,68.31900247605051
3685,42.89147790625389
1323,49.29284024263599
73977,58.52186946471335
85071,49.044794021704206
55425,41.618074992993904
30418,41.176042479688725
94049,81.38532600109143
55055,53.32156563897472
1551,50.44875484165772
82845,54.84887036851372
31697,48.358398589172744
49939,75.31755299988973
65089,62.71772860430792
74325,59.44323218589834
41244,65.77160326840806
35683,70.72909003465784
8957,77.87048187190071
54272,24.18285366197701
70557,29.210036563430926
80833,71.0384209906824
54653,39.36200695114208
102347,32.34482193507597
43947,75.07877018289061
32625,32.74261079261773
3857,70.29131731705746
6035,32.1762779322683
27496,47.596490616407536
49065,22.03719304335676
70234,41.243066944439825
34748,60.11607005214948
36498,63.67120557534021
81292,42.10160539781082
39295,42.11838827858725
70787,44.33792137646755
74686,28.645770246613196
68044,96.0058807391994
40918,74.69288347660037
85018,40.31342623021939
29138,62.0383888736861
37553,76.93826067677462
40148,47.01113781135513
67256,33.36695364595725
84048,42.76523029946327
23682,70.55803589387902
88019,70.00601316023403
88886,53.777293308458134
2744,80.32906461845391
93205,65.35968085678789
40958,55.841644854162126
74703,68.75494196530647
11159,51.43333026927564
64475,44.65116697171884
2558,63.895078437386076
60040,82.64764528140192
82674,58.68713635450198
3339,68.29372887279085
84292,80.9568198049752
36488,41.16374614605563
88954,31.538921142963968
101131,13.25790963612447
26006,62.942034754924805
28469,74.90235164451076
10237,44.778367879755166
82266,64.91956202461753
21610,63.719823231036045
31320,77.33475763536404
89339,37.433607503744526
4075,83.30620441185685
97525,40.54553000469744
47953,77.29799531190861
83850,54.10645100737388
87465,64.2955791623126
6357,83.64656851108545
81555,36.07933500191596
15436,53.30560152034472
53507,38.702153736742716
3891,31.59718228822002
8692,80.71430729027203
22009,82.10993589505392
11777,65.33891496562583
39014,71.90085317311272
64522,39.173199430017746
49153,73.31686898520346
84819,57.9448606925305
59948,27.836706221796067
54901,79.18824217576721
54051,63.39765737150504
29464,65.44971969442959
95883,42.82874514889795
82891,28.839704430587766
42864,56.8674886147642
55742,53.211430221033055
10803,61.74229642733994
62398,40.975916939019584
38080,39.53827614807674
89954,36.92194634004695
70993,70.66115239651526
71391,42.32246553685418
6837,40.897418560923136
93246,59.17903094409546
45083,60.11808575453816
14220,75.15698767384751
98326,71.39702962166072
7056,86.03504613038146
16186,50.673408303830115
21318,36.92224756282291
52454,74.9027040491147
94729,38.44164941552742
69269,52.03832238085878
52729,34.29097998130721
15677,82.99386147660499
42272,69.81723499124274
48389,34.80566101589913
74285,25.880147839474336
82323,35.63588185277549
40338,71.5594036174941
7742,40.57998993539645
16914,42.081518346114414
77910,62.81351330142118
6042,58.423848578614404
36323,60.10238458260024
96323,45.169313222052416
60904,35.470584870520355
86135,50.90301727743561
42141,70.66609251912915
49123,48.15033315248965
64049,70.49233032847336
90755,35.114387230019396
27002,86.08841508672009
71145,41.0298654932847
39946,47.351199896525294
40817,66.9625240377168
586,29.76230405547463
59547,53.40781832716792
61935,36.97597939401126
18195,46.54949193305772
79546,58.856672857014715
75302,60.80899273284247
37938,28.97184011181537
37336,74.37832431821795
62951,24.42098164530666
75643,65.87975288629737
53006,64.29569413279422
40939,40.20426203100527
32488,36.680047231110045
8071,65.9162999691193
62718,38.20446838753793
9631,24.4680393793817
10333,27.429980776115354
33388,29.455777160283667
72788,46.29461076385171
98609,44.47699356252916
33870,75.12893249015613
89199,44.326393119130714
8829,47.648702280613335
81471,54.94828928578147
51006,75.3722333908529
5851,71.63150068363365
88835,22.043148204980255
57802,25.216486007528523
15870,36.225069575367
64086,54.53811988024629
64770,36.54485715916025
25469,41.12510800325135
2473,58.99589739719608
101293,72.37622190543416
11779,43.12868375756241
90194,75.14777757247936
91972,30.044845708215913
53327,68.6991812550535
41363,32.79299038471499
58524,35.9291046789818
7345,63.55099474313107
57828,60.766462047242555
58613,67.69573244117527
53381,24.75573765575981
88183,64.23427869667952
15916,67.87873865962283
92259,45.93145291385894
76222,76.43223642599561
85620,39.410106278895135
33890,40.73519568482617
55041,32.06605882998419
92227,73.07588450923697
41583,65.95195473227187
89269,80.89034018307117
13103,74.27854640838298
7349,64.9388008718035
90934,58.15844456330617
54658,44.89672489351999
73153,54.137159493332874
74948,28.425565193933117
93871,72.51944296347435
1369,79.44013123972974
16902,45.14250935183868
35658,59.10250233672321
50521,39.696138131111724
48154,47.48140465445332
61,25.60942446823843
46759,66.05291758729703
50732,80.37847236562484
69928,75.21920074249661
17480,68.62368609756768
73754,78.51308161141759
97228,57.981816163685025
21268,72.04999732400759
20371,59.72692059372699
90145,43.07305893064063
63792,77.70766104769186
76114,34.76629469266055
70899,9.069107961394895
46122,58.34966772534019
101357,65.91668767456017
102447,32.62687429883929
58566,43.57418049815591
25022,61.58313920424712
23581,76.60616932128255
60329,70.02394636307729
74867,63.63866816291424
88612,77.25843439337267
78620,66.24195604327906
80128,48.74824930448483
73218,34.76074607930112
14102,48.58066136534789
6551,35.6720702478572
21272,29.71358521306592
102589,64.42758889746868
51658,60.20191093307406
23025,46.14380229287478
19607,38.51918062433816
37004,26.156135867791193
3098,47.46043420539213
29382,70.54296410683381
24348,79.52057783219647
20895,47.136350661236115
50336,64.16792803973094
79657,39.50416597916257
11326,51.26365523122534
76758,42.293347529106484
50340,39.679827614128556
41069,69.36554728493161
12557,71.72836005904146
24105,37.33369775818451
36927,38.15533418369357
66436,26.931642112386406
50053,74.51766651254256
58618,72.51921393422222
49299,51.65629974331158
80121,54.03486240909015
34851,56.556546620545745
76112,39.614616011315206
17181,66.8319983384385
24122,65.52583585526813
58503,32.88877344561563
3313,50.28605324811347
99557,49.04304976026499
57176,48.61008858141023
65223,70.64646821843618
30448,39.48051135429193
57878,34.97678836237991
57543,75.42401502115612
8142,49.09041683315221
60034,84.27072597363909
94547,64.22359555654538
12662,49.49667679035461
4110,72.1804405436256
85201,46.21540000112385
41533,25.891867603206023
83141,38.662024735581504
47189,38.61472721654631
1626,30.162109520699076
16163,51.70457705787244
98529,36.87215458102883
78898,63.46112508154752
64960,62.479699094749535
22929,69.71876648734644
43267,61.11779841332929
16767,65.38233891374907
74645,42.51063775285254
26802,76.82842834753477
1448,34.732876349928354
71962,71.31570001691816
1429,45.74042010162723
5651,71.0945413243036
39574,54.056745684080234
94981,28.758894842057206
77448,34.01829241818316
2159,45.91107812354361
57617,30.72995377730677
1553,78.2340792432859
93685,56.6647940795889
53806,39.73053545716492
51660,61.2686747440078
36520,43.96683679725932
21405,30.864269828622966
50634,32.28009895848913
87031,74.14515861434985
72462,49.25534178928206
81226,34.88764594446255
51021,37.066225525330985
24477,38.65432515468879
38296,71.41716137461233
31554,67.79821002079281
101928,39.8823379149577
76417,22.000943226883727
97972,39.73869157275936
56081,39.17485368068238
45157,54.43447235480875
41918,30.344638854561456
23892,40.06953073485314
64686,41.39348176481677
57986,46.25374246348345
44241,49.05179908630627
30924,75.74836210346511
100994,71.38287069011763
58036,87.05044522880134
82451,68.17929873987708
1029,36.838930320824694
60481,31.70267693485063
57144,34.58951536775144
44198,83.78258274503702
69361,57.91927264017336
74754,70.4317669091985
55601,35.170284491469744
94186,60.530119140242704
60130,36.890332694863204
21023,39.60927247550749
79293,59.577238037445994
90756,10.121136345115449
64277,48.777268897249385
71774,50.56714272976376
99846,74.20548083614545
84840,57.92545928339072
10829,37.26904183721161
70041,70.2123310135768
36915,30.189574800220548
68035,46.41648850673462
45714,81.6022584573021
73503,62.78738403045688
21899,65.02127346087735
54162,47.601821688189716
24715,57.2454829866357
6974,35.763193323164096
78544,70.85496275980853
60580,37.98870230786191
46421,34.309284803189065
64741,71.10908831983177
20949,26.87679578691335
87351,42.18978854545762
14543,63.6579705897159
78884,47.013889609828844
86479,51.64367546380246
62317,67.58236301428649
14698,86.55985371755563
72062,77.21749024012354
67435,79.5245438821293
32590,65.15855336850342
11262,38.444927528943616
58328,71.02455220324924
60119,34.18282156387606
15030,27.18185597124763
64383,66.12080746031805
2456,83.03445865592515
8121,56.80444564974647
75186,28.185750346586108
5477,24.034743115878364
61362,64.1555447429303
35816,45.46059506985925
20433,22.386014866786184
68940,38.49111099073276
24143,40.94185026418836
62574,74.89370646203618
12046,67.2503129139271
37130,61.89197500224381
88869,70.58821660236211
46252,71.26253446567755
27079,26.878034909389736
55483,41.20773703718176
57849,69.21416385078577
74963,30.261670421059286
100940,39.65882470101089
12476,66.10821569882432
36377,57.841312867468545
77498,33.079229277068016
101724,79.11089129175977
14692,85.02737194779115
54765,74.68789221465984
62886,48.671529401008065
341,51.66822970141105
73086,46.864026113668906
84484,74.0670691713187
19013,49.441202647632
48819,40.14004596132497
69048,33.10645073812851
80806,75.77686450138896
25606,40.80215074638288
96378,67.22592744571351
51679,50.772395548622896
25827,32.7417001543936
71735,45.21616453373484
79804,34.74720671732964
80820,38.31872006023375
41283,51.797898461525776
76673,40.795880976592656
70005,79.35759859139725
88269,77.12349620123155
31370,53.76299885231242
53045,41.64613702509617
61204,63.75073320364952
2814,37.6596593698778
77871,32.678141894058385
22756,32.218767277597706
87049,58.1431977899975
91657,32.87291897414011
78723,18.059121846783725
16222,66.64480715873302
70702,71.92335540516814
50129,50.8082212642804
47313,37.82554618331121
51948,32.4495887006629
42568,58.186939808553085
60554,55.863450115942626
45213,74.37147339698365
63759,58.954190036957726
6568,74.20954075738346
48793,47.16303053360515
184,44.08747024942929
16562,28.950217479070503
92895,24.133559130900036
81007,68.39047918209617
85267,28.513520256909494
3740,28.24365325872818
71918,21.169391875688518
60970,64.01124558953339
62623,49.778561184239116
61779,44.92564338504324
23755,63.50586794246451
64116,65.02153627755098
48593,59.75884425289165
48745,51.08746700313136
7100,62.8781423163081
40954,72.86463241975488
97644,35.31120735129052
44771,75.8134093504631
15722,51.40552727673736
84114,62.12859535057389
67007,37.182394709953684
88527,41.94635991717307
1918,28.02140733066136
70109,41.546619319938124
75268,55.54525815254513
43602,33.895058891361614
9187,67.77697595407929
41878,34.55244255704592
16475,45.72917070375099
88031,55.2088370760973
47568,68.04108665845013
13088,37.83903872682374
47445,46.02174263164002
101383,42.22574735094953
61197,43.2592531542374
100451,38.613248350646884
30315,80.31494583949286
22905,74.07311991414844
7007,23.468513623807922
3294,79.564443145539
61344,40.418735876504996
25354,72.37422282194649
92410,66.07650686236671
97443,34.22419709927097
27185,72.21267045451737
39446,64.17652361970725
82198,54.334746321754935
84301,82.07105521345395
59718,69.6650989334297
66718,52.08147840733939
48052,69.38020422052261
54337,43.15245649851294
40304,22.67821306900991
33562,61.81541217261672
51786,62.0852362452479
97370,39.666779391162976
38261,30.525422683136668
37371,63.93365179139867
29325,67.28727242336905
20363,58.18680299376814
81910,50.01894682653211
55401,29.00084516366206
47118,63.80085532653446
23697,31.260684642622046
52448,37.29013615435941
3552,76.11131066994703
10226,60.09748080757702
61327,56.7576923737575
45112,64.2986437827884
74006,69.77229474767296
12682,38.03341591940714
57941,52.45031091904863
81152,57.46362550021844
5798,53.43760196433865
95276,79.13225331067619
42304,30.88826326213979
80755,55.20368477741937
50483,55.05449457549328
92864,42.27509948945464
1145,48.53425907504615
85416,73.1010764811482
87870,58.31640645593795
62856,44.34860456883512
72589,74.77205054773326
68944,34.13502860677557
47001,35.241240263460554
80632,71.63983819429318
46842,57.45040269548281
62097,31.769073007319758
0,50.87396217711378
68322,32.896993519747916
23701,38.68003349790497
67188,35.39024089589446
251,35.61112937556962
66464,65.34463032047859
30142,32.53912043097806
64784,65.69498155065067
95389,71.40693228659838
78455,73.12737545613
8526,48.5864793184795
9377,78.70345309136368
73937,44.145476008745945
23371,36.25862958608483
86959,43.42447281065495
99599,68.4550628380982
7450,64.37155953468051
85042,50.612357963946074
98237,63.253475616182016
81595,15.817924514990793
51222,57.06756025363549
79025,78.30296889993264
73125,79.43519246681163
33675,29.30308142644472
93227,74.54347293484777
30776,70.72606602708507
11137,61.0277781202101
34101,38.26964819598664
13982,72.96161249936665
1185,64.74313444257118
78194,64.82306283478724
16686,41.96366644794731
34305,57.33207903651607
63753,79.00027322943735
48690,26.614741046565204
22407,28.739724159121387
33258,59.73253906238638
30490,74.29738926420285
46185,53.28678552426108
92960,36.21107574690855
83527,67.99889999633723
75194,70.3052710533492
79217,24.686650721250054
80787,48.3131802110413
87412,47.494205443872566
46598,65.16403314904974
31864,70.86518422672333
78033,36.2676509250102
5402,51.79244048183139
72476,35.543983726071126
71778,49.708974822895556
54567,25.902598597948653
7244,81.99607598486156
95714,46.62189406587268
96741,21.669823149297684
20954,53.92836459419833
54963,44.38133422531413
20903,27.92639874443147
55302,74.0777230056414
61139,85.23801687224388
101930,74.00814380678739
87341,49.07020841880051
74751,50.921308136561564
88321,76.56564393158959
81914,78.98332417138229
59929,33.31375499277776
36180,24.051142969414173
12924,47.593589203689575
26289,47.13977110118065
60161,29.049388222768613
68633,57.250399365733315
94126,72.49043464523311
64033,34.70966724892628
59461,29.091144857139593
23624,63.394870397722414
4670,74.12440111522736
92392,20.055934725265704
56655,51.958124949561665
48612,43.724516349506004
72391,43.70983974515178
80053,38.971662868392116
44260,19.336221584463523
78243,70.22877600033759
49368,76.27619560059048
36642,61.47139044893535
54147,36.48972069787657
16479,74.06732425910016
74604,34.94082093619115
52524,72.03403977823196
16546,39.03643150037657
97487,16.563992072111393
77368,38.56175549417913
7062,50.52633317832523
57574,76.0288903413249
65101,58.97456019723941
15220,64.03500843030977
47596,34.100051662725924
7157,38.091882108814765
81489,38.55730804932852
64315,60.14379245062101
37268,76.0286764322257
5781,69.17346897794667
24654,75.47930521229006
55616,39.21215538706089
59333,37.49771232341396
64173,68.92633198613193
82715,36.74320546910989
22372,78.19437195846729
22597,43.69637752678746
7808,83.03390104196092
33698,73.0244581554113
41488,41.14556814511686
6693,75.01536135997148
98410,62.90981128998145
17316,71.88799243046061
22573,77.20323326133749
100953,46.209283987035676
8881,48.38457560452627
28924,31.623588710289095
852,38.647003115210936
49922,34.649214355089185
24889,62.286600748776664
42998,72.98748092498488
63774,73.74141042191805
29169,75.00328431149981
22715,30.95778186725144
22129,49.308270244319516
69396,33.556270737398314
64058,30.172246208878462
69082,75.64757423802874
26763,63.859368845558635
78603,77.53874195501241
82768,68.1498051078124
70046,53.974233782110545
3054,37.05151471446888
45812,37.51438940275497
58319,28.976552883402782
88845,34.207445293146066
37825,75.23665617862653
26995,46.290027676333075
34179,35.0324582339429
40684,38.60180482906054
66401,31.18821624773214
81048,57.6454278141275
23561,52.11469164776766
59100,57.30285722953624
62557,48.284010293607736
19583,65.82564969584215
10601,78.08049777637969
84265,39.303963376742594
43576,68.99046114388926
16422,35.779124172544975
7931,26.94398122055856
14125,74.61848180147757
74366,72.92029197331709
92388,60.90922662539163
21065,73.9990598831987
13527,56.521659467109075
75563,39.511383898729996
69130,54.49936776657917
20050,62.56087274792901
14195,87.51305400077152
41190,64.43962953154477
71256,59.20950042154408
68270,44.17281819629634
70387,62.312059064383504
61165,72.95020498314418
53368,69.5860081935012
50561,66.8511670222237
34560,63.48844678671243
21304,35.48863207285811
67243,75.57733652788298
49014,33.888914020629606
51163,68.11270786136653
19716,85.97923520576349
2056,30.562818080705014
102404,72.08558818880522
86596,41.514328985943294
19108,36.10687592023089
19106,42.51372098273001
96775,28.196875852795195
20933,78.71238708532039
56448,70.68200373946232
84408,69.87982213745371
95774,43.9153611369328
6478,43.92284722612215
75128,77.40052215221655
15935,36.04412413908495
43649,64.12847183418108
7112,47.56698074203017
46785,66.94172796569455
91057,74.22810258329974
34663,77.3772476432669
50136,47.310381554982406
44755,50.15223863666027
89101,26.767667284275646
35925,37.05239818518287
101012,47.89669821445462
7478,47.43864790471168
21788,78.05740291914961
22381,38.91921790768198
59052,42.12389928593968
35461,18.489583897783476
96449,35.729406955070125
9390,59.36245596336653
2782,74.0169127177814
96830,52.02415382946048
1637,60.89273462978609
52802,63.4696118609763
77460,83.59176248944362
50029,33.97665331737769
75601,77.6788729993632
100754,29.732612224909797
10405,65.3813625292622
9294,36.648535126223784
35133,69.39053875812345
72306,59.70484807257748
87756,33.862940555739314
47182,57.45776824088191
34916,29.6212700409274
18016,62.051318122493825
62366,36.381701909165734
547,72.49994669401337
79730,66.22182590992679
98339,37.57621804670184
4501,61.07380963408841
17951,50.2465504004968
18720,57.107311660533774
83710,54.737417321134075
93873,56.638295633662985
98037,36.462976532843015
66517,37.63834568073359
2828,44.15503751234627
65811,34.0599892286291
42309,63.77236270978838
29891,46.08637817274685
29255,28.168766313901408
22841,80.81931643399477
47061,59.18463091507718
92290,56.179093557272495
27479,35.77986863493145
19977,29.598111676112044
44747,61.96402814258162
46236,67.738158507592
53561,44.39034269393329
56548,60.528923032233685
100008,39.30278018537885
39439,26.173912285680494
54691,48.988540376119786
36622,40.64705874599438
52700,62.29531765608925
85323,64.51928412814367
1964,47.40085376288871
77040,36.89344252118783
23223,53.9777988576007
14573,38.229955899247024
54524,31.314769063221014
82712,60.46689033200235
58952,34.24329869336783
53059,48.1128914059414
7127,55.961663825287246
20097,77.65667244237616
40999,64.78579441388518
84076,63.110982020892166
63988,46.82868829103404
16859,41.527654648063304
9948,25.669771970036344
88340,33.480050121085675
30415,71.14861121422734
71893,51.578751215659054
50492,61.990586941787875
98381,49.9396926586063
47520,33.74078761137481
71278,54.570592138822235
81630,30.7460148146443
48129,52.51534588810202
90651,62.62587379717004
8861,34.790565473923365
87232,35.24611954945159
57787,34.84748885629584
54207,62.46898557548404
12143,88.45272524883259
18183,44.39322259847326
97337,48.063097049066926
82232,55.881932787239165
70017,30.500561784343073
63277,35.86032996778841
60170,29.762815992920988
86166,55.132410966687715
14946,60.51242868686418
7740,77.52493781806716
91942,69.7186762130199
7873,77.29933925505173
57277,40.29662541387886
68354,55.24999233152981
32264,69.83286474045923
29178,78.46473055151417
40730,34.7845536628581
77797,60.609431960354144
73780,43.426187531929294
61396,27.825495996311275
17054,75.60679024169717
23816,17.709725071165803
72175,35.31967279797092
4535,46.9442559912854
92365,54.60615682895568
22473,66.85848608649412
9026,70.50357464417948
42264,32.82931697484589
56963,56.870695431896394
31529,65.1097578536329
40741,64.30669101363208
37361,45.058810921092224
5749,65.31146630183228
44735,69.94371329233726
30228,53.58642252423469
85858,47.604085632512344
27187,59.66860660269435
5271,66.87631301881925
46531,77.228624161759
79334,27.706269301395277
25245,66.38307296374995
19039,36.570777170015226
28991,31.014183936654124
22927,38.7428395165602
35933,37.00590140053288
27128,62.313035359412225
29883,82.89718036636805
77070,28.468206312205268
38798,79.86826319541541
81771,76.46578035645501
8654,36.739047414851285
100095,71.1171135533173
13483,75.74200023182132
21746,53.46587205807088
92166,41.61079483535581
27829,68.30189411653173
85413,67.74791167908666
45716,63.24209736598394
31722,40.44891099514908
89528,30.243262452708265
59442,42.12853960129862
97069,66.83250564892879
90356,67.42344824326831
73696,53.47901820513769
15412,31.91019987507765
85973,30.09301839877731
25029,82.45940290627296
6461,41.37853168761825
67665,66.40955225592472
46884,24.934954854923134
1917,41.83855529139926
53541,28.789635099669496
84671,53.95271020252447
4886,65.62933496042403
49831,56.7519351544787
50660,63.69119727508225
39170,60.44635190275122
73852,73.67931061667211
39203,60.44119720586569
3560,51.736773260748436
904,37.02060630586787
30022,42.88749102826371
67239,69.337265902016
48076,31.27121017686062
42626,52.57874821418118
81117,32.27088500081475
67039,74.15315447851174
60230,44.64951061675683
100546,31.815794876209637
57064,68.28777736415967
32062,37.52434949013066
4516,27.68336349807691
36924,25.90995619864504
2206,27.575259075600837
36398,60.64854766377189
8391,40.57703496508707
77658,59.395891854146555
84834,37.06613200740978
30449,41.01835870675159
74214,67.69455313735651
24553,56.432381925615005
17440,91.90270242133695
99357,74.92042518928456
29327,61.02855779842083
16592,36.71711711155911
40560,60.475724137820244
2179,29.704730656158002
37651,40.44521255868319
49802,68.82561219433958
70612,41.015232997439554
55690,0.0
66442,62.74585510219222
101852,38.99874212402895
55332,36.417996800617175
30194,58.64755633190356
47687,31.348710523596335
71034,69.87916669352123
6052,44.37134648174699
36291,68.7384619034868
78431,58.78415470355026
77785,66.05006134235146
48332,56.607526157159825
38452,21.904650874597515
99849,60.313316648551485
20827,62.9787424696283
85026,64.99239065064667
25419,58.96126914611781
87807,39.31276313522402
52161,74.79497315787577
31182,71.81511723070331
86377,84.82737518124827
18953,75.53565482373503
28795,55.56437623573271
89664,74.15799573675753
52580,89.50188313600049
65286,35.7313784314851
27955,63.65771061722802
18424,51.12374772711646
32335,31.202565579724233
70632,27.71012713828718
100679,56.18129963143066
26384,46.68115998749278
53982,42.279384028360106
80355,27.28815996087468
77089,59.51359049396626
22236,35.27849799037081
10341,58.475078297638106
5242,55.33749959095112
33598,34.67559601663188
35109,74.7996358666029
11622,27.50927265669604
14185,44.41174583494511
81405,72.41365505119272
22555,31.003785062325996
32162,42.515168705662894
39906,33.9817364623704
78146,71.41949098101621
72583,46.71373819700899
94033,42.99255782147608
45594,31.28212494972271
4499,73.75610174326805
47226,87.91063379884369
61918,23.610483415553126
32368,68.06085184341808
46731,40.915935277195665
66458,45.780994530976244
53206,43.132319086728614
16413,55.51605142825638
5922,64.80082144161443
100362,71.87279592009216
22199,61.09904038843323
77944,49.88145657946509
37210,31.564550769591897
46617,38.18398133607694
82351,71.03400182790082
15570,81.956983381192
98376,78.6994175608325
93001,50.66006562240685
88921,37.724578984078626
14340,50.16304698357317
82964,73.17784621082035
42337,70.6950141164017
85972,22.621710820979036
33411,71.0433949073711
41808,71.59428194033848
19377,79.85439042340674
40167,60.07201977654154
33540,37.966583029589025
48732,58.132709780891645
56374,82.59928235761592
17074,80.83747954769888
6690,52.49352253382496
8651,23.031313504653625
52972,38.56002696881624
47929,69.86354116558567
40026,83.17901434765194
63689,84.63395721297724
43388,79.49853026174503
44404,74.64941984662721
83735,72.3102277318103
33508,80.30622948810719
6290,46.161060918550966
20720,39.930797619899316
92291,20.960210492037067
25926,33.517223322286355
60231,74.28076117821911
60434,68.72480162783671
18258,36.86543983005726
31713,53.63962721638825
59234,72.86142122965484
25904,61.32225119998708
31661,52.22006029154101
63347,65.97257572205717
15523,33.3855034857997
95825,47.17164207674519
46535,66.532208061735
102396,68.84479894717819
51972,15.871940615858282
1011,34.87031707861342
53748,58.98882392501426
16951,35.69312861556311
23157,72.10531710011979
31880,28.007260853198403
76374,75.01491530750454
49830,36.650353923705524
14570,69.27559436461249
1322,73.03290472503937
39248,70.39516260699111
97403,37.2564182786913
40956,46.164670888186016
78976,69.81931768002195
22688,37.56277043008875
56411,71.02186795762339
13800,47.09122734905319
23482,33.528197019356426
53990,80.1070582447565
64366,42.19493370957296
64199,64.37273038168127
91937,58.015914821416516
9900,33.500856991500854
7507,48.385477381429354
84065,36.5917876739253
14030,55.67903955887664
82670,43.212296355965556
33723,36.450219931684785
58913,37.360980507044914
43962,67.55774986659293
98689,45.49436121140087
58719,39.29866722854722
46841,52.90632684377926
56293,78.82705724798507
39895,58.139451994646166
48999,65.79145431623468
93487,67.79147740725381
88728,68.93609467804393
29769,45.64858145517434
62528,59.72892590039253
2163,44.13094951893402
75815,80.70408704806418
33234,69.12000376351116
62106,34.982058236929085
15486,43.59576220414481
65134,55.543327058544214
86225,43.86469200249182
16305,50.9163488446411
85133,70.37540069164277
94354,70.31560235929501
76298,42.1796606222768
102320,66.10920514018197
27361,38.93313996153195
17940,68.73098561244191
10510,26.753406794339565
77133,32.28619075912162
60178,64.43520859865274
18303,74.29349782658919
72116,48.90124988012661
68600,45.45810876105092
67271,63.852260665074056
14095,69.54208920634048
90910,74.512937321901
84569,28.279717073607237
82289,81.9177505126083
47082,75.74990687875825
62734,35.34711726731911
61121,70.09994805219128
32731,74.86751380139705
67787,31.54678710949772
53944,61.83586260296084
24592,59.80889311002866
88423,19.566922167796005
10888,63.91229467532666
39408,36.11507009829737
1161,72.43442989618762
13352,39.03796897283485
50600,71.4457962379533
8063,46.7169040090274
71466,58.20075898429981
84676,31.47321267226166
98177,72.0979928274702
20601,79.22741722398553
22065,58.038886702789725
24639,46.77376097706078
37197,39.866583717566144
37457,44.322052679444006
41433,57.96624890664343
35481,79.71510980570226
74941,44.20506308411596
70001,31.587141665160576
95919,43.14887467004144
40143,53.68560936584343
96389,65.40412434692607
49511,68.08062240557126
9263,35.43092423387402
76806,77.87797809417594
51797,37.845660315547974
94541,49.054537909148166
29850,72.09234049546146
26912,33.98261669623244
650,66.18165115366487
5743,62.77305949712462
92202,42.97046449576844
52961,50.135243373708974
60934,91.92695134484768
71351,36.291712299758196
41788,49.67438002490567
26906,41.767765642808556
24092,34.11501484018056
75267,37.01094019314689
59970,64.18571468596048
40471,58.606088901759335
31903,75.20614007768906
59824,31.50593965417603
75076,52.354150944379874
56412,78.41804094353694
84882,62.77190075301162
18067,63.81707628695865
83383,69.51986924864536
24067,28.57150136448962
55440,46.161939018914424
53647,28.86442269801788
82250,75.05437538820101
90816,15.23052259984815
85156,39.13617726932731
75702,30.090990143737287
30980,46.676860053389944
8352,51.37635961615209
39103,83.47526283971959
53618,65.74490571310426
52379,62.58743629987148
80346,26.97014130271982
42499,34.84461185188106
80977,57.303034770968964
56208,56.57968644610871
88249,58.985060722347185
39372,46.104198461671544
48278,23.53653247966121
1778,39.47886904232261
99817,40.31704884701361
39780,40.19268986642022
30391,36.78455671044398
23233,67.8573982901085
100246,58.12289022263392
64838,49.69582856050309
68548,43.71652482879756
86172,55.60142960719469
28139,52.51201743815973
67199,60.635760987533104
59994,30.932797937211824
15915,58.89534129425059
81311,33.93359158066688
69833,24.496409673966774
48622,64.93685695978071
28385,63.00344385126809
61796,38.0804646518765
24487,39.852803492053056
84504,35.5947223305198
31265,48.40808895885033
58451,48.11475573936638
83946,64.48742840432104
35510,60.9390503269614
12352,32.158041446219045
58835,22.451531921994
16439,35.59071962510817
88870,32.394530329838595
58562,39.96618540949724
70758,59.99428077218336
81725,59.59178378598877
81216,61.945352976750314
63189,36.06821951529743
40205,34.499504024893156
3133,36.65534114637954
86063,61.839186313307366
47188,48.18250129907113
51184,75.37066772293724
29042,61.859243174691024
73520,40.68397316580145
72343,64.13044500697569
10031,61.62776764278658
27627,63.76081260117753
5323,51.945147102741274
64348,34.822833240487874
101587,45.39234075983572
42379,76.82850383674919
66324,53.706065616033584
22045,80.49436082954028
14521,70.5762039382445
70482,87.10118394485991
49804,22.37208713534044
69519,66.90281357372027
101116,66.33739602659594
25968,63.105370280734576
55862,51.56105436260235
25308,61.36719681391105
63836,46.1271032865966
56414,57.24195434789857
48877,45.08211482488265
75743,36.09293723449682
102590,37.87616306075936
53231,83.19187430529114
80996,70.63500348239266
99332,63.66634413169656
97610,38.18375879693149
27015,63.67523479472388
12102,40.673170763940846
52870,52.00819807782567
63932,69.18076747459526
59759,42.90716892834049
241,61.78685765863822
39886,53.527869383498995
39365,30.686901945834947
59932,62.7021748354475
61478,57.68505500299703
13907,36.84276421182971
15970,40.41208693972355
35781,39.49114475166714
84152,42.41017459580834
62025,76.32436189857872
80730,59.87999094822008
57167,57.616728309910116
86251,75.35386976933398
12193,40.56032776827098
89805,36.37476972872274
18353,68.0814223323099
79973,54.81065199557228
16115,33.37314264856147
11045,24.91481948036263
57889,33.350184884313315
95,33.258305310920186
93195,62.613873126851686
56870,83.03066345125495
82310,69.63193786346491
33599,86.34103947062208
86420,49.477254793308674
64495,43.67256927918774
17075,35.26450870860443
9908,82.70988390771056
2005,35.82295043179794
24141,81.26791031408003
11740,45.11289542644281
46756,44.41475322690809
95657,29.364281164152455
36492,58.30100899581552
15762,33.450098192609026
85701,41.647499488549194
63880,62.37565156580925
22695,84.98681425892934
76098,81.74920913232782
45746,82.2647840994174
72766,40.83314355237142
9178,78.43909827589707
95704,97.54120715137537
81374,26.4945525649037
6831,72.09411528951074
85252,31.269403041469044
35475,52.66892690093988
33243,26.79942957747428
35070,74.5838292111454
32739,35.13274416787186
17109,67.81152895468249
67832,50.6807497437474
72675,63.80144439949529
34471,42.81886091977388
90857,71.45549538146216
87420,38.835042592923166
7490,70.73530604232661
19029,59.26133162699373
18896,33.25839620956434
32476,39.164438563961596
59801,35.97308382179119
54000,29.24443178578559
15071,68.68272873433443
30956,60.64496568930966
18787,41.582234704501786
68369,63.77856163503891
12373,55.48919163154044
62125,56.18611462160112
59874,69.60744468129874
77694,26.218300957454524
10568,84.69824554286525
72075,29.59643488809263
29387,67.65020314807218
80990,74.64077368459003
64543,75.8849771151807
22457,80.40980815563363
55022,45.64417737195208
40750,25.24361050719059
38627,69.64369377257036
23607,36.75480710368825
53657,38.8638491728957
85058,70.40364619374257
7510,39.33044910252898
28870,36.940734182997026
85375,67.71401554655529
101033,74.91858519640664
97175,66.21705183271679
58559,67.35729648938961
102102,59.66534507801884
28715,50.24481594046594
90338,47.69903411584717
23136,37.65696124655102
12848,49.08986092503096
34844,19.379381775259333
88398,38.2052869581745
17384,72.03745648900224
72229,42.15964257609194
17906,57.33239226383972
16959,56.388406687403275
19669,91.82970494148122
19495,53.03653992333277
17530,66.08697762503203
85692,59.55774894375699
47937,48.429028617316696
65870,58.115231821657225
81519,41.8439521687702
44375,72.90894353518729
41189,74.86292301145501
40854,92.9995885896635
101120,43.81882543246997
44350,29.269747126453346
57435,71.90299712690626
74185,47.349966337369885
92665,65.27447591834188
58925,71.82681783111889
86260,34.53496922234268
70197,71.11096685113766
50967,53.00590517069446
3395,63.96496931972764
3763,77.64987640845519
40017,40.39021971400986
94452,67.78940535195747
89180,65.68462619377883
54931,52.24610322196099
23265,68.77406587617452
67731,57.62020974123885
29125,33.5287506879985
20045,64.77202238238146
48127,32.05356013049928
88167,95.64976580690157
57434,31.472743720379682
83700,23.87917182757504
6182,62.09695297097002
43968,81.01566555974149
76359,62.888123434831336
7,67.22776212352872
46284,65.27048403996776
31493,53.37019569990118
64532,47.26100136219427
95961,83.07905732210153
66529,81.80254041534786
63632,78.31274377407419
67449,80.51617031215112
97520,29.013537669101282
13285,67.4391649066174
69148,39.482443365242545
66988,50.498217157378775
89598,37.45917473819951
50359,81.68880881567122
65091,33.4508450996209
30479,67.43047286741573
91012,69.22322899148207
8649,69.38280068883648
43536,29.178477844816566
29104,69.58544280833777
95286,40.77197568470459
90107,78.20418709983517
22361,56.50515409924721
100245,74.04934265471402
40101,32.196859885474886
47987,64.93723639561587
26901,69.76363832292046
75322,74.68264572923404
10554,62.149970067567374
66777,47.61321938683654
59521,83.75337118712098
6209,48.08704202527736
55098,85.9552180576825
98404,67.02333949588999
50530,43.303764420059736
68251,31.275303314673245
62285,29.962035981571
39749,79.02569247214558
60998,67.1849677340015
87457,79.85233573620259
93466,34.14050167996593
75638,82.24262164946282
677,39.85030593695416
29339,63.479802767994514
48291,74.97900294859515
51529,29.274953560980922
70094,29.556926325245296
7981,50.03017057776525
68803,82.35625554441422
15393,38.9051500414992
77481,17.4851712962045
13276,34.141310607251484
60275,59.01855703245823
53138,87.80422469610441
13522,46.59171339415717
7458,35.754866084581465
9860,64.81918999305323
13275,40.33262678852888
46605,67.21864753157487
101878,73.79384092768942
7599,42.12605676135848
3545,70.80136858301054
56007,41.23519260619118
14552,60.56478534981514
57619,66.8276580843548
50391,31.41531464572377
62425,58.16259782316393
94434,76.2873386050324
20940,72.15007727773519
50771,62.97226391581055
7085,35.98066239227442
15479,29.158851311888697
28495,69.3030863139562
98813,60.5735603088223
90218,33.91087292515548
81310,55.12963053498951
21429,81.21230694112896
49288,40.91674431469794
92749,74.7952504456407
19778,70.24623931190607
99744,32.55213329126296
64609,73.044714473645
81952,63.24352679447045
5672,44.24074677768985
72350,37.221273197689484
102015,44.9309350991734
81753,32.077965116580806
65165,33.74663971920491
17509,48.76694713214883
94113,66.00433426895317
53151,29.538071029716235
76749,28.519515354862943
61682,67.86532387640693
42680,74.92157788243131
44127,63.406060836365754
90724,63.46880652430658
40690,81.73604425499337
14089,64.50940079089818
88447,68.41901135754684
27996,24.843986005997337
21228,25.439435813796756
45110,52.305267432783936
16239,27.61449948411576
73531,62.92087534476525
86159,35.97935542081604
93751,69.69485878477273
59372,53.32535832671539
8214,76.7455726148028
29142,77.86666391003436
41415,68.81170353784952
49327,55.136031454732645
66300,64.43027158457453
27152,70.6891358712802
38536,79.75809319032167
83594,34.92633277105702
98345,83.08273279066398
98666,66.31569492523406
71523,70.01966009074017
20701,78.11708352176238
55020,67.4991918620768
85009,58.75334095781962
44973,66.49402823367028
36015,73.62061469661924
26000,77.295920693621
14496,61.230142174860816
65457,75.16417295539934
82490,65.31217783935125
80850,31.41330697176359
99824,54.595829277067104
52032,75.67061576158589
58941,65.21801492232028
60976,79.05141581564597
36471,64.69822684246873
68001,70.53475860351931
4614,61.5496076835841
9724,78.18366056105015
56899,72.77948254138131
61758,42.71316678139475
92002,78.10684515037245
11160,58.36100873762386
84359,44.9580959940082
9261,13.752573609039004
49498,64.81733789220215
22078,37.17426105197877
46942,73.99052367832212
83381,46.2077148013616
73589,39.437907955947054
84304,71.62538349113836
11655,77.15742939806289
57638,66.27589050381786
11514,73.14218581280055
63262,57.94129399961507
84623,67.52251357841817
72678,22.49963682713698
24871,73.64804464294133
81733,33.93611096922214
36122,45.71625881754326
57141,58.24839907145822
46069,51.43222662076091
85667,56.39549580286224
66905,71.1732297567971
52992,34.19144030691431
49552,65.50774315717715
32263,62.99616612750039
72902,25.54369327916522
12284,32.19145467114332
29832,61.46444765683666
17908,54.4935727824322
6708,43.129392699067154
21729,25.942848900300973
42602,71.40654428483435
46793,45.622513830139965
51409,51.73932779034391
58570,57.243162867826946
40666,60.12861099815438
46716,66.74630309643453
73231,74.93790371400729
79269,67.85389598727085
89313,30.637858148760913
65174,65.37100966181481
52532,65.15426680326237
93411,44.103111049113316
65221,33.07551858890658
30294,33.66349718626675
53642,95.80557204108229
12723,67.6341615547332
25055,49.864322526829206
27192,75.99567994738238
96084,44.6436811164611
25198,52.812915122249926
32735,67.48067425748225
76286,54.13593740427508
92776,62.05130451801976
53116,59.269112385070045
45111,29.57076489998751
82085,70.42383529838779
35562,51.94863254125707
77028,42.05103507855224
19604,42.9161651109406
9329,52.559140688835825
36922,16.29531971045065
6942,69.68901145120844
79154,31.47744594841143
99643,31.96821253505739
86686,45.00565603313129
98027,37.87346229396275
48212,37.717324970078515
89225,41.37266108155114
76366,65.34075070075042
78940,74.64419446700552
85037,73.40895524424846
31183,63.98433150805194
41166,72.4576064404196
97107,40.76832162114175
91840,64.21847258594178
13839,57.19594755448401
11962,70.4209576656856
84699,65.83417829112719
79799,65.11343450069892
102029,71.57415465796484
50650,78.67813468733678
15037,37.93077367341401
20469,55.68902422092696
30896,64.05500676643703
75217,25.77705636158816
90840,53.95442126846274
25192,62.034937088503504
51712,73.16039703934503
14546,38.74345982722312
70322,51.4140173484314
19408,77.69275300205055
58699,30.867002880193553
5896,68.97989968204195
36389,77.41803329227544
48071,76.51594771048352
91004,34.990751306568455
53734,48.58681882316771
68664,71.25974183494048
26204,54.03580219752782
96013,29.954422970221707
78273,38.319816852004294
23488,33.34651812553872
71167,55.178503175717125
32459,62.022166445907786
10014,40.98456129343003
68385,68.89841076631969
30424,75.07165546443836
26518,28.201036816846923
12959,66.59749329382774
70139,31.44633027230041
25131,73.92735845750705
30973,42.76393962243279
97262,57.00039955809533
86335,27.64093212065174
63772,43.290581522205876
45071,71.99270451989153
28323,50.42643752277267
52938,57.6358467495583
48917,26.550621800691793
54699,79.92873021915055
56834,56.895723335615884
91441,70.06420921346938
92065,44.835290388558015
5769,64.69873890311577
28480,76.23009457611116
58455,48.32705565361551
24042,52.079393149423694
17797,36.017100629062014
12022,35.86796869713008
78090,69.6623959058001
32061,42.9441037974004
71877,85.48643723960507
13774,83.58627704927876
92669,37.14208013944619
93249,67.34296127579842
61895,55.02711484475259
79051,26.821599298440344
73703,20.476594758794178
19817,36.436645006190034
38230,66.41914153813138
34180,59.21673390379051
12340,36.53092345506547
44079,30.858038899167468
17060,29.030229827125932
99382,58.223534485766436
83917,64.58108140038027
7516,68.51465790739076
92187,62.057171190152985
40244,41.36253263392147
89768,46.56833345029169
93042,44.999258682433336
72673,52.30452338453358
98961,79.01988282908117
83516,38.61477094500962
76906,26.57243965546787
64963,42.01769897339294
99949,44.45590755926821
48363,62.17548080804907
64868,74.35846379485602
11136,36.07886920616048
20887,29.981422279861118
89326,79.1339644039609
37558,61.03512135694049
100243,75.8478937042449
10910,37.59184118610858
1746,33.12315944991499
23496,57.74238207301308
97002,76.77431728189043
87192,60.64499623459081
47961,77.97244128904912
19338,44.44434626127031
73163,67.36708203705278
40905,31.33294499365804
8001,48.703511948606526
98360,73.61058476965549
12390,38.59221974044912
35556,38.71226130208043
88319,57.28674220254952
16331,43.827012798805285
36256,68.93363209011548
100086,15.157488704645747
98852,40.94779241390432
53107,49.81872807881105
5564,57.59443061476125
16825,92.40029548164651
59687,80.69978653558073
349,44.01137043083054
40800,40.674169512052835
72436,74.01263808424271
32038,34.80195767403843
93688,33.59632772627817
93808,74.5486468956737
79503,65.12900677934022
13780,62.93162312485475
87251,29.409911026404227
77020,47.532003303214
26004,23.550976589218394
67907,35.602265328330105
101868,67.65240161897184
10985,80.43718317309289
74194,54.50046784905111
67631,45.238880555357106
15746,69.49085105915995
19925,43.44690142723897
32984,82.4019777692846
5366,61.870965055743085
50653,75.57841390799943
20096,77.27277041337527
3323,44.62763508255055
79851,50.256892385427726
28785,34.61575728917138
7130,55.34331338646594
84150,41.74794683988265
36777,79.56784916417104
35338,53.186411710498845
3783,26.57542684033084
94175,32.78341802161742
87296,40.50708932670715
77897,77.11652442048452
69597,44.35445000655566
56880,73.01464167000394
22185,27.878399719238303
65215,43.301522175151064
1648,66.44673373763976
12827,62.61040010161424
98624,65.77101745337865
72158,54.20898713296572
48648,33.88256532331625
80358,62.673487572274325
3958,46.34225449159735
43036,66.34053826239054
94530,43.3011995244045
48222,38.87183262459535
25813,62.04538901026477
62179,66.62226394162585
6775,31.99940972084092
25989,50.504070407217235
45315,66.14695046120532
82766,29.763557923640526
61279,40.69055975668279
68144,35.4715318942176
62803,70.09492451381644
21355,69.31231001630755
29539,36.85749129583023
82320,46.316037509470306
76372,68.03715943188979
101640,32.26699991346454
86107,86.07549560159346
21940,75.44740527758432
56715,26.48775245822216
44160,30.550611931792705
67928,56.2750935405616
101977,21.241068518484376
28035,33.99050454892366
60279,49.877426345793054
50395,49.80015526387664
93178,65.45906877924507
31558,38.9336328622322
14407,69.38964874746192
16985,36.01472046251407
101669,77.03412109876504
49632,72.0557573531706
20965,59.558055219002
55242,38.50734175232527
6221,35.356061296507015
95887,58.584039484200744
29857,46.900139905603766
13991,37.83832656498821
52857,40.85859821878032
52346,74.46872398941406
53959,35.534127456855
37612,70.79824058200492
69625,76.8230353514139
9830,60.34828594750325
79928,32.52232093287235
37942,66.39116963816426
59217,26.940575877393943
20191,25.296101190597962
37718,51.383737082792464
43887,63.33076943360027
42174,27.063629146883827
14842,45.88672985260115
96349,74.74064611457162
65004,72.82843960759735
47489,57.90138202086113
62053,64.08703610123666
73336,44.62525490912702
3462,34.24882745549619
17999,36.92139123746584
43848,70.79084580840113
82253,56.47871862786785
75447,51.621458901274835
2125,34.46310160611435
54423,76.5037206822638
34541,27.152532928694416
33462,63.11781169560542
94190,57.320129737680176
100879,31.134374199498946
100264,67.12080676600704
1091,43.394661460917824
77054,63.23886082137494
31076,73.2812194441517
57977,27.363905716301897
22724,24.148742438366824
34790,68.78271707278478
4124,82.94402951189147
6022,28.4619643741209
59077,62.282023041354094
16785,49.95934805030704
92001,85.47519412955918
17740,69.54094950705232
100125,81.00289377697598
43402,39.609789645769794
34424,56.93470909412617
58636,56.99228191317703
43979,62.994379995228854
98866,75.64315895261937
15180,39.681856404974845
56400,67.03019292692869
45027,62.55917721940218
37763,48.899810857440556
94319,37.99659024756671
55877,34.95060161488876
85722,48.29161573316923
10326,54.58976890435767
1645,40.00132080780207
29319,67.48862011344426
26350,22.064611696923354
96529,43.842329703300294
90034,24.629548462349398
90800,68.41945971721903
75733,65.92181589987277
45222,34.67862656659745
33323,60.37016592375656
41335,52.926799493573014
12813,36.27859348180875
43343,78.63871672554168
93739,55.474292578200334
8265,60.40326750679723
87603,31.41757110691115
83234,51.82571179315045
19961,45.49905385203232
48596,38.79058432592686
87231,75.89087652579893
66040,16.225817602640188
15045,46.35924349023479
47247,79.00482545429591
22703,69.74299357886511
19058,61.55320591822579
88301,32.035498515994924
54126,33.36256020437525
12908,81.3784132697856
97981,62.56504704681888
12032,38.27696904304658
39125,35.17595840784051
9077,34.45870898364181
87781,33.91563114925551
10056,29.805406762595766
30972,26.653767401416925
90709,71.8612942443634
31593,64.80524075778555
19001,29.951920913119473
12953,70.99101647122323
38853,97.42425069230254
38500,74.41244588065891
17653,61.945081650776785
49886,89.5035496488539
351,70.31933336302737
419,29.373535314339676
50477,26.657527772787905
79430,62.120502575705004
89881,67.77985522997268
78488,60.00817669717112
99743,60.980885385010836
89771,84.30797654107008
78906,68.93961569452088
68176,61.835907397764345
93067,49.41503559983308
62705,58.312600125813645
48365,43.085916374316525
32137,39.16333249040333
58581,62.05070517251512
1089,52.48426691451662
32732,70.80819471541749
47320,30.162911291774495
8801,40.711321328976155
36989,37.271457943303794
6303,72.0155706947919
12303,67.29148867801213
81840,76.42784946310576
10964,60.44306991074689
9620,37.91070811679938
52283,63.604396386185826
7320,42.860641583568295
90176,43.42138864968277
81426,48.44148316459153
13044,73.07355496822095
81626,80.92512181395149
36891,36.04964825185853
69960,50.80471932805088
64863,70.4143273460727
96291,50.980273806886714
76894,83.51910905174972
56820,46.456133094698714
18201,51.34431230557945
45033,78.1376895771175
11714,47.36072875330059
12212,33.90152852286091
43486,49.25473740588027
36378,59.03222950036651
24421,72.78881501827132
83252,71.5462028882144
68928,50.7899888932865
17865,78.2102878791832
98973,39.25998820508784
75689,77.89184183410505
41928,36.75779134042407
38792,67.91344837518452
99487,36.3538815049181
44596,57.88501422021318
52742,40.22947626503903
35046,61.82907982355647
67308,41.37046608074316
56526,33.53059569738231
54751,36.1241428492996
49455,26.51248084729729
10209,28.533206187663357
17857,37.55475864100707
2851,19.23533422523181
15163,62.39835042814463
19626,67.03547177318883
27100,56.12263143067993
34910,38.408130408618106
14587,33.779938678531366
91287,56.202272438480776
99291,43.29593367396036
35743,76.88071329631694
99730,43.04246162195348
34659,36.42114067436252
65550,74.28849467457935
98010,29.69323910955164
2095,75.2452370884555
71541,59.3081556931955
19230,33.034390401948194
90360,53.79915447788834
14430,31.571537551947404
90545,56.23414335221342
45981,70.12151272838855
95541,58.48904218177347
75190,66.08400385345051
63326,62.45523580162652
68476,62.63879318978716
49193,69.53437843969212
93430,60.99219427229471
81383,55.093956890910945
98455,51.37849223186244
4249,73.20177207770358
80340,78.6847772623201
61215,29.082303361965582
91729,80.18571111513052
10731,37.40390895768557
64459,63.74035108193174
33798,46.002179564863255
42189,36.378116093851744
22610,71.39129305461603
76821,40.43428945677206
13595,41.46616345472935
21223,72.26976997064868
89189,42.203516309408336
86248,59.617260561222515
14299,74.05966567906373
25632,73.20926825136097
35897,45.638866622841746
28155,62.52035150275844
3287,72.55163942001843
25405,60.556228253824486
80932,65.63338775846498
18243,40.936174071218055
95572,38.25254869856947
10662,26.63909685868993
83821,54.64331436652793
33837,41.09713555178848
1396,48.128809787648805
51654,48.567184423413266
81282,70.17167064605306
35061,37.071104342306725
52462,33.29624890489139
86477,36.55484407146623
81213,40.73102408360384
73956,57.24883459059396
4235,61.59640507024775
74385,43.85896103033883
15863,44.28262088056761
62941,73.77731605259333
11858,67.28085893209305
94692,45.80770194515892
42976,83.39055325099079
51149,46.3827792214326
96539,38.86280180783745
83285,75.32433188501841
20376,81.95535489517434
98978,50.02343090118616
6991,30.100395570615753
35625,33.23512402830804
46465,64.82625849258143
84204,70.27989967310587
54647,36.67536797279401
39179,59.964557700786635
62239,62.782640649500024
11430,49.221438278113055
74236,46.43280197235358
48544,24.866484636481
85818,35.87957297756366
47402,60.50741358549436
95315,72.4317094466793
32682,35.22413512772704
84948,29.741011157743838
33322,46.93259172161193
5444,51.43729490170913
53355,74.75455595014466
95101,60.53913308057728
37952,66.8068985755737
9519,79.50259085630479
87872,72.20038225199914
17070,57.10437851454039
50416,48.41630610924366
37716,74.35497368774261
56228,44.931940136382394
68208,21.485274244233977
85654,53.498635098906874
732,40.82176418167746
34164,33.160710810691455
59592,67.40488095499464
48653,57.78287521749761
4292,67.99627789992783
9829,72.865692096821
38711,69.985712092683
34713,27.8617814562653
40901,73.93848249654826
43102,74.50264384515881
76059,63.02838879874494
96197,40.35775967584881
73632,70.06667846475014
95392,32.36746848822299
13574,40.373638047954955
79060,66.84597528068707
74690,43.22350185869093
73857,60.8330067660596
64038,69.12856089946659
25121,81.28101623597287
38343,37.724877816544065
30740,69.67050635295595
36266,70.94344334880208
65508,36.037873334711456
75606,68.38168575733717
57228,25.322438305285026
87600,36.20110668555582
62111,80.33473826460096
79074,36.39425861464572
31555,27.430141391700527
4979,44.74329883892729
51354,46.71063646948513
38726,52.22554987253166
1241,51.79018712865843
16753,73.007889981299
60582,65.46898279913884
61713,27.102084849224962
85602,26.969373344497978
70207,28.330924838207338
27305,38.61247247085423
78462,67.39326753924223
99384,47.354028822546326
40681,41.479791686891026
84355,33.570202133392016
18613,78.32707934902588
10199,68.06780372244442
84375,40.80762929589039
4665,22.436969005378636
8344,71.40615398439584
52409,63.19423292437926
36729,32.22353070385626
89239,75.30671981061056
83840,15.931978934542215
68092,82.24667429395541
100007,29.88118465256294
101380,46.724958539736384
34037,67.09020699154343
48535,52.06115229769294
64948,39.702429134559964
72298,61.69598941356543
65907,44.97553617603498
67564,57.958112673066495
34698,52.892766469021694
39954,77.1673091290478
22423,40.05626192442435
2160,37.03339567281004
80102,62.86516135155604
29039,77.52990155787626
20445,38.14275793194716
67128,36.874482690070586
90008,36.17242826483654
32319,54.320539967186455
56320,72.46897671081872
89416,69.38713560348485
15485,80.32271267277731
68586,61.42395559730938
12716,31.39987440467415
20113,16.60760531402778
27241,73.15064942271916
39071,48.62312533481757
22351,44.07842098537062
79246,70.11516010902079
68522,67.09492284367535
59195,30.165171312071767
78327,65.22123609872494
29580,40.79683170008957
58577,43.33307054618142
64060,57.417693728725254
29238,76.64777841803787
117,30.232520894850474
80044,65.50916242955023
71758,54.370499231801546
59419,58.02013307430224
14276,39.841835828886005
16824,11.845253985785263
28178,81.12765936158036
64373,32.990572344786344
40827,37.24311915090831
39592,78.10617736534297
72716,74.45623715435744
80637,69.40869994969022
74979,71.70547170070608
82496,65.77708322634263
71384,60.85710672138843
10331,57.602604996301466
53533,65.7000540019422
11179,67.94987962560394
1496,66.45294612119827
89810,65.97869859737034
85060,56.37123052213957
94768,59.20868872452153
39911,38.375668147796915
82942,56.37268403319622
87178,66.97050592041326
20499,33.82720204033631
14732,71.78575159078522
18882,81.03118141311137
73989,42.15140460096074
30856,63.818011828713395
75835,45.235710904163994
13437,30.94828260212692
86254,33.11562174391321
44368,79.05735224869335
15978,36.621105492924585
97688,51.31832177964774
13134,35.420510208806085
90031,59.46763607212408
7705,73.17606168887424
57335,95.57122798377634
100342,35.64703717264886
64171,59.37185903027225
41468,66.3225615446529
69589,25.34518205021012
36905,68.60504356118014
36671,51.2593725033649
30078,36.490324155614
51025,46.84169446500593
60761,44.635958281553016
3646,61.03199815612801
8840,32.147216894765144
95269,35.640839044220506
22410,79.68639510147261
68302,15.770873592858521
89187,29.368883691096062
28060,78.4428115126696
101754,48.324826116678544
21890,59.779629221880285
61787,78.94882341483058
19009,24.770893505617995
73983,25.476405698433982
47728,64.20272640079402
100576,57.33851645841456
79179,74.23465721485668
2491,79.7372002096314
54672,69.0927818243343
31955,82.65886760357219
10174,80.69242389515033
99134,69.09859074220735
89833,36.28451144450085
92962,63.85214685305478
80227,57.12751203840321
49730,60.99499140343092
36249,37.127859833037874
84199,42.80584193033827
82544,24.057913580992235
52708,63.010717224477496
100043,37.01050677090053
30499,67.88630274368967
62716,22.959150906717998
18335,24.974347027174765
96319,31.808033357107504
61964,61.149260046287175
572,38.410029926385064
90200,37.26262449838809
49007,57.382777729776436
90791,38.15046019618575
95089,61.70072176291657
54104,70.51958766958869
15047,75.31127249958621
36096,30.65106013180728
1904,35.23369890613865
101541,73.71568330111788
21751,61.11796817954408
59402,75.13918849406666
102276,58.786285410685274
69403,35.542924995210036
90937,42.189196155457516
69739,83.12704001527862
9689,38.79081220576978
68537,31.61018018620637
56463,38.06301349540027
25041,86.2911485626691
6811,30.680499938669627
554,65.93057785975438
60684,39.92253609298944
46379,69.9254934564603
35818,41.01205288795069
8944,76.68677548507677
61905,66.54056037803974
59583,80.95033950284618
100122,68.63443695417698
47664,24.57609081664834
101748,78.99212192382456
97137,40.056431011262305
67090,77.55397293562473
96658,48.83682032892531
8703,38.37929741170692
79652,70.32695779689607
85096,69.89485109306145
75960,65.04262467129438
22996,36.53398651505424
4218,23.50899324339469
54310,38.178288175144814
95728,61.39153468291551
11650,46.11125221989374
66066,42.04279369265681
73252,28.193315905091257
27269,58.068459848108674
65858,54.34791460255333
92063,76.17832159385905
15212,69.87777947721082
40016,30.024573403014287
48013,33.62695618388781
90173,65.58152252455355
43705,59.737675342851226
100642,62.59143667260582
70981,45.388494080827094
83002,57.002295019581354
66103,67.45020215819665
27723,68.35490307842463
73322,23.26794492494311
76522,27.030008090460782
17977,22.17878085094089
42930,39.24445946930769
68031,33.22106983864705
21711,43.760278873387875
19023,41.96446834900686
51518,61.13726994350104
59429,49.608133877466635
51250,49.655335700717735
7206,86.73379999117546
10398,68.64722488601089
47508,43.10260732706004
93544,29.618334874957686
70269,33.03332473150674
43951,66.44383091990355
79369,45.47069629526008
64136,67.2070260162443
68329,48.693932304156164
34486,62.380446548918016
26955,70.82662904572638
92045,64.89792653982671
82172,59.01240883525993
50779,26.458386297071605
66364,45.27632885589021
74445,40.38243612438155
99605,25.602472488431932
39197,73.354808226715
100423,35.63035070100783
47073,69.43347647697702
63837,70.04979204525638
81060,47.35966964393087
71408,50.9412819162692
33096,45.193982281988994
3611,68.5463752225873
89526,37.63540086270889
63585,39.887914099324
23428,56.30613743754519
32055,75.04046501386586
53461,83.04984029749909
59546,77.5883241169057
100280,46.282586827997505
13496,30.041273907402196
61969,68.8407197741017
87829,79.5279265713145
16125,25.12550402045036
30996,27.055104490544487
10665,62.8408596684845
41019,76.28280150097204
43148,78.96456007408955
95113,40.400259070652766
18998,31.304631286225188
102406,75.61452961724417
86769,49.26454107670374
66685,67.7230826663791
85821,32.09088591772261
29687,45.83357577729227
52509,33.39886554420726
13894,71.40521519274456
101729,71.78573238492862
37658,35.81696819050127
85021,82.20506122897814
68049,22.493062265932416
39979,70.98887719457633
84106,30.28295115890199
52443,74.93092538251634
89785,50.04660480537517
9725,30.88129017701736
31570,47.95201151875638
49791,42.06758181110076
86444,40.64245428254299
9176,26.434638725150997
48474,31.01783499201163
79548,64.77421401410942
28809,69.26255100507254
69097,61.81861913645633
34812,77.00379728456502
24399,50.48111990869343
88270,73.81660815801052
39102,61.21084979416128
89751,34.804610749759966
54025,36.93678523880761
8503,30.864668507492798
60047,61.95541003583085
24552,76.13685349555467
45302,68.47575955547208
79185,39.753403103473154
62109,45.57763828795498
11718,28.04845662687049
98350,33.7576241438753
6157,38.33062191627787
67597,29.793987947150374
55626,52.64261923648431
15772,70.89445348967406
80024,76.95392442499289
17912,34.79461947296206
79946,44.026237024059114
29497,72.95646374130123
13811,55.29929805780254
68720,72.42235032928247
75770,35.00126190049477
12498,51.441375941582066
21863,68.31545157679368
70752,75.70212350358116
32232,73.28257217680436
32410,70.51319626222558
51594,24.15139208936737
9159,57.60609602269862
85460,67.77469662327677
27028,73.20596970538946
81379,60.05592553430057
26401,75.40219733736438
22035,30.517612261023892
52527,52.45922669181763
98620,81.74575845601036
59103,70.06643417036616
69127,35.318647323978624
48797,43.319058084824036
6328,73.19370872674196
12169,69.24931352088458
91267,60.31463939112191
51647,62.39035848423738
58424,41.2166918532011
74178,62.79738318993691
92824,76.64899930588979
47852,10.443435927752201
70568,40.24188715547446
24611,67.26299421537016
87885,40.753311474158295
42702,55.093878962064906
61980,37.071619169835785
52522,67.12210744183137
58591,28.920482313492943
61268,63.03798775633412
35685,46.14853129871749
20234,70.88982601333483
67071,62.79053680282182
21723,39.306581541957335
88056,36.72558257224993
65213,80.91062439858605
1526,66.91500949264221
27757,64.25276510117173
42027,26.749451218421378
68795,86.79387458857404
67102,83.37187222369599
88359,40.880715963769205
26232,41.030960961064594
51524,39.19948796364808
58641,74.48235029067428
31926,30.875052184612912
68934,29.72340459607275
60679,62.1893148587814
62873,48.92639194140063
40886,67.6996057264931
68278,80.73108846178704
33603,51.20812315626655
94474,61.25464844012363
9997,56.09349656381707
22910,28.708345994013037
62684,56.569729017182155
19765,40.055275684221755
62671,65.31393806880077
42565,51.762958182976064
19451,64.67367429845967
2638,50.55743262004606
54079,25.791161524318774
24849,77.37662198992855
10309,41.90505698305215
48772,36.17656225868406
85038,23.34043595332314
83845,36.95031254087613
84824,72.26185281383441
47059,64.96483906223926
79486,58.90023982733247
97546,50.88073549537009
15521,39.55817914953328
88404,58.60947407505631
53897,37.58573564229843
80436,41.1705005794793
59943,78.51057098736959
99418,62.279782510031325
51394,79.45285930454658
46068,54.38929415735731
88996,45.19162321038377
83195,31.60158926276142
17768,52.60594378214951
70365,71.94883144610104
55271,34.928356115381014
88316,31.14615324579222
62229,61.67266249136251
8505,66.29261130886283
11516,65.94677789611798
96393,69.66995451490999
94397,46.23490935568745
5186,54.50183250520375
35543,55.68716114556488
4319,18.302929458283902
84195,69.77483647763734
99461,69.54287357370724
49703,76.98539524613719
38150,50.80654186383412
1284,74.41223782494798
82476,30.65901384706203
16224,62.18118564233404
67629,72.0826239426364
47284,71.69479889481738
49263,31.480434549607367
85439,55.45699238411639
16175,59.910698185865414
464,37.59500526427446
66426,32.608459725901994
93187,39.23231790475374
5791,71.16803795134436
53458,23.903404182679537
8176,57.9415114706253
23517,64.23271285738646
86188,70.52630472685205
39184,42.41784834401288
71451,68.46153728799052
81137,83.68093833903019
76895,68.40974490630099
24842,67.32343790843191
37705,72.22472805475391
92296,73.45873802107265
101793,70.76481995097086
84036,80.87637243522606
10678,35.58209779638003
23437,80.32650677944379
75532,59.47953423940736
16526,64.97701608660478
54505,74.40966841326166
68832,58.78270592870381
29165,75.40678225362944
13579,65.78421931939451
16519,62.15076704287637
27798,43.48095168184269
70063,54.542140070295275
76767,59.20316871119436
36961,68.44501549568554
37397,23.25197384759746
28744,71.42689206074378
25025,52.8265783724502
58142,80.8294580061634
88097,44.372537263185336
34405,73.05093258987044
46426,32.319665919177666
77526,81.38699704604095
39431,65.46856205467739
46160,56.844044272056784
54284,84.40971039980515
61874,46.002551054529604
74836,30.570322200954692
102252,30.122604714139054
79909,73.35532813717461
27775,67.00682679049291
94606,60.725035220680745
71783,46.22970933262828
37411,57.2809859013567
16332,66.6331399102916
48664,40.35483185543323
90978,35.34757886243476
52912,37.350586441274615
78584,77.27571982220712
32550,47.16979797112241
55428,82.74991383757774
50596,44.236906752550965
101461,69.98547221732689
7646,66.54630038860194
13861,34.042015728818704
47334,65.11446848162831
50519,23.372990240086878
40763,63.63741204986631
34625,24.747857699725213
50476,45.36045335215012
21220,58.090847754172934
86372,72.49479283697272
5335,50.35027144803313
35349,29.50227181077841
17537,36.054705494927795
58426,38.993843678875216
55133,66.91581054975825
44253,57.279792984543676
58843,54.66552114180411
20951,36.774831786340116
65394,44.002805413769906
21368,75.8588284746059
95563,53.62836485939087
25491,80.19577681185052
25195,27.016815886746922
88384,50.76720845626884
7054,34.69543815888825
86714,39.078256904319325
58386,27.668180732108244
81033,34.34572913367988
41370,55.38383007354752
8968,38.36171316351952
27907,46.539090882434145
93075,86.9897790681371
69193,70.49455374993099
36202,74.16056090683995
75497,43.30089153355972
101726,67.70439622930454
57273,60.782403972978884
25401,29.447296072292517
94187,38.12773971064542
85409,33.53256285594585
78543,32.56093913032564
31456,62.62191814844731
36052,31.009910510377633
83361,33.96413189499357
52571,34.1702606525505
21611,73.90422031978014
62221,43.416578047543865
54862,55.864310405501016
31288,93.10862968011247
43745,69.43266492209912
21029,34.30096372226621
69271,64.14795057300644
65974,34.27146354854306
51489,48.836157545190986
20157,57.82283071729021
27075,68.98931821930802
85519,82.1056628145731
60306,24.16008660180573
82132,24.93841188768669
91774,69.00521330640632
25650,73.86886442046904
7883,53.02859573168081
85852,34.82258720483188
2654,32.40885618882644
58471,46.78706514666993
55836,35.089071543419045
61232,28.810712698674962
38359,76.64245709818104
92358,35.8949790534146
9444,37.85919794393096
82273,62.77853513245806
93968,37.03623224773838
44739,64.94654143387665
68108,68.80824655861258
15664,46.05443459481893
57381,40.99101809947995
59226,54.06612617542832
37481,7.289851808170592
81168,80.06029540716455
32517,79.2667884085484
88508,55.91940776310146
6333,51.20550190468239
61762,64.067122987559
36420,26.48940185131155
27330,63.965101472657054
100274,58.26195880573532
97211,66.89206025666144
98092,48.330501358402515
2832,60.61774512760316
23094,75.76925024077335
55408,60.60731646129662
84236,89.28757594405458
23678,34.50263245870071
102075,31.63195418696244
61664,18.293377123383166
93420,56.430624449874244
10839,40.68052245774666
80195,63.4296859687399
94294,70.21959629113158
24207,41.43820663458117
74597,43.62995435198539
44140,75.13524745940953
92835,29.195359024232587
65828,69.96701730849557
9745,49.08238036508228
89459,53.40846019543167
101624,69.15885441063872
46263,40.08680933757882
42658,39.13100969471012
19936,36.97614523017412
15927,64.56598995665874
82056,36.78442495389626
100360,72.95841398141235
20871,67.15782494983117
22501,28.56779093108185
20024,38.77816234859358
69267,43.478638759342815
1437,79.78459523839535
78793,33.47976185341986
80280,53.25647071332866
62611,41.653133113568785
40246,61.9628837360738
90949,79.29464018591788
53333,61.7369547141128
7622,70.88492966931855
61140,31.43156121077358
27480,63.839086085924606
25771,76.15538614701461
54526,52.78796663824629
14197,37.54659258651625
82613,50.286711447522805
49335,74.97612383367391
41998,67.74799969904657
53209,30.302001553959784
14519,64.44745324910421
70093,34.41398087946144
80658,74.0133882376897
93784,44.65864735438788
93049,21.780404282807254
94353,46.466824811815144
97184,39.29751207872487
25146,30.801385696205543
14169,56.9766386570861
44839,66.52279785625493
45884,75.34860971932814
86725,36.012477000869346
85697,52.912791748683375
24234,69.26829622368169
59577,57.949829188051865
68212,67.59217533916816
30788,59.09885678310634
93994,71.35254035294778
94536,63.78322675354033
66155,30.441748836614483
40431,64.48839578436578
35307,74.88051610856715
19224,70.65465628706043
19052,51.45760994198382
50865,72.94792242157769
75906,59.84255751929327
6097,82.2851454266729
37429,69.6294108053585
85114,31.459019744130654
29613,76.88342287502473
75051,56.837693469236115
7655,72.17895723400338
15053,80.02660931324215
75180,32.43958618777972
89120,66.33842365211498
14771,52.37666171084551
71702,70.27548378450409
23877,29.471960813587586
89361,38.63683438337338
3915,49.24336483316357
10193,68.98765580472654
23107,53.45081197295639
445,79.26485032165243
71847,42.780547640875795
64160,70.60449419207998
47257,64.35150543279448
4599,36.844112993086796
28818,32.180549840899374
2683,38.72101886344572
59451,51.07530877783671
101133,43.64971667569248
57441,79.37083297294532
92413,38.82238658755541
31086,50.345357570996256
2509,54.27141163435699
9071,76.84153326382511
2301,76.73030406015349
5012,46.54071504491439
74636,58.49002598337111
1005,69.25064878617158
84476,67.59149011307217
78521,33.31226039403815
73505,26.311340475576447
53816,45.9534603617942
40758,44.88555471588012
96525,71.2870048895278
1941,76.9813013443171
67521,72.486101323544
68756,25.654547024567748
23404,62.56713101990675
13255,65.51375063608849
59505,77.17776064307165
78469,44.30975887107811
54311,26.34194714384202
29027,36.47381613288946
60559,77.23561086152162
20836,63.55517359191631
28289,26.38448543867355
38787,68.29385827211661
84728,35.00336677319038
95569,59.4067378244467
53035,47.86517896927813
59736,59.00773243789971
65430,80.53706818825262
62391,61.65255052363348
18600,74.4642370376612
13591,69.33447990896785
101790,43.053526658904445
85575,83.7870320522475
99483,30.867845961845433
30522,64.12290794707829
23864,38.03694830154943
46792,34.445044191064405
99271,84.37533138942318
52891,31.268824212998954
69409,45.08138556118697
101188,47.07850088286134
24795,45.12074184148175
77111,75.23923739625238
18459,35.04538438926165
100661,78.62592160564229
15673,47.448192393235686
7304,70.76984023897316
17638,68.19600918931474
70421,74.78834003013054
85652,42.39736210199129
43650,59.93778202054911
96787,30.189711963139455
58126,70.658597828112
57061,63.783319861160734
88010,68.62028763511252
25693,70.05100319520315
13121,58.16537960226849
22422,44.487137549161524
78264,55.22811163938634
62731,66.27165786716631
87153,31.98254526347419
49843,67.61138803329419
20657,34.53590412564806
85081,48.097054272674896
41373,59.58131936591009
21652,62.99807092977005
46101,50.799323769056144
29816,58.10691199785774
94369,31.118345282969873
79732,75.84869566976022
62084,18.841828841647292
75340,31.790171276939205
7735,58.4376888625806
52959,36.87431896249029
77744,34.20594255673355
64133,49.364077740859365
51003,79.5927387488353
42407,62.75709267994691
72410,60.35207454883284
37154,18.289155974617024
136,40.54483051793464
29826,38.415900574783834
57347,65.70877160049375
54757,63.33290176280275
14256,55.06638369970407
36909,83.62115948641059
87965,32.453805324927465
72534,68.141458031697
22784,49.602524311420424
73763,71.63726164664041
57087,57.23106263093058
71395,32.93425668091852
75358,73.41623531685418
71363,30.229129407440844
64982,35.88008263425682
12028,68.52439900969972
21998,91.31240168745865
43017,73.08740872077814
80731,69.14705847787891
40828,19.397472465482657
39252,50.492106427985696
63427,63.62478952733585
4578,70.08835616422371
31563,68.23016237291591
7568,28.199637199961458
98924,39.34030654327163
54766,37.83363064737721
31533,37.48439151852927
88689,67.78477634436258
51072,44.69156002187144
57454,33.527531076182996
75714,67.16789649239512
69184,71.36847236208484
66302,78.35085280050791
65136,49.261517945739996
56580,53.36179546603205
76109,64.21132607113618
19551,35.39936974444058
19635,63.05804661969451
45148,37.02327457107997
26197,59.577246751774666
80012,72.08777743006937
92887,56.778437385302304
21407,33.81978527963224
35022,55.90888296231623
22181,74.25070645280528
87779,37.774144232103055
7644,94.38042061715988
79725,77.32996143023706
20383,63.05357714926552
39263,45.695026062497945
82430,46.919989271038304
5604,27.587284083337746
22477,71.96331078240729
28029,71.02769910178588
55921,69.69124854179722
50133,46.645050635545694
96886,68.60905288816582
11717,30.173926515213733
14287,67.05178791009297
73958,46.354746606091766
77548,58.58531985486353
58611,53.94094797479708
5671,65.95593747592925
38626,74.26695589685862
26074,45.87775439969829
33696,35.9962321193999
76279,67.98645203290481
58224,63.00804856806187
25214,73.06033234843076
83889,42.39756327016487
72411,43.62249516078384
22916,70.96338030333041
3369,43.188994052030424
85004,35.23649294935485
4426,76.90057869443163
84118,65.49731038005088
47129,51.98039845942451
69752,37.15591788241391
62468,61.08989117255568
38304,42.73117011844612
67004,77.14415997043665
15833,25.811550091252293
54426,54.56814582328943
9861,69.9488109192454
4051,42.018381967915985
81283,64.89256025401679
101562,15.543173562683716
17474,74.5619572357664
18529,53.30089028389337
40173,29.063205001951196
77620,40.28862622276621
79158,75.37160002603915
68543,44.469356402484166
53527,72.15110410811823
80989,31.94400057744617
26335,53.32128066038992
87014,36.563850251174756
18205,43.645681215076536
79301,32.973527467763276
57297,72.09060477396994
94088,71.89288878892172
79391,69.21416386190887
90798,37.19478260611966
4706,64.67906802335652
86160,36.10517384764724
13106,43.81016827487133
101861,51.39208820382816
37126,60.67888196394814
25897,34.99214836086672
25494,44.60309845923033
68326,37.57314037171208
4377,79.45512017591321
81655,74.8540008942463
60952,70.66862605194096
78106,19.509720301236577
59885,63.66878044359058
29379,48.536811999344195
70780,78.88987442215426
10166,59.96045035713436
49975,50.25756593403049
27383,68.02093228772365
66521,68.45474642966117
15931,60.58632002103219
35597,65.819790958472
60120,36.28431476843803
49566,29.94182304142764
14182,70.18080119807902
19314,34.172527816100136
57428,48.11565401427518
37298,26.95708664850202
95886,33.52704047143685
30260,46.11771850536456
48460,15.292600982174768
50951,32.16070063348586
33647,39.24144290528331
98461,23.272648809375358
88950,22.990832889615838
97105,76.18608728189045
52864,60.03354326062429
12602,33.574121357086874
4472,44.894399385033985
35574,60.47574513027158
66135,37.03201975068502
25274,35.54882313942152
42536,45.24038174295167
80777,68.57970570372088
18226,56.0002559299307
71975,81.78385564950483
70507,51.84841261623601
68623,32.83073161467479
4623,74.10941560192894
15649,54.371479951095594
87404,35.373681454452154
101462,58.05617752879104
86370,42.8411105526022
95236,33.81540176964812
15501,50.66422219889526
14936,68.56897947199727
53860,78.93709940796904
19453,51.905189519491266
34588,34.895360036454456
51033,80.79717407953996
100591,36.58270276186947
35724,64.68503976176271
86617,55.57501395041248
10427,62.71576126653336
50925,50.07538174257111
46619,69.07146411261692
55943,4.345641276821205
2914,53.05781329100981
96286,56.89508818251578
14088,40.22598772682181
89599,40.987276175399984
68361,39.297119598168585
47442,70.32015111922485
94091,32.98059282027421
23686,59.30132438173447
46315,28.661216422143948
28274,66.74265243098138
84254,72.87250023537243
52210,64.8629359898541
79896,79.03388055726373
67249,57.87005083863379
62637,30.889027224126885
631,61.66063799814363
44351,80.00908032823126
79165,30.682810151601092
58502,82.25817563495579
65402,62.383756927779416
43214,71.93299599308864
23346,74.97849953128527
25774,30.311750631456647
7088,54.26151994923255
92378,77.34395011387977
33372,67.99975809325406
67392,53.69004221689755
15893,58.617699997790766
6331,41.015080126279656
16830,46.71095417300326
47512,38.94205478326844
20051,73.82182268656032
82228,33.65225131738364
523,32.60852954579091
70740,73.45092011964898
83993,32.16908160851032
10585,67.20121644348988
37609,38.240596611156434
64910,68.88324259189906
90236,32.52231585109606
34661,37.30316133429731
458,83.42220369234558
37074,34.395193516483275
95938,38.40389854746998
39965,38.253055322821986
12403,20.85079774692326
85481,67.60931361836742
2430,65.98422095083714
49198,70.08597992251785
70849,40.51422669700174
10835,26.096774672810284
22341,72.00712066818252
11683,38.50248706348527
39552,46.124151070205606
28027,40.099932714566876
17965,39.75163017721815
26842,35.93795925870771
54483,46.59806531635013
18954,29.26599472204966
36043,40.86580348445763
73245,54.27070452775257
23579,54.970789757252035
9489,31.086026156729496
80123,69.01711907762164
6095,50.87549302365456
22789,98.45330685593208
67230,60.952176626182336
11646,69.3515311972283
30704,39.07338503619212
86283,41.777753143810735
301,50.48166208061041
27036,63.17933107848163
75342,77.9113641971499
79343,68.62712170441657
61928,59.26002941425942
30720,68.50629577509577
61788,39.49196949393086
65335,79.87778776693469
8951,62.87466920295727
82632,57.3709287048479
16301,58.116382485921704
96732,78.10761135245122
94454,29.661227559991858
22821,34.6177249803183
86685,59.456890312845005
74727,57.76658184873361
89726,34.66896728883409
100323,43.752101821844136
65709,34.847518522334695
96010,53.63289198814546
95594,46.33513514677594
60922,44.791059822225925
84550,30.02022639255268
98060,64.43855333168742
97555,67.41560026361505
59579,57.51324272651739
29651,39.14783781282289
66397,23.694180476775244
32795,31.426290761191954
24822,61.962216107605755
68681,64.9009678925253
40347,86.83404812685454
63978,41.59872869964825
14058,67.33065770737711
71746,84.72761123781555
102450,73.63383554055065
77456,63.21415806488196
45953,59.45833007453224
50496,68.83584070518681
39359,35.82760906229678
50682,44.39631115836256
70579,38.72869114485055
102573,65.12231873694529
19986,55.16390881066464
31093,42.6319086789701
48253,65.42483178527763
73247,50.83867893118534
46003,63.97910442047396
22029,52.79628692813165
97160,52.703864698334414
84189,35.91254623271313
7497,67.45108750641461
37243,68.16570695520771
41653,63.394394768299435
50717,43.93950047907332
80595,53.218035681028226
34889,68.0010690610165
25250,31.92425231546098
62358,71.25944114648148
95081,48.53270786120516
26135,75.16901085107874
22800,78.96231408218668
48152,56.366968819613646
23089,36.33164167951799
43738,59.7668287740643
95141,38.22443423671036
33369,53.30572406477453
82693,61.06532515544299
51248,52.41160711809992
39272,68.27485018350674
35155,69.19557943366304
85483,29.424626467864663
76494,58.3062208505344
49689,34.690266727121404
10073,58.670046697996256
13702,50.298587249256286
38550,30.418321135383945
13021,41.839763088898714
42586,35.80598711502335
25042,37.17861834537254
2893,72.19763487032145
7864,37.7671548527378
30074,43.81488824339107
71685,54.09085825625963
29593,41.03733378284046
28142,41.57567783718257
62180,72.83412925154371
76752,63.494282935654745
101173,61.106308818589284
24770,66.75898662999941
11757,70.1132417772747
8289,75.62853122235327
98782,70.2867547267606
75966,54.88818016865474
74819,56.71389772101011
67534,72.54260598818603
5337,63.79978119119355
23023,47.11652898673943
56728,54.47454729802794
87154,62.58209380737905
51728,45.54796823125113
91617,65.99183234470777
97104,50.28351796057788
50111,84.5908576830675
64952,7.883329646074586
92754,42.014861274738685
1833,36.76539640385221
43500,43.85704876224944
41683,29.85834351143079
54060,38.730064709437386
16050,49.60550089958616
75882,79.17249926076659
87179,69.72248985468784
11242,74.47607784965393
90293,61.851333624643516
59185,73.67233817168344
28435,26.376879526387924
99898,34.657674861101775
63548,55.99553902045131
95644,62.18990213109518
50597,49.03408476835854
46350,21.583419235629
59656,41.019729453344596
65217,19.526203744812477
72197,22.753683854578902
7697,59.8623302917399
5067,72.88367833522832
63875,55.281110167285554
44918,24.879185248165637
51868,52.34419772566311
77593,57.52346375853527
5393,44.66226786448131
90362,93.73966534790584
33712,72.40209064023749
43634,35.99267625877533
20723,61.36887794035404
9418,43.565412333574514
93403,34.592551942911115
619,75.4946883357699
1963,60.10270790717734
88932,70.61067905069658
70233,64.84931774502589
94403,62.49286162039672
65236,71.92416468088723
82948,73.47387914947824
49849,51.878924491852864
37587,46.841718371493116
44441,48.53051433183575
19168,69.0493640266507
7256,52.77667848293154
35999,77.85309229551187
72618,49.83719259537594
20146,69.01425808979545
84325,46.15964599843401
47456,58.203444697880435
3099,39.379266588400576
51923,69.92200429955082
38364,62.02897657302988
10634,28.881881137021544
42157,66.77968011531358
396,71.3035086103734
96833,45.668312793147834
80246,38.63279409244357
13240,66.45759217759131
17501,76.98884178763004
45307,75.09164186358055
47439,48.58195664707955
11120,75.1458096751013
60671,66.34969302777961
88584,42.20491561447565
11096,71.84372350729979
24095,37.73399098152318
9775,66.6537365980598
12122,41.80604894889129
79497,61.409585737317144
60958,37.36101884086873
41960,67.84606241408113
32715,41.74980768344644
56639,25.794675364223256
87973,40.48491513412784
102417,70.29353485039749
78239,67.77107370855475
17961,35.88763633126551
51799,78.80158323252428
25074,36.25039243313971
52323,62.39929779502427
21481,35.232863622849116
59028,81.58512749554504
30466,56.78769153118313
62964,53.42789770469439
7935,58.66737054363006
84851,64.32625340507806
51217,57.64317509096358
28711,65.7636368394264
97478,74.86953744142298
66625,68.31368667490453
94083,74.63291421690293
95088,73.98973152062611
63138,33.64929117602551
99785,48.03098318559604
60727,43.6269588434913
100025,35.19218213365332
92884,29.949765927060334
34572,71.25927744549446
46807,52.349164608361804
21761,68.95875011020917
5819,53.900306422138705
100544,41.83712803666616
48384,75.07980497957072
84696,57.832489020853664
81195,38.95265869954776
27569,80.65121616974452
48454,51.11541076209155
87874,61.404520799173575
8202,28.33217720961771
54808,70.47723534827323
22727,42.75531161536463
54269,32.2122126208899
43688,45.71882649902445
8501,59.644956978002256
91700,68.39421631056429
57075,37.10348939776162
4459,58.88847918858581
81873,43.98820918742864
60592,44.082102868337074
43107,38.609573663725214
70011,75.04379289359804
82276,39.57094043898715
74438,42.06770348449578
20193,29.686168346488113
50604,35.88998755769512
77436,44.945967570894915
101096,24.71466772835843
19991,84.01957428880407
88927,42.813239442594046
76881,88.23016949100679
76794,32.153813203633405
67466,58.75669536557349
95640,30.981754753905463
15363,36.331940336510144
1969,72.48588058090695
26981,32.11656825015043
51508,76.69627663636443
25403,59.20121750891511
48998,51.56114308649008
70290,45.15809945435497
76638,65.13235084562076
85391,30.114363206608928
85306,78.66187833879417
58141,64.16687847216018
90139,65.27382708773214
47543,63.90632435944447
51395,33.17594831888856
21287,74.84438083623868
27553,38.008515413942284
60889,72.90467603759629
91189,23.763523835049615
76641,36.17150226210572
18042,73.06085179843728
35810,37.28870679610401
76730,41.53045748995523
4732,32.903141236866524
19294,71.70873320109823
31868,67.71360792554401
17936,64.0633336863841
21569,29.486500901646966
10227,39.65456266913451
23390,58.373396351681166
1541,38.60764860131717
21618,53.45687676679924
57125,54.22593987800333
96003,69.77008452558854
19769,35.565916731184984
44852,48.27980272615147
94969,31.237163948061937
24684,65.32565915100838
774,62.21313353396215
51980,33.70430263019318
85952,64.14028291464513
60508,58.23133327005878
91960,27.456600607553284
32233,44.26266063727729
63107,40.108363999525324
8517,43.842691736250146
10905,59.37518328917379
86919,73.64678405806
17976,40.551728085399276
14878,33.08981040177904
52903,63.874763395789515
7789,68.54727107574632
72440,19.788175220880248
26230,63.492747811162594
67105,61.110544501846604
79235,74.33364504362304
5669,44.7659206360094
85445,71.50080156440582
28329,79.98333334242713
34870,67.40104177554178
1001,62.596260202808764
76342,57.17076751896159
72722,73.84607074958879
23570,41.46837725110974
84140,75.76655094732615
98340,62.07015014937015
43709,48.65612547828495
856,54.39609145485703
43707,69.51044075868141
33806,45.80740735247342
82529,39.47268996151694
55040,71.2403759899629
49652,53.54375993939689
329,71.05763477699175
61849,29.10941643746096
58433,78.40311149328392
58684,73.81216084125327
39801,54.387900542449856
62310,33.55052407197867
55573,39.40346557305127
93681,29.504128972408243
45116,48.431469697550284
64839,37.303773915438725
34498,55.73765344934391
54795,31.2808239425383
15097,44.694955656686346
1349,55.695300587975694
36681,40.20110231283023
52844,71.52303210719938
93788,92.6936401638115
22056,27.232696048760246
37546,41.40584603316854
54687,54.91488976679942
72027,50.27790330319158
17947,77.11274234395981
54665,69.33764154809947
101021,71.074143025249
1696,41.43910218363708
28024,40.9216015829345
25545,37.45117315498262
96034,37.31162456363741
31469,43.37894640907385
88976,74.72510839868784
46377,27.9708946140832
63505,37.51046134456856
56435,40.178451008439225
81754,79.45307559999696
100332,71.3649526688312
86589,80.81392898723144
62639,57.087006930690734
66087,62.09389321255045
52629,72.19071549642769
23646,63.359195346416016
10236,11.098469581990845
15652,37.714188349121876
70484,76.89811656767581
8819,39.737700997434196
14134,86.96839764679979
9566,44.6122377736479
64498,46.2390632964881
62154,43.46578420434319
29079,67.07103255804542
82537,65.79453083176335
66590,45.05942780036659
91883,59.77610258165768
70383,39.76560868548266
102196,30.383533852372537
88152,75.07262858103726
95762,73.92299583556
71983,31.285785071891407
27329,35.11263181528783
13707,38.123301188505835
72762,75.40458360124113
90004,37.011347104976
28712,72.05011073887655
41846,62.35537348562813
75863,43.14989002215952
60081,47.166475024517766
78070,78.95105626284666
97929,63.095701480172174
88058,54.72368173236377
71888,31.08569012000377
35124,65.57327664253367
71946,62.895638733571374
18930,47.03187474909857
22061,73.85665672280956
22192,44.06636293101666
53612,43.19469142100412
67669,67.2056534641041
68172,54.68086316323674
90948,49.386005649280804
78523,82.31221426870025
94767,98.91740045722867
93841,74.1691877634938
45931,43.845983329652306
99336,42.38701401676226
25509,51.523055643661664
54548,39.90865117716407
16896,26.615526179915225
51798,47.93910438227158
20243,76.70407594279271
83557,67.56594167516853
33352,58.8689491899225
97247,71.86915757144241
21075,86.17709956048881
26637,58.429459286726846
44642,57.167304417507296
31376,47.38428533045795
76069,18.885120283760386
73184,51.332914732985735
3984,32.704619645394274
72094,66.39227144600179
9646,36.17143285680356
8530,56.06357054769643
59836,10.183586423858841
87100,47.56464002715127
35463,81.59162265584253
39418,71.50306702499283
3079,43.506781147950015
5981,59.75559099691474
33545,49.656370401791904
62050,67.63141347899665
51277,30.398352411279912
102101,67.50087145914006
31906,51.41740603280054
14680,62.71160758396597
85755,31.361682174249758
24960,70.48150585911803
85144,81.53606430675949
97214,57.05338469169614
100039,73.07009926340353
102254,55.82622622745458
21263,35.04718108798053
72586,60.22464086092292
76627,74.23492979412455
45207,57.057009226863386
33081,40.48580972497675
2155,72.97902182691604
97003,23.711378761818906
19744,39.58666266741707
57462,34.936537441327935
90258,73.89429768964982
25298,42.468967692230365
40459,31.74177839495864
77987,48.894349183082845
33533,59.52504012136242
94174,43.939485630274305
45306,68.92748068080087
42816,69.9692509646959
81692,71.87874119517167
91654,64.35169102171709
17450,71.69615061923984
51990,77.0208037693898
37924,43.447493886429655
56478,56.46422691982109
29689,76.09345343819987
3722,32.276696327256275
73126,48.340435209442504
69501,35.40835881624852
77334,71.96202682568486
82759,41.95314693192577
63063,63.41871430867998
89582,50.824646193553136
92448,58.982443514890576
44817,32.7112966648823
92414,78.42702035106724
68247,62.73287206389713
60052,47.977437155919205
99890,74.09907436333681
58298,46.5713584268393
44456,54.64774317681842
18879,55.67428724468884
78006,52.732006110094346
33227,61.71487655123235
57944,46.19527963810489
68580,66.0186020531588
32524,37.774006898578435
20040,80.42906807240962
99435,24.288408748104153
41929,36.706583662525084
63121,50.84132295006725
18772,53.818899016103856
84390,62.08756963268071
50516,34.46974415828732
93793,69.40964447602445
48250,28.6771212958596
97498,58.06458813299097
100135,81.1821558703436
97431,79.99150850961513
71187,48.072177318191684
52497,47.2501028249966
25773,70.1585742328069
91143,77.58729802025752
6016,72.88195781193427
28163,41.72903184872496
63450,61.69573261039951
33163,66.94227970422476
12563,91.83365296353774
98275,70.61967680862514
37394,59.46636864846362
46050,40.255143086292335
52620,46.125168329815764
41076,71.41298251925758
56101,75.76338788192444
54244,78.67159580723614
48225,77.45415011602262
16437,78.35356421699018
78296,23.65260884667247
87440,67.07694287395049
98174,75.83290693857509
68478,57.685495838993745
50707,22.753646885897876
70745,55.90228102001741
12963,46.35050334220776
59022,53.94773738132559
6800,43.351299832729666
41737,59.16856537813681
96367,42.15348579168018
46048,73.45672730099068
6229,48.07690274530795
27595,80.89106132492381
19578,71.89449878378389
23290,30.41631144946674
27159,49.34636412398833
74341,64.4879662820058
94992,75.54201720289069
52064,23.02722771385256
13503,53.55150359313489
25733,57.0567314133109
25453,32.48960286391785
38406,86.93656296043915
57697,34.67837846153274
70015,35.90978165238093
94766,30.857947282058856
82029,75.44190049826186
21313,59.11838224410634
62064,39.770869063661834
13122,58.46925352773189
96267,43.603784035102564
33497,72.68407270853801
6880,70.75862049426013
92916,41.81868429994615
54386,36.97534159562507
70514,64.49069108947083
99990,37.737586380312436
22926,55.191317040857854
86908,55.0973079886931
4443,82.42526171346472
40020,63.16193390848583
41844,34.08279619041659
35340,70.10071377355465
67743,43.08944590982519
78492,39.08425986389736
84666,56.95713697232196
98140,38.89981393528143
11404,42.369984649973475
7821,74.1918563840909
97527,58.175643448045456
88454,59.51848744507556
82979,22.310993481373664
98792,80.71523726917823
92925,55.26085280792033
71506,56.0563039818112
45588,45.81651485092405
54743,51.14283949837706
24276,58.85803906302996
14328,68.0249250805255
21323,41.54274653463012
16616,45.270236345702315
70720,72.07528361278925
52021,59.75227700341995
22445,57.03574651698991
56199,82.09530413696466
71497,36.54395482025005
87037,62.91016622319819
17468,50.592368754056864
7043,72.25854233026044
62807,31.988865670992592
71287,75.98119697735751
59590,70.43516397270585
85778,64.79370657222339
14456,67.52595189140811
102578,30.225741817522923
43668,50.38446619466335
21040,34.1326580674735
50939,50.06702238381162
5455,66.3360767421342
63902,75.84240686592588
88256,44.02527553536136
61859,42.970463882280235
83456,35.440020618810365
32834,41.4919747720746
84552,72.4184998734183
50272,46.86752596277822
52513,50.414893639589316
71483,62.377282506262716
45422,47.03318794661353
44182,63.109756689401245
11497,54.10168812268481
5936,40.5638931594899
90443,39.63824056712065
64500,69.53377351145586
96361,72.7873156378889
72733,78.7705054782625
12933,61.050338695432316
86741,53.59216347644266
78209,38.14726851550193
406,29.501007921613773
73875,38.05581756914339
74015,25.724269653721315
7681,33.988817618539855
15513,63.067658873687776
92175,15.112326661497
74620,40.32409050421519
65106,61.78876269912717
59729,39.05661879896389
74898,30.019920351213283
56727,23.52317740975948
32595,75.40603868931467
65530,50.4244060247215
38526,50.86324484943404
66519,74.5084802519114
7712,22.10907466339185
53845,86.3027821611679
61906,54.24650244771864
16513,49.071558641094356
97206,44.11379769441809
98351,33.424570690817426
80999,35.1835124300046
76386,40.326634619996696
53881,61.17391279699359
96994,47.4745348728846
79872,82.20032306274831
42459,37.38744218127384
88333,40.773833096461786
44291,31.521356012474715
48990,64.11024533573483
39785,43.94204747621767
69055,61.006840241488106
61280,64.20821302334392
72626,44.88491332385857
65486,33.092397333004186
64763,62.60227515007193
50049,59.35171025642411
28570,28.758183530418616
17102,64.69114397907353
32223,32.99524698871582
90342,53.646600896271735
86058,39.22263396859007
101820,71.65368872200713
75996,40.17114008103931
78645,69.26481521918211
43439,63.20964728431045
65758,37.073481046422515
76700,74.20772018758367
43277,64.4887081053312
69384,55.924529617453025
87641,54.554883585862456
39862,48.57893187852938
46519,63.34814676467384
27436,38.08788126372606
50292,29.08642826557861
73951,31.706827970220054
96978,66.02974298360986
46208,42.738138866310365
12615,30.578001099323146
10524,60.940039119221915
43125,42.484901797506616
33738,54.28601913741612
96668,69.22593553554466
16108,57.61348389486376
10847,63.37906731536128
78046,42.474731448263
59120,33.00236292443396
81696,72.76387349086176
62466,33.46845276698162
5780,38.44265562095417
39868,82.8670276272763
72304,45.61132609304056
31233,46.93093748110667
13391,47.80475973918575
59564,28.99675474859242
4036,18.30962373143604
12400,66.31401558376574
12823,35.850243360925916
18666,27.330267490953112
45983,32.49514178965922
29189,73.75926805243506
40457,47.90875987877167
31908,40.78764819238548
84862,45.77185701907891
27791,38.12920325831692
83099,36.5412054512487
51528,49.42507861412746
17023,41.50109066031057
52344,54.236971054578945
4395,46.97433894602097
90697,74.78949607700426
58242,69.58307697199811
20295,63.388866164499206
12748,43.80532841002191
15913,61.16305335811554
8036,67.88089794079912
26209,63.33550405543846
4081,63.40363938286275
89732,37.78258085948687
45553,31.150711147322117
91591,72.11995891541012
55773,28.31529474585675
66309,68.77524967716076
63200,38.11103098956271
49127,21.888601601004563
26413,36.36761362511837
73295,69.3083104655691
102682,80.31420864081781
92340,38.54103351628245
58087,72.64019143036506
98161,32.002008705834385
8519,67.59434467278857
74563,70.70446395844573
75898,58.27426946012576
58111,42.240211355932985
99516,36.776091634155655
46396,84.42650297997125
68917,33.71576606695041
43655,42.12903445099084
87859,39.99837039015965
77393,37.619968335999744
3976,58.13615227205345
73810,15.969468937570376
57586,69.16296240478783
96766,77.20318575917167
29971,31.770579273471842
3044,83.20030615057966
35127,54.44514169315242
40815,66.27278320227907
59908,26.18982217291105
37476,27.06543761419987
19827,55.463152613131854
46510,97.23233724510895
34778,37.215319084884314
50343,81.91711662421216
17441,62.83931487482617
100089,77.10938831652719
101026,77.88272915272174
84633,75.48467195174335
52546,34.368730719405896
91308,51.92297041431327
18916,71.60524112975568
93476,30.02073958223491
86941,25.727162083503117
41093,40.204906823634275
2151,13.734164640746275
20969,62.37784372917215
93501,71.05048971876582
60766,54.76924621602511
98207,69.67490362622104
60492,81.00693248960064
21782,41.84095694710432
50310,24.050333138714517
91722,76.1829548956196
67481,61.4310020855623
33144,53.54543381650221
76764,47.347152355610476
58743,57.450701822319374
26587,33.22659032144022
19339,66.9809916690525
9385,67.91976418712801
83052,73.39028355710968
97541,75.31559863785077
56953,25.43427876168662
39345,72.46047358596323
74429,67.3803380049709
37431,38.315961573731215
23204,70.54128926344083
92010,43.42600208039518
62013,37.09238784038107
59862,51.54102344863202
44279,38.4177881918036
49576,38.953537887715676
65852,44.60269362876032
85119,31.690477500190198
12196,72.50955684254723
26910,74.28343003707546
89341,29.87803119645007
44101,32.63639679314791
7566,30.336958141927827
2115,68.02278946201034
54118,49.26387226462366
90823,74.40598424402674
8925,28.135887079019284
89407,75.55577184642692
16233,60.56494926567947
101479,29.667700843069262
81607,60.031523013512164
97537,74.34400307629645
4745,34.14066665658555
9604,35.551715922681474
51318,61.80314390285855
100045,55.39420349180182
76405,36.43567981934988
59020,80.05624140588384
21062,44.72553112380089
16251,49.160054911622886
55511,59.059122784835445
40622,28.927008660123555
28347,33.7995866544822
65440,33.42016263982883
21375,28.69439847650986
61747,62.82515188542011
88065,60.69652286492477
6087,49.06578215609183
100839,74.02825231339509
82482,68.42475217098894
23073,42.2822882531157
80914,32.47380084367589
2624,14.404270686286893
69332,55.74483856537378
5952,60.751628399447426
86084,52.70831162805615
21573,41.810511383560986
9780,38.03575480537431
16106,42.345350778461125
3743,43.239892266696444
79380,69.06959291410602
33473,35.80730079235742
53292,37.41228926017757
14689,66.74004815805958
30345,28.991552138688913
98496,28.087379664520327
54769,50.98975131543007
19087,68.62845700361791
26621,39.878684477619394
90123,63.544506506770496
77367,60.30853288896479
88794,81.50373398772177
29983,53.97044773797434
90353,49.8937136036992
65673,15.913318971178956
21391,59.478408348636506
77780,43.038689261742526
65846,51.39889806479943
35094,16.276604087003257
47942,43.22187812746211
90904,37.657728195293416
65224,29.701808963521653
88055,63.95911826327577
77166,74.41494610374663
3650,53.100569585077146
38860,44.12353779570842
86282,55.812372423931365
59997,48.11262248215537
29295,25.89857865250802
1737,60.897920002994155
25256,69.75622046541696
10268,37.2039168852778
2320,64.96082455480465
82643,57.34207352753842
91022,72.13124606078219
68228,71.5272989170145
7945,36.12795077852848
18664,66.28453360493464
53449,23.759383724507188
32133,56.92896974468458
55437,20.524434708217733
13247,39.712720204463906
54576,62.357590210864444
14814,82.61896350403791
89939,28.999273055769955
78594,71.31126951185419
100815,30.349958616728994
15984,65.95403956224004
334,29.33652590790902
90378,65.86072612066094
60646,29.39486642838144
24834,48.1186932441716
92809,68.50990370136009
57847,63.309919390891125
48215,43.45512234246671
1771,71.58467722096478
36167,40.952194629638896
75508,53.54116413960228
3187,50.78859583204678
61459,45.48086537770206
95739,55.5852806521731
19836,38.22230716425671
101609,51.25725587609305
2816,56.425252640532534
42576,31.80352807306603
57115,25.254267332776095
52506,41.119607039329196
88822,76.6294232503339
60376,66.77722999824749
80902,69.25350972385358
91817,25.582005812439704
80450,30.339827256702392
19506,41.7336731996751
50876,41.98897147569264
64588,54.578904655471035
102543,75.47570409722437
43980,69.21638017315351
66672,80.47908368002997
62851,32.65783608811412
69500,47.02962569840959
19546,41.84205394044521
42113,36.45200408281273
66803,69.78181315499272
7501,47.24714582217196
96478,42.0418574017472
94588,68.94376998742837
76646,43.16626883270616
23203,36.80143197606913
65171,85.89398049877062
45595,42.827922620995736
52259,45.94694605676423
91831,48.73975261642958
73056,54.2716777809504
97263,41.293902345662275
89196,25.52865176911278
54664,73.55608030673886
91778,43.821470062468556
21187,30.404978343965166
27886,69.68662421842585
6243,40.025954599549195
14432,57.70299894478862
89000,74.54192867991992
37877,79.1593523536313
46958,74.52528298599874
82598,76.05964419167434
61799,60.942425876051615
51882,64.88567367637447
3158,86.00838534867881
61408,37.783338509581625
81038,97.72995856576233
34974,14.14210532260013
64785,35.954465714073145
30390,70.22027165860433
39275,27.741863189728765
70104,42.34528882409872
18534,72.44247755907064
33642,40.14597270078299
68075,62.503182871875026
35107,33.348765891855265
3904,40.90424983689329
5628,12.689957951790188
25830,63.68954902473877
35514,41.22027058082199
37833,47.87921598330575
49412,79.77324111073801
39241,38.95139994284126
23599,78.26545623717556
3408,65.37881042568094
43804,44.27676517752512
50417,37.08789795641194
4080,38.66817666494358
39255,38.018066148647364
62804,71.83181779313823
78877,28.47516237874214
83190,44.82211997512424
63752,51.72315484212481
32826,41.85029122467125
76774,34.17815209767476
99886,46.10000114181214
26970,56.513150695342034
44033,83.21538076485754
41026,34.86513328568601
27018,33.38859045309153
56538,33.60519768415902
9965,48.05036148979856
51344,42.434999670779774
98873,69.25450648460483
90291,69.32567725791053
55402,59.57615801007363
19726,65.36911766851162
63804,38.01797852567777
36583,54.353919152377436
53359,44.58773484676686
92817,43.64481153192131
23841,42.85586139099262
17311,11.00061350470267
32796,75.55224255730683
33650,27.69416556635548
75806,31.26576495737706
13709,65.38255210859259
9523,37.8750876421217
4384,70.28324385404724
84631,25.596050681808357
30840,33.35815139687067
94163,27.901386916861068
41792,62.12303988043124
102525,40.90522328622542
64843,70.85458785253357
69540,36.97378283609414
100396,75.45321499056513
39630,44.517729419311095
76081,78.4814371982207
24259,66.49457496993304
19715,28.771142272157963
35692,28.44003675539067
66645,71.50053019613513
30441,74.30821961537515
27643,61.01682125216833
4082,40.13402795311643
84250,49.44799843652858
2069,70.03002054247702
46996,29.38979767031815
39129,26.89262834010082
65040,55.62569444975668
13329,33.28849128101609
55547,77.22846939575777
58733,45.75297454432486
50510,63.3175544551547
59118,75.63464206048118
30094,58.90737649329559
95948,41.221140874280735
95449,55.77012666179418
72595,66.42454080623018
52985,43.798129040052835
95955,53.86966945008946
23197,38.823450964435004
34628,46.46320454509631
92417,31.889790969746326
56488,29.998473282799743
5348,31.37550305316818
63081,62.91685885395215
7709,37.04013867407977
37430,78.78881740419443
19429,40.56733780489083
28399,71.37475314162862
56309,29.345685087843712
46690,79.26780649369991
21776,39.478467453821324
87451,58.02249752789009
68877,67.95539029693525
81201,37.09566423835477
33916,46.880561880456646
63460,21.398102109148397
44897,32.72686171490956
66595,29.9977171487318
84368,64.33830663426835
16868,55.36826446088789
94155,67.12279286138181
57776,61.15743129866305
64552,47.445075608373564
36765,62.11723822465379
88963,75.3493363638468
90543,60.74458267404567
25220,76.65276839904753
70138,50.16930541325081
96725,70.18826438496959
26472,71.41945223843615
4052,72.5393676015267
81346,35.53655085162892
7641,49.482528019093195
22010,29.225494273751295
67821,77.22391186037328
20211,61.79002673810551
67747,64.43068911499427
81599,45.5042325634457
33713,35.47180374348744
73498,38.02834008625517
101283,13.60377766789405
1376,67.71908663239546
38731,46.72826380304555
31666,17.345095683117545
56723,81.03183956660924
95858,30.935539229366658
11547,75.03527912266385
19282,45.24353628459349
9043,85.97275323265922
11588,70.53776966264277
58039,27.384784646591417
61258,38.29550489260018
35637,43.86269989148089
73541,38.98263704366647
2150,38.44805784628883
54037,61.65774052345973
76498,34.65621103197392
57824,67.87509729871144
69867,27.93767050401307
101410,70.29126255782054
53777,54.989921835926324
99492,25.90804268184597
70157,55.58588589121001
74104,32.06769879398289
20629,39.917021122443124
36696,69.578220205047
85840,69.7642706939653
31476,39.215046852547204
24402,58.76697667130336
11276,32.61671044688843
58794,38.75941370039504
23181,40.011329751962286
81857,58.94227326392079
83649,36.86996264857755
102357,58.972937277699955
5385,81.3957357648084
65163,37.15888031536184
4637,69.93894432696959
95050,34.790432079368166
16879,60.528270031018835
47593,26.62925538938945
83605,23.741974214252195
51004,40.152607309995915
23430,37.05065796832865
10118,77.02352070511913
27439,58.58717211902557
3885,30.108871199347604
77100,30.853699893481664
54571,38.725049436267966
22508,44.8727101046247
77103,74.85566482678234
9029,74.44997378646674
32577,34.78757264886652
65787,75.6051226178208
94690,40.79126412316944
33066,23.128470581988985
25239,52.06278886185436
75807,63.33359661777638
79751,63.21676949234113
73848,72.35599090658783
47394,55.4776879887444
102468,48.38966673580634
4026,33.087781505330774
97475,63.09623956906569
98688,50.465277483990725
68565,81.6971877746925
71626,45.93262600414996
28657,10.046452373344607
26427,10.301126835006613
74124,71.93977018732872
35714,62.497216509164346
34107,45.48256312012533
79727,65.58194570734626
85346,36.72167012525072
98007,70.1614779692157
102574,34.768931303932405
24880,29.778993206407716
9490,78.14873719015951
72870,17.422261951286746
93118,82.78151394373009
64613,37.727611005639616
65802,38.17849468208163
29272,31.905067014994064
2877,83.66010172944644
87818,38.90822015795656
378,30.010841427316414
86754,53.595908811054045
56319,41.46205325975597
69521,25.363758989260592
43621,30.260309675803427
93881,52.674407424956556
48284,80.89558337900009
49059,23.15590006342596
19333,50.42631326585149
70025,55.910391310899044
16566,64.6206633251195
70923,73.36988458249371
45574,70.04884631825308
58003,41.6581895761186
86179,27.7577037236608
83218,72.37997819242797
59559,72.03113690880471
51263,69.58036367599817
100108,23.898991035618916
93262,80.78126170386409
2440,58.22997205685809
42756,51.23155346009307
70822,40.910467712100406
93754,75.10261564823077
58725,70.71715449937821
27546,44.902919964967616
93809,66.371851764824
28051,60.96327242627072
55122,70.71581332151584
42776,72.87089137169127
10240,47.55484135745817
95601,49.080572227258294
31485,45.26302495241234
59754,65.73361096403367
99209,35.48252393656557
24349,32.49849244828178
9978,47.628780706664415
78187,34.908825494155536
92097,80.29879522937978
34542,32.31418185611578
25521,30.388564471633266
61003,48.74835399536935
102191,53.861336746305525
24542,63.11064933003354
92699,49.032793254927945
74710,57.840097734759325
83197,82.18932337260438
65477,66.1729581399822
77187,26.300073481049104
47090,77.78302102543822
39383,39.673261674650405
84997,80.89616176006199
101346,75.09065373075458
69930,82.03737783773262
41006,88.26622822648623
53230,36.70542641433922
33188,78.47291657136176
75158,37.910933034204795
14928,28.84587921064746
66500,56.49748662979766
46907,40.46300365354919
37949,38.18980860582104
22822,30.713900710993848
19709,44.467651797878354
38142,33.80073833728568
1230,42.156459174638805
5210,30.181910111964523
48769,58.99968535104087
101427,32.172757107393785
82591,42.71490349908056
53937,84.62622681197914
97838,71.7551033426661
85163,55.44465043145918
5212,60.37016592375656
22743,71.41915151968087
91290,63.79804500802878
32668,61.46201995446517
58018,25.784808170892035
97545,79.15704171670902
100532,40.51471548257428
78537,83.45422787212328
36068,23.439314066860202
74934,22.131574773892027
1664,19.16173136868383
26759,57.11700422829294
99857,81.20629862389093
81269,39.88323964261947
19468,26.203080399074167
27768,35.86696351765536
10198,34.14405469587179
25558,46.341116744138695
2003,33.4419733540839
67702,37.06564995625589
84860,40.52090196943036
53377,34.55884555094985
98361,69.51070942267995
81730,48.64580290611599
50294,30.46802265847964
19268,75.74578184254331
19552,39.349656656697526
92030,47.09557101849831
67222,48.449432224511476
102422,72.19804411886668
81260,32.722289285625145
2674,65.19999927104972
101265,63.94757815245724
980,69.59364491594897
92478,42.33949888521737
62916,43.72834376347184
49101,25.721609728887394
54212,58.33096650386224
43685,36.555125376607165
93700,37.26571827718371
20155,75.29472846534125
39557,69.47615433310423
100180,70.68541371709426
12493,37.10634266276429
11228,40.20649393097332
26339,69.46278537220698
101085,68.49784965441853
14071,67.304901470006
91918,19.39190724445539
12341,61.1834757844032
34167,56.506033095571624
59831,29.20628382730219
23503,35.07484359747267
21426,78.56067615457468
7963,42.073814832331585
63722,52.85490267925027
37110,55.46926805009444
42982,49.699125472070136
85395,65.20137637084312
67737,33.65015511637617
48594,27.01316607809718
33617,30.78836060309272
90971,36.45242158018009
58815,59.25843599110248
85831,40.60292551692302
34952,63.139899818643784
52211,26.60787983059674
98210,65.5237065760382
83602,31.79194218691101
694,36.83966626257119
80596,29.679985072893672
24102,83.57154388589245
74747,55.03816041568203
56890,77.98660317258904
76046,37.57729126415304
42885,50.61315639495059
32643,22.903598380041707
14830,20.801605263006266
38213,51.76803194748332
74532,56.67457695807653
1416,70.9482964754097
31688,70.39057069751088
99517,71.38841913930737
4055,39.72710362023832
29140,63.29331092105672
35296,46.38910057068742
49795,50.15531430070041
41656,21.77627616515572
19123,38.16247522077052
88417,67.2742374564727
78395,65.20772583650322
66113,86.28421809163942
17499,64.51150821490829
70863,79.44125648080444
21658,65.73790464574174
75817,63.59175778830715
85505,69.94084148433438
32082,35.599310990056665
57179,62.63548731477232
9424,78.51175444887693
21508,42.53914473914479
19489,28.75928787786454
66000,63.31586192088059
89470,50.904002243900855
30009,43.899194547613135
55574,71.52110490906787
25841,60.82964904243367
39496,84.74935182092705
75376,79.05982018283251
22511,69.40488511797095
31394,53.82679197361837
63269,80.88826180735364
64578,34.16782491476574
73705,29.726665681198078
16214,68.18567586367867
90685,30.124320881056402
10391,67.92775720412625
23120,31.784650871363123
81319,57.637355270535295
68413,81.27515559868525
84117,12.490078213673087
5361,79.72203907956735
75517,63.65663136557609
75174,50.824943416906066
8684,64.27314544257362
97662,56.984115633873564
96654,36.70365187151363
93907,43.422969068855366
23178,58.47785123809373
47298,28.76282537457609
90213,42.84508142722741
27835,64.6832237611961
20491,37.52473959785446
23152,57.657808740324974
63854,72.97977424820095
26892,45.536807491566144
68713,49.54236271334023
69647,45.683756075955515
30396,69.72836305801306
44628,64.59739670779341
43770,58.230860878418056
8138,30.79665117935701
24058,79.28210988118695
17093,43.23989586491149
2508,31.812789827243435
89952,66.4850820707486
84988,54.89358271813756
18105,69.06534291112457
28218,78.77130551380722
42041,50.68628925939117
2013,56.89312940175788
63723,33.25435308333943
34204,25.482487245277575
23897,49.73150206730012
23500,28.539819953020547
92848,53.91599328637471
43386,34.727572414111755
29985,46.41861324318602
15579,30.094935485992277
52139,67.27142316095794
18457,37.19260807456898
33874,71.90465715308373
18694,68.36391688161332
35834,62.970371348741146
48086,57.367983750251454
71914,64.47698236658702
64421,42.97084777837844
35633,66.45429933346789
23984,72.90845663631862
94149,31.693569258897348
62301,60.778757282449234
1330,66.44768039940922
51695,60.41965512589205
58971,80.3844856638679
17286,85.93657914688546
68645,30.318115193619732
37425,58.43836274375667
6190,80.99903235081962
73396,49.20214559921293
37972,38.066819419670665
12811,66.59822070697112
52022,28.28592379560147
102527,56.179240158010316
26863,62.34405128468232
71123,64.61462441975502
21286,47.018253734369694
26767,73.74108311420177
14170,62.73801911117577
2054,48.82606139860337
17003,66.31732229711425
92031,49.76807110215883
35381,43.09516057127258
86212,39.36024960184366
87538,34.25599606246427
40456,42.95671097601777
8667,14.590888237113713
53788,59.54868835238998
62269,30.62643000845177
18262,71.54875748072322
27805,54.49128190235159
72719,74.79493018088668
70492,68.4976704171761
67630,57.76569594656579
77486,54.40916384864426
47525,63.679481460961945
42573,33.64949605058923
87769,84.07068077653372
21309,42.61371599637337
36233,35.677376392382776
20147,67.15295803554963
59293,29.92662801104848
90925,38.421979279306974
42597,51.24352017758227
97812,36.90621185887926
56240,50.82559462908393
22517,41.80252688116159
79639,58.44637864051305
95659,46.77112888147969
78099,84.00700535426168
40496,42.909900717947416
73116,46.75456838991896
92581,80.90909460251731
45198,68.67725037623447
78217,34.82752252429849
66194,29.982868913919763
78254,45.56185273486437
42650,72.19344685858768
23831,23.785812655838278
41022,74.39196431506923
78292,29.992474073663704
66978,40.60489692261185
98952,70.452010765218
50362,38.085181194281105
19915,40.64343294216427
86903,70.86548621740062
16760,28.884367309538085
50995,77.38580365151822
73398,63.46574142943688
28850,18.905918707468444
98520,66.40218736698202
6271,63.76284649178072
87692,68.8731803122566
62007,82.39852042878773
89681,75.4357105756592
40177,65.95871970188867
3697,59.76664103081168
66802,42.71695626055778
64186,77.42352725057066
8696,76.84464452253864
30789,47.630664418839366
79972,40.960488159326566
79381,76.69739408321276
40435,50.30393728541941
20677,24.836965465797206
23061,35.500046646001174
20459,53.48089967220895
89969,58.6462202961479
7633,48.37315718309989
97415,37.38625705041545
93619,45.651601519453514
85679,46.061580749222315
82231,45.98603651728285
70307,26.78792099171585
99610,30.486062878888013
87506,46.41269430505605
32920,67.30731229758186
45095,37.09245707601613
24444,71.2661464247261
69874,48.71159585381132
30410,45.94674577550366
86757,58.860537263197614
83802,37.36337129609984
22227,65.7575850714674
28485,65.12677961829641
42695,50.158603666356676
38039,62.00505455258306
87637,62.450125996407515
71191,60.97911621561602
74603,68.42436584949145
61742,51.88200165131138
98231,72.01368068539696
87701,46.099052164114426
71389,57.893710520757395
92320,32.19292046939977
21885,58.70488001752578
16659,85.42663203403265
84094,57.622709783718
14626,39.53184576211049
36467,67.86516675969732
821,30.227565460062145
93498,80.7705106083054
81812,75.51948168603806
11523,74.10173696302436
87537,66.6085567162371
56074,30.534739459528197
166,52.7765308909848
4984,32.828648105053254
57062,55.58416194838025
71063,37.9608748875185
88891,45.469160631763756
91835,35.76477226715286
31838,9.971738995661237
89261,32.3186381920978
3383,73.55282202756123
1736,63.26953471224023
81435,47.030819676612694
98857,62.40435826399503
3652,45.75425724484646
37505,49.52948778633761
65932,74.57621705572734
92694,51.363802132321254
13422,13.977667740064554
4445,29.382086837730355
57757,51.14549871518302
70966,40.13270509764813
10794,57.62841605487098
42797,26.23634718563007
39747,30.54671359842023
33984,33.87324185830539
94750,37.809705730260184
33220,52.003300532099985
19151,31.343365739794013
99175,39.760432143315064
71143,50.98467523111782
30071,33.50729340280841
37384,43.773950962243475
84508,75.74652380811901
75230,71.4956203928277
39850,32.19383120314457
13897,72.97723256088143
60802,61.644180789298716
60016,42.13128042385969
93111,39.539846021109646
83357,64.03484948172436
47871,78.55156019513701
20178,46.836606169280266
96955,60.957844374586
11471,82.7702617230469
46511,69.97880729743547
84404,68.08313361483712
81258,78.96439115593051
77531,57.75069217041036
26538,36.68697805966584
2507,47.65385380497639
48923,70.54558066284056
62870,62.10589547366759
37957,47.06511615572697
14187,39.517259446848584
56040,67.12609441810298
82086,68.52531742375824
42532,41.26666154120337
21760,40.974226076108124
28425,34.38227870568824
71432,43.22415130917552
100819,20.125863622278693
85198,37.98592177557377
2640,39.838600285961704
81916,14.129643138653822
6282,24.614694789607796
89525,43.553179097035326
68990,33.39253569092497
36484,39.17039258740666
71161,87.08313280924376
55810,34.87064437564469
68767,26.478678666462727
17907,43.83892214418743
45534,68.32635735583754
24491,31.65216578810039
88528,61.552159313988994
95062,69.08887356342059
52567,76.82932235658245
66793,36.16848959644424
40536,37.071276698969044
97408,57.38573229081749
46133,30.92819872529302
52008,35.33024595759655
12775,62.58209678304958
5171,72.37224338476713
13582,45.279805699416904
11843,43.64552772595688
32974,64.02974962902172
38278,65.10155257920894
65868,70.05735190647826
84365,71.11173613857405
54646,20.544566547548126
10291,33.55760537434203
36855,32.50239231891526
89121,65.71045459485616
54349,77.17203213741999
27634,77.70204649055668
51190,40.43971335282223
12435,56.40857888627412
30106,63.95096876306419
62703,31.047538299631984
76802,64.66441943364488
68899,44.60403418848668
67355,65.18681385565208
49451,65.71780171362573
47358,19.001064459244056
78452,37.22868942048792
91449,64.08357516265447
59241,28.094190026252562
446,37.16594450625328
3164,21.914364283088904
10348,51.10739906615836
18039,52.39125581039801
99948,44.620653713204334
96083,40.702606508337055
27080,63.412596412829075
6529,46.035981439714526
59684,36.513039671429546
10355,64.75892436000062
73288,30.797452735226454
60799,36.4543984597308
54313,71.0301180767155
14943,60.970961701836856
373,44.56742826960449
2329,63.17103270414194
86425,60.88252798750244
64950,66.92464034226381
4243,45.505010777990584
1856,64.93301180027609
29370,55.093212265119135
24977,51.53071422225799
56984,78.3929753739278
70881,40.12501729866384
27585,38.144728400475266
69895,52.60156580182549
100729,22.143110167628347
33518,35.67181153151468
86542,36.312246006239285
73654,61.354349148125216
68397,31.10888913887975
86091,70.00251141467231
62573,34.010395771125545
19808,31.131912124722966
92288,57.243543843233496
83807,74.7094456854606
88875,46.81942608517427
41796,65.19943813671674
45190,46.70992176162443
88492,82.96089612978535
59733,25.394722431306597
98438,77.5081380670694
15130,77.77890575298693
88381,35.19652770946037
84165,36.64664039167715
20512,59.79795888454929
79228,81.3902450080721
27348,0.0
63853,31.430394228589964
64993,47.87625626431306
20711,31.352436526261453
79204,60.60289187599024
97057,37.47919847131132
17849,44.11539635285733
42687,57.3811382168325
93730,77.89393938265985
97028,71.69456352414606
72963,61.830931697840114
56835,31.71045609446654
25013,38.83172525318213
50761,58.02255553706925
46761,41.600210903147165
5265,39.05417116083176
35356,37.33161293852582
101990,38.85500173940478
44272,41.47474890514515
56038,60.49748971110306
93324,31.916810668669527
25972,49.02022909675405
52255,64.10321409263369
15954,70.43547517998417
53904,67.77175022954543
38723,68.88128816881799
78451,71.12781026950435
76973,56.64456970593812
73599,64.01981072514556
15567,21.503944800152095
41942,50.42501918375915
19010,74.69728433712007
21484,62.6172654303318
49858,79.12709826867922
76143,77.76398443101861
96079,44.31668470963636
18668,69.92805786764228
96655,42.50056271972251
99144,38.60784934255207
69227,68.35375156360126
79797,63.56913486716368
58093,60.27459704754904
69386,65.84916624002618
41340,79.05793261407217
8219,32.509557622340516
73560,92.98078584519536
84491,53.613777136699916
740,16.439998566239126
68635,51.60706921617391
44135,80.32798166876117
79601,64.85504965366759
75939,33.796779485440126
85040,49.775307943027464
29970,39.20622375136863
23564,76.15732212587508
101354,50.819493165790306
28573,60.783636466124655
83996,36.29835189101925
88017,45.466494978404555
26433,72.54120081166033
17594,50.790442087294245
32383,73.27699557287616
26917,45.77177797641602
75314,49.85386538640247
22101,53.28595986107965
24594,61.40196901199131
27244,64.23984897993955
63534,79.93927336759003
54325,33.20340986303149
71959,23.75945742945553
18735,23.16219236749778
56578,58.243240809382456
78302,33.59646317358527
45022,72.29190572790799
8931,32.26269248293697
66035,52.2299590210509
39653,25.24943272284574
57458,19.919617508990413
52630,72.39564094452882
67036,33.95284087044991
8449,68.95985487648261
8798,62.34641111525329
4816,49.42178684182369
73143,71.63458216331341
49017,45.06475791587357
34386,84.00438730405477
53082,38.7672604536604
64901,38.10209663844219
83998,41.234493275250685
60517,64.28634629066178
39843,27.514628443944538
52227,67.44412512301639
4568,53.84867626944762
95468,68.77205175898789
96407,45.94739574606469
38401,48.85906555204244
34929,80.32346868771046
49443,40.77540293374445
102424,44.48336297973855
3524,18.568058641129735
10448,36.76696096970802
61463,18.915208435127376
20833,44.638302092760796
17601,64.99283818033007
52422,41.1896332344083
58955,66.9574584904463
86255,54.033595061593914
79641,43.35041367588144
82782,53.58579572810779
27230,60.291586892453395
88684,26.26340397538107
60703,57.555093564468734
69947,68.04781971000929
37161,54.503941258796964
97624,38.91100451606007
53723,82.10053479841281
18346,31.379650459704283
5256,56.98793051187903
53499,62.4733051172049
21378,60.058699827153895
72351,44.83751912696316
14753,66.94468864286519
15389,37.598613694442584
4169,39.73418586300231
70560,77.87603539122244
48736,56.28548956142893
90896,41.746216026563395
6756,70.64389234525026
39841,80.48744906087255
21897,80.70918075094256
73574,33.59641755124633
13979,41.38681980354437
25244,78.56107624202329
57972,78.58322544818982
55802,84.30876916169805
52649,66.27691549459874
32435,82.62080439522347
64450,32.98483096399553
56957,30.72156971357669
93150,36.96975715470614
3015,73.91841452413871
79302,75.3008952553744
45697,54.88372777494375
69931,71.63597756271834
57201,31.315727679599952
27856,78.13942733169705
79400,48.51197791521926
61224,35.461728972944705
15644,79.3918628399104
8643,19.151982980133962
17052,68.62441378098163
50764,41.70344029690281
23890,40.79426327370952
20451,67.35828281132744
8657,76.68150943052632
96501,32.48136541882192
39554,31.020299969934054
81968,33.709860029159564
55037,70.29513792970619
92282,48.912440763857965
21838,27.314828899529118
94279,49.986008325371024
7610,35.2903289940841
42812,38.111634329292876
13622,73.14501801612344
52484,73.92637133404341
30525,39.166668634580994
28454,35.58281765950264
2073,42.903809624891885
84705,59.94662970599313
101083,41.14481600492988
68432,42.897332093266456
52130,80.73733119100095
40658,48.45930761031323
20585,6.028918104267149
88218,56.43912841462041
15065,78.20747362780429
935,77.74357546150264
48371,33.85937928915253
78031,48.809869152053594
87527,37.50062634994737
72399,61.0704479421316
878,27.826665652214736
83272,87.39391958457017
71015,55.251155270276556
69279,61.4557970619184
34819,41.79565578608927
48325,66.53356520526498
60261,36.13859097960773
67605,42.8962062391373
11183,39.4403549033472
96025,64.66086392800389
47807,78.67453412814032
38582,41.06067720629575
19272,57.935905308663585
58321,47.78969869246114
96408,69.89497266382551
4853,30.916515309160594
94790,71.19194729483421
55691,76.37696809485632
18699,65.38826295793511
63490,65.0235373809351
63551,82.28982245359452
58533,72.13091529196177
1948,65.21270270839827
38493,69.99293677851234
32870,56.2827320639131
79932,43.591559047929245
47684,44.859683152004706
59922,44.10714581240943
102005,39.33462645615545
37083,82.98414556068371
46618,53.69111932180921
56169,58.65863837948791
34315,20.32237390892312
97362,72.04736128046935
21492,34.664081903030926
90666,50.15562601064018
1357,27.275479258759663
45593,71.77556323834318
13560,87.49565805296899
52481,63.33932071385502
54459,38.57412981820773
44827,68.55505007946927
93323,66.47012959642645
94128,29.05283858666064
77867,56.02045726930325
61324,27.17962462791448
8883,67.3917827770619
40445,78.56780420138645
56812,32.60131570752739
51313,35.72148417510568
27183,59.99444443878552
16460,34.94821218169103
40047,69.6821382056036
48104,79.07785781906928
99217,82.9778285384132
50196,60.37130753092903
79618,44.694083727531336
38963,62.192179217001005
46364,35.033168686600604
43216,84.3767393833497
26358,40.416781456004976
96031,40.60682648291245
20529,78.95996339722134
72798,31.949456591961173
72520,80.78044410422605
39276,32.395073066617286
23368,44.992566351185914
11324,33.78050692875852
82038,39.806172790247345
100010,46.42508392015407
76690,87.45351001143052
77900,40.904095026746134
79482,73.9371777137933
64145,73.14138634344918
54819,31.551679371212984
27370,35.030765801884776
79489,44.1701243745278
68306,58.99217681138004
8795,48.6316659013605
98556,63.246961224706936
73087,73.80129084983757
9992,69.9750633286919
96368,31.828689321187056
70944,36.292877443653836
56819,33.83203078683167
84814,81.37618667720062
58701,77.89906192979699
7642,49.66241785470391
36187,58.51884394244787
12270,38.813474373946924
4953,75.01641884593221
20968,70.48708490105241
49726,60.72856409533633
7719,70.9815782067833
50900,76.31583542864084
6017,50.71516841444638
16539,30.8474241807159
44592,77.79981567381245
31821,50.846531052832745
100673,40.64032235836737
3590,77.17894634402674
96986,30.46749472165041
65252,73.6595936552875
100308,70.26590930107683
82200,52.64832719494105
63540,39.64829229470529
57509,57.88870371375158
19099,14.591046738508176
8880,60.355006100498684
23639,76.37614127833035
25305,45.18000969612018
65059,40.6314729325967
9462,64.66403270748174
83544,45.129050506299826
11721,54.52551302101433
29562,37.72719557974258
55409,61.70407873976462
16465,55.69166578650584
57357,38.98862167061847
102232,61.971330209682435
71076,37.94199058810965
61052,29.793011820988454
10030,38.25468851312459
56184,63.7393881606164
74634,48.16287793485919
92518,68.4768025287495
52044,84.98146292862833
36407,47.343706493902054
27331,24.800295399009435
36866,60.35938227865924
30358,17.85207232632122
62293,40.866416962460555
91751,38.024487218693366
28505,38.75132682995588
2007,44.829071292360915
15547,34.139898574548965
92530,53.346830865303716
65902,79.34920475634084
98876,35.56477639420014
95362,66.52050260326571
5777,84.27684392596584
7416,36.86437606301979
1310,78.91247539541868
84518,35.2284691683056
62900,35.18484639055053
95772,33.23759933631295
48714,62.89776283705134
31163,37.146245804828325
99547,80.4586243160515
11260,34.55918718394405
59403,53.9375290023301
72832,70.93860401583412
57504,54.256220737591406
72656,29.601616248442472
102257,86.17204237933569
21351,40.51178813253102
12281,71.24310360784611
39581,30.274624634123093
998,33.792722580885076
48572,46.321614960567615
70670,54.56147653339508
8933,79.00106407132455
82210,61.13778107389392
70521,75.01762709395015
44296,53.980147714491686
84564,69.48834102606942
4715,36.775459097321075
74798,70.46588757403282
37835,48.1570022467554
66469,30.03569534696804
66900,35.206298052749815
40307,31.014851197415872
74247,61.35305018714473
36506,29.707563500894278
191,81.00416071054374
79873,42.99998888739974
35678,75.51764260360757
74228,42.20956146430318
88338,33.78870133007704
39078,12.650133146642297
36133,32.46587324534569
93138,97.2232355516081
5,55.98799685282052
87065,25.61949745279737
91759,40.244592127600136
42307,76.1840444910863
38222,73.28806798590325
11374,79.66611644900826
92961,42.84104062802595
53465,37.385018971285014
93316,75.02659790218304
82084,36.90197535726573
70973,32.88925390316657
57110,52.490963644796864
63556,41.26562829098259
98928,75.09139356302603
88942,77.1470900942922
5138,34.0700962325389
41035,40.507245650494795
9005,49.44765477412971
96104,67.38758544687298
42492,46.20091211523567
70471,61.07247229397039
44520,75.02799075229788
32192,63.32642734441106
43782,32.28777603272043
96228,54.56545821362705
76208,34.99244345162015
101887,34.807544435555286
94794,64.9134123625468
65441,17.999043512048672
24744,76.95756568047692
35392,33.297276552030006
30394,31.198958496330846
81710,53.53119611370257
93732,82.82366601996405
51947,36.178829164743476
76857,72.6676944926586
78660,55.22117008736732
1943,68.89035874606651
19950,57.54492516287809
25082,46.68292058193579
52470,62.73406048924899
52041,74.33829961358892
38629,32.706773880386415
33754,44.33161455914055
80103,31.7817518560164
94169,31.829039437441633
13740,52.020688675259024
65146,45.80211152972098
23417,36.89119051484969
16438,59.35437148529201
27632,63.192847709506275
58203,60.03738011906457
48655,68.10341591099271
51934,81.32876171768065
37538,41.08397709950965
69092,33.672065927525345
41827,70.85009404602228
63575,82.13981730451255
6473,32.35295425380518
14450,82.18541111142741
44850,40.117079144261815
12321,74.42360647292267
95425,28.58972593156799
31707,38.445322444290966
89464,56.556148370975926
27372,67.43364324762649
90309,44.65743586769841
48186,76.15944315784202
62956,42.057550603298814
13742,74.20002423007143
46450,38.56946178876195
37150,73.77717100477958
44481,31.260754705943597
13840,65.24783998083345
3570,71.15631351008659
63842,23.806804410660007
66893,69.81562225202768
90183,66.61264693873977
6465,70.50410594500372
100619,37.087616098159174
43930,72.91362176152668
44325,57.775626296858675
77012,40.01956616021367
91810,69.60075744270328
81476,82.27221858058184
36843,44.49454873454749
44778,63.89560858183024
59795,41.13938530720019
34593,77.90767924313155
86226,38.89799787614978
48869,44.28172674530563
40105,78.01737989004799
26595,81.0357850490516
48185,83.27318572249762
48784,72.72809828256206
81229,43.24345477711948
27404,41.64777063796215
81698,34.59261871900522
102039,44.460229955854906
79105,37.14149244899296
71804,78.26690996606251
97339,79.75886215026401
18933,37.457989136262725
98003,39.70565609743314
6067,66.31713390952672
90956,28.563458189396197
91328,45.95065119080708
98328,91.78791207430227
49400,44.21096554606716
67462,78.70785558959821
28250,53.61562580158512
98911,49.76140780861504
65584,65.38428098126559
56267,79.32465810021209
19173,29.185263960652353
96453,57.87140272910558
52781,71.65856835628382
88376,25.62833168798548
89617,36.16622014207449
69603,72.72699218888768
19117,65.83884102856058
9068,47.201997439059824
19610,30.08431316100936
64713,60.76930303976332
100253,81.09088533832849
55854,42.6488779749017
88895,59.473871533846975
42086,25.592589640887866
53172,34.07509144428104
5827,72.73213003254534
102328,28.132497752823305
21501,66.43126367462824
96908,35.65114691541121
26253,32.910459361968655
1772,30.16050591856932
37131,18.673087941120706
14651,47.48352507667121
56505,36.93025695158882
71281,62.98522767852441
11239,35.495597982788375
49161,42.42679528464686
89942,71.68798249500713
20654,50.20602886813445
21264,54.81772139975078
90459,37.8832433954605
91618,75.30581460021688
33688,60.860073412615854
66907,27.6708726494289
46626,76.5966433733111
84559,37.2739705616722
81366,69.79700707532972
24432,73.55517357544389
94168,77.92828160787592
94253,55.715359675191195
83279,28.312331382710767
59673,82.94892171858922
38914,31.56006835589431
11130,40.01645600439011
66038,52.54641683448876
82820,30.150187801805725
67640,71.6237864437403
97118,93.57003935370399
80823,62.97584610254264
75973,30.798562625426527
33344,43.896291506596604
98668,44.771241218710585
99162,69.44069577319183
38811,28.196659064875817
55222,37.4501062079397
82612,46.36885574130835
10882,21.570164202876764
2185,60.11170951151466
6958,59.920278604040945
59517,34.961395713127416
99974,61.99578719531773
99080,64.71492709777246
42973,71.99811743623026
75993,55.54186703766941
14464,66.63531830417142
82485,63.23522715729875
56867,42.71202159449459
82928,15.495230671409992
78706,33.67577992970656
45026,56.723711366244856
88640,81.39870507301792
102229,58.29880928377415
28365,75.59948546296846
50778,59.157585131928215
58620,41.67393295004886
101363,40.611181090355366
92039,72.09869271976866
35469,69.70632918031009
59000,64.96163635897801
81933,50.88692277045846
31584,58.26583887777899
53039,74.00481176561742
21028,53.57301669830766
29018,43.4935213415101
76174,30.642110030865584
97928,25.00668964560748
51969,40.95202123779892
6968,53.39596155988802
95708,30.756679453033268
12852,36.88970612346225
20524,32.10929344375167
102627,55.090308574076076
73746,41.19065841305851
58260,49.43481608334676
43200,83.88831295581923
54016,71.65687951508474
68218,33.79385910451022
87717,41.499089983358694
33394,39.8023944530976
85476,75.90715247626781
42742,60.176118011281964
36751,24.71413013298129
92230,58.220157401304995
65988,16.3640526505455
64906,37.5736860421388
97191,26.10377969659448
97075,77.34631375342724
98283,35.84217127667086
80834,21.93554343767378
58496,37.0243347041299
19877,48.07181773659501
84907,62.72197439749505
98416,73.33238303031678
94208,40.37911025031801
33509,73.50697414154097
95548,41.93581258143503
54383,62.515065325066296
6648,71.66401219187097
30988,58.574958643202855
12112,65.63773667044583
12243,59.86042772153925
72735,73.00995552397626
76720,65.90931294564757
91898,42.48685331484204
21612,33.93976882639149
97873,28.194475463671708
42844,67.2410810308227
88864,71.07935495455484
46822,62.30816275142087
61924,76.74583994585096
94887,33.33133257668776
94179,57.133260017300884
68497,75.65816366019808
54437,58.301049577242395
10929,96.40346125340804
6919,38.75237981592712
1984,76.87464149121519
87282,41.634047001742154
47751,59.35069469849494
33201,59.62790261473127
93936,55.002627011406304
83076,43.589470629492055
94288,69.3985639929003
73584,66.75389392850462
52934,79.80254275911668
11232,61.10226167953226
59871,32.071880789563366
15759,53.681483877566684
61795,61.84336873639046
2131,69.94214464525001
32362,76.85488453962604
14023,58.70176278425697
65658,46.30696348446614
70440,36.38238120559906
15715,45.28883458566918
101681,60.34606396363848
8027,67.41610327670665
49899,78.80434304928646
11995,40.706708554756254
100128,36.462246585651805
65503,88.46200489234623
47858,58.52006884754027
50936,37.45070006033174
74360,49.1428707825698
93764,79.94824685504669
8254,78.6405118739456
13924,48.6123495383268
37722,68.42819961745948
66844,60.25566348926321
54193,64.14541037511553
49302,65.57845247317792
77176,69.0693270702686
25600,41.71755996355358
63538,74.29932297170467
72753,71.44421877745916
75695,33.11079243248394
26493,62.94028071670126
85095,20.42597181553216
68520,59.40089233442004
100293,50.11659355988292
76954,66.27166757251787
5759,30.429193039708665
2536,46.620385026347364
85802,83.72145553487921
15779,61.75158795446721
42693,83.57641332278945
89378,37.26680957838228
43880,31.84495900167586
38303,45.99799905117765
89774,42.90353561065795
29619,72.44097637625254
16313,69.05727258616993
78400,42.6769089887831
55570,45.56520753804719
54299,4.096068503509752
51155,40.945540196761534
74077,72.94320381695765
82358,76.36659165314725
39442,53.12836478684598
99333,56.30477316718
87409,53.123291722378745
66172,50.23086325337289
68312,85.89456578047755
57349,37.413617283811654
57499,72.7537204009623
65246,59.3061873675517
100799,77.42970377036106
32413,23.512417714725967
86271,71.43580697206974
4234,53.948830303871276
79684,44.25413609463292
25359,36.907472374839244
27172,50.054961937916154
46080,62.277337980783926
41086,45.364927048128635
62766,28.657318805400454
86343,69.7011873348209
25621,66.05801032953852
92068,34.961042952257074
31000,64.41682814823213
36196,85.49808761951101
93782,64.88794880771178
40804,44.70667000116628
41557,53.516183288778265
91790,51.972300421605006
89971,40.55913289836637
51857,58.245318813946824
75647,39.02511228895782
13190,64.79319905347856
98693,47.43731758229799
11532,59.07323247287299
30859,41.03696440589105
91584,61.92802482744031
44299,82.54171523507885
51037,41.51968162510909
100577,45.773298898722814
1617,64.85087087438725
59614,66.55307627958241
2666,34.39303841285225
9298,46.473267318306846
25680,51.900264064233575
31822,55.900350726007304
89913,35.127597125586576
44415,81.39890172643486
11645,48.252540138908
54525,39.51752298962425
85202,49.94477457759904
3938,48.00156348315956
37615,43.41873148284798
98938,52.94704698788983
5019,61.39659907531828
3837,55.84656658476642
20407,61.42382327967004
99775,22.73592488820229
65620,58.23497175565061
31336,38.137210267919
84317,78.0366568609908
64398,31.41320478317739
8851,74.44171381607399
24819,36.17821993593105
86274,73.68426809475686
62320,81.70873466802564
67707,56.05742644991447
53716,18.883694607210145
20241,57.67756388500645
5296,55.76431918656055
3793,69.1592767985608
11893,48.844030736152604
78561,30.131712413967918
51427,76.39788200681954
13249,44.71957144769185
90269,66.22686490337244
75077,29.93447430991617
32843,55.13904213306422
56238,41.411353037001604
22220,32.30795261127345
64388,73.43195776144125
95181,54.742495680148075
43372,49.00591740112736
46361,22.48206653951606
11357,57.36898164439346
40586,33.97125852465241
73942,54.12262712132055
43130,46.91975713402841
163,55.445376931411424
43936,41.53953653694499
34566,61.666657661757995
42936,64.24612706184577
69817,35.8813137577622
34830,50.271146447700715
91208,32.41428560452908
3464,64.19915569816632
67789,64.81138820915552
102482,52.860995830122675
17946,45.17356210029908
8385,72.99432282166646
54907,70.02519087303926
25744,59.49965404990102
75026,67.46635092774903
29782,67.93486957052377
42024,36.320942029359536
54253,31.59808688947927
13606,72.62125213686167
94339,73.47762718463747
12761,61.393920231489574
51872,77.80987572868325
63862,50.84410211874655
2014,63.430691276981705
89115,67.00916056650561
29890,46.27897034235441
61320,58.87601457399063
8832,36.22637855695095
100498,26.988500503627403
24211,46.72748790683407
50042,66.90145364227433
91501,78.22967684753574
39921,48.845881591633955
48840,55.10953126031628
81357,78.77205976963647
76027,34.81670885027054
15354,32.249158691375115
87033,38.270229756726906
80599,65.19040859157772
48970,63.340255970041795
31776,70.06924912350297
50185,41.75537873427168
13684,76.93458005642
58449,26.838835700603212
20319,47.92354364189872
95561,25.574019615531434
72453,75.7793758591697
59560,57.626323460056156
74304,66.6056989521409
79113,37.684914566255316
61207,51.645516503541245
22208,72.85761079183519
69173,33.07620770215462
99967,42.39755224954813
24464,45.310290101623224
18049,63.65372528299565
24020,24.94754611062711
65267,36.770217291369086
4792,65.26445446747773
79933,58.79297157567595
9798,46.76799216055372
53747,68.1211001489244
17428,25.69742118204281
96168,46.9984809651015
33639,79.41539933235507
32773,60.88579033457289
99783,66.97782448498859
101829,54.09526594214738
81401,61.20567299459199
9465,53.01858326246588
101571,44.43428295382476
21619,53.74266033772409
86030,50.9792163791072
99006,33.64054675346388
94620,36.270557901417746
59385,64.6463466066055
28352,74.27738111025938
80551,31.62119427620785
93726,66.01903816019129
22656,41.91651102822022
77422,55.92868478676704
102551,37.96484218633077
99554,28.064974480175113
51585,39.997742724488425
93019,81.70235093266821
11898,34.456716465425735
61550,41.570765685630604
2689,27.141891698231284
24740,68.97723201829497
92501,40.90397121133123
36284,64.56652665458
56632,75.14157051273784
78925,27.32116082592814
101469,64.2744961436886
25795,45.712339062544615
35649,65.80530080283079
2516,74.80818540887167
8394,39.91224906080599
74159,74.24533510138693
83434,67.4475935554999
70843,71.54928472689664
58920,34.91526283416826
56342,67.43261052605621
61282,28.514241095627654
37601,40.510776433861636
44654,20.590901733245445
11187,27.371113780282663
11996,75.18443358151221
87054,73.27560254194884
15773,59.68875281515771
89237,73.73132398749588
49005,49.61052678901189
26798,67.63259243188689
94058,82.13169514324522
16929,27.755145424524407
46899,66.71535069437826
21301,51.27517930595153
71665,58.20824248630999
33006,30.01586988674804
8784,62.93339644451877
100435,62.31337670853524
79824,67.58304341154286
97574,41.61104751534696
19719,54.634094371817184
30578,74.05977626505397
55499,29.402472799436296
75036,81.810869027975
62195,34.33210723060024
33653,75.13039816435275
89557,31.824377866182026
70050,55.654502464379505
99636,40.59900045164863
89788,46.88524073000472
71672,35.40562505721086
60968,64.98839598928444
71910,35.755085471613384
71038,63.68429088902211
26836,72.93451452640544
30564,74.82633580228855
52275,60.81495250284901
45143,57.17769586780336
25567,50.420947346658366
96366,86.74087959907774
77115,76.094989326232
96756,72.1105279727606
98418,56.101376055300165
29212,57.447909263740286
69142,48.4230275913781
40023,74.76846808303245
1054,68.40946123488514
81582,78.37842486452256
62857,17.81702458944958
48974,38.41227392271972
95303,62.368085876989
4950,33.49118952623029
55785,61.05187539290001
18685,54.24569506841942
36077,67.80812142169886
43071,43.89791345637951
76070,40.74815480225152
96435,55.63282991282703
51126,43.92435857340145
6622,53.189731174491214
84679,66.23409437419777
74605,40.54869560366045
38373,37.94346058741691
68146,44.98855695587767
33826,72.48222269329534
75367,76.89639834719557
46174,65.7778678851974
42847,74.5763596651683
40362,46.86604215491728
97080,50.94953882038169
18937,71.54834715015213
82914,59.8038632552973
12172,49.217754536203806
82959,82.43507757985745
95301,81.85247650783951
43059,66.20185574492093
4241,36.941090722507994
19549,62.86892417100463
102408,33.00085883591488
98914,74.78660971573214
35491,97.6022952861866
75152,48.21443199156522
32393,32.23691300709375
90941,69.22562233076468
23735,67.55766776981758
64039,20.104961670138852
25625,78.72624968856711
61434,70.10206004076346
57917,47.23609674956306
40677,47.42895290785165
67656,44.57188856364944
37943,40.59819282586626
75177,34.27048801746689
39851,17.747977264983433
88591,51.870350284032355
41084,64.83377056135936
68280,60.392049284093936
74707,26.726322566312927
70236,44.121580918462186
73305,36.90500262727956
7289,23.80502465531585
40297,59.83875608593209
65125,50.66076511773308
79848,74.70902830758295
69368,57.88243074487272
80550,68.46826549817317
48638,49.53111556593849
59345,49.010820546704295
14931,45.53481983396015
19545,51.94645917908666
89391,73.04267332395021
33415,40.80169369622759
48094,19.864399198748167
86322,69.6000336933212
45521,54.84613559724744
16337,27.81165662554547
85089,86.18986501406755
92886,34.34025389353741
53809,76.30697141520136
50705,40.12778198799887
27823,67.63987296638192
84807,28.817439865681678
15808,65.51154507212482
62096,38.00934477324878
27684,41.14491104769878
51420,56.59942571645248
26317,55.228283957279984
48920,70.04635163284918
57056,29.63664157326616
55502,66.97114798547601
89376,39.30463972890904
1867,49.95411983028052
51462,23.02400005510661
89600,29.870176552361706
70597,38.96656286798742
62707,63.425226956657596
51429,74.13146484360396
92113,70.31775741130345
96351,40.610221677721405
52563,58.622252804996094
3688,57.521657542965485
91458,62.86995224426623
43466,63.2240947053418
25994,75.52961524886747
66977,49.83507525513342
22863,63.04495566648328
69113,46.36907174347826
13750,28.782118618610596
4907,41.470436323712995
46771,64.59301548405232
88169,72.79061266524056
67,53.83808901375356
82265,34.082972346460174
95947,40.094153130730476
100885,22.0083305098226
42461,46.39816507341382
91638,36.80824835715442
85557,49.150864077981936
30844,38.81589826447343
97418,63.10481611967498
76907,67.7703244171277
4463,39.02114691662645
37123,68.91254697914488
82301,39.64577281135283
31430,51.50895091003166
91775,57.96635429431719
87020,34.2626316895736
25179,62.99189992172965
102153,20.88425478534576
33980,63.57059794719035
56308,30.117886940879313
34342,72.08575621286472
25786,30.550597578652123
82455,67.22108633406346
29124,45.937571678421186
74058,60.02629044878506
81526,56.777758279355474
24337,62.46021343510067
12461,50.839201124891034
45061,39.17776166365609
83084,36.02245702048717
35723,72.83839496938648
19206,44.80692584766733
3576,42.23069048510029
24675,62.355437949606255
95748,63.028250387023434
37637,13.457309547642875
92138,32.99512055929721
56306,63.72534341902636
62394,62.20436051148842
39635,58.62375503274515
81280,71.25002561475662
47024,83.68510771505481
56992,31.142109416228664
97334,55.35906534601345
35453,42.952899851203306
56887,38.970702865703444
63578,73.69643224632156
81623,70.03665273001087
73888,64.46688040396474
25653,32.10100302934853
2436,67.07072681669482
22356,33.04331319257783
46490,23.480477419223618
82511,27.970546412241422
85506,83.64063263213383
47282,75.08883498935512
86383,61.486795860984614
37653,54.67211767820592
79645,65.2431186887601
43844,32.949476123440455
98537,37.06955841062369
57205,35.47387420250015
84038,41.09763631316183
19046,37.05735005373712
41950,69.95806507578948
46725,39.42893681516519
38837,31.851229985611226
100604,60.613943164811445
60166,59.1762463828389
10797,60.717281608749985
38,28.841733090389507
25675,33.54993619670295
35822,54.21286543237629
13661,70.88242569678697
20798,36.335267518770664
13113,22.626280736818323
38330,46.46205923756793
37840,37.956627637582926
71921,40.398527128616465
101579,45.67258514705527
1906,62.37380804073429
74431,16.050779825835505
102020,28.316881394707607
72017,29.97762483106356
50009,69.21524533868316
79478,49.453925820074005
35791,50.14079265158463
96279,39.04285799600379
90856,64.88802459487313
37240,38.76283377060331
63457,55.36731677434687
97623,46.08878762438276
40170,43.95483163894126
100092,35.58160286878892
33311,40.30744920118616
3268,48.64851645275341
77332,30.924905436975063
66440,13.404716968821582
62913,84.69782053272998
39172,85.80964785458937
65622,75.67385408985152
7426,52.96102051088039
86523,32.30264602133097
98107,49.0044299239341
61445,68.69492803458729
99042,64.85720008322458
43266,32.92023785182437
50269,61.379600428796714
88346,72.03568166885788
55609,76.71012720023646
24331,77.98685890380014
57220,69.23466972781517
59526,69.8964469788238
43712,51.62097690701114
100379,80.8104725513264
10808,33.18804623578512
56602,36.24363763935685
47057,79.00710525103267
50430,37.59228673236642
16507,40.794030077389934
73761,20.05966447427769
90984,77.92892515923502
69301,69.75668757789734
20007,37.58592869667057
26904,47.93881823096307
17615,45.27160803854194
69754,42.32766397980515
15659,36.68272148042893
22019,26.001573567447323
41173,46.058638892987545
61242,92.8154243849209
6345,47.641989493938596
14829,49.55449589151918
77441,72.93014391955937
35364,63.00895841458121
11390,46.41183078906268
69549,46.63387805882076
62874,59.37025977039157
89956,31.411498140569982
79336,77.00330809278027
56093,56.49895135215897
54905,49.47266226013362
52009,82.16389506797879
64204,57.726338438952695
4744,30.736857413404596
51759,61.76292943492952
23301,45.84220029944569
88488,57.96026538309848
88675,29.15088219017021
35962,70.75635741972633
43211,43.30268755170843
98900,58.796065647551
67013,28.83331459553767
85417,68.12705630028286
64579,57.52991522271293
52720,36.627783466851604
58366,53.514904780327115
27896,29.386333531501794
12828,23.594375937677814
51698,58.891256397768146
55258,64.28716368421318
102122,37.95386526545203
40530,20.842397181260964
37598,67.11625438024019
70188,68.97108614105488
43258,67.34501465464547
53069,34.5755244751391
71250,38.30068156385199
69215,35.95254949883227
99576,59.67350911152782
24118,37.39595055702269
59764,69.2891457529035
86541,41.35679380664219
38003,29.618159340980124
78087,34.00549734638333
26663,58.07192422982202
77892,48.854563238646776
59962,31.61192523900478
66516,66.75007692385458
32086,82.46682036636274
59273,39.754043557832716
81404,35.31573930886154
68946,55.49797287466262
77492,17.754966140402203
71492,48.40285930660696
67294,51.545613228713655
81559,33.26896925167485
21524,54.13422283854558
71713,60.66502199934392
86290,84.115468836052
85162,31.049422919409167
83056,71.20860951601284
87080,35.839162138032684
65981,28.99938816613009
80786,39.27673021998977
81341,45.512151515734594
9245,88.34138313226455
11367,84.95615263788754
102213,34.08138688470213
74807,42.43470564259511
71030,65.677587030669
80791,64.5692876607576
49316,81.71329017870721
49979,38.35054548800718
86228,76.31615646203365
12733,64.54157556256101
64730,58.72433356748823
19132,38.084935932148525
70083,39.29978024574404
34335,72.21919728333559
62512,35.71285656880725
6026,39.99363210656806
43996,80.08845624093874
64909,54.47964421775017
7750,34.821090800534705
64379,52.28271436933339
11240,62.48959333048857
79261,74.13351357441846
70243,43.642006889289206
85337,47.21209899551962
70867,46.48203518711237
39691,75.2276700073248
28426,29.462986435388242
71917,25.883401702050016
46885,75.03685963152543
59709,38.34154990682012
83924,64.56844307902884
60618,60.296523775803394
98191,39.769271287465656
61562,64.42088233257421
68444,52.48298280021149
28277,37.97801090118341
19500,47.860644399672005
42261,34.83860670790931
2111,56.94355794002559
56237,28.256546242219166
96545,62.09866909620422
102128,73.82280194036358
45801,37.213732570303584
68594,27.40978936811094
62141,35.13617123940166
10246,34.32266556134817
46957,50.16087053161869
21258,55.07724765607534
48392,59.59067132070096
69356,23.361111256554466
52215,64.65168267325326
3143,39.955896511676244
65219,63.323094413028265
26828,61.48030948465128
16702,81.98205514495672
3340,62.42422383726606
19387,73.9540841378577
97065,41.07399174799735
32052,45.33423183051623
21655,35.65020261344021
82575,70.26134708115143
40335,35.86685504532268
39007,71.72743409739688
50787,42.793000942176775
42760,53.27372318789378
16419,63.383360096264866
34708,50.85800745803178
101614,72.24216555966515
90491,44.49017242468855
24670,27.420557375458287
63452,46.37777882520397
2029,66.00275659658722
1937,43.59830746376829
50552,52.98997909424131
64606,71.0250426856116
23058,26.816526948639897
62675,30.182609539674534
60163,72.22317473043574
857,24.72742389679731
59549,41.386165833643595
1787,53.741726267010534
56952,66.53235978271715
66639,61.63756587455152
50175,39.39708251730238
54910,51.849670014246
79784,48.67022341031125
85272,72.05030415101288
39726,54.994888559366984
77260,68.4965959266012
36733,77.90323544522495
7564,85.8662835846186
85090,54.7176690090304
48742,45.7215714522853
74246,66.38016608872908
37362,67.11287728643198
24282,26.657074959420196
25109,30.5842198791973
101717,30.855226556820387
15551,60.71161710766799
74444,59.38048357617716
14566,27.270939439248096
52307,55.42009059583657
2956,38.13483822558301
32343,32.080557853237
6621,74.67442167903914
51705,27.116236741189752
2288,43.0523330779572
9856,40.41416472363993
18299,78.19189148054183
97023,29.528054761385828
96887,36.16532729745493
76791,38.20647415678693
37683,62.49915633909618
49345,62.47136308364279
83830,41.21839966618424
72208,57.11110871356098
99644,23.001612547423914
51588,40.961154225626785
61328,67.97406982286454
85832,21.826329849321137
50351,57.041331077993405
37787,68.8237511376272
10989,34.69617599786474
88550,75.11713742762198
41353,66.29148890539174
83133,58.759694966010905
83515,97.36717682266845
77276,33.46593505467368
97580,31.723130459099373
32972,65.9418585343619
50759,67.37006072319078
12009,71.66944478734572
42354,57.433679115484914
50824,47.51091400006971
74393,34.26022411481689
28010,50.5739098093896
98444,46.493449753327994
91172,42.26604964469823
32576,85.69047461551574
59805,65.45408322281929
13641,43.44886173860298
7309,33.7280970950973
57104,71.02161080850615
77464,27.444364368781514
75185,17.651790593668874
100609,58.13276698077662
19189,31.54320485530038
53970,24.933489135842812
77386,24.45703461160111
31474,42.216049101211624
20342,52.883462749365734
95245,48.91911269638228
88429,60.816776126935665
91714,23.776980248223033
76718,36.353884604318324
24096,68.83017426975493
3159,84.53076218106986
14711,59.359551667882045
77212,61.57529434902189
16023,58.15032583837274
98294,69.43332141770597
29470,46.114294157967485
70693,38.591745727798774
26238,35.61499061086183
17372,62.69873504208503
17364,51.12260966424023
1250,48.13962960195368
53229,72.96306119236178
46770,31.730985901341093
75225,42.31315370841364
87426,41.62635017234722
87107,52.433966161600864
56399,44.15822005848498
43403,68.64841953076049
47359,69.31486507749847
39978,36.42092298414773
9234,44.04653955696145
58094,39.700947378711945
18024,25.8078822894287
65023,79.15111810248652
39981,30.2504164930065
23834,69.63764894083997
61901,51.530023283099354
22150,67.9304997351561
31831,66.11237816064036
26421,34.23156422350128
11074,73.59745246159585
21124,64.78263870362
64964,65.33801938349195
52670,55.9187872344603
36566,67.15394254185846
51590,46.58652132434989
88765,67.0057985481917
68553,30.36464045748946
83716,39.27846969130089
38834,75.94515047629801
32758,55.64967432869781
15925,34.722407167882345
13866,76.03880166767723
51704,77.39834233743971
67213,78.50153495488755
10852,66.70146201306906
72139,65.85798857792088
33804,70.73896341993989
63051,72.05021882206626
25506,49.98744829293391
85212,38.04709391492163
44087,81.40312811957455
50522,79.19819368425748
764,77.40450819229292
45720,77.0025699720376
55276,43.87474581460705
93996,76.00967796240002
51806,74.56347750355263
59492,46.057749604690656
67523,55.668111737539405
94896,74.26010413453882
96175,22.8762545438381
55170,43.106978373046005
10762,26.878910910521096
16948,32.317375678944295
19078,59.60238848521344
30938,37.5044494286848
2888,57.61377124617321
30630,70.41918435500992
16603,66.81419316424282
13757,66.36225348601207
88096,67.90033739544941
14620,79.0240622510948
35559,52.62800127235333
68479,37.99494680326556
8679,42.322516992579104
2839,30.941365530614462
39814,70.64545615698557
36610,61.602427209349734
10253,74.63499758108652
99283,71.11951030061357
95835,63.514540377213564
89798,40.90830201530183
61740,44.56299474395195
79987,74.97750460974581
90852,36.1948551645872
19738,42.42793995244338
23284,70.34948334304534
49692,62.80632781702235
102553,70.24888707213381
41444,38.5825230281338
49848,48.30149519448103
99724,47.700213046006155
62454,74.71706335037106
94399,48.47377025489159
62041,53.38093826235473
102669,84.72114029142222
64528,50.39302009014528
62068,39.1671854495746
58553,33.82680506641088
19643,52.666289139009585
95232,79.77844915423093
59841,29.014385665626484
25896,50.92041194409394
52202,66.73887679431024
77671,46.043829450353854
9426,26.161249885292605
96827,44.19857987513835
80647,71.45752217198017
6755,39.39207539020673
95338,46.82723323231473
13386,50.31890886585542
89553,41.737036907589626
89262,77.75060515530896
100717,36.0030855791056
92790,76.41747839697913
81338,73.95150815968879
56596,75.86215445544325
24307,80.27128514779258
63652,75.3736885967077
18730,24.836729476245566
95385,59.73084281602155
24728,38.43935099338347
10156,76.05979283900757
66703,47.160732929792346
48098,56.93952775810149
90860,70.29303340632208
79719,78.47025236840274
85600,27.923685921596782
60053,53.01391881295845
60271,52.645840109681
58607,39.64766037728292
69936,47.97671029791485
17325,43.90731662684751
54693,43.761941154860025
84382,64.50444712435171
51243,37.29082278282932
9286,39.958945501581915
5908,80.53936056660623
6454,62.251494697378945
11797,62.54949175876427
86840,70.2616825498161
88722,59.06785603461802
18984,45.83491404501979
21680,41.83848981844072
27260,54.447808166873216
28037,64.9250370644192
5072,51.98903124273345
29807,76.1489698008553
5972,30.656519726873167
2226,80.38477488619066
53640,37.722531956911226
72278,75.49153234939983
11322,62.25161064378302
42468,74.73253043575198
69983,70.31890617565504
35836,50.31702534865532
79143,63.9129411100147
51019,43.158617584767285
64252,43.75091829430099
34591,62.01069494022326
82751,24.678707763844
12907,74.34564184103175
57217,31.39668558354794
63755,47.8857511403124
35699,40.082176330548386
100834,20.01967468805089
48204,66.02509905250838
4373,25.933997898076264
58207,34.08398947424587
45940,44.51089570066386
86539,66.95161622325998
6645,74.06181076953834
92276,36.784620155062356
58302,91.80507700630997
57302,34.99081978265862
97815,76.59895068392444
100319,68.16303240591427
60210,73.76872525266424
13426,34.37188077692877
5240,62.194757919514984
31999,65.66864515986428
57980,66.03590391538955
61350,52.212312877722994
87509,68.92464041320235
34740,82.21267631907355
92067,29.672663320660817
37102,64.97975129703715
26438,30.80410946878176
61262,71.9337418629436
6244,33.244129270762905
54839,66.05586330613625
39390,62.345053769599886
13539,77.95671183788276
26257,70.42934336881004
28687,49.10549125679748
96762,45.417515818038716
35415,79.34718234817336
46075,71.26744997376323
63425,55.7398478910371
52706,50.868439849105755
13373,28.788753399794043
33021,53.1026513705146
92873,66.92275381831122
98474,76.07044159470246
36330,73.37001193822184
53111,51.31449514859988
54805,43.12994271357329
87003,30.118520000504503
74427,44.29604033189831
36087,73.36133244385326
59316,25.541137888731015
7800,33.327487214646574
39769,66.9574363452135
723,57.63034943394934
64728,71.59046813281337
87436,75.30660976474894
31222,44.323085718151326
81359,69.06534155292034
42656,21.517477037942268
61839,76.11876992849031
27749,59.01187554988547
44474,8.573003577178003
44916,69.78759633024947
29744,63.890394911134905
66597,64.49789522310869
60065,73.75931998816887
49340,45.500935621756184
86802,74.56433551184726
44949,42.14971655034772
4827,35.44833603397581
95400,33.64258810863717
27233,44.292672637117995
101880,25.241113878205077
56390,48.83346808679509
55313,42.36485396665468
37648,72.85452628624853
43898,53.694699029075295
70180,67.51222736611001
92115,53.757240097941356
92557,63.3071252600976
64643,66.48004339465027
41499,78.19789045317435
50838,77.53854448707699
58975,70.52710087483504
27224,62.02106535280883
34596,29.577498842330456
93230,70.77356880965777
87362,37.60092524720923
61522,41.009089838889714
12382,74.2081775442038
54994,68.18649137553638
63343,37.740444269419356
7710,41.72324324149183
83487,61.235700704464094
85118,36.852355197427165
46405,69.89006733805228
57276,72.4148971028381
58474,39.03655963473294
80475,54.265828173935496
34509,43.74982917640028
45379,40.36942649267493
28345,39.74129834006251
39003,25.530564899078644
15573,66.77484167506523
37063,71.62449160820964
99813,40.36301661410805
55484,70.61052048134516
74111,67.65991860680718
73849,38.42851807830064
1820,47.28188350787483
19079,59.64011445642224
89024,74.82040324616682
57111,76.4403701171158
77552,69.64226577570844
38508,40.47325475271501
67223,42.265220258694924
77285,74.82791073669242
73381,68.78189136976852
36210,65.77764530316288
99776,63.595751721479786
13413,30.70334368131543
5583,75.42537235009777
42540,72.4110151288942
85204,46.597634232672604
51015,76.2594847816174
85770,38.225896670208996
50455,68.1075171902459
102127,81.04782463560835
64407,65.4170565095982
56092,65.8223199320804
37848,70.61572719451874
56789,73.82569976137775
35689,33.95849803672578
74825,73.11257421628056
87074,29.288265818266026
7209,68.65991472527656
39640,66.50900558949782
2697,38.8716315955241
44912,32.79677268147973
52701,79.06093712278832
388,26.74242146224972
42462,45.87184518499295
66508,71.60124594607802
94266,80.7226922205256
47748,74.28388761568863
60095,39.50899219434031
65304,34.39188831958406
70912,66.81266214304407
16457,62.22309294101221
19736,40.472870927747884
35205,32.74132758891053
15473,70.06715356842784
33561,65.10947077586466
11946,79.94620888127518
94777,28.869354406142296
92419,41.772855472476664
14902,74.31665608301597
11903,62.67417117479394
11295,75.88041364661132
64194,7.446019644973806
3496,67.45240069679912
43302,63.133308684030986
22465,61.92792944851942
32448,73.07566190072046
85851,9.204033183717126
87123,64.06631980925752
63620,56.666637849536
80423,58.43388954338951
93664,58.89764636692651
16362,37.531317261611406
86039,36.004557292092
54489,46.54558980528414
66200,43.8438127363696
73040,78.58848449560952
56428,71.44437169770652
47098,31.13815006107614
86079,39.60673555901218
38863,40.926176352769176
13657,40.876879995913406
49778,37.95587018244884
53228,68.24975391868738
1476,76.55982271894429
597,66.55822555438291
38931,45.34597873890492
61260,82.29684388364183
95299,40.119074238302886
54545,75.79791382801692
28312,40.55767853961178
9851,38.07398014895359
47857,35.51518046555214
14742,29.704638854544818
30762,74.60383489171745
39645,73.38605369667721
16366,35.88194478626616
58329,67.83768314578359
5362,36.59936265400183
28680,21.79083165138932
9147,55.71972186612746
58906,47.5811341407486
668,31.77765024385394
53772,75.35493124901993
6548,41.04993866272928
78306,80.90289654310828
70054,29.586477729170195
36756,31.7414854355136
90731,63.14099554802358
102152,49.30182188573446
73426,55.69147438107235
23266,35.25900719705191
33659,59.12030980583412
102556,63.80054555055307
82514,68.11795510334264
50573,48.52687621046309
14163,28.181122020627118
49598,58.85195126862653
16701,47.676728412183536
38315,68.95870745011712
33174,44.22716358978574
42779,39.92325044409961
94603,83.67182339363032
86634,28.706330761412058
43269,71.73080858324661
24813,24.554473261046308
37501,59.5161564332504
60445,34.67315591005992
7885,75.19469002412953
270,60.52961338831726
60228,68.84838366983362
56754,65.74438519870314
30616,76.10995523939296
3074,48.95384754079063
12213,75.51770946496933
25329,69.25133282351587
89932,58.3550500602689
56358,59.66270179084175
59658,68.09933987036298
72633,56.51608108137145
66610,28.907277630575635
50230,80.41598097415822
94061,82.70602074116371
37267,44.59585137065706
8378,35.90013885435915
14962,29.764867557532412
8279,63.65651428068399
6661,37.33287955632832
9493,41.62289051958037
86162,79.12451943096062
80416,28.034270134711306
101175,29.220028732807766
55374,69.96635087716997
90352,50.6534384931778
62029,79.53020142746556
90337,69.29582449416287
46303,58.90445084649089
88052,71.26052191276932
6802,65.32642730821097
41708,28.274319627842267
91108,42.77293215060996
5459,74.0182389799163
29420,60.21952068918163
67025,65.73296770972597
13692,32.214345855526574
4265,52.80502958451572
90490,45.69727051096509
87241,83.58779413224505
3368,51.34727189055529
21118,75.79229540240433
16678,36.23168802928503
20707,36.19043589756455
58963,74.54159849764662
101516,78.17257128239135
4182,74.10536764895963
101222,57.40041364262528
65250,29.61994120686019
14435,33.36638436425324
42941,36.13256547646995
62107,56.279004092991585
42135,47.53433051956304
7582,52.32881134712201
41042,95.6158805638959
5984,44.179417812881866
50772,56.79815553702096
66136,63.240472041495494
14724,46.41580294146394
13176,35.396905438226774
4437,35.880551754741326
18350,20.9761993906968
19210,41.972708332341405
24163,65.74627248350713
60856,51.052578814384646
14303,81.18085200078265
100551,37.72567480118002
55603,83.42872638078197
35334,35.75882526632757
77335,55.74996768491657
69111,73.88903755219317
24068,64.06520592714863
82322,54.95110947126072
31970,26.858870170626613
67710,32.438474544705926
52814,73.80371073720897
46573,68.07880204921895
38167,43.511052554226616
94121,84.2509148410731
43541,42.70990890240239
67305,16.022054976231217
23578,36.146589640663386
45605,33.579775266406095
16138,52.30410415535046
16189,33.83010609686456
10525,68.43313665822144
101139,41.47393404924759
53862,58.42904858855401
8760,53.89101295502466
46026,82.98896925582221
28210,28.364698651164158
65805,31.512688181462906
55157,29.49087228334946
73570,69.03298916796896
58761,51.50376030618058
22713,50.08849843271636
43752,80.03021008706594
53979,47.04636831832785
32193,34.96875250605695
29824,22.78989292853195
54110,74.78318331074942
31672,44.20696784951532
95437,96.91218609610078
59373,37.13728243795764
71024,51.25322865809338
85579,67.52540823583124
7143,4.021212148311804
24979,39.265818246409275
27130,59.46711378582964
45322,42.456392614373804
4546,72.69356653326368
85647,24.262878886054594
61531,77.56456660774025
74639,35.48150558399529
12997,26.66853799521916
45375,55.37103537739547
94472,48.335831915998526
27052,70.8553487898539
74949,64.92216787103236
85810,74.8471031254679
12569,72.44441947256124
56562,41.53628234250841
87672,29.873163256547024
85775,58.09115744924652
93546,54.95624086104357
1513,30.587403008851922
91478,29.157257352306793
92996,16.387307627895996
89444,71.80539933291584
46741,61.34715308973648
41002,38.012848153882445
53674,35.98341737146462
52306,35.8970271326058
69320,35.99992304511645
89099,49.65147503141379
58508,69.23760356595221
99556,42.724029185642316
67369,28.89680597525907
81392,59.473687357140065
3220,72.19375766513613
36414,31.83111362179174
47946,47.644583512021384
27619,80.19799932936887
20010,32.73931271927489
42829,44.11633934060036
46968,41.702375366440194
41145,51.67583139433643
18722,35.637528532859534
22135,74.82468908329089
6694,5.870669885463705
9205,72.50287818617211
74164,49.98983436160973
25284,60.61107968557157
42412,79.34217521226248
13015,62.04125465937315
52840,53.75178573096375
67011,40.494873655632986
77832,74.45457474614126
65866,65.47121209631774
70024,80.02277563656236
43524,57.92115791140741
10323,45.17009746865488
99869,74.05105442060874
84874,52.351665348518054
101228,40.734420220917436
87554,40.91620647527923
34866,49.51945496612708
54851,77.83459138048421
101225,35.395917718962636
67089,43.87420205938748
78192,76.18076827720702
4275,35.431119179043606
47323,75.12645328558659
29353,31.768551031988903
71349,69.71206704019377
31813,60.96557663758704
80963,31.948274348956296
50232,65.81852728719056
62408,69.54161018201907
10876,20.10894410695336
74115,32.128087217487334
6676,65.29745978602661
25303,72.11198772302996
6231,34.19447536999781
6398,37.43469176880871
10424,64.28286477778954
51715,29.626778446013738
66925,72.58890970645544
34935,31.258413821415136
29,66.4948649319198
60094,37.09132799882591
2355,36.76610963822798
8246,76.09965533286824
88243,48.823833575497034
6266,31.665782754404866
79323,75.6988992152694
26623,57.14524411903163
18407,61.293328671497804
85183,76.06757877099884
91994,35.07872985907271
80651,45.15755562477072
87751,46.684363623667934
73971,67.11021744733118
92571,71.48921578589915
44095,58.948635926875
977,35.7421280264187
15716,73.12916941198193
48088,49.215477350189616
62561,41.49285537374375
15196,74.79298090463617
15245,70.45275740924836
47802,35.78181681396838
8280,56.558383482397275
100195,56.49797006028261
26388,52.903817321116314
76281,54.22291423028946
30610,26.843467518808268
7475,31.27463024374235
6827,48.6582869392299
32291,65.06398846354654
52696,62.71836481933974
30917,58.563154055593266
59013,54.151802354086286
90346,73.2242769155778
85275,27.102603195740322
23294,41.50571910789644
34300,40.16166062500064
92108,62.93104798813745
53442,63.71242660279222
68866,74.21331864364373
67054,38.415690360008796
80249,61.266204409522246
71757,57.89393327735708
99982,65.40721423274913
67395,48.39935247068298
69414,24.5376270612442
97286,43.003560203970075
60432,67.55220619479564
67162,61.27618077838661
31953,41.63189311586867
34549,66.91770402919931
74352,55.40887385628024
86537,41.972349536434756
26302,52.77599582496025
28141,56.539921290730646
73921,32.30096551756706
83459,80.89387467662615
63482,29.022590183487264
21805,26.608730785102424
54789,34.043730446220295
53613,28.18700562649796
92650,46.67138716684473
48313,75.76211787224534
1483,46.08000852857388
91744,31.97333123304449
99687,40.1735288117892
22481,66.63909247223731
41271,60.67901718851522
57685,68.2895070882509
67538,41.04761571941035
52951,59.06953093834154
11537,69.37409049174525
22317,52.5074073760841
21310,33.570156096150974
22499,31.092122653406093
4678,55.40538004838832
102496,67.60827964163002
56160,43.95511510845138
92624,53.72526056531168
57314,49.29909495459381
65293,52.94094992951743
58545,54.31959545772459
70834,21.009670108846855
44366,52.98558061596948
70164,36.203130588288516
60819,37.00478107765338
49620,72.05347869309124
92696,49.052761270789446
58343,76.1290761624909
1267,32.58031597988771
31946,67.09147982907169
13881,69.5687727662507
39914,26.004691230158013
11626,35.72374416426348
58928,62.704335083563905
10739,64.96136710067331
81053,44.739552239198034
71886,74.46333760065446
61425,32.44897224191479
85222,29.90283385023217
59703,31.556977257086842
55729,69.1853937138971
37128,54.815668986969136
42143,34.26738776800719
63166,72.29993421579147
82082,38.56351951361667
85569,38.57458064027707
11447,74.37765873246393
12158,52.30503331215667
83458,84.93618762600157
20356,32.50153209406877
48825,45.8438677902165
84300,35.54048521033787
43969,32.62798435976189
62475,46.86450071293286
31919,67.34769561126998
11569,39.061181720429815
12076,77.08220652809462
55507,61.639197980534874
38196,35.191150697853615
62575,15.745063206859385
87512,62.58150843129546
55237,67.35447233724811
46210,14.382074935665521
63194,64.9716947172021
10871,37.93971833442799
72003,66.91987893702245
51387,73.78802888403237
59188,52.75696179842744
12083,81.15611262614428
73701,52.53305695291205
45052,68.77678062142606
48729,35.27151719751076
43330,70.86855837886371
58273,50.586178190842936
86387,66.13006315087904
75576,64.1637660130678
52749,66.79533696997476
10186,97.74265017429795
25154,52.35951621796906
102166,45.5365482386416
66554,47.28687600453132
83297,27.694421206384874
10746,74.24022880219239
1748,59.50524572096435
54501,31.48622083735298
53043,58.40529461861188
43984,74.38726924592396
37534,50.57669530418936
21174,48.63263653653203
40261,54.28850930993839
80669,73.54821359853642
5538,67.56010124728171
72904,65.20664235308003
431,67.27766202335553
47689,74.54437803101605
93927,25.591783568694865
21348,63.26485813937748
78015,70.96078084967307
64520,61.55910703639991
33796,82.71095215213745
40048,63.61044559340648
24168,49.1203759293964
34728,38.22094935487629
36221,25.519842889343956
35598,35.3726785142923
45215,68.00287807970321
56322,65.36832963348763
31679,37.927988920090215
81921,82.49126176605581
913,56.783369660603654
8681,5.898080525291814
68810,49.25779837077837
77786,61.592431186489
86002,32.795880964218426
77876,43.485340739655456
22002,46.992359463688125
59465,44.090164230532444
32618,37.57346557796945
93916,48.612976766071185
28810,63.45909084997889
51283,23.94498820299471
44153,65.21457569347767
28059,73.54500488212919
15482,28.28774969993045
70642,40.62135734734685
16793,42.177098116968054
88175,34.27474938112599
20190,58.614084615442934
15590,66.79397927322269
88786,37.89150186012992
8715,35.49396349094996
37992,71.77832884114108
11859,60.649380408841
62245,46.43435549004787
83616,58.0258725407459
12161,64.0960823670969
63290,44.50927447918057
79827,38.40274776731948
45246,42.66868395719353
90826,69.76811755420744
3359,42.16226852941791
31402,60.94215888799674
81660,69.88935619668632
33891,74.35825775113405
66009,37.11705373570697
100521,53.9200903953181
65686,44.33261116887628
84447,47.36614952344149
61294,65.55571082918838
60173,29.8961355067245
73448,80.48743907894138
48752,34.97388105089663
31339,59.279373800792015
33618,57.319089538728456
72734,51.008833818421486
77431,24.30381135194994
48310,70.43186056211931
18731,69.53718380445076
37914,32.410628640803765
7372,75.34219184718543
46495,29.48358192940539
3053,31.52396497667625
77161,22.954402589028476
55268,38.767433826111656
68064,72.90470082340701
101649,68.0541680195455
15017,63.010957490222005
1063,60.02234230515569
66020,56.07388219896251
23818,39.43830408855035
73077,46.893996769198985
56551,34.72923283425431
97666,79.2457924874215
41492,62.01041310826857
20069,63.10772996185807
4558,45.991710998227845
65873,31.992328724713584
85324,74.42682592980898
22092,63.770336482246655
63272,49.1640255327623
18076,27.112810511040543
51366,73.47271021924792
75659,52.64747312423681
86699,32.08240279462543
84096,68.96631000273797
41374,56.30771709614911
81432,68.30520303375047
153,67.37938634840094
4618,33.30342936619408
57707,69.58604687181962
47997,3.8922654183072183
564,66.59145007032956
64816,26.80298104834513
34281,27.21195715963337
5139,27.216325686869006
49262,63.32491497018094
43494,15.841868285588841
56946,72.0422001030442
45912,37.92922173710353
38462,62.67548036742471
24627,50.3208732786538
15738,46.30048861524679
37669,20.63280248403491
59616,62.2305795829013
82388,73.02093491587159
4619,32.91897413307038
20477,60.60081741261808
72268,65.76317842183789
31135,33.58008153330142
22263,44.066831271374696
12760,71.1419765095749
18957,41.629906186791956
49319,47.6069526743762
17250,39.19259692412045
55009,40.093603653192616
75789,46.679848485611274
28298,36.44831336268291
101399,57.05841654096153
25901,39.216125144675004
76145,60.52982404339771
38164,32.29087199584318
47685,62.646713179454544
5005,72.72101011247604
28894,69.4914172862101
37494,62.015039513468246
62537,56.476798967755315
64272,36.144562607468814
76312,30.964328573094424
63992,33.57113112906298
48213,61.31831342750256
94594,66.9688778145605
99089,66.33139344286872
13179,50.23954043092911
89943,76.6146195265606
47850,71.78034571014913
93129,69.72792953186385
84691,18.827027723074597
58400,43.40295279994555
5685,41.46642592165671
26432,32.15513084224236
37593,68.95032644614298
12345,38.43703711928786
77249,55.425500605029406
82094,47.27297746694697
44190,43.469961676775355
47084,65.31632166288887
4250,39.80603472975517
17576,66.84945239051928
18009,51.88956665004759
3870,42.07538941677295
101086,67.46528945264541
3450,61.61862557003529
95237,31.310218236567938
89646,41.66506147171828
16325,27.03396056758672
98059,48.76279299292649
31616,78.43498560383321
82565,50.91591724419679
1385,86.81949443310964
17127,61.31928665040525
45542,33.96728266035896
42481,75.31755299988973
101296,46.48066181150915
26400,38.423680621729645
12317,46.47600338856178
59669,45.57185731031964
83265,33.994924799588404
67556,47.247115460440085
100292,29.915987889856154
81202,68.22630447492176
98308,52.938716597452384
9995,48.312931807486144
56452,39.33454925390384
101563,49.01170748524904
9846,18.92559751040463
67244,71.19259571299872
53873,62.838558463919895
66408,77.56736371948688
24500,70.58944299205747
30125,49.95742951678982
21312,33.85460258644727
37807,64.30808454703549
29071,54.408652435545996
23518,70.65931838037974
33336,46.254071929808106
11862,33.394904599271406
42430,83.06490846081618
54117,65.75028260365727
26517,39.60963957303734
24761,66.09045529732713
55172,34.941249356651866
81353,47.06593715357628
19789,41.614294036907886
31594,52.18030540479649
63584,39.116594638733744
27008,81.96008754504874
63554,32.09461289239148
23928,49.874203988241206
93774,50.91878840214697
88625,86.1757855746193
47715,72.40330742633125
65324,37.85741218181514
79939,46.949836844206864
69472,30.277800168167417
13072,52.16277726115445
36721,30.383686823681632
96434,68.01847161912653
99342,32.17146581827586
69367,55.050177439829085
16016,35.399858599424384
3210,82.3921059296226
91826,35.36821540666317
34716,66.4163469633749
3708,64.28689374218885
23804,69.5429097069031
24297,62.517741381104926
6700,60.61659733775035
84149,69.65371413053138
86839,23.605314064691388
7782,74.20223504191489
4465,42.692607342084514
85314,52.64250229824488
81709,55.147540225522604
23320,54.94047584644951
43212,49.765580281523405
71328,70.23739036386877
31530,65.72863857440993
57856,54.10791803382064
68424,65.5671601626502
18317,23.201491974238287
70477,81.38156618915599
49136,47.82982143577735
44797,78.71003153903895
90270,76.66424846754653
53910,45.1128230553861
38866,72.47207513303667
73355,32.60189200572116
81049,51.83552038961909
72692,48.42185332148202
11157,39.363279464314765
87731,43.893581652781535
82347,60.766883317777754
88337,56.89403188507714
65885,45.6431855541713
63146,58.28023754604607
88546,72.4019356353295
26975,43.161947970626585
97061,35.8458168695509
42673,38.30144996040094
303,79.3892350065332
33309,63.350699790377135
73324,65.84863262003799
55675,66.1119835910875
49905,59.84177921236054
37565,43.914298669586444
72443,72.22918249326361
45685,71.51467104899115
45044,61.201127153803526
49165,37.94499204584202
40556,32.60113483858351
23918,34.5585594424138
28275,50.54089322357777
53974,30.20810764336412
41265,70.42191357595024
65189,52.061325630025706
24720,58.52827134843768
6336,50.92319653818583
76886,36.98789091166713
11451,65.32846795463853
84748,41.48463903004045
6678,42.24304215246103
3440,68.75336055075373
88054,73.33689238485873
83237,55.51956788207954
74891,65.00866661026221
19667,31.659410371613948
51286,70.45592060999198
38590,38.86120374154638
3558,72.12636111812603
78474,38.25794178406392
70619,30.752570766165412
96647,19.461668717404642
40409,84.21406084858586
78702,34.01812855391769
70570,12.640306574731987
82177,79.95918615896176
55439,37.94237586834807
75084,34.58511679772591
99954,79.2630126526526
93853,67.51234374005065
32142,39.726555929262176
44868,59.61524480578972
4740,69.29677647245938
1667,65.77972121449932
13371,81.6892035497836
51063,62.91492002840712
15274,70.02771430100877
39378,52.37374809749606
28241,76.80523521906585
54369,47.99519172536666
13870,72.07879315836797
34635,53.31952091919248
237,52.107660036283775
93390,41.0354248040249
9371,37.38872635013489
24683,70.02898295082463
86775,48.32285667615186
70882,74.84584127337031
17894,66.9465312165328
35787,33.6147827255762
84509,78.31299389256294
7892,34.5011079937218
46557,38.772749242672404
8066,59.772101809425
49183,50.608084107078454
72373,22.140368760386657
2631,53.80484257685271
85596,69.11507906960705
86291,28.013780688482193
53079,56.56087637031843
16360,78.01313238017403
27953,26.567904192772897
62363,58.761120523824346
13793,80.75357088631972
45566,38.007054092589826
47805,68.35206339679111
43736,28.039693466569457
15712,30.86775075486607
12857,47.572423629092874
100712,63.293585971733535
44429,65.58568520392893
9301,58.344599446713474
86662,68.62633117211706
47004,48.69172218943715
17430,64.66133478320447
96465,36.24068232507829
97912,39.19012911940592
1661,73.54288470994955
101735,29.29177493710377
85616,51.72982077769807
56496,40.66264974291802
68826,28.032626159033207
80025,41.975943002337196
5024,44.03711938215541
34504,34.49808536851918
79678,75.60024215630062
93088,68.39198858839242
6123,36.1739603255959
7118,33.95567251272795
30041,49.58649294195722
11094,40.39053090596942
23807,62.94671685986845
67144,35.11753905679069
84110,47.57946679700072
90532,41.81335466022859
59439,33.93853422086304
69571,74.00322840587782
15598,62.924695135528474
21721,43.606067529287216
64987,49.9329506765917
5629,41.012189065888684
34982,0.0
43523,80.31648222952963
22811,42.2296838824347
18283,43.217598572068475
18525,54.17808972201081
48200,63.34322030016174
33479,39.19675670151452
49594,69.67555313057642
74646,56.8759274704403
45038,70.774530532753
96917,63.315781761817455
72799,37.20379338854777
47859,32.547968080248076
41777,60.65040203010366
25513,39.680382027663335
55456,38.600055539181774
35911,32.32181250324613
90770,71.65632138724943
5346,44.20555460317388
75603,38.28031497158327
22875,45.18106870381345
33333,60.857466743471136
68099,37.545455780891054
28268,38.27227104592019
19171,57.5800999268731
96441,64.07251499162156
1246,10.607336269433873
16282,96.85234882846356
38490,57.158696430710094
6758,67.44775868499181
36792,70.89043337910985
4847,81.17259815408477
50339,28.39842034202494
48678,62.693470488356944
91836,67.6279870019838
17168,66.23917690098347
70212,40.69706350422569
19758,31.356134768202033
13653,15.106401584582645
76818,72.95152591662557
44559,51.92401954260341
89012,68.9833619129287
63276,28.608864511006626
68593,51.116615225911275
526,42.89962962405521
4627,43.647230200625444
8648,91.77547197987634
2418,24.6427729567288
10652,52.892644316309195
71991,80.97794487932771
54955,26.71505172815633
99025,34.87789670843713
23957,76.93902063290905
39326,79.62908560765709
9467,47.70870844832029
35,48.077992502873656
92370,66.97270727680548
33024,63.9467965814268
17099,38.00119289167611
39146,55.3800854872145
50313,61.37166174226518
73228,32.911906705443705
91286,89.19135082461952
36444,60.565368825997396
34228,83.12138663096593
41231,67.79776079230282
43596,69.73754177515548
23176,51.95946302953209
18895,32.36896988634621
46128,48.98146462139585
102049,40.60808028666426
50582,68.26829473339818
48574,69.90191314426856
14581,63.62780463599353
12920,57.09276781326348
3981,44.61152998181579
64094,64.30142153578666
71413,40.649459088881464
10529,69.61552090874721
34144,26.273251466692887
79805,38.67794763243542
79502,97.7212561150977
35069,27.95982375876086
7228,33.719063685521796
86520,60.4485525205973
69005,36.68778258550875
9427,28.16695057719405
90438,61.173749335523055
43433,61.97700971108492
36870,40.124418739508094
77765,83.33778348316508
10011,53.6972114875974
73691,70.65407570205511
77511,51.462054619462734
48652,51.5853307004985
4743,35.44899364288685
6999,77.15885318173885
22521,28.718020613415586
23887,74.31842239677016
79313,70.0689694056811
84715,46.08078386237684
91228,61.904535715328855
11836,50.7472385590972
24703,42.474077154582005
82888,28.820778145934085
100415,49.36555832130525
97083,42.978091548608035
1324,64.43922728710812
15814,40.16185345551494
42757,80.24409829335094
62799,32.94533443212838
9573,43.04352049157009
7779,63.05466459477835
16137,39.91703634901549
22805,39.121717660367445
101840,60.99830013943139
5686,59.89793228157067
21675,66.60990394542739
35537,65.41987275024091
25073,62.124631530414455
12861,72.68666248265174
24550,0.0
99882,43.77921636889734
54470,33.97750746582166
91613,88.31158360072543
38447,41.67572070689572
71081,56.715226752723616
75102,69.83446123285222
53272,38.08235560523971
16623,42.155294982971746
71180,83.22413530612309
39550,43.369154106982236
86279,66.99573751073402
87492,40.1414477012564
27369,47.39152789839716
13914,70.53247673392893
7995,71.80127703530916
53262,46.35500506720345
17796,45.711454301184304
26662,73.64299479148877
25,57.80615977510817
3300,69.64193804211858
72915,67.38985086271936
89385,53.811421981548996
28296,24.19285208642486
72162,57.991377552703185
58523,37.871077327679814
25279,84.66144496760243
24374,46.33295049659917
1611,59.51013196727902
59840,33.95905589562346
64850,68.1078739176067
58820,79.52700966429245
24513,38.24077756551368
75442,34.400791627101846
6387,36.040739106558874
102577,40.56911323698397
57040,42.928995245156145
79506,71.67996542127104
48739,37.9091759015798
62400,34.45735297466902
22596,54.383213406780214
69422,38.853094564802575
93040,57.53807263535263
60581,77.75226565389343
13658,76.87829444200614
66677,38.19060309721573
94951,20.78579424557212
80703,32.320629556273175
7200,35.49408303425386
17858,32.807308658475925
40949,53.869487154993664
92161,27.69066802280507
51637,40.973644138321085
11927,73.02286600395547
63963,65.96877759188789
27703,70.25952698837074
22248,65.96965455010898
46721,69.38194746954744
7251,30.894718341928417
2493,80.48113749531207
51538,54.868962139033435
22020,80.28080471420188
20590,43.89984032406626
58723,61.60360357637289
42809,64.50123615167617
36504,48.87824125285424
38624,67.37813222000165
74330,57.45469607008991
76179,68.54277492925907
37764,41.48224828047866
27659,66.99683625079851
80581,31.94526980937716
77290,68.42751847588623
52666,37.07871464805981
8493,20.81055161479429
6185,49.309943657824306
74055,63.42242320280448
101937,62.56794851587212
36,78.15548687836659
70633,72.44190005288411
77071,48.77557525005625
14420,36.217631582910364
32745,31.816533202250902
65751,62.78555121168798
36245,44.55525482507879
28690,66.1787418232111
74443,54.26169521246727
26846,35.09131539527306
34518,73.09625671761572
81306,37.77455330279399
97902,77.34944453332224
14455,60.77730012090256
34832,47.90940122353911
8262,44.66855551917868
84714,72.23284838646221
22819,33.227507946935376
78802,66.66829300871703
51065,55.886230421375004
90172,63.25104455037289
97872,46.53285039306622
43438,73.50531876840881
75720,70.34321085049706
97504,36.50897696861756
25478,43.16642208953026
87772,42.764550201446845
55323,61.994711251308374
63400,43.18641290772614
69180,67.62953085113007
35790,79.84658261181539
65997,21.926322124194648
86276,22.48400338680775
99210,76.66172275770954
20538,16.695832115466168
82104,37.05523125641267
23554,76.7846583441039
46818,78.45160941543534
78759,38.50157791499068
60520,39.89713634154548
56153,21.034550710898163
10007,68.33709280853873
65958,34.88030317723883
92832,63.55776892895006
69820,70.76360406605437
90775,60.12747536398625
10087,48.580257507310044
63009,25.707282310539114
19705,39.149177051547724
100553,61.153206153304474
20539,70.27564877308606
88475,59.6654585326859
49816,67.66565891830052
76872,54.412587049846785
34139,62.48741197425109
27076,47.23975180560809
5775,34.82780389532072
20862,35.97059337218499
26129,71.36150346111177
63440,31.35323819660271
66524,23.501865653934903
37725,78.91671012750473
3130,36.43414841359287
45342,80.51674939980879
3629,46.60633695221088
1460,32.16116204724226
54537,63.36771509252321
56909,47.95033580428036
80229,64.91436259567763
42587,72.31296605251373
12833,38.43557133914971
45094,50.666123240682516
21333,25.439392909469518
61495,35.786300369849414
98218,35.68763595241747
69827,45.694143274985194
48007,73.01225769616133
27777,26.028613067839274
15593,71.86685960856173
49072,35.317475638743495
60751,70.13671935930009
73034,52.21014322410841
56023,77.20124433906598
31374,79.41870139381916
89683,44.312342308289104
79609,72.07996029722374
36963,67.16285452082369
41865,81.07013915579051
45956,66.5592942405126
3295,64.16279853293796
84667,79.10897187373833
36834,52.328276773849865
21909,61.43254357627406
54049,39.561566352004036
45144,42.98847406874671
8961,74.48557257218391
86794,57.31981283209789
42081,84.43477238482755
91236,62.06110164573585
17264,83.95687940351064
71319,65.13020524263271
66633,28.196829062869917
71213,57.250382182020815
81086,33.29655437623616
85242,63.861874692167476
10878,29.967705259316215
30067,0.22463332442809758
58495,80.75299875824918
65528,71.93433713162793
68490,44.498190949073226
17711,40.495244663694265
4956,74.12233372119665
100191,55.0607036710158
81786,75.1129758534168
23728,34.12352219178381
39989,38.01496467900013
8402,76.52484364836371
47207,64.2044634444727
11484,70.44448089734085
13320,54.408707403885124
43828,35.528911155024964
81493,60.208074766204774
58063,79.53017521380326
36182,36.66671591642987
50822,70.55218796587346
61364,19.4832675377897
85271,24.767256540766528
2305,63.75385854374627
95559,58.767533142683575
4649,47.74126193585487
28363,42.53355346131259
38555,57.534507472766734
38800,44.69679850482553
34948,59.97270438085094
43748,71.05374630453738
56481,30.450637533759252
96166,69.87937401302958
87210,34.81056488905599
82961,28.68055133988525
35599,83.4525869503363
89161,27.484778506667812
98151,39.83899195440894
28663,66.03290070519223
47067,55.543300985782096
85255,33.354182167241476
77992,49.84459226059735
28083,69.37659985042018
42865,79.84613868177057
61315,49.42811195790419
66209,69.76357470401007
46060,47.32569391571175
38382,71.80129198243813
65886,46.49608521385301
84084,52.85429850874972
94645,81.39370536853832
102568,70.1785274881186
1864,55.49152375061388
89948,59.36673780009704
29802,30.104099016480255
56511,29.779312787418284
62334,71.89963064235044
89705,40.11519409017375
28431,26.83385430785281
100216,33.31460347979702
34035,68.72461915062115
34787,32.073237890748125
88268,47.173223521941104
84598,72.00301728091122
95103,63.5696620590425
71742,71.77411027920141
41504,57.924109796642504
2801,44.156567603488334
44146,30.41745576463243
16400,54.10408798365171
468,47.28878571014179
41207,58.12595580424805
100973,26.117534243847434
45428,44.814613386665265
92718,37.67588649683978
85,25.720084403991326
80504,29.32577040967358
42322,24.0353687354491
25791,34.47553363878056
74368,50.50455726627426
60364,56.34573600994414
71915,29.4507266047937
2555,51.45045482148649
36406,84.68673076663404
83445,47.71985911721118
61785,73.56279528466087
50472,44.58533707243314
64574,29.398297619176624
44941,44.57313077485067
17632,24.316944269599166
82562,44.06887857385915
100519,38.11565638679432
79439,39.16350523541026
62893,67.00066514440992
3521,35.2608568211025
39017,39.27212683377561
26002,50.727051224668244
20908,52.605116451329785
74738,60.789855383743244
23760,29.984875752961106
60317,34.13413465400724
81312,45.32474302103813
18010,54.912179640283455
71606,42.26568947250769
16270,77.6117414677112
5723,47.389962979690274
50388,37.73712714228488
91877,54.71384304621672
47012,39.02443194375903
29055,43.880512417557156
71792,49.725338090974674
91050,66.75213704178162
91520,59.76848931427301
102134,64.2201141269475
40656,28.730395760335746
36431,40.99094243019654
39155,40.18590450339331
92504,43.17520637883597
13871,73.22686433745582
39846,48.019701976719965
85651,31.494796251764104
37445,41.7574301269328
23919,49.897809870790596
88838,56.88443245230694
35739,75.7799352612902
80935,31.431297147735982
13921,73.86034177453
93446,40.11658531417435
78000,57.36243352351425
77130,58.79873832080412
99296,66.95432910526824
7202,76.58361933047722
59106,74.01871481549705
59887,63.221350275516926
74447,38.334913491830065
53525,56.432676718510805
82281,64.15652869167987
81183,37.12366221751796
16755,50.54870883950013
12795,77.28062116995
37574,56.30289269895171
37631,67.81529525168789
80991,75.42446788158729
2534,54.50607366636876
32490,83.09133542041248
97285,47.03705923096272
24568,66.12469382559414
37836,40.21708586891555
12627,31.46673813291208
60328,62.59908268814468
8094,64.9645112378269
13164,43.258717386979725
97425,70.0034194589125
84787,38.179222696132456
83070,65.6710869286662
83689,37.28241741211078
30753,46.213123310425466
71517,39.75014293429474
99875,33.36092253458811
35298,36.64902550905368
70911,32.852140392070716
40604,41.69712245113686
10924,57.63115888720925
102013,64.87213465941656
91540,66.63460912298093
69941,83.18985244795559
7673,68.60818839685606
45740,45.69525793445053
94191,67.94798095471467
13890,42.82054188851967
55902,72.32818687519796
94743,48.43644266930619
69262,39.76851608236258
76679,50.9835671374516
13616,79.23829871017224
51143,65.1304400428927
30913,30.15656516842997
16013,35.1966469495273
45440,59.981145167100706
35502,24.58918934077301
61329,26.570884402932045
90538,70.9216255833555
11224,54.89227413569814
2532,82.5804371575226
25634,52.292877860229595
1105,44.29780774046528
84406,53.52012474765614
96840,77.05561241628362
19550,40.69253859573662
7970,35.94737181253758
15973,63.66752479649436
15478,72.41256634617292
6847,51.9422280169571
29918,51.68898543177226
55179,68.29652923791231
95162,62.06763304349127
45688,40.067845105549445
6128,39.798816048627174
52106,57.24432585119966
74633,52.02641669875433
43355,74.74618276071566
64731,40.640572575629086
28356,44.37998232679628
46136,55.174022241872514
58231,66.38278202572182
77233,53.35162919596927
27661,39.37079678672186
51686,31.443401429598396
61759,36.23986688053576
97908,20.141748932827603
97194,54.50077744471551
55461,55.9199863356808
34384,53.094399363117226
50933,26.48009166483332
36073,33.58372844117202
46938,49.793130330242505
46976,63.5417969838965
1380,42.173887106473586
66477,43.47227940012648
45586,36.904427389910936
62653,71.93837004127087
33080,52.5849121746716
86140,77.76625717226665
78710,68.99697284120239
92132,49.19998830515755
54021,47.87968619729906
78017,73.35335112656409
29862,41.82059415647326
5838,32.84786238570438
94072,74.36538735042438
44731,70.41996004791136
14831,34.65474983378637
17072,50.37013491259796
38056,77.47934941824968
49384,32.273300338648376
48256,51.52892212847882
47361,24.875093984702385
66444,78.2960716642549
33148,61.82961017277265
2533,41.33534243396132
9304,65.50886548899808
76581,44.30850524463874
95560,20.01008916996222
93325,50.02366952624944
17510,66.11400045538471
40667,36.75878364599636
7253,49.94985912676358
80805,56.869210541527764
92949,69.59695611616148
99462,41.54777538337654
27792,34.97434288862318
95995,52.81793527668647
100823,59.03164803284908
45831,28.751828074070822
64022,69.82206960578488
44059,64.27346503096801
10428,73.75947844817489
4995,58.51580405389526
83737,79.0752095910332
82493,62.71336348419273
86886,67.74817071972097
52370,80.17654697440432
49332,98.70168857848266
70036,38.87200067305167
79921,64.70121065877358
29882,64.02291900319759
9925,45.77761344801546
99626,73.141545316505
42406,57.19655056314401
70478,43.027809380133874
102337,65.89189024882275
92709,77.23744173526454
92607,31.76564985096516
86112,40.03244115606219
30764,30.849410246186697
14804,40.00672727781796
23802,47.36014434313797
47410,64.89819612188987
1110,30.27581970698445
25686,57.43087874469924
61136,39.384205542687525
23549,69.81527828168763
95824,62.48667572025078
95641,38.65328261550717
71128,40.094075024919626
14691,78.03319709240867
99236,68.55034727715457
88688,24.18505747578086
91799,76.30997145517941
36502,60.000352055120096
8954,42.54280337207079
9609,34.795991369142676
63908,71.37182187718363
26908,44.902629305580774
15121,40.21487611003808
47960,60.35660172088254
72654,77.1696564114103
47296,31.921692206986833
14367,39.84481583655712
52801,38.183599092989574
62254,69.72390968235172
65183,33.15756227602372
67738,36.72523304473974
24270,52.60159286919962
56211,57.73459268221919
94298,78.96388233810016
80716,32.241768824704366
50159,81.89624185250372
23721,71.487739405752
78965,72.43318989902451
84156,62.80801776065779
14462,69.67768269794189
52065,97.40481305891697
63472,60.767575677613934
99420,43.75540003659439
77921,56.6248259435156
61780,29.42763435383722
45826,67.30248519483611
16982,60.75121293868476
94697,53.56406498607849
21753,44.82986449524087
6011,73.56418195216224
82439,86.25016917588158
81409,86.76656086296784
47043,34.94160158144513
4861,69.4093234503818
12433,74.67374038749566
87015,58.85913903197147
5023,47.82107549461589
96851,65.53638146628035
16668,55.454664819375296
81181,68.84871494187175
90640,42.75483321713052
82601,64.75212219806406
34141,54.2493883048251
11143,56.93322312163203
5302,36.225748663395606
41083,62.46528525853627
70580,30.483540034146472
28599,79.46077948035057
32098,58.59620165844046
97129,43.656687318177276
23154,58.62559730173806
76058,55.91398322905445
85884,47.147210643295125
100101,41.67320148833597
593,68.78488156788046
28640,35.071190374742415
10836,75.36238973315837
683,66.69036503604602
29241,77.38348960875487
7700,72.03467999185295
51220,72.45376812201235
88457,33.98966795503061
60257,59.392312937869335
92507,36.38956814823508
46272,63.24188806168041
84057,32.8372892128642
5250,52.389291845390474
98764,71.9135961002886
43099,27.700173198491907
72471,42.78279246873378
6098,45.24006072349389
63052,32.44414674678468
87919,40.38998987623702
86516,64.95147048844743
36358,72.4698788591977
90819,30.924598218586603
70889,73.11201566423098
77748,39.0263881736115
87570,39.79497815886456
51097,87.93020479686672
65473,44.02325276891977
8322,86.80829615047
92468,31.7996700761813
88910,65.87666643257951
90818,73.83377831255459
65151,67.48999974149555
4031,76.65831403658046
54710,41.48047034975732
98814,43.27942570222801
92423,50.971035131956995
2072,42.828578435707406
43903,47.043040539753484
10433,49.920315060947345
60740,77.18155992251141
19366,60.91793419847848
20582,36.84731131197663
3250,72.38609243975746
82578,37.13641456072441
32399,72.69024518490606
23958,45.51670380488189
86583,33.838731862387405
91288,33.56515907208819
76784,69.4803352738991
56123,69.14969136247589
84089,44.91165051682165
85343,30.312740354011094
68659,77.9324630779294
90434,39.57747083077371
41678,82.23884097424033
59415,63.04607860292721
17020,79.13756406000691
51657,74.84483441958379
91571,28.70615583566907
98111,38.3930667081056
83550,25.79087660277495
2582,68.94123288551495
74305,30.30625439169429
48731,46.05025468943618
10111,31.99954516263207
24485,9.529146347053086
46090,80.53995501410765
63077,43.53275921106581
17962,30.36307299662174
93804,66.86301036088837
13226,48.52911462719645
89677,55.60849244857329
21730,97.69405672775773
96304,63.895449097004274
4144,64.21894444679401
69665,86.55869968909198
37866,71.743958719601
8180,32.051397221248564
38458,38.09266844650427
11745,61.9085602616387
94415,50.6243048404994
82633,31.41430505367229
41288,49.23535755809624
4733,49.33235495553684
56441,65.020611523194
37724,53.76104431205212
100583,58.8998527566159
41308,58.952595093013606
13858,69.79496566968561
76183,33.284675626660125
60127,72.4641789364872
20326,48.5618607254611
50664,44.47267082862769
38546,48.08469496256346
28130,98.84517958295777
41009,25.36196170152172
18493,46.295801483054426
959,48.30013705508175
72958,58.14731798524516
27198,68.20386476982412
5299,36.6310552587036
80442,44.22847580229289
21994,81.92598451340515
78932,67.51276461608343
94056,64.18442210779651
101387,43.25149555820931
6829,34.285104005431435
72345,33.63765884316648
32155,43.75080513857492
33848,46.920547344334224
55360,25.22932574395372
36348,50.30377807298133
80959,46.68268367647029
4942,39.50784001287488
26536,61.725098456888546
57346,68.51816304988508
31763,44.36416541789171
15095,31.63922387577329
49312,44.31255517559795
25247,18.68794733423738
6445,74.89987157877036
59621,63.677196120246066
97813,48.69348819746464
7003,63.84225816707149
9748,65.1850263949664
40260,6.044048149600069
79529,61.55913681996689
56902,29.77585963224892
98178,67.84184531557301
76094,63.72671298453682
92590,67.68693858592118
78685,73.30896127158528
18224,34.86589339907205
72312,65.48037445469002
37223,37.05684183401486
84785,36.91797033122429
72026,60.06358734852416
57888,44.220239401281795
78887,43.51187293797286
101397,32.36510477833783
85796,62.35509018271638
13380,38.3632166463631
24229,46.82442694936936
14882,45.3939897247823
40688,54.56405729368551
92614,42.31933666464279
98521,64.11508405023987
17077,47.17338898155195
3875,44.32226427508036
3238,37.8755769412532
18272,63.685992193902905
76438,79.09908987488514
46753,48.3848406949788
21973,80.2646675897742
96530,83.26511145173532
78390,60.17480975710194
48128,64.34518073954546
74907,31.660257605984214
74340,44.10711626056433
6238,42.0912447237837
78293,26.405004017130853
41491,29.684389791494475
60636,62.555216321017916
22630,46.20515766173411
72221,69.56059385812608
28138,39.283461722311685
19444,29.15764139340559
54776,40.84768417440653
4569,42.39759205577944
3134,35.278959386733085
25799,79.31942365960299
919,44.52766037971919
101250,69.1251663987351
63982,48.560057418967745
68634,29.27801467082736
6429,33.4045114111389
54634,86.16703045126188
77887,77.56354258586808
84859,34.905235924815834
56499,64.95262973984389
22504,62.59819829509608
80357,67.9845847100078
30505,44.06717845014999
97055,62.47644729620352
65416,61.77147274053141
102350,28.947114262954877
44729,29.557983756166408
45648,47.413535980496356
25838,77.1969510672517
10454,62.40838794338912
92683,32.9784856554546
11381,52.59527585939676
92285,49.45778521113193
25147,55.427601876452606
29380,44.6988182843411
11446,33.481024143174956
23604,80.7656320881317
61554,74.04351056406209
15214,57.26562848503207
101789,33.890399795752415
59696,79.88567925391081
63220,54.60352000084759
80196,38.578817533157
45093,61.81026664852052
16815,61.36437770454613
18259,74.28018794630023
8143,38.27979662497928
71211,63.32476748959985
81497,55.89581365789553
49947,36.78486521100517
28736,42.853872198822415
15765,73.24563817727005
34330,45.81728601450674
41269,67.32941414403504
22230,72.42115912154705
7146,40.69379591081455
26231,54.11425792959592
33805,37.04292466748871
84256,76.15895146493396
57867,67.61392338866507
57422,65.77917040762617
73846,81.82991291710894
83792,43.885317601960786
56091,36.51340460194275
89488,58.486142786626544
6567,75.26528670158352
71605,36.23268846220793
45169,45.1257157220073
84357,59.71243775768973
96574,45.608361223231526
70003,29.5324343519678
31737,72.01868039298924
96178,55.120622706479466
58679,43.34521122996804
86429,78.00640664682096
32734,32.96159300652365
88879,26.54570674212262
91327,80.11201561553929
28676,40.657762000308246
6669,38.99588554639881
51630,67.55407339541465
86925,62.050941407308954
91176,31.4666863094253
47254,38.514612598457944
31444,64.56619469000836
93065,77.94776948100922
99472,76.37293457325207
41886,60.338911908183285
92154,84.85314390666402
22569,40.64641048106245
90206,59.377507063869665
417,81.0212505797468
23282,27.788233242776954
94957,63.403507134359266
16927,40.16755568508367
43798,11.300047226616492
15994,52.68756211908727
92492,33.239331273673145
59873,37.33573496640432
9296,32.230645189899896
79696,29.210631604968
19295,34.523774760027024
11475,56.150251518954036
1097,52.087537130936596
64010,70.18909829329652
91373,50.77910431071944
75231,71.81757941043885
63067,69.72087805601385
89059,57.339017975468344
81172,29.767806124822002
100724,89.4510638618971
31816,64.26808029671457
47965,43.73953395153976
52865,35.71418345838514
69775,39.80546604366805
85936,41.842503050738465
58310,81.76030016482352
28219,40.407793667217426
71912,36.61976292934672
39881,73.85302000996296
15796,31.925243651538562
40160,54.736848325922566
62992,37.74845250626055
97944,72.97321797850744
25939,82.81899468363144
83020,38.41978699478729
12333,55.76702746012274
68434,39.227730903962225
20346,60.48972237988515
86696,61.833978113273645
92164,36.55186555621304
84208,63.62406781780054
24998,33.36004601044701
81167,33.8441516775843
5622,65.6708279098297
58924,57.82703725140766
41008,75.14836132630117
15119,54.106578250473156
43912,72.44353072081935
48815,20.209827759505927
7101,79.79268984519362
33346,19.400814135111506
19755,59.25602567068
54472,66.89006191227244
26051,44.097901725203556
37367,38.86295029564611
69547,45.38626775623159
44658,53.41671261256998
41924,81.84772609807052
41109,46.142234124810386
15848,52.69583190164783
63398,65.47359540727959
82672,47.23059114411142
27971,77.03337964287034
57484,71.85957227628782
97255,26.345496964918134
43023,59.10282483551637
79785,57.7042827263284
13849,69.66732111541415
57431,40.59086293287521
53242,64.59774779747936
35410,36.13609571588925
88051,62.24593157752224
13123,65.2055228651687
69661,26.691416935025472
90234,16.580439968328037
47647,57.33131017336561
62067,72.63244818003272
33747,46.36221613177196
96062,73.24788126335385
49715,41.05849558586552
25812,71.20359306279971
97177,63.756393174279694
34934,67.4268910434838
34776,73.50084507340395
16347,32.875494426721055
68962,64.82418243693563
94470,50.07519852904877
6851,68.70337093519092
88697,34.76700298045688
42253,34.2929952843198
78322,49.40961825773896
8446,41.45753197885943
82443,62.35800455948733
45203,36.64964440659414
56779,64.58068768456802
70531,48.293030293107016
24066,34.71894720027605
99637,38.25032947283937
86534,38.76596594289109
18847,33.898179503072335
19328,63.493554777300375
28555,70.00493721269328
88515,73.60117935810968
99093,95.6602969863073
1023,41.3764008246999
22942,22.64298157650006
93194,52.24189372332924
31413,16.93579451483902
87375,48.55444881443086
89220,43.82418983169797
4016,31.823492300824814
3247,37.94900546218458
10918,46.63851544179175
84980,72.8846664323232
18821,82.14273607362156
3356,75.06005079781758
76597,65.78127665212908
43677,52.43505866534273
38294,64.35460570896095
63676,77.32332767368796
89986,31.426544690629093
61113,37.109378105025606
95583,25.735002301860806
8337,39.23885014980583
76771,27.562537584436136
53743,27.161952029802215
44636,36.075957113295615
23416,64.08169299819234
21381,33.42522746791833
73980,74.07954440830528
19103,47.46218319243145
35289,35.43000701258436
48031,69.73839960926564
18968,77.73326569922443
97604,65.21128677132081
14386,60.58049924234609
64988,39.73904850511689
43795,69.5123455053487
18169,29.201530583582016
29876,35.93509111927333
41975,67.60353005056214
43992,53.89976942176246
66030,79.80283249028997
63933,30.541794151129068
64150,68.31032916011695
21277,33.25964581015427
81877,68.40803366973049
58250,61.87964338910862
93243,31.06886904839547
39716,38.705903056030365
663,46.48174479976652
85464,57.920756219919284
69762,55.112102058869915
51589,42.76442431712133
1353,46.879018611934484
57053,34.26184122684246
59699,66.94185931041147
64656,55.32430681148866
98454,25.856898500444572
53577,53.4349984441638
44934,85.59048200241273
38082,53.52108187137433
17995,71.89917767840149
65957,29.161793206181546
2502,45.11283617265556
99253,50.528169967794064
20065,77.03226626602014
91965,61.77103566200189
66169,42.7771057524466
19165,36.359062849008176
316,40.40375127571821
51181,66.6786038720275
90390,47.26098636271236
8274,62.49769935481435
32542,43.50846849321756
76489,27.541216781518997
79291,77.30202609435959
73814,43.9889260878569
93181,29.145890971710408
32633,32.185918199153946
87113,58.07027577854983
44109,46.96700537142636
33865,83.07923205928415
99654,44.585859303596735
74197,44.14903343919511
37913,68.73117809825713
20791,48.74188522997386
38387,45.3163545905135
56450,25.436757249657845
101565,28.56995007810101
52188,64.09583466984546
8134,53.58383374255722
14307,34.79652729061915
44115,74.73397424901731
10496,81.42556300324304
86308,63.05771757270154
89169,52.764069960905154
66156,31.428098262673156
55977,25.536987479735252
74488,54.66351971906846
23814,66.47489929026653
78177,71.07533948842502
26357,66.73637673018416
9898,21.50193606635669
2269,61.31928797200898
92077,63.49978940848375
2557,47.89607888400369
76350,52.0145753015271
46479,47.896575161495946
62527,39.33367725930292
20826,59.56859209167569
81520,49.87009052841884
79472,70.41809528315416
73940,68.79534046438677
79275,46.78487343299544
98249,36.99242466425035
91402,30.916260884891805
49574,69.16323813841511
28641,49.56348904976423
843,34.94040742475403
52120,80.33422390576891
48789,36.7933005353104
45147,39.21245924137775
77542,42.315920398993526
98190,78.91265029598515
91029,44.32323597370892
41958,48.299723599345086
40703,36.18315678699947
74695,41.870158784068366
5597,69.64815323027668
8437,66.03890336043713
43076,54.21084241878654
30007,48.43602629649724
18607,28.830878215049808
100407,54.589036056224586
17804,37.273247161164
27704,76.13238248339319
37477,68.1238868682378
85485,79.85943854618031
39308,27.227311271300366
67261,67.46733816263045
15639,43.950463062191446
62271,80.04108697486424
56263,52.522720808814015
56049,90.24819835972758
45182,39.363260602052485
99065,22.58924056316789
42180,59.13273513155539
85024,41.335954482418295
43327,46.18565911805322
64618,60.562029662768246
78497,66.83339553612007
10297,74.65677457029236
56691,69.55049785676462
90279,55.731393948840505
38489,75.27454590296225
98908,77.82508161224399
9904,31.238736458435
23810,70.22700261010507
83734,74.76029962269078
16147,63.383646014250246
91893,75.21435685663783
58355,65.40110201734083
26092,63.35124375087429
12807,65.12408098252271
75765,62.77802224402528
69456,47.79994088919133
82039,85.06663113072646
56574,47.05230533398441
49838,70.27501429495331
54604,68.5780468508431
24975,52.97638455351007
43075,65.53035520080033
5825,40.438237542095194
69659,52.51135456603905
101941,85.23397247751967
15281,49.01014328729255
75900,38.99273577588944
71215,49.205143848197324
23129,40.930734992561234
73782,39.107761905238675
102516,85.66997561491
89650,76.54006472072174
101744,69.17247536408203
84358,67.84836674547557
17086,47.686218528458895
27069,82.88351078873202
33948,59.05736012162979
16184,35.236507053031374
70913,36.48073523700568
96835,37.14475273424993
2672,46.52002349423688
97389,28.247538904475817
38819,32.944832440530604
74638,53.610067308141225
55248,34.6752840719524
84722,38.10140278182577
42165,57.40803804261522
50720,37.608646841116894
49096,75.2942470686958
48040,78.59275591583597
7920,47.73367496320027
27559,83.60175668334114
85656,58.165156674400784
71519,76.10531014519532
86093,29.65321098401268
20352,73.90013707771615
39553,46.61345699639649
5382,75.03922760579295
56800,66.61414778916728
69207,53.73382998808249
5504,62.945030041383916
22965,23.924447820723337
61093,70.81419447305286
98196,44.21182542222009
91804,63.65415853782904
35844,56.728816382493164
35306,89.55529394785796
13615,79.96092410864611
98257,38.940230930900626
13250,58.847155411308954
53393,70.33404280136332
94106,60.55527211479489
4704,61.444796918362634
21699,38.53388088985978
101866,27.165240457262758
93475,39.83833287013001
2380,62.969497497774135
69437,34.44981633223
13510,61.580313862913144
2733,73.9146766177124
49497,65.06665268388777
43547,44.30735933610898
64614,23.357053955991354
10804,63.35051291065646
84108,72.36653915616373
41052,59.9665264091163
18462,77.44673379168245
93586,36.873408501418226
61998,36.78732491522928
42972,62.073324149460774
97609,57.72439497549826
86972,59.11539498349312
35345,59.875457200595555
31414,66.7679139437085
21336,26.99616645768575
74456,25.19165098257463
101199,66.45909154939315
7489,67.51727898544613
33566,37.83687123413777
65510,44.473756437557505
85676,48.27097429440193
75316,39.68608008414245
11112,57.41722020083368
94758,36.92895639398008
64751,48.857823344499494
82918,43.416861812368325
56855,65.4530162406585
87950,63.82831595650816
72805,77.50975086009728
90135,80.91028092920797
43210,25.54377484668781
37941,50.401113510709365
76092,74.0838354867947
45135,28.167365731849767
6953,65.71215002452351
11621,57.546428852211555
60955,32.907059435529455
44389,64.24551990495954
23551,34.87038643542902
90790,80.77469022923061
45971,36.57325712869678
99254,66.95396814223454
93171,30.279238338570885
24597,54.27633200633667
56105,83.27398037303149
102288,62.8665964831238
37903,66.20801099589183
40857,62.67190444979687
32728,38.2233108920925
20186,43.27926717864924
57859,59.78613879717521
66147,61.54911473128666
16630,64.28303529022136
8300,67.09968411750154
3947,21.840639182004338
21463,53.59107959656249
99877,36.4644388612831
38231,45.33274255220757
18012,45.833335391820455
10550,54.87332100907156
25629,69.00792512036843
95014,56.08304539317436
46064,42.14226418112689
62863,39.75857606044493
50166,29.572005833520308
47755,37.43368145582299
93602,10.207501457226375
48110,60.91691603764734
23441,27.619100213677
74955,35.98759240020106
20259,77.23215121820942
17458,27.7251668402283
45775,32.23510978468515
88251,67.49233726143893
56300,50.54225276412997
20640,40.074715215871336
46532,44.26537509862308
48801,80.25359377689962
45007,58.25733417799721
24828,54.98146614971722
45980,67.56968827533291
66423,17.70439156893003
75444,39.35792778038833
38611,52.72593639967185
7784,48.2985767756705
63823,59.11092059102364
13217,54.52646559056717
88101,68.03955144189872
72647,48.22132123817134
167,70.08641581002803
88878,81.00574068276546
47413,61.25986964442698
76617,54.94545871390166
68436,43.34046165990743
51360,78.58875403702584
95012,73.38375851226803
86147,68.10588566621938
30940,61.04561154004761
54888,46.61543777716112
84245,67.45768782916868
92574,39.28501254455488
69696,98.55538557754475
42910,71.0630288930715
39784,78.63471485439489
2012,70.00455892415155
90126,56.9171976543079
28753,29.637794633521132
5918,68.9603013379411
80350,49.7750052342777
37571,73.20211036181118
3109,78.13911527080967
52738,48.566218382112
65404,65.95806787454111
84947,36.991640720306506
60845,44.17347927497393
20042,26.57329678467574
76379,64.79669970508829
99355,42.95941048223836
11668,71.84783721618633
25085,35.80832909446381
41059,51.48183555000692
82927,37.58241404420685
146,34.44071915497511
78432,76.02922175603817
32855,33.02499591428305
82723,42.680513831308744
24016,99.20868808602187
2593,63.79103922093992
47618,59.13650184418741
12191,61.10363047778297
23327,35.93506862126324
101308,73.81079017033184
6082,40.207541534229236
63951,51.89668425583197
10387,31.376205703538126
52751,63.79061109015552
19926,72.38677275805313
8864,24.2529082655468
93741,27.975375740145026
61470,70.85055545336537
17668,38.81655202360271
52117,75.22612502820812
87237,62.551710690529475
44174,44.460497144120545
11244,17.542209178963237
74659,33.24712522409745
6047,77.89484406505125
91493,68.71026496331564
83283,60.456607723121465
95252,57.86476618770647
31809,33.88458332744719
20094,34.82372814033099
100439,31.629518695241114
44789,64.21460798062421
73311,65.77407003500176
19466,54.6127280722978
58809,75.08091859508211
11479,65.85352030496337
81104,78.79407081058633
35922,64.95492557948234
47355,46.021681379627445
28872,68.75865283221842
52792,54.002099797253244
24861,67.89411574822013
15844,58.14967625144268
60695,35.701573122350375
18648,56.364241934807595
82542,61.65767885764942
92231,42.600616415256226
3494,48.521763026763125
974,63.41910462908206
37960,75.50805944429199
31337,97.43663513234199
77339,36.04924004287025
91741,78.75468059538292
90827,77.28334901900479
18539,52.07540744528127
72925,59.87210608479672
99777,63.81985115099982
71547,65.18638876542198
4726,60.413164692540974
81920,50.8947242854108
71310,24.200749547759635
38257,48.97516654419977
89042,49.2507469015763
6901,48.145116674605575
50536,48.74070503103196
13429,60.02229226323852
1462,66.09946137944436
101611,80.56116910680944
76363,64.78199240036676
87044,48.93409666915792
23874,71.8430070525425
8918,48.85753823332445
10024,74.81969832937224
54069,31.457157374870455
78304,71.46837276140684
68466,69.40706207407617
68628,50.02700810504421
3101,78.80277456838232
798,60.88608029631207
41228,76.93380964701888
43961,54.426005777553264
40926,72.53981922875718
27278,35.49198909723297
3993,63.28142818563469
57246,62.53740740379057
77479,70.07977888903287
28558,53.288050199064735
536,67.46381120833485
12038,39.065160577856496
40319,60.383722972158765
10872,43.2434639990832
71776,26.026346340997193
95370,35.89286548759921
95122,35.14068157215839
99520,62.12645941628366
44159,40.26658744454861
51639,55.69369184252126
33226,66.73752311686704
102467,67.46183629576346
95401,62.18313801788549
75969,75.32737605411594
62313,71.73144205682154
36165,73.37360937814397
60897,37.393624740397264
28460,31.4960052130183
55618,76.44715422484502
66751,72.78118557425029
54935,80.57498411035331
59269,57.89079680974805
81517,46.30638010441827
81883,48.11154842341239
22588,25.968390240243018
8514,59.258309443873564
96761,81.63299362077097
30312,74.65087485086784
30643,69.41045764401383
4072,76.23991639343257
60176,34.56922008612842
55762,33.51329138954346
51147,80.8380963832857
43551,66.41429175581993
3333,72.37902219250279
82843,51.135080889351926
61814,17.89231411960027
31234,56.96110766654809
40163,79.27390483918722
45968,61.004570813627566
53139,77.35917661007159
17572,31.594980591286213
28194,33.89467944558033
26929,30.982475601329508
40632,65.7529747282213
45043,38.32868891813455
47123,79.20660215118272
59700,25.528895366868138
33017,60.15016443921567
82625,58.01025209903324
22712,66.92251638871947
33303,36.47405336486305
48746,79.30745785261493
34651,33.139511380640975
3660,17.0949004590586
42584,27.700410317380673
37815,25.66914559696192
6507,67.99236667276807
20552,40.56032792302698
100357,66.99491333765098
94226,45.4474848356483
86085,68.41058315687434
8782,70.8405062027453
30173,57.659226124989836
38403,50.32317053750889
9550,80.82940778103789
95249,60.22147240016982
59972,56.19171085108925
46673,31.313844928813293
88561,68.98262744643988
69143,57.7514418870117
5351,27.814105299220955
59671,64.72964084432388
29422,38.724866973634036
37954,31.02209682936857
26441,79.91509643699946
22039,80.66448702282456
5224,38.38479375869529
40279,73.09203345106751
14614,34.47755410954411
6542,67.50224360599279
5330,47.94701763915166
65971,44.043740370733076
94975,25.21362642947203
77703,64.47198736025808
94075,38.09243826808945
63150,42.57758024621478
90069,53.206105159619675
1074,66.77230649866877
16021,59.89512321343407
16626,51.80460861151978
82399,65.09247067794456
27294,64.74801436934419
43202,64.79068479738213
19288,39.389821011947234
61952,27.615238726528347
43209,34.4967875886175
61015,73.8456326048792
24498,72.51218308329703
62330,42.576689237257476
44694,54.9611747405622
19018,48.743983579564926
65497,81.38200585594839
15962,41.17739717924303
29634,31.814732771911714
62838,64.0413491314921
79528,26.2889670778642
22094,58.200945827884624
102381,26.242719612378487
48516,82.98356254782816
89193,62.77934786735022
38654,32.11957703300572
60158,33.727848811304874
56954,38.08176754387815
42417,34.7005920677678
35546,26.012450528425752
16711,35.81194375021183
62660,26.135759106939908
35457,57.08448896427326
37232,42.10506951857865
12490,73.22645332793687
43653,31.84673191772734
16320,77.81727568023845
49092,34.69139631911253
27468,69.54275405677119
43766,66.82391571848535
82814,27.706884555168116
56329,45.10102627468694
78259,83.53021734735168
17270,88.99132221964275
94628,70.2454441038383
32506,46.37949108375918
35807,67.47422375422332
64813,55.89472759796283
21123,41.705425953964344
49553,72.75412564834468
75438,63.10979226843923
45028,30.143584682097014
16207,40.8919297444746
32888,51.05122302770894
84273,60.254268823642505
56427,38.57208903250736
29489,77.7901695022123
55591,73.48067461720146
50209,45.078861019979286
24109,58.65626801340818
76393,67.38323779384757
3017,54.82156122240971
61861,37.69017012067403
61178,27.369687528949065
76716,81.55363425137638
67998,49.317763272382514
65575,64.05059346491448
37872,72.43373983916615
48513,17.413284821546043
101135,35.76118865701995
99734,31.22382844479557
53259,50.523653027681
101914,26.818762616508934
48032,61.43867489120515
60908,78.38119815242767
86564,73.15833071581754
52162,67.15642349470039
63180,79.46016567340615
12477,71.61770479478238
60801,81.54387898301168
37821,29.85695137178476
27697,28.238895919085756
6653,55.75473981751995
27231,73.76048983715103
6039,37.34279397557894
95989,70.08351895221632
1544,76.14722547269943
14300,40.95863684464057
92868,46.39362433806556
39628,73.57776739895822
35977,33.726066521644604
83117,44.48889182130718
63848,52.38291040911257
81451,35.187499078004265
14233,25.272900225130243
14122,46.20678852621248
5977,46.6295651391152
28265,38.69407877400002
46834,67.13535936388487
43349,37.78681059299536
14841,42.70779668487855
43763,82.6536694199363
73928,68.84689056240228
5650,41.95750789409707
63474,60.86078845068946
76696,37.115666526517145
10935,41.75831866945988
100183,68.63850931349317
35829,25.20589769367381
72630,57.73596952714786
70487,59.843003273540944
45040,67.21728923380836
95855,70.99824261969025
6938,37.49781532005447
55001,60.04004868059881
72014,37.825194521205894
30945,43.881519736846
57140,40.53280551301124
17713,72.44062051875405
4220,65.78420692430174
193,60.19842328394549
8915,34.685836089646024
75741,30.99157123814271
68318,34.59601197842077
44616,33.492202493965365
32694,60.872259653707076
30177,66.70233128643673
97336,59.25172492472931
17550,54.81044422978335
11013,27.231422639245444
31520,68.26867443621374
23158,44.27093224942741
101576,49.65027091854394
97461,40.2914567139952
13257,69.2618089562244
32994,51.213968691632225
86400,76.62059760158077
36357,65.84612461072622
56510,72.13753145775155
47539,28.432237761799975
54522,49.96963862887623
26093,67.84466260075249
47040,63.62611382011178
80670,62.51214447335864
91036,35.93612558911334
50481,72.82882385363872
30003,43.513524138795376
38822,67.42755835636848
61355,23.100456935990202
37794,64.45773743343068
25066,20.53231891166189
52712,56.551701360476855
74061,54.45964623977377
23943,69.68196481971233
60526,32.00397972529817
49182,70.58662798689159
96381,24.552280583276094
34282,56.74649816851122
11033,45.50310617592222
33458,64.14389382761983
81467,33.02950500742777
13953,62.15714037004986
77045,55.909231425169025
83019,56.72119547234776
91950,57.09164669531691
24536,71.05978754578206
4722,76.9615854301309
1350,38.364761236763854
83290,60.3884184633628
49104,71.73227223852041
86989,40.70369176264163
48631,68.71434041026757
35703,38.467352145964256
30709,52.03320621609056
281,40.73471214748877
64304,38.76643264798446
63044,50.262430786259976
90476,41.50054054705102
78314,28.161724673010333
101356,48.53059970516623
45629,26.58329056340401
6006,60.94780610891782
19341,30.087997032426447
61437,29.688866825943816
39778,61.54719895123466
77638,67.53089130240667
8992,39.44979307087512
93600,67.96861045685208
36542,14.448316847210211
47810,52.27138920426047
23002,72.39120173239895
402,34.28528698864147
64951,58.01426471147899
21080,73.24865198355147
27959,40.26357455878586
98956,74.12602985448981
26724,58.08946926916908
33877,37.50200210385742
70352,29.055763466333726
13544,52.55711921419666
95501,34.903189386530954
82313,53.647671853532074
13171,45.833513984807915
45872,71.89904072268001
37673,37.55646744867057
93156,36.630427910922485
3525,75.38242963617117
16578,42.9074162835451
56071,46.01146992759631
97322,61.827055643015036
18884,39.032544519645505
81233,70.92694126932494
87339,43.778198595186865
98144,63.23512558463193
39458,66.88543947287204
56063,40.61332488423338
40641,40.73648832459449
56827,67.50419065221305
95474,73.42143334301213
40092,29.265193600420524
73815,32.94938512288458
24441,48.02240164000142
79162,28.33234756636843
84573,75.9157915288416
73351,66.06016879735823
54568,47.89169569961624
12659,67.76925080947467
47461,86.96215125266572
11579,57.305876731023574
64668,42.25718133388681
6294,45.45983757337264
18511,33.463787751908235
73376,52.95766276120517
78044,44.05879598469073
24736,34.65010819162113
11501,64.04434346403461
62562,18.605445749274246
29377,27.36517927959519
57562,68.61898660930297
4682,62.01852874947929
79365,35.69883829906443
40568,26.788406214713454
101417,68.82611251272654
69621,61.38479810947378
18867,46.45277216214949
22110,83.53437716004802
67417,39.04024850930834
29575,42.05654772411418
22998,27.432468979497706
44030,85.05358304911819
49768,69.32771196996762
49112,22.57691979430122
50457,80.35348377658575
73684,45.990379769395034
27788,67.88791545192339
89145,75.12118797627679
70115,42.30910884531225
22880,58.00307824464713
20819,60.969401922541294
81755,6.928711394380208
13221,30.53243219759387
74203,65.90410648231864
102165,40.86068016043716
69942,39.84833762706645
97454,27.754082344223026
53540,66.60933999818735
80554,38.39561710086561
11531,46.089649880698744
86432,70.25651320295378
1078,47.01884741541676
89872,35.78454879408745
38451,61.812763290868915
81773,47.93964601802286
1196,67.90031780717848
66504,33.8625605995179
9343,42.68657644432084
31134,79.52174593082137
3946,36.291311446959064
40655,53.40727077303645
50084,36.02826811317608
25806,70.51161510940888
69268,26.460343001937172
6279,56.70822360443372
58179,34.36016375228448
42917,39.474871241523886
26967,57.09001229758343
40460,45.7691897426116
70415,38.80854706181297
66092,66.85212128067806
61186,46.54547222376377
97566,76.90613306394704
89233,63.76142816940482
98531,34.60683580480988
66463,67.24188016829396
97658,40.568366379227754
42498,40.59228962633463
6671,22.79711323200177
31325,34.25850050006381
100100,74.10272991683523
54944,44.97489746843652
7877,37.49109575978386
60350,40.57819595540873
4532,34.79919763582199
48569,89.69389449195761
39083,74.08590543239305
31681,76.65644574348579
46846,33.02006573194833
22935,64.76208474891992
99050,59.43229494964867
15778,60.33594887006926
102055,71.08684467040285
6480,30.72125667374802
48125,59.93078244197453
16094,47.62665734685476
32632,65.28424572303936
79912,40.90619250978946
84293,64.07506565659489
62267,52.48624041956262
36469,41.56944919754919
94500,38.35678109324354
18682,63.25296666145603
21270,59.88789200001685
11788,57.94246336249908
81045,65.30978178527151
94882,80.71894092430881
68113,33.993551835536174
35333,37.53878786355073
98173,26.396173508713876
38605,64.10549150084348
102163,42.219457020497615
23484,50.01728160354699
8921,41.421745069171415
27680,29.55309092761392
68246,52.01970464393884
7293,20.633450277974834
8693,27.3456271453721
78833,44.50415583366757
74600,34.6719852137694
79623,62.33043883873393
69981,68.12438391057563
55948,39.24935897415772
17371,49.46060664105674
94765,76.66286977696268
41063,26.41878814882458
59971,41.083247922581364
24944,37.679488760429635
26786,41.488618745352014
76297,30.559916380815164
81108,64.0804380123831
52893,42.798506314747804
13138,77.37467984602752
85148,30.460395503137228
30675,31.282719072638095
45282,57.75068261573253
76422,49.0206620407481
21956,26.244198073116618
70323,67.01367884915257
40836,53.780102995184606
17179,29.146477178741513
5421,32.725191568228894
59416,79.35397821954784
5589,63.1215980418051
65461,76.69147773381117
35705,35.523295337994654
93737,61.95010342206905
27014,40.87818407325241
27946,29.904151153046897
52092,33.86422977203952
22097,29.072579280917648
50534,34.968541293433326
70668,48.87100253327765
78489,23.080046394692147
36344,68.49847196046868
5350,58.19563091776872
46439,82.9381103122621
72435,41.31166717970112
71226,36.38076016632504
16596,61.485744528357614
20813,31.694614632550582
101919,51.6527186230249
20293,52.26101137600756
45608,30.093559158579133
12262,80.35809399899222
13620,56.632652126674245
91643,58.801774704637275
48778,25.9921511670832
10857,38.23797792721672
88265,47.96323247013149
69788,54.56239994509568
99994,67.45157560239329
84767,39.14655245953563
77423,36.331985122721676
26956,59.705569145401086
43864,40.547256093501744
74950,40.407234296890316
89854,39.26086034215349
17786,61.08834903926247
37078,81.97505923961623
70388,65.25532419636005
80486,65.49858413848224
51989,76.29077911018179
28538,40.71249504723831
22570,69.106656706725
34189,64.87460412635865
79886,57.084958530232555
91111,26.841178968192494
94917,31.33522091121074
2183,32.84318783396321
61028,37.294565848126005
71378,45.83662982422684
53505,27.229529800205043
55416,43.57578095319712
69929,68.16717437385341
52790,66.50961791267451
94245,33.406814584948634
47484,95.79414230302042
10673,48.74915370111841
10940,63.89383010307166
80281,26.033438942544663
99474,58.066429605609386
97586,72.10875703247167
86509,48.28119140812542
81495,78.84609651118944
11521,38.68414948086365
26394,65.12231705412825
91256,71.40878133990722
85145,53.52182298648567
81864,49.200432760623315
10711,69.31174115664679
59682,52.5734110659736
67032,38.74115072879193
73436,53.65140493616428
9935,36.29358647002085
46424,91.42814237970538
84262,72.38695076342357
42637,37.05404719229586
83495,58.264496365836735
88264,68.3947391504164
32449,83.41576075577127
81543,68.5624100100666
38943,35.526149042709406
9051,42.835585757299675
85078,70.83870228106619
881,22.124726948884003
47895,63.19870537220506
49219,50.2304878841732
19439,38.44826765033675
43955,44.87102429748188
8545,32.94302191677492
76912,78.1762115058499
9915,34.53483486854026
93895,70.4767471785798
17396,79.17115557388789
80119,31.629553804550127
67565,48.121253155239465
100607,68.2738812147332
17699,24.877157347931956
70782,72.96007634812585
87052,79.10512222692137
34345,41.50198432829515
54508,51.16263958478591
25056,35.217330268398435
81966,62.392625756756686
101951,39.429377091094345
10948,62.40272207468476
49517,71.5445886290407
17766,55.13338876251471
13353,38.83107556365438
23716,80.67626715931789
58010,45.867384314691165
78286,68.2710448052049
21359,31.089073632721252
95068,49.2101543727348
9431,66.71494843208325
60719,82.0720218373487
20936,60.00767417517794
74237,78.18575347226422
61442,24.58736700607952
66349,71.27915053441387
42285,29.01704656190598
7505,58.67794451937887
75341,39.334353413312904
44661,38.29707599143262
5151,58.25895676394933
49710,62.92137430309544
12166,62.04882523783181
63644,86.02511834808112
35300,36.74343895694261
24046,76.53888082673987
7327,28.694148602893282
30028,58.289688978562396
69628,45.402178727745735
91505,70.22400551559865
92559,75.08290963197427
73003,28.43888035146526
36385,39.99866608869407
18841,37.293199485253496
24035,32.91143225573086
34791,69.4095794111694
84037,11.9247323631425
34368,63.05892189695228
24824,23.443775671085163
33377,63.36117445967214
32370,61.755651676043115
99113,64.8991011467933
72409,74.2409623263342
102332,74.25857876617575
14467,65.90103933499609
28769,46.32994470110272
64589,41.53752966670262
33356,40.93293366904721
81281,74.81274627334653
38842,54.17537925198767
3153,63.24573495022567
65716,45.99809817849325
92055,30.895312547048732
46693,38.327359992697644
31766,47.15039139915665
51308,48.08505971649097
8328,74.58863923780909
56813,57.3359246316965
33995,49.307887635089585
33131,79.11880236167912
84188,69.48212663553753
8476,52.6560739467763
82966,60.334151905297205
6089,42.009360687175736
61882,57.68101926831384
91740,38.61529319860894
57449,46.82541334877486
58356,54.08370242958851
21500,50.58903775684519
58758,44.614274920664855
53598,42.60143697339798
40498,42.73018882002007
15438,74.95971373111541
8485,32.7829044007622
77644,31.586570342995376
14976,74.60514624236416
99026,68.86497874671872
38162,53.01925640371695
14052,33.37130886637278
33150,68.31704156307651
83286,20.93521362354737
28643,38.91572228069257
57385,63.90260146658417
65444,27.533257153808226
35199,42.06713339043346
49851,31.12013893993064
12592,53.2380943086016
30342,63.02200933937725
14648,44.286271057466735
44959,47.36510610823312
44443,35.00281876470504
83729,34.812005931299886
35028,32.04998111514582
72135,73.62789608624135
6104,43.17457047810251
39776,44.894136164971975
43878,45.12535387832328
67862,47.47101595558191
93362,60.39592329443384
30494,72.14313335398043
51611,64.10139278857885
13809,34.73826992883443
28829,57.36705543344293
7350,81.28163027028211
10988,39.58486984041703
32008,25.32232685216953
10632,50.23922069671926
39712,48.87563889564555
58704,72.52782304512695
47393,35.40333658520692
52381,58.78035762602545
61027,68.82804030808927
6644,73.62960859380716
91140,69.80271061833015
101361,28.61178312238129
93610,54.57739281099887
30126,73.39771843252763
79970,33.89547431660293
95591,72.17556059842718
35785,35.66187248850621
34955,66.89951277430318
91940,83.41765150103149
82373,37.778765423320245
9755,59.473769529717586
36231,31.89383207507798
36962,44.79841858766623
22850,34.53930411996906
19142,82.49817490106827
67138,68.17034978447101
77702,26.75353772685529
10423,53.17881783063979
34693,52.969867876239874
72886,68.57382970211258
16389,29.195966342949248
60117,63.1425166490811
90425,68.47249547728754
100696,64.0066291536138
25807,33.6947315610569
58412,39.77327982125163
26807,41.109385821620066
101282,80.65088020763855
31653,37.28285656709952
70202,64.94300213603867
11642,65.41656523964195
89588,50.139252416285224
4850,56.89723954193933
28731,55.7672689181885
41160,51.09516179821917
53184,59.429071463725094
48410,36.73782796731541
35981,48.51097234658439
50255,34.14582305909051
96936,53.478933760764264
101634,81.26661020709778
73728,76.4173298973432
63123,62.19148187886349
17092,68.49611098144464
42888,29.263977155596194
19632,44.6874604472241
23165,61.45070931849736
17753,73.55373488483434
7940,36.41965138955115
31839,41.60897978219374
73144,37.68524943523802
25117,38.32980212010031
57284,39.5972062700152
32389,56.27641200612766
60433,70.18978399905163
81506,77.47659419567222
96259,36.80426392131564
23552,42.002188788361664
23006,53.75415522676924
58706,49.39708861942687
96456,36.73425958880191
87968,84.88045213841357
60046,46.07477439360517
34738,58.91208921839894
7163,23.40143063261921
62217,44.1355243488078
4606,72.13124606078219
33363,53.239273764773195
70416,84.72845516548685
67432,37.66906618327615
70044,37.03502934651723
28220,63.25444406295914
73736,35.4851087356799
74933,73.62584898538898
19075,37.52000171003874
98043,42.90578705856469
49084,37.94687251097513
101759,37.51205181696175
40141,69.41338520944417
93942,57.72284073437096
93826,68.78271360330831
28620,60.753742375787844
87399,79.51440504382778
50990,71.70757754167587
39256,50.74247052206408
77894,65.18410001014507
4657,66.66711226866866
64047,95.82628759997735
79879,45.46269689466827
6146,36.65417632606635
14446,74.71442182362323
41061,76.1754050236377
4524,49.921255605534064
84563,20.644208629195646
45226,54.62207897703753
89467,58.12752454241006
9922,76.89542922930261
54560,47.4251744109599
33407,62.70458125217131
66556,67.52042496472103
63083,0.0
25948,72.78229499863419
64734,57.52725168228798
48084,61.16034396054243
36340,74.01070430256553
100755,45.285999616607626
2292,43.37696069316521
9386,61.272235675335125
22425,77.28277465119757
72806,60.53803972644529
92505,76.05771393761187
49052,43.02839314636053
62049,54.28480989721051
16074,59.62524170898849
22174,78.81153748694146
51492,66.87724139480002
84792,73.37057440047678
49491,72.48822027318677
93505,68.64622652608927
13053,78.32341791522485
40434,35.78446573813527
86144,28.82203875813247
59861,27.39768507219079
22324,62.66631171811757
40254,61.76121606814354
43741,42.112059827612
15038,30.047370454244145
76741,55.017519479040665
86781,70.28509997536804
87259,36.63625876344273
56100,56.88206894021532
54679,69.3622207773837
87461,35.13944747039755
80947,27.07874357920891
73974,49.659073532536674
4498,61.8108523654188
20205,41.62691519823859
73422,64.26743027428289
6162,58.482197281832775
34513,64.1110462288722
5173,21.178707803685725
24497,70.27950994951429
5469,76.68138875317514
91755,48.04914344724084
42505,37.146397365517636
34415,37.85852482856815
52076,47.24465907486022
52494,36.28630088331524
20812,63.28075042390393
80291,37.44879416187855
58685,43.37907487199143
93083,70.3261448587509
81995,55.18937868988597
40314,34.73348606085338
53125,44.32286548518861
49618,26.456152906025874
54939,75.91649296088539
25911,22.248513779582783
78717,67.17565114342057
81182,44.65214179707948
80361,67.31436903259934
32832,21.111341437747523
16096,36.665969789457996
3989,64.41825635379692
43363,36.65412095221049
40458,35.045259119931735
48208,62.04306004823162
2176,95.87875331764502
25871,59.52979494496867
90913,25.665914125357865
87245,30.78423580664592
83604,70.95928505752568
565,71.46759724145758
33700,61.297135929736285
96962,75.33794337707135
27638,22.80561485382816
76232,27.87576714671419
44749,42.19788086091808
5124,48.7431413754794
74063,66.39863866061195
7370,65.87591722584013
96464,46.800365090155715
25645,36.919775683549624
31315,75.78902889369857
17318,54.93522714492819
55138,77.60726734932118
51373,64.44202070062262
1144,75.25053857973188
8341,50.12167025684684
102379,42.32197754296794
28158,38.89099410923425
42943,45.496682533188455
27285,69.43273093277023
62381,51.61533725005333
58634,43.95342996927149
64904,60.99913318999407
40403,71.50530764406334
18135,47.09059690477052
28738,68.32729963556335
60409,64.59804615995165
49748,36.69699657286156
88537,57.498818685703384
72803,70.50788019181326
20302,58.00146283102335
85610,70.14591372046357
13703,24.417008394818808
22109,66.79685706401561
31381,68.96492184289411
46388,65.91391350559988
95124,36.9809920334596
6570,73.34804260134979
80397,64.40942991771294
86669,80.24939578165706
38794,72.98825676043548
82546,30.129542296306617
75927,76.72680301532213
55637,70.68408117482886
84032,38.75312283385494
932,73.99367585362623
101035,62.043663255654174
94485,71.57821354688197
42118,47.01167598103193
84452,26.95326281763657
51266,41.52028304940072
99921,60.58935934289966
77925,45.52495932003521
60515,72.51068605349461
53886,75.20530480017747
5419,69.24978556823807
67939,32.423263311284614
85735,48.1646146384069
42861,63.74725579519148
44064,41.21865885320013
94373,71.93595535865458
40346,56.816391208221454
43786,80.09058280377215
68889,39.35339324630195
15166,59.38668358561172
66226,27.96671441048722
8771,77.81504422783689
13798,53.79564263277959
44317,43.63148433810963
42632,56.123695862601636
31029,37.60426344914857
4809,73.84607863358738
88862,40.06882701683135
95251,34.688593646781534
8047,33.211421301712654
16607,57.07936437227333
47875,79.38562422926573
39315,54.56853729130475
92409,68.7920414034194
33594,40.88340076858471
76529,74.7859604799612
85576,74.31449166979114
7386,65.86392950291065
43087,75.07518793125789
80764,72.58883798831299
41075,73.16106973457065
65515,23.552333004017388
87320,55.35067524220698
61749,72.71141511495969
38607,43.30505779612811
17305,66.19327913504404
93441,69.41217841567699
30627,70.98842664343206
27759,57.95956462426268
72196,36.48456359418536
13605,50.649501738589635
21319,39.063525021748475
13109,47.66989840227466
1412,34.1649660776516
43358,32.56715121548571
41999,74.38128695815959
60881,61.05894501622774
33496,62.386041785093525
21604,33.479000530140034
6674,57.013417258551115
50482,69.14286017961899
73583,74.55765753233794
23738,70.02532816147816
98367,33.39184408829009
74085,83.57466441797688
22427,29.729087514784926
3097,38.37529193882248
6320,45.18237738567801
31031,36.700396175852276
28117,49.550956735716106
33664,78.01983304640513
47523,35.63015854589457
18537,33.9112070724593
76888,56.796963731600535
49001,77.47589062001546
47322,71.01192052107614
38312,59.713120478339675
51470,83.2294510766088
82740,28.037703159535617
36728,37.19581528611465
32414,76.25451788316694
16709,68.84047497909607
80605,39.89847310707687
10416,42.42268689783439
34571,44.75673622510097
60838,57.76258725734954
94479,55.91179612234627
92428,73.64088169539049
59144,49.10755134223264
82146,92.61228300106892
62997,83.55454667954297
37209,44.52485893557719
15348,74.85051129525988
66046,71.35853521246975
35600,38.90679335686693
71366,73.67055617042043
45850,44.89280355272886
38290,72.61738845336792
12937,46.68235916185225
31453,18.697915176371453
35386,59.053097920215706
36562,36.232738796081684
21169,39.23905322305416
93617,74.82201995369357
72997,75.26997595349096
16328,81.8447595817305
3258,11.958137153674272
60910,40.31121208070674
42914,55.689623985571586
20628,19.51737845378093
87995,38.97668739903961
93863,31.851902848295687
36886,36.133866202063956
70856,53.01275730702282
32842,63.61574165434243
28126,36.32089275383035
29521,55.73078543535519
64853,66.14236658479297
39430,64.65634719746242
54405,33.79951606221211
78063,42.09283043258414
52884,66.12698934571058
73714,44.0623233288141
78990,56.87632969868116
63305,74.20742048561108
80331,76.51491788590889
52962,52.951407269454506
30176,32.7410408547153
100347,23.948265632286528
93759,33.17812690444708
68059,35.23044992747741
82396,23.186338177331688
4877,54.8784429345844
59941,37.53159209017339
30186,72.23086789709842
11048,65.79437088839066
40068,29.11558165425169
42840,69.25201807277577
76178,65.64002159337707
5241,59.5612851997844
33812,67.11160773850553
41294,33.80296277176353
58245,67.39008058272015
4982,36.66462856024201
29000,28.979716830726534
10478,37.722473505864535
36656,43.54092919982339
53290,35.505439168519416
38107,44.63903154139342
59470,65.70013402661836
41819,56.4510084842868
92232,23.470423459099464
94980,70.13124912897287
3932,81.10748825651723
8797,70.0210237055567
5405,73.06450031864617
15601,35.23335609028429
8277,56.42269219096847
55939,41.65576587076088
9411,68.38093718544287
7523,37.97019327245559
31467,65.53995101794945
58120,47.06884394244592
15195,50.439273174030774
14010,42.096098036930385
9514,42.47852880460335
62626,20.121815596936493
62062,65.55410113623122
89394,78.94928896522568
882,86.94351911148897
13623,28.751288570773788
66808,38.13815922500387
82331,22.424320424062955
4836,28.6261384553557
39944,44.0172553839964
46496,46.36566668089833
32042,27.363852773295783
82498,32.2172262238309
52797,76.0302277623318
25211,64.44763044626755
61789,68.87202916634384
22478,42.54351871895798
60782,62.35254347703399
21044,43.13873199673165
26277,52.24330062578994
23987,60.849764453824385
13654,40.39307416684598
71162,45.07984664653409
28574,36.38539875623221
23961,45.53316926180338
12365,40.626134276426434
98731,75.1691858332578
99966,67.13496876510541
94189,58.480169866745605
64683,81.75029240667367
636,75.27939369345735
19302,45.90036001859151
101630,15.720260830966119
68393,66.29356396661342
17889,52.25065959622834
79233,44.096151806908566
28058,70.31551348903317
31177,69.57177187168845
57708,27.782123531471896
52502,46.862150474431445
94368,48.48815025185968
57495,31.583118157373285
34234,53.0343807799434
27029,67.54626042037481
46717,80.65624353537578
42699,53.91639889307616
60578,37.48602089654498
3039,76.53382258333951
4756,58.584637291758604
31195,67.71256456853658
56671,29.831927739544508
99021,30.910090879759125
65835,79.0163055204364
7124,70.75496737049806
98112,56.959411566572484
56026,65.54275046497673
13272,53.712728162862
40947,75.41956811927503
53354,32.83561157745592
75117,51.29488634452773
44374,75.00873643088639
20245,58.98815434816131
356,38.57323065538078
50475,67.48551923351664
4980,64.0911249270022
37867,44.48789028817081
7298,50.15278998638179
38022,47.45117609348511
45810,32.82792342880571
31317,40.3618117116614
64333,67.73107281189192
8894,40.65819030506099
80701,77.54016794197129
27960,40.71956831879227
70358,61.24627096327538
78039,56.54634491978345
79064,62.56468373908985
92490,60.98437383475654
88341,75.02505783940919
96186,79.7453142158295
49461,53.12897992554761
62362,37.23654014958009
3332,75.10359471551683
64739,57.73379869660013
18818,23.916526795173255
73719,79.36475695235812
79454,65.95114571999036
30013,32.73455763944907
48908,38.91123376420464
12595,56.15266327105569
33784,27.63954943694086
43983,54.3856940347725
91938,23.759828946932736
48792,53.483332718818886
67960,71.00814426315047
2128,81.04119279007415
4024,72.66446915742105
75300,68.68550462976874
73716,44.97885215945516
71006,41.86389943055763
83301,63.28991174424359
60425,72.74403498209188
81416,44.50808650627898
84473,58.697890018253375
31743,43.812042300006844
50197,70.3157338452671
42471,77.24894504531147
4767,44.688280802790146
93525,62.84083978408739
63808,70.27366791918075
78023,59.28593202596868
96152,69.01239490845583
54078,36.60882724519984
72005,74.65780097125443
37784,40.343382758025406
21089,61.573783019013554
7441,24.079525776477716
18744,57.557567269217714
97479,72.97396702005737
21633,34.00365589951663
67112,60.42813166104749
99241,71.54433429867757
89028,74.06943331303057
16910,34.185432443169674
24407,77.60339602612498
9170,21.931205949961985
85425,52.36551069193971
61712,39.50989003393128
69116,56.26593440914304
61828,48.313082866636876
61707,54.14770542849217
78689,40.3411153329144
18801,41.11911208163421
90778,46.254382301424265
82185,61.753107897468354
12449,78.56999439093161
20109,53.10957011405698
73058,84.83610825576586
22206,29.564728945863834
50890,63.47109061556223
42022,64.07732726860647
92116,42.139864370673635
34382,62.32357305835887
28386,65.32401915186041
96752,41.530815163253294
74403,66.2362894795726
60994,30.459663517661546
48677,50.21909545136695
73973,62.68550677712581
32573,71.832521369222
18857,67.98809061092757
97583,73.77462101810337
67805,61.24483722287581
81339,36.07579231248201
80112,65.94081294578051
56482,70.12174886652187
31137,69.58568030575339
72960,74.9072007196481
39809,26.86697521437052
18963,33.81545468507238
49605,49.79963380221798
52621,76.68246263635413
13031,65.5584196492708
84662,77.8630361807395
8955,65.59608212108435
66692,32.439552269240366
61734,63.473750643135546
12535,31.78215825847811
55671,81.42252317790577
51164,58.8593700808364
44271,69.32371264578506
91400,35.22929581889994
80401,36.200150250615
25053,56.538759120753305
68016,57.774740098977574
41687,67.3900682524847
57011,28.23462949752139
94632,49.774108092284784
86397,92.45837706802936
92032,60.45961364174022
3416,72.45701601359221
44904,46.645280749029155
62484,37.4357785387282
54677,70.21850489861849
84031,74.15256313790104
30906,27.79479189272437
14522,83.09558167296224
63867,22.65903000242247
38342,51.84506095516737
95722,43.261238248464814
65184,24.678398557740913
93317,82.88565460183702
98997,65.45039289589866
20845,50.023788053105996
27498,69.06533875481051
30608,40.11927787450637
13621,41.71048405318681
54673,51.67218277919628
71948,43.28802929307857
66011,35.503190203898285
29755,68.20225090000724
67544,53.16698755241809
95407,24.963820244058127
32786,73.91773806487159
4926,64.10029559772606
21234,56.54219291251797
71480,79.23405846868766
73784,38.9621846196242
7319,79.92792098544658
37332,26.66215331296325
64652,42.820130634176465
92854,39.81010640615705
16849,83.62451166937207
11028,50.46403936166794
72680,36.53508842974759
36074,37.05591872545616
14609,43.08768800061191
33277,34.178126150675446
1138,49.507508128264284
28348,38.19669798863547
75101,80.36408061030724
65310,27.329816564225265
98467,73.71084488980185
16242,62.3137365276225
17708,28.162389231744203
82778,56.86685891170571
15646,64.57042687534275
67806,51.77224448995489
81403,66.05902333362437
25731,47.26341666560819
74022,24.56280126550106
79918,46.93834083861951
96597,64.25333581945387
2161,76.74715011695949
38383,60.19619443998206
83570,63.9683869661738
66859,41.7142870667995
70751,26.083125247675557
11708,72.60650504183401
16155,35.55163024472111
19590,65.35337759640632
10230,26.56675999075372
70347,63.77066613158951
3992,58.28661132912515
101141,78.30835129017503
76241,64.2206374917383
46142,45.89422574333496
91364,21.611467685521827
86798,69.70090239149377
12045,72.9002234306687
80482,39.75834869345713
90785,78.28032337875713
35489,42.641810974753234
90000,28.377149077688223
30185,53.549574183828646
101575,38.030274211289075
46092,78.29790308023352
67453,44.50291998903261
22955,62.57208697834946
21020,35.86244039613586
39477,30.556917928265626
102197,50.46016618680016
14380,31.612384335070743
56524,61.71286735127721
67931,49.00449936281457
799,63.19237746797215
47023,35.9556656054342
85731,67.99288271576003
36523,35.9721064196259
11119,59.80255673071655
64253,50.232955169937014
54274,58.75876612942866
74871,39.562265785779154
8754,79.02479328942695
40099,31.08652164013492
12451,81.50099095064152
100431,62.944078088458305
96337,66.45910966881365
5953,58.39482215054451
54553,57.65083437167351
87889,67.65742856588523
64990,47.41540791298695
60502,25.772696703374685
86663,80.85255792873583
30626,35.14141806199009
8209,63.88427763363855
10944,30.044757801124245
63304,67.22104500363605
45682,44.19505058948142
47286,69.04711787752713
3640,76.27981521321445
4302,37.103564411684914
46814,42.271523032548984
72667,50.22607865556086
1802,23.55428011776446
57004,72.37199351118052
56553,31.569495245641782
71730,36.72046404305744
15621,36.86856541232521
58185,71.72977433612112
101692,62.68123212698163
75387,38.22060711194155
90313,72.77468502169629
81237,31.573791407704977
97530,38.51509769019677
33345,54.6513450720185
24101,36.27315267337417
97593,63.77867704399942
11884,50.49191677520197
46132,62.12221182447155
499,33.20311022074386
21285,49.055182801018056
77482,44.173720930960855
83507,72.57472365401605
84176,39.18013470238039
9469,41.344636028598075
58164,36.127340605511
1410,71.41401300418565
8314,63.589079907753906
20273,66.75614153275754
9111,38.55750926547481
25062,32.351013991522564
82275,60.802877917362636
53824,39.4392342007117
828,71.24137182930463
63129,39.62966468363647
49881,83.38728319368428
16655,60.582112582167795
5029,66.7333312962858
47925,39.417717903014136
11176,63.96255614466586
61703,62.11277680118632
41903,40.79516878482808
13916,36.00944020626482
15086,36.97494239213374
72267,65.83580660286
47175,70.55943057090734
92726,42.9456311376597
91880,39.86413880806259
83102,69.09598549399715
19164,90.49214567940251
56808,75.20688560689936
29799,45.66869407149028
1172,55.46628705196056
72939,12.716927798258592
85076,44.05366737167306
29177,67.29544783347032
55551,40.11344099992413
44534,73.8446671643685
57809,26.563294010208125
31870,86.55355305480975
7903,32.46516436372284
84558,51.73203054740209
82621,49.08204730391945
66689,63.38411175048206
89387,35.53146659474404
87836,36.71423642250369
58578,74.85643900726352
40820,34.41488381280569
44701,52.31753669955174
35500,38.37084352747358
86422,65.22768668637708
87386,55.449494286821654
176,65.11694746514641
50082,29.280786495909823
58522,38.2653781083433
50032,75.6915728448329
98100,40.73808282823887
28578,82.64294455614296
1570,32.39589328335175
94693,39.687299724057695
26800,73.19043073763613
88357,48.26581510187056
41692,63.666380959943524
101804,44.180424567262534
94779,50.88621349507532
37248,46.39016094473444
15251,58.778942798028844
14515,37.579967260409745
34171,70.16798349216933
47069,42.013028030720655
51236,48.92561065078142
64925,18.379723703899796
4418,48.2075598016625
57383,84.81995490907143
80867,22.811783656543533
64667,69.98573842539474
87573,47.71738881215687
1333,43.0733283472792
97208,29.403531256319724
100331,56.94882457442298
67589,53.06511202469275
98637,32.03362200218179
66774,66.32155593243291
80412,63.82167812066227
2716,44.1529088010188
864,47.904578836482756
5398,75.14119088659125
83187,82.45399659222471
45202,41.36047619500243
88848,61.39861979785714
7234,33.93840782470503
61031,71.77078597175317
46352,74.98903350538393
80285,37.0584241648139
19683,62.595203883883904
16062,38.671445761329664
14628,49.459887825006916
12900,59.49032040767078
81208,42.15944463005985
19253,43.80220234142031
13442,66.78426341202189
95393,47.33019394535579
79285,43.97850796694033
62173,50.663919318646634
58311,65.16059058517051
57829,53.51134831600895
25257,25.001971591298183
43530,62.22767895764932
62960,43.027014836489386
102008,69.4362811196657
64319,72.06071437937547
36898,55.51349871248972
73685,65.32302266615055
3794,34.123231866571075
27293,66.90536814558453
53590,70.68010900979587
12572,61.47621567284355
86426,52.551693648265015
61755,48.05285333991576
66362,74.69510695977817
45747,28.62911266894669
47893,33.85772956034492
5121,41.79242944375449
43953,43.67781926676514
96255,56.820302514328915
87491,51.74306535542584
10834,53.034288456631415
82258,32.17499394175394
27367,50.64598491143359
21296,69.20233791631222
82041,29.725697157739727
7620,39.15355775983646
100283,64.34564439106111
72755,53.691016977404885
2529,58.68523001755668
41832,51.718077614010014
97844,60.566351796412704
39942,57.852826374326845
26794,69.34581361029255
85304,53.07347589203103
20114,41.93540241618752
10586,37.6001534687476
69678,18.12505363858942
31272,56.1379582327557
52611,35.28986648289148
98679,42.30275573431884
44993,48.71381032805928
73945,24.36401160017359
35610,38.975666885879725
11778,31.570299585118534
92397,83.53867965048809
39873,78.68974421645156
72844,65.55942522478762
34057,33.19439096649203
60090,64.60314956852473
66419,45.772423866058546
34339,63.970044029872255
39525,15.229831192573851
501,45.84931224947214
75156,35.43124203008173
32467,65.02522386024694
39528,83.05174032169322
94213,70.29303870056154
36416,33.02152828903674
5727,58.41150099033601
38901,67.22435066067843
99344,62.28043572144523
64000,27.492976901944253
96240,46.88138631921953
74499,41.567934926242344
42101,63.3188835170266
84367,57.87364841419529
12327,55.015755630413594
23506,66.02599233495542
72084,64.40140286574496
45381,65.78926458651841
98930,36.63928597302225
99608,59.98715368960607
38236,50.29633503818627
69159,17.858858008028786
23538,25.97577996056463
11289,77.53854448707699
69605,54.272355755715424
22602,52.3222556853393
66910,34.43381829969883
95055,59.06882926455231
56269,79.5005645364741
22221,32.58517335581017
27770,43.879234901848335
75546,51.851941385176026
100782,51.92900601736478
17370,30.709185758903345
5112,29.246340026592975
60531,23.96995915258288
47771,69.21406778487827
25619,63.85574034024012
44371,57.52121215552636
34535,35.730992206616975
42103,74.04579114555385
79328,55.75051788850729
18530,32.776327005681686
56648,73.91822636478068
63757,84.38153597270892
13995,74.95582907396249
50258,43.55784493650033
48305,40.3339028415538
79333,49.80177335045588
87674,46.998360348385155
77302,31.43059776767044
54511,59.01148911774695
51402,75.32355999823656
18920,54.31369264420263
9961,74.8540579944069
69337,44.587097185182856
24957,46.27883950869132
8960,77.12482015245394
3658,29.769007473446116
35446,31.609291559819443
5420,75.39461321219656
44231,68.57514721636623
46228,33.31181817416042
54098,41.33464247401242
1498,51.58351268891494
79249,60.226449315890264
75055,63.61637586015776
5208,68.13001581009826
14604,53.101498821507704
50944,58.33522279122141
79287,38.251388387665344
98559,33.8497369966007
86579,50.52320290432591
85259,59.07252204070862
75520,30.28370391233978
43166,26.914712967265846
64130,32.07744995966428
55860,72.72826444868757
45909,34.382985725855576
71471,27.575157615034932
20400,81.79602537904566
14956,67.03988180104132
33682,64.61650238044693
67677,52.39896724932457
74103,31.277203837378174
98632,31.567841718644953
91091,41.51252402929548
48108,40.394990924262586
17120,69.98930469626866
14636,53.1637725855167
18291,35.30174424073723
96113,66.44715390471664
88701,35.21357039284767
90075,36.480623881864915
41752,63.476351033018304
47438,36.173022676855986
92763,54.14938910802742
50419,60.630882452216824
69022,40.50292684285888
87712,39.78195607082184
44482,35.71267382275389
31648,73.61296268845442
8067,57.28838469270298
96258,53.002970401397405
56841,83.6228510809849
87833,62.71849949055813
52833,47.363398572078275
63387,76.38283038230534
21785,56.38453899357428
45619,63.942950636191256
83922,72.94091860421148
82492,57.755332212886145
17215,71.01109460525058
21305,51.5925259836861
22471,68.76069536027684
91536,34.50715392193189
82148,46.44793278039081
65355,42.24460798196027
32313,56.56727535149929
7748,63.442326952325246
92605,52.803257849272704
43735,56.34743377287164
5992,74.26323655168241
43015,61.36775945597879
100118,42.480301407580065
39757,68.19746573980589
20587,34.4218358523683
32100,29.415529556051396
4846,36.68902016233537
16066,63.55493711754838
92360,63.958867909146484
3265,45.93513327100041
59043,62.5836489333483
52952,61.17187429622945
76994,58.70837625330611
23504,54.009850684147345
74309,68.16064278444962
52262,43.19953784481518
62936,42.064260162501114
93955,60.385663428773924
47054,85.45505599280347
1163,61.81979368431549
2815,72.58677056639556
65368,61.4125275325631
85048,63.304522394581355
61220,61.676953058526074
4723,38.91353642275872
66275,80.51714120369823
26620,71.96206289018235
83379,66.85019533000192
19677,67.3312310182844
57094,46.7298897690901
41974,37.02588154804471
81734,74.19309321787011
82066,70.64144481801826
71633,38.54545256500283
19923,70.34444015294275
93792,29.04046789958751
76053,66.15681137626493
50242,26.161102348553893
61649,45.75959685712061
74697,76.26846414649052
57628,47.023526786546135
45336,56.15723959845694
82893,78.7508998204935
9266,43.540342297072385
42391,38.358989547394124
101189,62.1162944139209
24370,38.9975854516978
1083,62.44550690683319
78373,67.2847066297636
61589,68.97235253519466
6050,31.216999349055094
33882,27.184377574160003
30058,68.46182577190177
82732,40.83740112891148
77596,39.21861762278483
82423,47.82140168143502
70674,67.28226185068596
5191,38.91403190541663
74561,68.77591077950133
84079,62.25193506205821
32922,71.85273403857444
33811,57.673518636442495
58838,31.728587243113207
28475,29.562903366697498
42281,61.136000408850094
45917,68.11142743318835
24242,43.61589491698531
92190,30.54844013207127
98420,60.41701419040267
28601,56.22919988659946
17811,74.15047845642331
43931,64.95948888194751
79685,57.1151010488765
82110,35.13652424079583
56151,57.63945945245743
46181,34.517995768279114
17130,76.77707416862313
58196,37.901848491588396
33716,44.15625665497998
10122,51.86339834991823
94813,59.60845252241485
71988,44.45293408537205
61101,45.52183534298594
101161,72.11118550737737
72705,30.62120358574349
11021,64.72223787142961
29218,62.55481293762477
17885,69.2149360498203
88677,67.45491308650101
89408,55.628713097055666
50177,74.74759801858652
48587,75.43023923540743
20989,31.00013211803496
28745,91.9186264052932
33079,69.88639715512195
3214,65.8486108750347
44638,32.37690868720778
32846,66.36559870980614
54275,36.80581016405775
43865,66.8698086717629
56276,71.23975126852125
36746,21.87309620273441
7437,28.10544264942949
12007,36.3866755657092
61013,82.51041760075925
72446,77.77294073351771
9448,80.89359498705015
35360,51.744342997796096
54176,48.32455847657131
66232,39.9096335159565
96710,55.621846422984575
41749,54.11091126479853
78978,57.572067550646764
36062,35.53430873718943
18647,57.00033444954475
44526,73.2634295981421
59717,24.410395960638493
68034,29.206182959002376
82157,41.78517594978945
42067,38.146501865359916
78574,29.58877906168513
1019,70.1174405830111
92266,59.88513423607586
32365,45.19986283345191
77872,61.79941250337623
99029,53.844179961840474
57187,47.63326521457698
93214,35.23702305212756
18849,43.74298262145333
6593,86.73000485928168
8469,67.24538204074534
97745,33.09203946821054
67975,74.61867921621946
2121,67.74757686486025
95871,46.845395194927065
32621,38.4238686905514
23183,61.54776805299794
31859,73.70119166398707
13011,22.790457704379534
728,67.21255796771185
96743,60.95317370598136
16800,75.38161006500633
96837,28.282008074138844
74980,28.17369097150125
4889,39.814661061348076
79941,73.16142036386549
36670,48.60545451724847
44649,71.28651952192169
93660,58.29590353117597
39859,65.14761103952608
93236,68.37718324355444
38724,13.808459619165834
32409,27.219385664151694
45021,34.140789357079065
78817,63.65348311853359
76071,34.058982968655684
48607,97.63292837404927
50974,38.30483838930411
90894,59.02563536713582
97712,55.849684300103874
29466,63.59702840463196
21791,59.51831872353725
19510,38.94715153695641
24942,29.884019070948273
44102,39.82559475423386
30446,31.752553762509454
45029,70.72431479248337
1177,37.92011390957893
598,56.845564406496806
42226,61.691436427356635
56355,83.57154388589245
92717,45.46467890990158
86666,75.43852913453875
49291,53.42002818432531
99526,71.34104589551936
70904,51.84028213496612
28428,80.66356083434961
9973,72.54723426460319
92946,61.79502391092476
40514,58.88106546576544
72455,45.077640202528016
73114,21.784831940373294
36939,39.11526728406623
75904,37.56361189325517
10619,39.24991940968566
77465,46.66904452640901
95837,58.65848571880565
33740,61.37894612534072
24876,28.835305344735996
37928,40.997582058668996
4133,39.277142999290945
16847,68.62153030060213
11238,42.09474789922742
23405,37.90174879196028
79906,63.10949628291466
17531,30.478596292795203
84878,71.78579842077247
34100,78.50661419981232
90647,52.49488561522246
78673,62.94666715763583
45934,31.150469577625113
26146,22.05407463333368
67958,55.88316154695194
48168,44.223773179750054
4062,41.674302644510014
20684,74.20316451578672
80946,57.96553750699749
100572,65.01467733644157
95453,38.16120329475099
60647,41.986047855919765
7841,85.24573509056827
24024,38.185618760970115
100257,49.9990214544839
21960,77.07555438798326
101495,28.26616912442954
17038,46.41702716601131
102499,43.94394470825446
10284,57.83132408624475
22871,58.132961177398016
47443,65.27961154809049
29529,28.306494409459326
34137,61.94008857697181
67983,36.52787538478382
27023,65.65615156711223
5439,40.39382511362672
87782,61.244161869115025
43360,41.6270751227891
3338,68.59740065313052
40801,46.21239556621694
560,47.08362371598405
17978,71.67560986489482
32036,75.94880416857288
34511,26.79693159246326
93858,42.419985573543734
80921,69.29601668195022
15899,74.71934573657876
9996,76.10411378840485
1686,31.7347512996821
16296,70.09845729993188
79554,48.313350976328266
57215,38.688448413038245
51193,38.80883419724575
97115,67.88823666817254
51496,69.04387907267858
30757,65.03861114508254
89122,74.83746297626223
44582,53.747471166152316
85703,33.06371292934313
82738,34.956905006470066
6171,62.61522385176794
91785,58.619448706057895
101179,74.87165544707187
29997,62.39791360927413
40880,35.79468911711393
5320,81.05411881774216
51963,63.26178779353042
14280,39.95127486671591
57678,29.560144437622185
41505,68.51271724865273
25278,39.02197658890085
90665,38.91078284457212
58377,27.15057450858352
63306,70.68774922066285
36114,63.415612169822154
26958,83.72235964153697
29611,70.03746532400268
87216,33.250679836333894
65182,72.20339986463365
27297,54.37709980144054
49172,75.36226701941342
43630,71.92042534723633
3139,75.01636560935812
22565,54.78935881861244
35431,66.11504955503763
46150,77.26593179836134
12630,77.63486756021483
62504,51.9686744751869
45662,49.85411254954809
59600,59.60569685776284
14950,35.2889812549219
50488,71.31115674292606
92212,72.17559143966861
76240,59.03423601335605
4878,39.12389171606506
54872,70.89557226654716
55069,42.92448693195344
38988,40.55095344398883
32775,35.73497810170802
53694,61.36587205966735
81714,52.87051269737483
39101,31.442332807423192
24048,30.54233092943512
26651,52.68943076516109
98076,37.39044248849674
101803,76.31908689340281
5764,50.45075668253753
62277,53.46282754343334
86462,52.65191134341618
29508,61.178106802695
3402,28.107966716693294
1463,68.04641937390323
14405,64.91308639603928
92003,75.43434285733653
42627,16.213156660185728
62643,36.49709286936702
67145,43.1635246374466
170,80.1505954563245
55767,56.25273606261456
20403,37.659425004333215
41420,13.723915222376842
94759,63.85484273682484
60762,77.25322744219795
23587,38.13133053645837
93228,39.628903025597175
66086,74.29896108938927
25166,51.00066010548582
68770,66.59741840545026
33568,32.59745573661052
64072,46.15301667706802
17082,76.72750640976012
63040,41.19245392727719
22107,45.13716842935213
84556,45.65182859225909
12447,59.19460872827407
77243,74.74684665634692
40805,50.129452509978115
95868,74.5375238778316
10256,69.83043082219301
3492,34.56268476496336
60548,46.11307504406218
97969,63.132460482254764
6102,33.34446521043572
29573,68.84077458385995
22238,33.25737655980134
2332,70.40330944795835
17767,40.56657288953532
12808,40.42956681286337
66739,63.38338858960569
73348,62.77830040120904
50844,52.29725775114781
28238,31.569059940838013
74582,36.452354334646614
102057,48.77476997556974
70308,42.447841802803545
68239,34.49560973469831
72100,80.24298866637389
69701,52.03149397383898
28911,45.02933299545444
60920,46.861689854893754
42003,76.32026444212147
16229,55.95649162617432
39204,64.05538240469672
43617,68.74006315147233
53126,56.88307322249815
88600,65.515265678447
57539,48.58510899507458
16751,65.58601255387825
13156,69.83695065873862
82552,81.65085404245244
78747,42.74798623224214
27664,40.87638331463404
59216,76.21861704621082
24840,55.7639805239717
32460,65.43416757930842
53004,65.9806104440842
41563,29.09115880620618
91518,72.77741504798621
3878,66.9059235148363
92582,38.891016411319164
26031,45.92816785686093
102162,67.38780381552388
54618,64.54630244773631
82077,80.60845875237152
76625,72.06710601941481
100327,66.17082698010955
32198,57.38685112898438
93247,38.238223512429094
50044,30.422422929345917
100337,39.1347959332997
81307,36.63737842297044
54630,31.323813793584314
90671,74.81732978943784
100120,39.2997961467432
16901,58.59109131923303
61095,26.510664749503434
69654,65.19176533340173
18162,51.27623298141201
94546,59.55342338614618
94689,66.589344250339
4452,79.72632020240829
74860,85.28306332015602
93309,37.58225852986217
15085,60.814263959728486
25446,36.294280033747356
53148,41.31855435593327
89762,42.04429506067903
33202,70.19427720530815
101695,36.75520294081958
86407,68.31783254405252
53293,66.25266542269367
22911,54.00692869996163
90261,42.173778418158946
75270,28.585731660255718
94204,50.54197618762286
8638,44.89756907578727
41384,39.27021464510581
16500,68.68993206448467
24543,53.009207728519726
81602,48.52788132707016
91,63.27051288468654
90327,59.51793034520435
62814,39.35866139264702
48398,82.62549189795772
32332,33.716887241699425
25873,49.69867123833313
99469,53.7432378784253
86733,55.54337972618795
95988,22.37808200869487
63363,34.51215583355916
55339,53.16985387633743
83554,80.77932054954687
6744,49.390663591422935
97217,76.53127072990324
12509,36.81112804559572
40670,31.599907922779444
65317,66.76355237061411
45280,34.25950340914261
29089,75.09962081269214
3400,50.8385129841958
68545,23.363630883665515
99062,67.77848635239772
31573,68.96965758149977
22016,67.96114605347128
42743,63.47596613557352
62520,54.33544426305877
96966,46.62348199945478
26180,65.58136013702915
93763,40.333670557601074
86899,37.98780705917945
66958,20.75674968669295
24609,36.66460870453938
55035,35.129290021087826
100471,26.041453352141367
10071,66.96586195428587
80117,68.68607653830998
89197,26.93189039538096
88,37.97052221131651
50637,27.955541197994997
49102,53.67876946688996
51146,26.19664719163815
13713,78.6511952328637
97463,38.159525304784715
21144,59.90582466055774
1713,59.54902043984134
19766,70.93058102145572
40369,67.93762102899424
42578,49.544765740716606
8700,42.10148958313522
45054,61.421623981000835
45299,48.0883463702009
101513,37.37493431355014
73979,36.898301743095686
63506,48.85357381487843
90642,54.28781789787589
1126,33.39532767950477
9556,32.121544493203714
28692,67.77845677736852
77639,80.22775678607812
11937,44.865572453112186
3456,74.8054259781754
97759,34.56332414596409
38686,26.18854240102392
83149,63.489131512604224
24023,70.1600490549209
67859,35.95063913479306
63741,52.770184594119726
23127,67.74144515587415
36805,75.61106075916314
73694,65.22062116835001
93906,80.51887901661793
82400,72.94335042224378
95211,46.070764660964926
55275,72.91235411855484
33422,82.71913908677327
33649,56.047691102706224
102209,66.68101144982691
57342,44.671876334627605
22545,70.15684970256041
32279,69.84443036712318
4094,42.803159914740604
84544,54.61297749990915
40841,55.68640837696031
28201,65.15285218605538
91435,74.48348506962779
33143,29.7113579771067
80631,43.68736866429352
18405,75.00079100243312
41118,58.939216356996624
96244,39.90859412543855
49391,78.43910303758534
47153,43.73499515767355
39971,26.87800227600627
27966,22.837551442163345
4397,68.83796495910812
17449,60.877074881641406
2252,68.81369668849771
59148,33.52027976148615
99038,39.759078245461524
12767,39.467582390823864
87955,31.56548273158564
2735,45.68494565679222
54718,46.10092644983727
41961,74.2716117285764
11403,74.17144432020226
95615,42.50679688880325
92255,56.44977714191931
99161,38.868691146293834
65682,33.25059526139615
50532,37.62969663788306
73210,71.1173504004424
82873,27.452000698370227
9167,48.356075120937675
97693,55.85847337006778
68772,46.755966914352186
81594,64.31423915455318
74215,16.939905401035947
33964,81.78828664155043
7027,86.2714918311141
21995,61.66940383854691
55803,58.269901130399326
96938,83.80698671079082
22824,31.266550055988393
92197,42.21554815713337
18808,34.420228051850046
102159,74.37967791219923
15411,41.26155118853386
46031,62.764469076364655
31965,28.186692566994278
80685,37.146375040337794
78796,60.931475983750076
70262,54.585197495645126
76832,37.37852959446831
4849,65.29009664129579
90831,84.33907562948337
19576,23.31095902499769
6073,58.741443526965725
28086,46.03477009078443
89495,42.107595878567395
31040,63.93743793463214
95064,76.32413192371236
85704,27.44149188069146
67079,48.45905874885436
47888,35.81787345363147
90382,31.61906924052276
46711,72.85841865393382
9113,72.29418736458015
22874,48.99040795205654
32434,36.90611886731927
92927,33.872763288208326
66361,70.51202799305227
71998,31.249401053344716
50066,34.84132705722803
34691,72.89779070436677
21596,62.72608220581885
86294,69.49002519733156
16880,40.641011444181025
27021,41.094507619022586
67486,68.25972338872893
70853,47.589341465010286
78579,34.85186294107132
35769,54.91978167470786
41730,58.926501826039214
39362,47.25644412063967
48450,40.02942610041771
59931,25.32315013344934
58516,27.947759759410285
81820,82.4894185937412
61088,27.581516269477877
99918,34.69784239563338
39767,69.24082890250394
79611,75.15161575747821
23980,41.81480555755044
70551,31.92829581115754
72083,21.59984820599852
50977,69.15821198454131
52535,34.57698888185053
39092,46.85556467340067
72465,60.55031826829152
40826,24.179964276734964
30736,65.9588674023455
44433,80.00655694867886
71872,77.60183988115168
80039,72.8379256880981
59765,78.60415536025354
76804,47.636135146273986
46459,83.5444275505893
49121,34.2238720294194
66917,56.090588604357464
22646,35.66092035839141
64170,68.07297681171389
59078,30.236645482257263
44029,68.03444914197263
34366,51.36450694495194
5954,48.113516429082914
44812,31.227490198759384
66646,50.35962323674697
44523,56.970291828903015
2650,79.70556952292294
77060,42.00430511419192
31151,83.90116243599829
40797,30.79647305473283
61122,63.45519205392594
80533,56.257137444497275
10738,67.35997440927571
31208,63.480227996789125
90245,81.69648022615952
78197,36.65480163202228
78602,36.19269698469897
22566,60.47330982948
63531,48.68232615804493
87493,28.80400004111168
70206,30.92327782696275
85361,70.01394991445409
1506,70.84581706908841
70475,72.29444370371988
49877,99.72744527065893
99180,39.192092222993146
26963,45.53630318892247
99889,51.10982531977513
102293,45.958721887685144
22642,28.147236808107852
25352,35.58826607930467
35037,66.68590040647412
59660,47.45012678032306
56248,56.83835841710617
20008,58.15648906612695
92303,39.34582976844484
5739,77.57731712870185
93884,35.700852332305175
5187,55.66316563508138
89517,31.96150254014439
79586,68.94853940729698
12121,46.29584208869211
60140,39.70756381959614
40200,25.01279001752573
89549,37.850520625759486
48906,63.71752578935423
16779,69.48232838372508
86111,34.34120904244628
47078,28.998295810632
40111,43.68343286238306
77801,48.038160288342056
47408,46.79157591104692
17957,66.37114409102301
55870,40.240503359068896
28396,36.04524757656418
31397,43.740891268514375
57337,31.761655667581806
83464,44.70995349585072
72726,57.862612869689194
96657,79.9306156728928
76008,22.4427124573032
30140,28.150867434685267
33092,40.20895243688351
37843,63.02122553353908
66605,59.352298017540065
94895,67.76026057402109
25460,79.92295850744496
16059,83.50502238088423
6545,71.29855340245814
19114,67.6258117688453
67831,33.60995781611298
7116,22.88272664970438
32719,43.89657092956986
54314,68.14348036949538
14959,32.27799365383991
100582,73.4890688923464
66129,54.68891025774058
49736,45.74087530746201
2971,55.1095673811327
47249,29.074355620617347
99617,71.45867445412205
101060,78.28744045144065
24995,74.66684475623973
47833,54.01103491099909
37647,75.09644633959073
52980,26.658321841892995
94457,51.26929831649601
26726,63.39818823513608
52169,54.12930626068599
24178,53.21008973126979
33601,75.00711388881973
5278,23.824631459631405
10713,41.18231932324721
8211,72.95284809505438
19254,37.35703239637675
93656,54.35082835127733
1354,75.00879223507329
79963,38.196556839410434
95592,31.76738416937817
34308,73.95134570263741
16913,71.46787325921622
13342,30.08045156532463
66747,65.25546266972987
87738,49.68355206442597
75749,63.37286127430474
102036,70.32367747156647
49827,55.803438522540844
12564,63.87767828694965
26348,79.07673663176789
86302,32.117613278571625
97856,42.064087769343175
72728,36.82940727749416
3087,81.8420585557359
42873,66.67392951069289
24776,71.15319217429288
75571,65.36758651334887
41286,36.67769074898652
37369,34.690582804338874
22868,41.94214113622982
89697,67.476116242046
34924,54.20620925409517
13984,78.31988176443986
69680,54.70443744534992
42071,56.656644913705165
5177,68.38096781500356
50669,33.437804176878515
58945,87.4961106694911
50557,33.34706349700613
68007,30.08640657206356
13258,93.22399564471095
75384,58.50677186820372
83051,91.3450955477974
62572,47.77004137011679
76335,78.52476559893613
16911,52.27485773200808
33821,64.44404965189125
50767,41.906546986940235
11963,71.48339228507035
37266,39.19494877046342
4451,29.17582345341112
47629,66.78794017359975
29538,48.238880820917146
5762,74.19942875231564
52795,57.8851409344394
39006,59.63995971058261
53432,75.25075769683978
37573,36.036119926020646
12868,74.90640142440854
31228,71.49422882174173
30039,73.39074022444052
30447,79.4192934381139
50440,53.91671527909888
54249,70.28365004729906
33190,37.7578026418878
12097,78.49631078667417
47863,53.02530194728911
6749,30.579038501299188
9852,43.36608853648936
17992,49.22400294104124
84335,78.54799747538358
64503,5.130028119443843
75790,67.82064378851065
295,32.14599771699178
8320,80.27014487766996
89605,70.60317925166716
100116,68.343078327769
66119,61.14355911980347
33185,81.34191108753251
55946,36.55956931765388
5300,42.57789499370143
21421,33.130139718382544
7205,52.22347334665828
99309,76.17616349475401
79046,14.435323396638456
54518,43.23908101518364
12614,53.621909346244735
60122,76.93458005642
54967,81.04783500035933
96560,49.21754253566151
49251,67.43045569871967
76923,77.36174516850619
102353,82.36883255841063
27056,30.391031833349814
8794,17.667628164296417
70985,26.943314218132173
13215,71.70330696558673
88958,44.60024314638597
61469,68.3928588141329
25341,74.83532541367987
21091,64.42352771745723
83573,97.18688298575353
58168,49.52305572753403
55865,61.38570350784996
95498,69.45735166803748
93255,36.25768052571295
45998,38.17775246864692
79031,68.71146078024574
32544,46.782761310081725
57976,37.60168830467184
40781,70.78047569033086
1202,69.80366641759312
98154,67.68618763072905
9918,25.532474247387068
45211,72.56043286948801
62287,36.89177383277331
58445,58.383166162857506
49992,75.87321907791178
25947,65.23988795423607
79787,66.66719221708456
28542,68.97235253519466
102497,32.19158466428968
6830,42.82153386478066
65807,42.73946217267478
27765,68.77282675667351
59448,64.25449354144095
8236,37.129713281636434
20649,72.29344499324041
44229,41.32868109921827
71198,35.164335103815795
13268,62.68583604977748
58178,49.61228548101487
16376,38.699208987963786
79579,41.7556684498767
82906,38.42500058915106
9833,56.59204844071719
74772,76.99441447332927
46112,68.54533214929245
21817,65.28064158792397
51762,50.57202012960421
6564,78.91848783420318
23190,70.72603752067647
32330,84.06302658458922
10660,58.01386700970255
27929,48.9382623116022
53950,72.65594434825998
53983,50.19944029729916
72353,66.17778261946037
12598,66.76592047373697
59875,26.70975835252275
25971,36.946761158825936
82195,55.29382018588555
87264,38.097060211200734
1473,33.06105274146327
24837,66.74741227305019
59842,78.01982966878396
61432,34.66333057178035
34665,66.05177214578204
50642,79.30336582510849
53279,34.38592486528269
59662,59.63984175870625
63438,66.28658764232787
97579,71.85988143703837
20664,20.77515443632783
45598,46.329660058099776
81529,36.811345139510024
23873,54.99060545269121
28721,44.41324825010577
41465,65.55683238654149
16295,44.82120707903813
38314,43.40285259954734
38612,34.777214313252074
66928,41.31873119987019
86190,50.090879868249786
78917,75.92390126020968
10670,64.49823939069513
70532,39.45622004602509
18532,36.14302774177188
82795,79.47396377913054
97082,34.079746097942326
102677,44.749666737651786
60694,70.80406839792943
60961,68.44593594742392
33515,67.99536989297187
87823,65.91556072108885
56561,76.54378463161592
89173,68.10414591783237
96359,65.98670799294621
8006,71.7494231617744
56041,59.5845131768274
65379,69.80432671449525
24574,25.325259527154312
2068,69.65346887476282
65514,40.30687969230282
53434,50.421722946978534
8849,58.7216617378521
5144,72.88237966156855
39531,41.148776320806306
27067,33.05156568760328
101325,67.85648208202377
23817,9.53221683924438
74924,53.589055846681134
15003,57.534591492178706
60181,47.84380572676477
21240,34.483243017050505
86846,24.81264178364323
34430,28.642905982477313
94627,23.16145759154196
63204,65.39146791934527
43725,68.49718000173976
63461,69.5914984802471
31117,63.99243137211907
30617,39.89184647910649
60423,61.583888890471684
35877,54.88004424433393
93350,79.79088758015331
83322,61.988749250873184
38322,61.86367230180626
32645,54.13566821575048
27175,79.98166423593935
73134,39.918033698999004
91429,69.4777542101233
4125,64.7301380562102
100716,64.56807762218435
97120,47.69918657114164
53514,80.64277886550761
20047,81.92766429308651
78874,43.235743215293326
46318,64.30479919374602
51219,41.43622976800778
61236,87.21401143931678
30232,58.74773330712631
29490,57.391665271394984
34453,70.39771280877957
29504,29.78859373347938
15990,59.675167553150104
42795,57.0986660121632
62343,74.59431256342359
39547,64.54263665502577
77097,77.50953514045989
15740,68.14446573735482
30215,46.52367681481529
42294,81.26149888505442
77013,37.140042511750856
5659,24.759896303522726
84456,76.76671335923956
35366,70.80971460312162
474,56.62303306890654
777,35.958665006417384
21389,27.46011488385576
33994,41.89048636196937
43694,58.40797767118087
14044,70.6875625203252
25512,71.33472413931305
31118,67.20513221465873
25159,72.95925006302362
58692,35.4547341732197
97696,80.3953038812021
83989,36.74354736349847
34731,74.7688410076687
42066,82.07851650872121
42338,31.661777490059144
11424,42.776330161526765
91783,60.964953611646735
34190,33.26807430058286
88631,66.87027997643455
65779,74.48494153331973
48252,38.8210294180557
64971,26.06361500701634
92313,41.3432233038686
98687,77.54078224157782
78728,69.39548464830727
33014,30.54325838781825
7362,64.78742456802651
54,59.140724927912416
8324,67.71346231577847
26196,30.943615576997125
4690,77.45813708799102
47076,70.5256008607989
34263,34.453825609024264
10812,55.87004413345963
8618,76.4668823183857
28292,75.27014585887073
49895,40.84051113079412
29598,63.091493948164214
19383,82.66652900695632
101697,28.70405606982559
55311,61.35465864134139
95829,70.12648666194276
71890,48.4403383895824
30196,48.8107248469397
47339,76.88064894217253
102059,68.89702479339158
6497,63.35572736839899
44734,43.20261285695588
24746,31.621039735497213
45328,54.27899640651533
66215,81.00157251687854
92679,71.49122513481086
21764,100.0
45355,73.51954229809729
54340,63.163134041743874
40416,53.61224157160283
4132,61.63626389067287
27818,49.04647038540341
71643,41.63994361729233
45760,40.58668971660768
22644,50.8163874714333
51914,42.63797052464244
79045,65.57668411708146
77121,44.1817730218516
85374,51.75342492650998
67236,46.7765402179471
67870,38.85300543292681
47219,77.85044366751157
32898,46.332397512631786
33546,65.5048356437295
71986,26.247887856016913
101200,57.278332449803706
29793,33.87496946074591
80881,59.97209969117591
62648,35.79367981783495
75839,32.04508359604547
77967,50.33180477599754
51765,75.91809335686543
28918,53.458660681536166
56281,58.37150382475768
82736,76.30706501851444
54344,34.50041162830886
58338,68.78481512480124
8237,42.11418137542446
80540,62.48033862733109
93283,41.073826384583946
61591,39.539422740656676
78225,64.10962186286812
30725,40.95081956697395
64081,74.36811733426131
83225,95.68239907428239
30553,74.43433070718328
69555,66.65243707061657
73468,36.152874486902824
43498,66.59890518360808
40327,31.823409243967973
18643,40.075072700286825
5440,55.58974339720491
14547,57.0930971692992
8605,62.27293584840956
51310,43.80958486412598
59307,30.55724291776742
97299,49.88080465286508
93265,55.97744534863625
11844,36.14995298294971
41473,23.713723063729404
56116,34.92997025350145
467,66.61998828811788
58648,49.85079003513134
2609,33.58470577817612
68356,68.54409453439494
22315,22.543975051117066
31125,51.237028258855304
91410,45.52083405920287
57017,41.823298806838615
53511,43.8232211135787
49496,80.01451661014313
62601,36.69101140912271
56465,12.904237710617295
26295,33.46809257459758
98829,72.25393826849925
23064,35.57364355048664
1594,72.63127012532428
25306,38.52293610801664
35936,44.07673195668896
19917,43.621017529337855
54891,44.71388970640381
89602,40.067908472611464
92912,25.99984627278855
70850,61.67285683022507
64187,54.433610098969154
8808,54.30463080724965
64865,37.64035612797957
80085,70.3839574775352
58837,35.402543820454994
71026,50.678056224904
12558,33.57704310472069
7637,35.63289190924012
9623,64.92155333853916
102430,83.43486436057597
93517,49.44421040534782
38646,40.695598506126615
64311,38.94515035049158
43767,46.07625968236182
6061,58.46185595869581
71178,67.19068519268075
22311,46.227905191756705
40428,62.91117483746182
84337,53.67075505034663
92394,29.78477788393645
92421,71.09918911037474
6142,45.552763980706075
16567,76.2129665205341
77606,75.62972855362759
74170,73.8066187028071
12165,69.99342708808281
46705,22.06749687713934
53108,48.16469673537583
102455,81.82878756002441
22401,42.097461950392514
25345,31.751681596752842
18608,62.34167589265465
25441,27.966784771068674
22000,67.06187575810799
6647,62.86955758517869
9460,78.7931383963026
29947,44.39093393968185
27982,43.37812714452838
4478,26.25851136570661
40785,65.45586590943722
24267,30.341976187955424
81934,70.42711630234248
11396,86.27729189719605
5855,61.18024348525083
33214,63.44743959004498
18093,69.92813992031066
51984,36.93169029951405
51124,26.560758893157228
38355,43.890122153453035
50480,54.398894365078846
95627,51.889227621019614
3311,42.219154449146885
48586,55.893802732897846
74079,49.92126726733808
50855,38.35768204547798
93101,69.30795599329836
12560,81.53223459115735
78301,69.41715143069136
29050,62.44862648313891
51202,72.99811164491427
49865,52.30884897282665
57295,69.8506239112678
71775,40.04613690717784
65419,100.0
7985,63.778160675934224
59395,32.17265378324858
1043,28.476721390052404
100411,64.93987377169287
80231,78.59794443534608
4821,64.27323029668008
68988,30.934517392694772
20164,51.499582683296474
93393,60.62221110637851
69889,64.99884070495168
10941,20.92815274352341
44343,76.60925172341514
61857,70.68849319727885
48079,64.14407895256338
72797,34.716090249060294
83113,82.41163224176202
23903,55.58037350993541
89816,68.7211279878469
14059,65.41684027337035
27151,48.484334876660185
74758,61.11240171243514
69411,24.008119485025595
35316,36.85542425506567
37208,32.08163316309015
68039,65.62828374446026
60832,36.37137710787742
20210,43.794499056669615
77568,63.56922975293003
96823,43.910176361005455
89061,69.3156910640208
49909,50.411042491694076
17184,76.33937102639148
28023,71.63416281731622
45426,74.43273056548016
34490,59.86382812357402
21516,38.734843295783364
77512,58.42557512950582
32428,53.23994113665751
21043,66.46571666316953
34634,73.49527900761993
41876,45.5169741655466
49929,58.26453177699237
28802,77.57258738968952
29990,45.306780274967124
19885,50.940838016027044
97221,66.60531022034723
92903,78.85119638080567
31091,21.861553894296527
49032,37.64808393706515
41745,26.570821770668143
98549,74.43890408729311
13532,76.11946750926971
60982,78.9636951869833
82424,60.58019468365109
28922,37.212948964644994
20431,79.14483936394987
89787,54.6824125602852
102503,73.35738214999333
96002,67.07456400530472
88460,33.612399048392525
11217,40.11094151591124
2824,66.33440394068688
18552,68.65387086176386
96303,28.61721492451852
76203,44.23097604671276
4572,44.9597404214482
94247,19.623119248997284
61903,60.98810141576436
76328,36.66210527311758
17669,37.148573186001194
38784,73.10807362790766
99087,63.59454659446186
86973,39.88739458001672
94141,45.620910945128955
82005,49.752619878827346
79513,42.91821722028591
50154,56.78498338118095
82367,69.92129529633615
50234,46.0401731500321
75451,66.1750190191591
39228,57.343316584715694
48459,35.568284053842355
10642,56.797476410562844
85883,35.53978130213736
78096,64.37317899220255
89438,36.261814971291095
60471,16.894997884647328
51150,37.08416484749381
88563,72.48817211866994
15396,67.11487398485939
26676,80.88284447278448
85601,70.03283417586908
89704,80.36229998161348
31270,44.44464729427724
22618,29.424313711395648
96200,40.79178797843265
91456,72.47110865270393
102539,34.69352647000593
38274,29.731548610012748
58469,76.89701462298402
87543,30.251412418826124
56487,82.34181340736532
80392,66.24668300541201
54492,61.93644486086188
41764,34.76334551707092
93904,68.8504364201157
31145,73.28688426871827
81919,68.25121637195691
52775,64.04079591453795
14588,51.85093130700915
77360,46.22570082094326
36076,55.228815938877965
40296,44.32108697090679
67735,58.011495513655085
51794,34.59633776134658
2855,60.07149134089901
76898,40.743601475436925
99815,69.23063251104969
26479,42.99874329655024
59,71.01537623673629
29045,69.67807282114292
64267,62.48397880513292
1699,40.21095117788528
10264,56.57025803687365
39856,38.871455710573045
99069,57.2504157529722
52284,56.587707056974004
97804,59.21206059994957
21725,24.244334849214532
93649,63.93998865772116
26552,36.23410059263274
28723,71.71815535353542
97571,42.271209087962816
80873,67.3074763290091
94624,28.841621605459622
17547,62.417195060170855
90684,32.46105931650543
56683,28.85484136027556
60600,33.24993052223964
34494,81.92572150253423
31181,32.66823500256774
17382,5.105437633151318
52080,66.85518604480647
57154,47.475652893074525
76135,84.70556259116881
65230,75.08797235133827
14201,55.10614049242626
82047,49.20304486332706
62043,76.21108574156341
7073,28.93478416365406
21086,72.28471644339838
95289,41.10327416487275
31774,42.385288845184675
44309,61.273215734326755
48743,71.27866570990972
47463,65.04909939599195
98303,36.0140646692777
8345,34.612190709656296
33886,30.484703653640764
63130,63.31889348886128
102592,34.21285398024406
72093,35.87926374013345
73562,46.64140239292901
9602,35.582422141105305
28788,25.00604443380741
93932,64.29108585444648
98482,85.08496466342467
97114,34.271307303090936
91660,71.76994180709752
86449,81.2309548673555
54361,44.41547016257917
44673,44.126228201731905
18296,64.31223019164071
56987,61.13538305513034
84669,30.528991103995917
71040,37.13415784470733
87381,43.73068355273066
85808,28.765353690015388
6269,34.228424843778335
58671,28.65561183442568
37436,34.064348721743244
13046,42.361925746397624
7583,74.79608498381378
49186,31.05707056963302
85010,46.36764276861422
98783,44.00443184052573
92748,58.926862475396774
6768,56.42846595945279
56146,32.76109296790959
98034,41.71857949580361
47700,64.72793712909568
10432,41.325575315765704
28047,67.06800708154998
96563,70.34017136876906
101402,70.04199477211789
55315,38.974318153352954
26249,72.43793139517135
17851,39.6945599072948
80907,36.98767460894241
41507,45.00841611369608
101960,67.96899458503106
11882,38.51592930113452
87013,28.715661350549095
23460,53.29851901079809
31071,18.754694287335152
96847,29.88939935578898
54790,58.12927549648412
73759,33.02963051746448
1589,78.00825955947488
22888,83.13306348021754
12225,36.22924386422861
78381,31.516381722099254
85788,45.496561061563575
74274,66.42605616165542
12392,66.67385788563072
39728,71.25498136986664
59090,64.28388189171099
88089,33.18724219527632
8899,39.07471059535593
25725,40.851678037001946
29216,34.46535111835518
5638,37.13444543974742
34476,78.37566231676104
87937,56.395200619603024
11450,74.46968390628211
16718,56.749103451086214
77158,69.88623802197021
49923,33.46669842450439
89299,36.74024978267154
63327,64.20216990063679
46555,36.51028357784175
24253,54.65229253818063
14032,32.41435652659972
84455,44.36258724724159
16961,64.09767530394537
37363,75.83873288988741
10224,32.316843466762506
8994,16.94687056209017
75871,14.376047154098867
1486,49.97386726580785
34986,57.20363778947386
96253,70.3126732100031
23832,62.752411421668384
70611,68.17201680356702
87292,80.92502134161938
13093,58.56428155430495
61068,37.11262174940402
83873,75.65634248904126
3762,44.5752617467024
41807,56.00887913167038
51632,41.64720370695384
61944,96.96866718292418
9257,71.21198922334366
85717,30.417027133422458
87019,42.45153076807718
85880,56.79309851115386
93415,54.37581105560329
20238,33.789387714368225
75782,39.5588707137777
5231,59.72117348627029
29108,58.15125369455066
85438,63.54567798605208
36027,40.99268515978881
44096,71.86522073654916
74183,33.80747351550459
36722,38.28737388125188
599,37.84050678341382
35538,48.367399714329196
82679,74.55484004977424
25863,54.98294619009094
38377,39.77000350963918
73699,26.60128230210099
20994,59.69444927274749
6823,64.27564687557987
9862,47.507207144911106
42099,71.80226209191946
77768,49.96972918799353
57467,32.38083508416239
21377,67.72107480106624
82706,77.35319672617302
8867,51.16755272130187
88708,44.42022205605859
3994,30.182281988284
58880,51.42201883484909
40812,68.31547797145905
42817,16.792631687408957
87345,71.3946954257552
51587,41.41473083331121
10966,32.98936601993895
73867,69.75993982146397
46581,84.01502556231478
61246,61.93680646139619
19999,31.966176636176222
26048,67.58634525771575
70726,57.014106985855825
36973,68.94471073481586
1672,44.83673953250447
83994,50.023283652597044
62174,36.53098504075618
24154,68.00035645435364
99876,54.10781506128956
92510,40.18657388691029
77261,73.65883452275786
98590,57.604405621862085
76185,66.98598214259792
90326,62.93224680535256
43255,59.20861362784846
39347,70.95637123604774
68178,49.84808588917733
91484,69.5050356070137
9018,71.60266526096473
59314,38.455118959207766
68202,62.4281512990129
70163,32.277319810713955
12631,60.32587579931024
17800,33.78679023420911
97569,34.27620428918903
2102,60.48402572554214
77818,30.130790959370525
99129,47.32779505738101
22550,65.28705012432667
97162,62.86213385382395
20609,67.24001308765756
98525,29.70113115843131
99594,46.07955798871569
53691,28.850855402157276
14556,58.553390527694134
82665,67.23259990670255
51029,37.6374058472435
22299,37.08098919970763
41751,43.58773909126723
14542,51.95110998850127
69446,48.421380025322634
4585,45.132079771947886
57665,41.52399491092346
67189,67.86416607008354
10627,35.86594233318448
11233,37.33089450685718
79650,36.314247107361176
91770,78.42111947790222
65030,65.71748991308164
83343,40.0207195610381
57560,16.4790155694176
51082,51.777551357013834
32084,27.1131969641361
78449,24.53670833511012
37554,24.987198538131352
87753,57.68801143380094
96288,73.72045096927256
10730,37.931610570377295
101240,64.4320027347764
25814,61.69954587172285
29830,41.313425315678494
60264,38.49676963095391
66003,69.34912773032423
978,69.72808901975834
23126,80.0123677001832
51028,65.98603515177119
41209,78.7903288033379
29349,33.31270481095002
2058,54.93632425918952
34266,58.36090684941231
74557,44.76515056445768
75528,67.31739268936012
48763,75.2245913522913
2050,51.19380545456335
90537,70.04021702176904
52859,45.95792302575282
75983,86.66120365678202
75390,42.67114806413958
86125,39.85218824480526
9742,67.2955854669393
67528,37.60003079102441
37955,68.33470735882432
22587,28.696170707163812
43884,65.7826972595836
19940,52.260575288813726
91407,62.726845890980236
84478,29.412298570642328
45473,43.51551426795673
62903,57.49268772269555
59989,86.74464272894896
7135,31.148344844274032
55886,39.02409402299888
2222,58.89985783340039
3330,59.96921832073471
10898,63.74834589125119
22577,40.613706049865655
18365,55.42649888562799
75971,28.452091646488086
8879,34.004548571557436
93612,32.58706426017065
69423,69.13403142766128
42655,84.66136036610541
44333,61.53816880057803
99852,63.60581324021458
89843,83.35543566744002
28705,38.83751941436957
84184,77.87025559170993
8129,38.31037887920655
74379,66.62335071545004
62569,30.28745865539311
37193,26.615114384658124
73220,70.85002274871434
68491,78.2619851639923
42638,15.609601187585032
99795,61.26450278625465
85607,46.94464065213158
63856,68.92236581520797
16732,24.526512105321217
14324,49.6418186932458
74030,28.87864548676915
72194,37.76909249530205
69194,73.80197091726379
68573,54.300370927237054
90302,57.97940720172359
32221,76.42091068991408
12297,73.764734470238
35720,30.693475161243605
61999,43.9013025994641
750,33.557127791884454
45978,65.35823301206138
77397,63.12642920837047
28471,23.23510640216736
64542,60.47629955686868
62487,67.08459877785853
48276,59.952176352737936
14306,23.624227354858277
76457,36.970955710611726
50997,49.32302486254338
90844,70.72248791980829
2316,54.026794636428235
3563,72.04922234131831
90877,53.10570754459461
97538,74.99793402665645
45361,62.95902448794875
15753,23.164072084153716
44331,69.10672874487949
97528,44.78298297174902
50934,78.89037637048993
78716,46.262153468442214
7677,59.177017883286254
31988,71.59785134366943
24785,70.09155169090083
63539,29.81411422383498
75089,34.713788284681186
34201,78.2536420068233
12671,64.54117240947176
20997,36.16401401398513
31787,73.08557998125723
79681,71.00394760456525
34547,62.12307074965061
70818,38.46413822241777
31571,75.71491987870601
8355,84.93618762600157
34015,80.77844621496114
16009,46.782050003338334
74779,57.760977139833315
328,28.86151803883742
62797,75.78748822020677
41838,25.869792050969593
12903,78.53123882649139
78487,78.35069191380398
25942,67.97862915619248
83168,37.874918190803626
61273,72.93348919337376
61922,65.70604619230043
29148,47.5933031891186
25732,53.294878604292705
4131,35.03270754334064
63803,33.471997620156486
39065,39.28472666763655
19724,54.415332415548306
82103,34.412371254632326
93891,78.24821207211559
97277,75.49729377601902
6536,39.9094582411225
67042,71.14023358520583
24967,32.86726285919266
50986,40.33523845873881
22616,60.27479231658309
61000,35.180561561441806
85006,86.48591655507741
34525,27.25456127303743
22340,36.56670538663751
90243,44.54047950369591
91067,56.38850246025362
15998,74.93635119477648
99216,38.256616581644316
81212,38.75389554432997
40053,45.0091546354314
10722,68.14184297354072
37745,42.05917383297805
80692,45.06306676687583
95319,72.22345241586278
29779,36.76049456925075
76108,39.43359785628399
29906,57.19886973324577
71673,61.44235977681123
56586,59.74920960655787
39802,40.366003825359826
99607,36.72781879949259
61179,31.37419308577654
90760,71.87201772304806
87208,9.012663223434128
6380,80.95871401612715
17466,56.39766107656044
86588,69.23825215294215
59408,48.17522050039421
6272,36.53956189611322
61925,60.90433279727861
73027,74.10404247048105
6427,57.73659079593071
56783,68.745028133517
64716,32.29827558464307
63111,71.06925898007908
68074,26.722427480887536
93092,42.169847511725926
102267,30.216024835727968
14057,51.76993984285619
46795,42.03343786417384
82305,47.0208101249482
87531,56.769964622409994
58721,58.6288827934881
88262,71.17031070262755
100233,65.20088220186572
41609,76.75044949613401
44348,44.352104878377986
63838,36.26610883783769
62423,59.66226799878477
89172,38.877279035928936
41833,71.40763361021183
72981,78.37565685225508
49624,33.38792141478145
70609,66.20614875105667
100071,51.74297404069496
80446,74.96117402731781
7588,33.20772794183709
3869,38.59430936937527
21214,36.221291572973044
10325,79.86975339731632
4198,30.96670473033442
4875,76.6020983716368
50453,31.492658753286847
29099,60.52263915113366
31966,73.52769387522027
58991,24.25762264396404
70953,46.17500172284654
85664,67.56318909163092
3096,24.51597504404058
31987,36.77399320412237
74450,65.80906266346932
54920,62.581938247466624
46231,33.872984374369494
47381,44.00409355716689
102243,42.85024689155334
70836,55.40052667903587
45705,65.26604022389812
89534,43.77864091665449
16142,46.83429217214304
50277,67.91143724539606
43950,65.25869337372725
5073,42.539058179743044
66008,58.889051168684894
51733,87.20507166127173
101582,39.589485114544615
3288,55.31822663827087
5558,44.7120118059119
65167,67.04893581352268
12625,73.6734485932417
66032,34.2076130004681
11366,46.56995047110367
78154,42.369431638321785
55353,67.72353162057689
58814,45.942356352114146
91664,28.72925430370456
37410,75.21539074122757
78160,40.10367219030931
21034,46.2568388849433
87255,78.48864462256859
81613,65.03203604662343
24742,56.760860940635965
71798,44.714152685605164
35824,78.1638948236042
38125,71.53827608842694
47193,34.86106456061948
4741,32.46436651979101
6704,48.011547818607426
29751,47.50933540579435
84051,73.38403748514332
44670,60.11892384091362
82155,32.969658813770735
51843,36.27122197295079
26323,67.57402394761985
79940,42.78226924777906
90702,28.00947302551996
6591,74.94966078940253
93609,26.6946339646088
21194,79.42126184941291
84041,69.5370080268504
94939,83.29864261543804
28685,32.82717489563333
10473,43.72393603420837
11400,51.40705298573657
74631,68.19821069950027
68230,34.75670779781452
7848,29.795741257451727
58632,37.92728483209358
72367,24.219445492817584
87972,61.37924511670553
57460,77.39190166728886
42028,74.12369857788889
86527,44.31695610558914
32451,24.77840583601028
13383,44.968335291751565
91747,76.57201753962225
15660,64.89967470395445
1108,51.95975986717745
38264,42.619129557317265
81118,61.157304150601526
30227,43.20636939785165
58188,68.1397017348443
25343,28.565225759470195
41338,26.750924787394457
64415,75.92050058036878
85470,36.69663490306503
75899,65.88884946560569
58680,57.37244789431856
17024,31.287528006220647
18436,71.6033885193144
74606,62.82790507018558
36162,43.12665717790558
65022,50.28915640767733
71856,36.18828684575466
34056,55.15151116041475
72600,35.4451642065776
32130,42.509166431999574
19525,43.27064338810895
91173,28.42492430296597
46374,37.194320808619544
28666,34.961879519316554
100304,64.0111798660173
60446,62.16900347487638
90323,53.277923026655486
15703,44.4097822827784
12673,39.76884706027498
77298,32.46295804727121
96998,58.707892716033776
51727,70.55995755685797
21599,47.49984564483072
23071,40.74415323197095
14653,83.40084015405634
19848,60.827206740532354
3916,66.98487340871479
85556,70.13993532929368
94162,66.87394331449246
29411,32.46524322348712
13374,32.72716061973507
86651,50.39758333743989
38381,53.44590140621582
67578,56.45127604794095
55643,76.04775565338366
57021,41.12287394353004
94131,27.671864657596213
35690,27.803486559329905
98735,83.89870561743156
79534,61.672329159317115
51956,65.167307255873
69241,40.87807478984288
47380,46.159294658452055
41963,54.31812308640072
33691,72.92792442956923
100628,49.08437533102659
53306,71.987227765432
49174,44.02849750302079
72801,34.0106646271825
46782,41.22385221480832
35181,64.50569708115098
6635,46.358387174334034
14794,22.64339865586659
70671,69.47526679150727
26469,58.98877534810154
43754,38.6617154390243
77312,70.38983418306037
72718,75.04317653515841
49016,69.14961963792695
43659,50.867713022000345
6295,40.22039263810836
72422,40.82080611155108
92092,62.677631480366685
69903,38.25325300009109
379,46.653769999003444
57820,50.86871863139163
55418,48.7486438850141
43000,46.54718498287838
35697,75.0670224848552
40155,39.12745734154879
22774,75.10502790614454
82440,34.70616147843789
17413,63.618218868624346
21266,70.86135765840251
42755,35.04726346919447
100910,32.93536892070981
35480,37.54786320207626
61860,50.93443182410453
58308,51.38507547019315
48224,38.64488664964768
33761,54.87281627363157
4092,59.28991043851927
44419,69.59803662679694
92195,33.21756420297382
46334,47.59860296820213
79819,62.55907702343529
58129,48.26962603586989
47499,11.485692673270897
61898,46.08797778117306
20942,42.83595044635263
27647,62.779130927832384
40950,27.779473552657723
85502,49.3034982268326
62798,33.96869221287312
100797,35.36612829937792
41028,50.55372495606116
98762,38.00237500770292
42451,82.31125586020215
2258,23.180710928135525
64497,60.282077575809765
101693,62.7372209494307
71982,29.64008835276749
74373,33.23912406410938
27596,71.10256790000813
82726,50.57229327686628
18359,60.89874040209502
83210,34.024354197349005
85068,45.04482439028889
47149,85.67827149399179
72207,34.32826591035355
86146,30.05070165187764
83254,73.03630428452345
65794,77.43105577454813
792,60.005547645726054
95083,36.83377705098899
69790,67.92367166422346
32783,31.178195708620102
101786,30.677305482260664
78343,73.35475081445605
86847,63.92625987907498
21126,75.03892873838377
88655,47.760354447726336
56296,53.092219202780555
90487,37.273291814694176
5424,56.354698997367564
66154,30.237222861430528
96297,44.76145997894881
77320,52.83265983759185
64276,35.779067605608056
66589,83.83138539457674
82401,56.32609829526367
88073,41.94528873115156
85524,40.46560918457805
17207,51.758887973311374
6307,37.705039789119766
93217,51.07839225253048
37147,39.62094030195891
56550,53.09543343963553
76911,40.37124558932221
57865,71.69532187750214
85421,66.69818710703706
101449,44.069892681651716
25836,73.03645637727982
4210,27.582982102686636
17295,40.060237438827805
33187,46.797139787493016
8298,45.835712253795094
60195,25.083516991620602
27525,63.06127936052306
75,70.71781999540569
8196,40.52423382944924
79244,52.48680862000628
54186,72.61476204836369
71668,59.001556639467736
29206,64.8017839862569
95882,38.34673897250358
53187,59.64830432137833
13288,47.76875943068025
47917,29.628100857480575
36804,35.47692326884576
18715,62.660709860051476
84475,73.80186977862232
64975,80.38200080928442
68340,53.58414059202053
952,28.32818477702168
15852,28.966274558500483
57406,56.73113887224557
80901,20.415242161681178
13263,61.70354584779661
19963,64.60171373330685
7600,48.93458529302775
68590,66.33909935174107
11920,67.44875367468157
9481,59.17557313236433
94242,67.11773374565746
8587,42.04067030037248
58978,73.15433322737735
86309,71.52120294280283
41626,36.78944972222268
63089,42.65459901525244
100624,30.680893576055695
41793,57.390446648559305
32158,44.8868520347103
57845,48.58821961693735
15376,69.71366469569571
66873,69.17069774384609
30631,78.36698854608862
87724,70.86485967467216
21159,64.59762683883291
59850,70.43051565877656
68506,51.65622056797362
34907,63.857527395413086
72153,18.448044601192795
18780,49.17114106988933
2760,46.71982306849562
101272,44.35349878559991
52067,63.74663065673642
99292,24.215706481195845
41082,64.98460824733317
90262,62.88772313029983
15903,68.08887343620519
12554,78.01607397904165
66930,36.16404216623663
23856,75.33484388217624
81895,77.41722214499644
63045,39.32761206580538
6601,79.57370823810496
21235,65.93779694247394
23652,48.358927367701874
48816,59.564587153953696
10422,37.66234362553745
71814,72.46953564562608
75410,63.601733743978166
87441,54.548310955729676
19865,70.87242993288035
18273,33.12737885084817
44162,47.72894905539826
27449,23.445647074849465
37472,33.51121549173901
32246,68.05306646246254
11737,29.0347276648074
93326,62.201065760965704
73444,43.16708886853777
101059,31.67909599602554
101284,56.78116305102304
41866,45.78686277495154
36383,36.16540849760699
52244,45.55057929700538
23202,63.94069229917542
14371,35.19584214358964
44497,65.74636081117673
61094,56.869544765800384
76892,36.89573528899641
22549,63.0832347119392
99349,82.06058154255294
86178,81.02957319683773
53024,66.78531042277694
99268,35.374058585777796
17113,44.60356591658531
92437,46.519663354403406
13629,59.8906411786022
15226,60.170121570092874
16898,60.13189920092215
51945,69.46541496468262
18927,34.910036769266654
52885,77.47977466473282
85399,73.94359292522506
2387,28.07593655808156
6213,30.9084760855823
2852,70.07834125771697
85203,31.09795729939326
58844,91.73682103711819
76940,49.10201285101801
47386,24.884452670582967
36240,72.79401939618987
28391,40.830482884993415
85711,50.76295802523296
34195,56.09962757654481
32904,56.1795181690494
20548,52.68428636541862
9057,49.414382805606344
62892,67.22626528964233
26598,68.63791804345863
22413,67.97806874320213
16226,42.857251377378276
27822,40.103163741806995
2236,50.63361418410677
1118,62.319905118645096
92705,39.343953152790625
64068,7.735533695116509
37886,63.51035007417296
83047,61.8064169141919
48547,51.85148106177861
30863,38.28565663667093
59982,51.87411084742746
91577,13.640044056000374
34306,59.13010605101218
54593,47.033164681124205
95997,47.937517270318835
70060,77.76467728729816
2613,82.02066523774907
102501,72.1099007417624
96595,38.96602335910717
33486,51.04281959093819
84102,69.72424631524215
88545,65.4230179516809
8191,59.93068226967294
17317,51.17500724746422
69398,33.331895032839824
92059,55.60693830939559
77188,75.15121922717398
57618,39.56209010135211
20985,84.23949928130887
7611,69.98270143792637
71493,45.09943632787445
87105,33.47029295967811
62260,74.7968424923896
10066,67.26479957423956
99377,92.58925577620425
58454,71.99073518618042
29150,42.08937236476539
94418,42.704570807694104
34168,49.91886205412361
54682,61.96967636085222
59319,56.869649237342244
65127,37.93672337806596
1632,50.62594563485325
31709,41.13843423689938
53011,67.2603373866989
9203,41.44639564914378
16408,49.051214522583386
97730,46.20145457632155
90603,51.19968241630496
79708,66.1604822171087
80797,63.4817950241476
81327,25.633389552043404
8548,70.01853720227732
81892,25.860603555363262
35894,70.20652872475334
76068,70.0508693798713
96660,74.58202119909924
80254,50.8718863544528
69291,42.635715895399095
62842,36.48486257627724
84854,44.62700459661341
32462,71.99024791346393
45635,67.12679439433359
72815,26.895926878707343
43571,41.938786683230276
57344,35.62676399691277
87274,36.460265785008204
2948,37.393579868289386
26411,37.55291635202762
92610,38.90642494730614
37103,39.813007622275606
12961,52.96962561177453
6281,36.31507972655807
21783,64.1996746057176
18345,75.00027842157412
19998,61.333740486634156
26799,63.37341202152908
37173,70.5850783450983
80037,39.7349042925483
46726,69.90435177243066
94593,80.75234550866405
24581,64.19103692690271
78298,77.11291021184071
43331,40.59153780127067
68359,60.87564528907019
67340,71.92328532020386
44118,42.09867107286834
3846,69.82886032710418
82328,37.512296226755495
89711,40.777646923352094
71656,42.39373983629525
56439,74.90627577062178
11380,33.279164547272856
29854,82.91785473933598
22881,62.41663578111614
91678,74.90697346253606
88267,27.09957517877765
87359,67.48296890703259
75723,58.599265194965405
16920,47.059589193024934
9753,66.6683360026876
44517,39.2284178860007
33892,28.650938809136395
13879,39.38990505941535
94999,56.52897216989152
43078,37.42745137811262
77263,73.44719134695667
72934,27.587863320217597
27800,76.86734045645366
49919,57.78314747779575
13478,49.899627264165915
84660,49.0756993405271
65325,28.918538381835443
91114,64.85260539360706
60359,39.2386100797934
83538,60.62002968826344
92017,42.49741333388719
93353,60.68075086937579
7974,66.06667960986876
44000,50.81111840639778
71655,67.37315346695198
76885,70.16035923740256
97720,65.72701638335248
43035,60.821599007189434
13178,39.396590996099036
11830,70.26778443824739
15528,38.21964827713637
56672,63.26496038833692
58579,65.97741784780241
11841,63.58319830442193
80878,65.37340494424618
33931,39.80379222134335
31307,76.69272321882067
83540,39.01914443812029
35661,62.00819537370632
46815,28.39182842631182
37649,17.05951537219483
68353,40.88818925135515
53031,64.57645291743688
102597,63.725203955270054
23939,31.34406528426936
99248,72.31505272691103
44924,40.801528069457675
75691,66.39501104326607
39567,60.28655897645257
55280,39.350694704864
84002,33.12005988105029
37136,34.842419564552685
64371,50.05057770338009
50170,39.519817751181144
71279,53.72618595878032
60803,71.92790613754738
8003,27.92901659562571
19034,54.65121973287445
19289,48.30680377468457
73907,82.75719395179387
21185,42.39098915647125
84147,73.83822471266603
74409,36.906404322035755
71201,70.02698151717526
67516,45.332258848811044
96225,58.1314553227338
54209,56.552429130734346
71767,68.0289266427841
36331,30.196064073342427
88801,35.178064738588596
28710,26.764683425524403
18903,47.354993736967145
27961,40.080883655517944
44195,44.3299571417567
16448,80.76854899050485
46641,66.14633605226692
72646,76.47133428560463
73320,46.07310025883577
63943,39.827264247851176
31811,40.574717694816556
19450,56.05843285155803
65777,48.77514493217518
77057,70.40804654102469
69292,43.275350292392915
59109,26.444242298601253
97401,68.92703002803216
25595,73.02793614591212
24870,34.311374690083305
65516,50.20525303628371
75291,52.05685294444662
42076,66.05648040457179
69545,49.201408737749716
72674,44.580104096218435
7916,60.58038550662938
54780,27.190150287061897
67146,71.36946295124402
94370,73.25420947633863
50816,83.39805933213925
36366,54.91615201130756
26693,80.18739504284574
46625,61.353403836620046
24455,30.504422770027244
90335,51.35842547240772
19556,36.67417505725921
15508,48.96962746764315
31470,47.79161140954251
6719,59.52037068499386
2097,55.242356191601345
88802,23.319374650571184
26308,80.47570572259716
73748,52.0450089014526
101775,57.235995995005915
68813,59.93482327232832
81491,32.44901352263542
14494,38.14887281002349
50365,42.56324708174231
71524,67.95302031523742
77398,33.83561705957396
85359,70.4585117862158
612,40.31236677042876
34773,38.465814442522074
102668,64.11611405056924
72318,50.82836630476602
93064,68.27288422334718
12015,67.47928674096863
21372,71.1573066431537
54002,40.76393068116275
90809,67.83906215244951
81913,51.10855686775524
77055,50.50744927938271
75707,55.543607623276046
59958,28.466830646026754
88917,79.24166134400005
84913,54.9365973039871
25556,30.755563392366263
92433,71.19006851059346
39470,25.80929980131993
33153,50.16848195736715
3509,63.20216301426282
84537,83.7019210755828
32153,75.16736475017373
7004,47.32536903136831
69529,44.79633241718028
13990,65.15193459896452
100011,39.79400537272137
91470,38.91818211167476
31845,35.36046900796714
93259,6.694264217241987
65860,83.13094342530009
38587,70.36189278311136
23367,24.8901688570251
85695,32.25186471816474
93624,45.38067878393622
80367,60.03409181336517
59854,11.091382344470617
96697,85.53233623802006
1955,74.03231298988996
12999,64.72958322698327
54271,70.88155520325519
69444,49.027321438633514
83040,73.81660815801052
97694,38.6002521872544
36864,52.9729784922961
33269,35.34693062791249
89645,50.7762266542596
90161,72.49205189010632
54748,52.90566724356063
41186,58.17069519149952
53595,45.22020549799882
66236,43.672513418067346
41268,67.19352887428204
60112,66.9052411939287
18753,42.54336481053019
92750,42.209943026736305
73225,20.223573424331164
9842,49.89964805646839
23950,50.62288245143704
33583,74.5726977074919
73213,49.33859536395334
81185,88.74020450819137
67398,65.3235214983635
70027,33.126068259528545
16310,83.49690160665233
99957,39.28532424267037
90195,65.84110034680907
92578,74.35755853721378
67502,55.555109400240084
55210,39.2190383605647
42070,84.2504815857701
11452,25.875054112484648
72108,64.77765316926863
41289,28.902630674431165
74421,66.72664011001466
58110,27.9944792081113
14921,61.519950253456436
80710,36.546817107260885
82168,52.54640408185047
17883,44.169128784595515
68686,66.9139505790803
16554,47.45372847533719
95826,34.460049477079934
85800,58.892667924623936
54873,43.966804081570565
54838,37.51433057995798
84352,51.27770873676387
90070,46.842938300749296
88230,75.10451201202615
50368,73.93999806800348
12259,65.36319821954196
9099,26.719709327208516
64641,56.3616850642094
17324,60.34136598731355
69731,46.361745571901444
9273,43.43880992669034
63730,61.95615886068896
10113,32.94303466417355
72372,28.595307535003613
24300,45.884102998619724
76569,40.582712997302906
28314,72.67956787900022
41971,37.04072214180759
31749,63.09677887199508
22753,44.01231860132481
19015,42.717668698743424
23011,23.12981372784109
67306,36.048906230174225
85039,71.10914292956181
80496,81.16176915533619
65715,48.8194544946318
72491,39.127386213674924
35054,16.12498742429705
48431,63.8242372409995
70259,66.70328622463569
47785,37.74891707373703
6260,18.511803588483655
101428,76.73544283570081
2726,70.88606883537517
42805,48.41609073712628
97596,30.54036873394681
17192,47.81707164135002
32998,71.5995530804611
68620,30.51429572701172
41600,47.071110878601964
34848,60.87254335241673
66468,66.1522132805202
76271,67.23264651462094
78534,71.77183582202747
54572,33.5245560906212
58382,66.37735365625448
27665,69.85452702886283
70454,58.63210155374094
57278,61.26422546396145
53960,52.99474118077548
16770,57.05834802218619
66699,66.68972104861524
78055,79.8511241413552
100421,48.12149006603242
69480,16.42536245839907
14682,43.858513311107444
73353,27.598948786199962
28502,47.94967571605112
38959,76.88724374813691
74401,77.407800294206
48280,55.434357039233305
60051,66.99437372683599
53643,49.73852286625178
70793,81.50076781672627
36501,23.0193049972516
42194,72.80938506744465
64687,75.62772095730165
33833,54.177772953298884
2617,65.22973697233328
93787,74.30396067030696
78337,61.15570126226355
36428,58.75669536557349
13004,39.13887323159209
87022,44.65709979721515
54471,22.516005912846243
47590,73.06902276709727
30072,43.3656181931265
35860,79.8919379367353
4763,39.64326891462683
42315,52.933279574408886
30528,73.91577826770258
6372,48.533795787137706
57393,72.86842395404682
12837,72.739466274954
41229,27.98747571168549
41247,35.84426388035109
46329,65.92115029036779
10725,76.69523702068673
22748,63.5386318093185
6952,30.09743367943555
94055,20.833890721344776
12200,47.357721268323004
48008,38.33201085907406
77147,50.65725189115051
34846,60.31543943315694
55941,64.86455407633167
10629,34.56699906574919
45625,34.125202321986585
75406,72.41555936070768
23119,28.327282160488345
55757,62.67128204686251
48491,75.06225435779567
64026,51.650526924486634
64196,67.61755759503058
81764,35.383932425705055
84887,80.58834147455221
93034,30.92139772083904
63615,53.32189355967771
94955,33.52401296785682
86784,64.35328184857545
37024,34.00340403820628
31084,67.31107229313588
62605,60.706086630045185
7757,35.13677706863038
43250,48.21020481094177
58180,73.09749037071799
52006,65.71971484571954
60388,54.30475844049401
21083,33.732447214068465
21576,27.375599223152733
10059,41.06251118614127
79788,65.08382057270474
50912,39.27314429678876
25743,68.97280756628948
29758,50.48019485316274
26114,62.09452432098894
54260,70.74907213920672
76797,70.61016834153745
61598,75.08860166209676
39261,63.64010860711717
53729,61.29814130135098
15951,57.613283473279076
74126,44.876863044915325
20438,64.19540257967205
36535,51.67591081626287
61107,65.61341281394087
94984,63.3216221822215
96763,82.96018323698065
66686,68.20032682861722
29653,91.85506213011459
102227,64.33279174736111
88486,30.85246033785079
9571,61.668333956559756
92948,70.77139503511953
3073,54.52997582214681
74243,67.32147449947945
40213,62.423810111126876
70494,74.67297769403508
59639,50.39280304826596
42413,34.02037084023439
38960,29.11313049652107
33254,32.92950461680126
31500,31.93717700219483
96991,49.260260234393876
20899,57.218652725007715
69189,49.678912740388895
15463,51.113231497988764
90878,49.308104339171095
84078,58.183016233719464
86482,29.307865479366907
98601,33.16256744196024
40061,46.13549791501209
27522,40.32773903333723
75046,50.43575822221102
89652,49.55880695585011
67921,63.52377918724788
51825,76.5310214362653
54159,94.08154913594056
74180,35.99526533844001
6485,42.2504711980186
82817,40.737524137593496
86961,78.52646210300026
40247,36.725253679265464
35745,70.61905283358094
60676,65.59167943463837
9163,32.60653667301516
53234,75.09195556392635
42934,41.683762818586736
91083,73.95610243297139
94372,32.26942829319338
20276,36.39289412246952
82943,63.616767317785545
58658,78.77825596109284
19179,66.8625411607238
32030,50.5406537497143
86776,38.26753245622956
76337,31.244872721415234
58106,43.22772137990225
333,67.32027867888623
80645,71.02417836559557
65193,56.09648551942573
93832,62.067496122814646
11492,73.0344738642115
10456,36.72575118679661
75660,45.09693604718797
24665,63.12228914488129
32044,34.85432147057782
66657,62.6066855755514
98710,75.62509363010714
80519,49.00384100520185
46204,30.53042722413911
84612,36.49815536978215
9262,56.44883386837192
80575,51.32561738178539
40332,37.575407116987876
19000,55.15694871739691
17349,59.57070555616329
24978,60.715550119818
9394,63.49151725711782
17175,65.18770188187699
25097,29.311895979532647
64164,73.82600157638912
32442,76.7504046252858
13481,52.20945914660173
6597,54.51185699936602
96143,57.022982390537045
20095,68.9704746993019
1621,30.818518774214397
17517,36.182226576816504
92742,44.44482189772828
89258,61.52022951387501
16989,79.0203338196327
74308,51.977409704870524
72664,66.68549430690864
89347,64.00818367558317
59386,73.65065026543823
44302,67.55153913842038
89504,60.4842207646577
102596,51.22866491258229
11353,84.37220499695927
5959,41.419982587557634
75378,72.69089532196747
45568,68.00259689716084
52087,81.2191418699291
1002,31.151723369826165
19568,59.627426827259896
101913,51.244854780117414
19499,62.86028834958992
60204,47.59723196090974
8370,33.877430242282735
63686,53.3080706578401
96922,46.589451985735494
18129,52.81097197923124
34369,71.70442536845455
14781,70.1316599119248
16993,33.52308259133958
85865,36.661065674230144
9524,43.02834230726352
89684,58.26807602212827
33957,70.528902300222
46734,25.900286103080116
84678,75.46481890431518
93484,74.95004381824052
1574,48.79085441252415
70893,60.74180247814965
83418,55.184013011325945
31807,61.56017580784365
24976,49.79414807118977
93474,44.72980098503167
31176,43.650687055870826
70370,40.426097358336435
10503,69.41497043473515
48643,49.610567271037496
60400,70.87083805132258
11023,60.30005448655204
633,59.25112126620519
2817,47.21323391499136
77858,33.58683303752218
50379,18.36239640957377
2088,37.400834547071675
57902,38.03036569799601
44725,38.234034135976344
51856,47.28969531071219
72796,44.81692437268619
26484,42.27149492519497
98502,73.51187519594464
62388,72.05165274310832
72308,43.74248302585717
8353,43.89040098673554
75561,28.34907412553951
57057,53.28307867181318
1764,62.08496957296559
63281,71.56851276319962
41013,69.93568302218907
90397,37.55052807620855
71382,57.36560167044458
60983,32.757234870810635
24176,69.94335907632387
82037,38.11756765186698
2549,25.651807758601038
59393,95.3951684282136
49721,66.6606849813833
59917,63.28757159954796
75022,73.83057905504089
42047,47.61803685605691
68672,38.96599718884979
1968,37.14176213583709
7675,33.887992905475414
96302,37.04114213425273
1618,38.10374523622621
30990,41.87678199040186
65334,26.01137908568987
41447,48.258929975710075
83563,67.04370087541005
83228,33.00328925193445
9475,30.75095063793567
102609,65.8083346042582
96241,56.91082741701835
42547,33.89578998263101
33430,53.69550525997428
39670,81.72564655568704
74653,69.59067907027077
41429,66.88700367067229
16970,44.730495419108834
76578,41.530659553699984
86253,57.78810571266429
52257,70.60026434077048
93058,56.656389325371556
6839,77.13297387898535
10605,78.56514898397941
70151,70.98900920315712
32963,74.48304541864903
52203,85.74143765326946
27053,36.43203257131045
5004,70.45245883829631
52153,62.00058618494237
43283,63.01120699071955
12304,37.794961153772064
18662,54.13161633304535
71429,33.46795125004778
16647,75.45516147481146
4458,64.48216513375375
98584,75.3139122804481
52105,78.85695597556521
94102,43.55973985669793
39958,36.00868160305259
6550,71.83639704051366
25330,49.89818987997453
27854,49.567401667026914
82162,58.274735993281354
67045,54.92275364122816
45347,55.48351419936634
68183,73.42065243063718
78433,47.9435920300143
69217,44.39017499961567
15694,36.536246970689945
77727,42.10085343305217
86528,66.61476735551219
71791,66.6991483723885
61996,46.32480502254369
44143,68.57914176217758
33547,71.28650163718106
68579,38.57697959758202
11332,54.261839125187734
82170,46.84084874542029
69724,72.51676858948908
52655,45.89977943707467
59330,62.25352575407434
59940,14.703644391321937
29526,51.03473096342327
42719,55.6958468466321
44262,26.70885793442725
81487,63.19889371025921
34601,54.8990210993702
13867,34.60500481579657
98336,41.838887687724544
82495,33.55925496049018
24049,62.383020759576645
69008,39.05874038976716
3564,72.93501413609233
86861,37.122521341948165
7283,32.68146944333935
2763,36.581368472663684
25173,73.90021706595789
22919,32.87952294313038
79520,27.72927336771844
53985,36.359154834455296
39925,85.949961765283
51779,77.80803918197526
41090,64.62150462145945
96878,57.477963568675094
46508,64.77804624278039
72047,30.895255152483777
4841,36.27935415419451
70663,72.56701546514093
35348,73.26767025122541
70086,66.33663662992457
35702,54.42528866759581
55796,23.89739685503077
75856,54.31704972888615
38832,34.3907311061789
21694,45.55990711707638
20315,72.20754230403091
52925,39.13911821978392
46184,69.09076400181372
101599,68.15437403632629
55415,39.2324686074386
86139,64.19540257967205
38592,31.195365406776357
58295,53.80210186879456
1239,52.41652060319831
21707,73.93274304350544
27062,37.09623622074319
57532,33.47376223258029
61114,29.489009846057897
7152,40.09366424740402
83159,65.52314465464669
81659,73.18789165268949
71505,72.2904549016624
42815,61.98823672069024
87945,62.031356116357344
13200,44.80841054991669
77917,13.182797598618233
68047,75.03562359958995
79849,29.144799494923188
55469,46.708456729674126
41881,59.50420123667505
14104,52.34340382518158
39928,50.69866560493978
28293,71.85466711069903
24065,60.4082859517701
97260,30.46462196218195
67559,75.08019305253328
91037,66.40062381869973
46903,45.77072776119995
28583,27.437324044639578
91171,70.02234547446741
75119,31.50436175208903
38608,83.69160775553934
50067,42.557268207703466
102240,71.70595293183231
42324,34.43164339874779
76227,39.333124373744965
64729,40.996496483354505
89095,33.121364976220235
78207,62.645470616132705
24657,83.52625372981545
94595,63.011232004888505
26757,61.5457355723551
82844,74.07396320851818
75115,34.4808521245435
35496,29.166722569686176
1849,74.92861688618478
58069,61.812522116347175
57522,30.627427653396083
89447,75.2273561546275
2600,36.97441978032764
95881,26.72426128295368
43612,35.646826889499245
76605,61.92154764835672
4181,42.09806106679524
14101,61.162091063466065
20591,58.37741270710334
84736,52.47229532841327
99598,26.493024604339933
46730,81.82285519514375
26590,58.95609268572847
84648,34.150089370595055
63704,31.84679473648651
101317,66.88680188088946
60649,80.93480875119609
98715,32.795975980467404
941,41.74185975230666
33635,62.78292430273774
7912,37.88496677706608
45244,25.661197749491492
33909,29.964395105328144
56417,35.90663983360265
80160,67.48257028724629
26434,83.34116549168783
84818,30.125030849111916
75108,18.606956686962754
100573,67.36323461768686
10141,57.579063593977246
70147,46.92609977936103
14731,64.19938119950832
27606,40.75477098633235
68401,35.83834153196484
41646,67.24908625867278
61235,62.818656039911275
3820,44.076495352952165
67110,50.6776113575481
1991,31.822743892591024
15126,82.16357127445468
57526,66.42581109660408
81143,70.18651817815837
87804,52.14554780426451
51196,74.89198197796345
41058,63.94825159898751
20041,37.260224521293146
100374,28.280329201025975
41101,46.78703791328785
93143,44.91418637115548
53061,66.56570618537357
5011,62.55853577224649
83354,29.39021763785449
69358,36.028419020905076
68255,48.523046377484555
98181,26.467584482058015
15219,84.04858872323227
102068,50.15145365467173
62715,44.699231564243384
41497,63.32404730089861
24304,67.11098375496327
8938,29.615087379464526
16359,41.194623549174295
32942,45.965951175509275
45679,36.82144954207627
78320,53.30378411618619
3930,33.68560401636211
31479,49.37056021959391
46481,49.997701773085524
3684,45.868395237189574
56388,69.58957827464901
72191,46.07454769903771
72202,60.22266878119399
25421,76.42681159074226
98593,73.48382851302182
62012,35.08747651465812
7874,35.56476933642436
98563,36.4344206023471
88122,27.401116381516804
9633,37.31533670849557
74165,62.59044659378766
30651,45.31427071579505
64916,45.30206070969206
94335,83.34053239148597
235,72.15307789291374
74787,77.6856532211938
27442,74.3368399505514
8560,15.068028318400561
67113,54.56206412942208
57985,80.43939931345389
95850,47.90652432780719
20986,46.29143523039433
91105,46.99314422393691
52626,46.9339516162024
43335,83.35168408275939
68549,38.71944473318815
45482,54.37984637487404
42938,76.52706563902223
62165,34.823523460130644
79124,46.74299608679746
12774,62.493056112587034
73490,63.193172970663746
61744,58.30878822414481
82372,0.0
93846,30.490163136442824
52491,40.87220762428725
102344,65.52837482159507
53068,32.71810974254238
49466,54.154894230896005
36273,56.49020610651477
27099,64.47296827745632
86629,74.44860890021654
1336,64.59746437109357
81446,29.97071445642802
80054,65.72674114601718
7028,38.4818980285423
102144,33.572570496602026
49173,21.669772351713124
15518,66.07905628462676
64842,69.6754263600667
14500,50.72789241557966
90146,27.968839021322108
96715,27.116864060450105
92906,33.104443313450595
80957,62.92577367210024
58883,55.76693631850838
81839,41.828792029465255
75286,46.79573881458947
65841,51.010373221558055
35455,69.32366405885962
13724,43.66632765695606
45199,48.73112681658794
27814,29.60482721380215
40707,60.997349484192895
20413,64.46974226811437
94972,62.2164557702349
25282,31.580573727721898
43034,6.503423556067883
55863,40.40830550677636
71273,70.12356976530057
32430,57.38842518704
20616,38.33117578562523
25455,49.17755078671949
51157,64.35099989458085
94,77.93338391872716
86296,74.55804101240034
97636,50.85497260648101
9858,69.93748936577678
56070,34.02372183707168
62247,56.71275273675743
7148,71.36600534048969
73656,64.48203292218258
14084,37.66508381801051
71280,67.16952758309355
51444,65.37441606290479
85643,6.393326828267767
41631,36.23894528108538
62413,40.789816847233595
13733,16.12001356819743
53812,25.342600685768062
13950,67.7323062586157
70306,44.75481999477323
30767,80.61457802222841
11188,50.95007868750585
23997,69.69957440218771
