id,target
25174,33.49771301736919
38453,69.78068921498817
29013,69.53003095880675
57463,74.7650678316352
51264,38.488246927594155
38911,68.90896175662263
1229,34.12846072917068
96000,64.41412159836827
10270,33.81479134574941
64513,55.26263074281847
102534,60.71097027545862
59037,40.12995011046425
34298,72.97695918069942
82669,29.027522156876792
100687,86.00063709652946
73522,55.02517485347519
48734,30.761861250085353
56168,54.43185091015432
84658,24.190568585072146
50646,30.815467083483334
1360,75.80869646231773
52095,53.4088298215637
65633,51.086810698589254
28205,53.834995497084165
57218,46.365451671392776
2601,56.379307922788236
85520,65.76683747272557
45402,68.10134635156379
93231,25.533239314235967
39300,68.96188454999401
67877,27.053372819857003
33330,69.97199779490714
79050,43.60304513873666
5081,43.923859048436235
13231,42.830203474755436
17628,39.91411082916383
80388,85.98429498269633
76808,42.36578697120875
100234,75.2884130948355
81256,58.96316003367214
57152,26.188388937954333
67477,67.95855289443884
74377,85.65927969061104
88292,62.327554965096226
102460,78.00712089304935
72878,8.990738150539926
77878,48.31226739369756
90885,19.92264374826307
5562,49.12671537437294
85283,74.9622812899523
66509,40.70768413408643
90296,79.12645348713866
4503,85.6871892930201
58293,38.79483461436548
64079,25.095824699672633
50451,55.831625522144414
77648,83.81142712160366
91697,33.8925046392015
28935,82.4885869021168
51809,40.05122645942851
57691,32.71968584589039
23043,34.98516875563762
98788,41.29561359841587
46943,40.04668849471518
34807,56.53130000414602
50520,30.972945539825776
92943,84.26470872059338
75909,49.9046158038687
78218,72.40026385972587
13225,63.91882493372003
30514,34.70515140386265
82053,75.29165659581992
3112,76.97842307360173
75999,13.348018645594681
58460,71.50397748929791
90475,60.176577768276374
33888,51.11626718154213
9299,74.10261912279572
90094,49.34410299347719
35904,70.84714283717526
97149,38.828124995868464
86693,40.30753793277862
99331,65.7392883302512
83095,42.06840923050577
100329,34.53060604391938
93056,34.637747376203244
30873,47.03370548145645
28579,26.67201449827487
20217,70.91148963226766
67433,73.0150071398605
56104,78.7868680861819
25681,41.112198716516204
10891,86.04608875992494
86004,33.57699084754083
36851,70.66146789524213
87094,42.74873017568697
12066,55.95922154509053
93555,40.69074902514103
79483,59.56701833627773
90391,75.02305496840401
85580,62.381185858460796
61181,34.11854321120508
98828,29.848618448505725
36626,82.43334268904331
13846,58.82963821328302
55091,35.4943447352999
46425,40.795000855607476
1363,64.87844806829295
70646,50.20555553188833
86481,50.69211482251991
6316,70.81182433974124
37261,36.068635205798635
51903,57.93154547108473
68887,33.553744699820044
3893,63.11760548611433
29502,32.62211483564469
56572,52.31605499311866
18999,61.17988948892249
2587,74.24819754989898
7854,67.87612853819984
29378,45.027338726622986
2036,70.72375515499027
384,39.85695447325443
9674,31.52217709729723
66574,27.393795352997618
48355,34.56801888518721
51730,68.04071919520769
37643,43.57071911914423
51348,56.848920240564865
21597,66.9183321223912
9240,39.36124227603317
79816,78.17834462930831
93877,63.007526676855605
39407,41.181963640196244
86751,63.12321906895024
59338,70.95233920620126
56405,33.26007963696247
17866,38.799524847556825
64569,74.14304361384828
90600,58.13354849338332
25963,58.970727458149355
7961,30.05566902650095
39127,46.65538796905755
81991,68.96271469848264
52426,42.43592853915851
93850,60.915464714766266
83904,22.65072364118459
76946,42.50297300898795
55666,63.02665979121323
44289,65.04097982050439
8845,40.996533133515314
73107,56.82040979099999
96428,65.23395835565529
52052,67.05748238540538
100865,57.35012507727474
17457,53.89923435987426
61472,61.729793139962844
95172,52.95924687808404
93006,55.48644666100868
94581,67.90340751641604
43719,75.3813508204532
101570,58.31104121698625
56333,42.08624923543731
80782,40.61727025434439
28561,24.04796462605493
7871,72.85579043584937
14948,67.12030615993365
73653,39.86366532054562
57372,73.0907522977375
12414,51.02340154244837
61951,33.10826202244664
30372,49.62960942812076
28909,65.36106546443472
7009,34.62836403831403
101554,41.872095176899
26085,41.63211274480373
100443,71.05560824384568
23262,72.21388299316956
97587,72.02066506568397
58705,31.505524968945615
21825,69.68074795879186
67844,32.17104010399326
64146,49.231278693783096
16120,68.79363194489488
23555,66.84382265519031
65554,57.60338144362461
70589,45.9035548412904
18725,63.146165578740636
99419,61.020821478448866
33451,34.578385607699204
67912,70.33982555737904
101073,30.346440672482203
39319,71.31316162157705
101711,42.05871030720758
23149,69.02247113402039
84451,78.62523985151192
47784,67.07574415517149
61553,70.89687254292758
37353,32.80936698309396
53168,92.10152726521386
90985,33.36436919683552
28546,45.32783397281088
94706,49.25073020994344
23231,71.95968751256554
34618,54.97927154982672
29137,38.28370793576184
31660,74.00831324917692
54047,57.145639000473494
93037,9.844073907026544
83173,49.010455774337245
32113,69.84881570338285
14395,35.858398747233444
67820,38.67497475498857
67040,33.60656510386186
83797,66.11486336869788
66231,37.11208677022518
49705,64.91193740880786
66764,56.906702863405094
72603,82.14495000280425
12468,45.81011489522298
54914,50.993641981620854
25137,70.99460722286872
59287,76.7664817555727
97008,74.82585189685747
29927,70.00537593471003
29356,34.17739919151647
68914,88.06940042361776
34806,50.82021536929159
47948,83.69159822356207
17065,64.87332221916469
87547,40.208688338983514
37608,44.445694639437946
73001,68.81857464329812
77299,56.644157012480704
16735,59.93064274133431
18155,70.01572319097494
46480,69.80729223364901
8278,70.00521655409699
20781,33.23473132108224
3365,68.88969226354865
40100,71.95481277965763
55431,29.067231132574307
61484,33.86213103059467
70277,42.485032571096376
76867,70.09071148981629
24955,31.130440445452233
60828,37.6868065999752
22397,69.56502021089463
45920,73.22510245516214
76307,72.00391568963093
23948,83.5600713725486
53542,32.701098975712114
53625,38.774630030690254
72657,28.948136428683696
12093,44.965012198817064
27991,33.54517561809606
29171,68.96581613625335
27844,81.49336102525754
36260,47.150826683154335
18861,33.033717386409485
69954,66.1202124593562
96138,77.67707037834231
21307,35.547743337691706
561,33.52528085876071
77051,47.942521445762125
16909,70.31832184558668
53517,34.39859102812222
56650,65.94134811678717
86556,61.03192735511753
50889,62.9339873092553
20658,40.599766514390794
42039,42.598893255371195
2936,32.85924714603705
94511,52.02960098319733
41830,32.99802052986561
15269,68.86563109310866
40190,52.86942037134616
88469,58.84835115317241
88531,30.86465000374463
5062,33.19684960335998
39591,50.888081991019256
93947,68.64331770815747
74130,33.02886870182511
69128,79.52674124707801
88896,37.9273271026819
42765,34.69597354824126
20325,31.924339507538793
66746,66.00278952789247
79642,44.010610133902404
67563,31.973524698713607
51951,62.229516888657585
20540,34.018573853179056
57913,65.76445691892243
20016,67.73092618133288
52745,50.425020561924846
66425,48.96846736158403
37685,71.04959987977827
80473,68.88136390582163
15919,74.28082140711899
56921,58.9180852447149
7392,58.339619335687445
79670,34.01940451915388
69266,40.59242841079211
65573,60.05230992461706
73198,40.33707934249702
23034,58.79057717053495
3495,45.36147996766699
1522,48.089681742957175
88656,74.88253505541817
89420,71.95772219896273
6168,63.001819727835716
26638,64.6019906239656
33248,46.97403030988793
43637,47.131975331499575
97437,69.1483448759266
96250,40.54550251434877
29856,49.056492979274935
27846,48.12571167415861
68876,70.28417552914948
17429,79.30922260307048
86647,39.048941150431574
23334,66.62088510970173
32234,75.28826574087601
71801,10.70353739788436
95706,36.745209251965676
41845,42.05668199485685
74067,43.003650164606505
28960,63.01206682175171
21442,73.67089829071372
69263,73.90041876225658
20470,31.66031473112304
99015,25.901311685780726
7204,48.930592354125736
72926,80.21415261402771
102030,65.00265686546315
16605,34.40933713087636
16632,52.27011769717862
25543,65.10205905498204
66480,74.6928565483473
92866,66.25525896820992
1766,35.647454906105715
51495,49.869818910112
37839,27.357245625423634
28978,51.090733817011234
102258,41.58867835545736
95105,47.68596225929612
40118,53.930575090410855
39698,75.08546997542828
37594,61.77916693395473
64025,71.22602152522627
59992,77.63379769528149
44050,59.68329266696802
27523,75.51700402300149
11505,46.89471833551095
40413,45.835468015836874
20076,65.87486133085885
102136,67.02140707274778
65139,65.89906311226954
23407,27.930705853180573
37464,62.95415040458741
59916,63.417362025924
12042,72.9228667244835
64577,50.822811317996184
81331,79.12796909650223
61920,33.65015214567381
39099,71.91046120266196
78166,43.06887879579375
73131,67.37520993081408
64995,55.49659661100743
43278,48.22101143697084
15509,77.68693190307316
99611,64.85702966229525
67257,61.644234899992924
96245,47.017024521791
52205,58.994472318460765
67084,66.41766729723832
60524,40.0871587216137
76518,40.744814875018626
50679,72.49671438849589
1038,41.40220923595259
55932,61.974987701024105
82634,37.271787390407276
79774,45.58068876435347
35445,58.01286642370355
66283,72.10154594787306
37874,60.98437194468827
1129,47.51387545439029
44255,53.862251040667424
26531,54.78030563675195
67720,42.223534455544275
43546,60.8548548924157
86304,78.17853511370008
54034,33.957551340068655
23102,34.39850149163821
75085,39.656052992363705
89886,71.94767724735811
80597,46.095080661738386
68422,74.2376800732498
89966,39.838927767221705
41867,70.93656032213045
86966,73.00767629384345
53117,58.111892809061175
34227,40.3877658621904
24411,86.35824146157897
44985,12.84395121467303
18292,51.2714706881206
62252,74.0117338920131
3776,70.26144508371934
8155,61.032693604586186
44643,37.87640646169801
85819,67.93749087567578
18926,54.60288372383109
15051,59.06650956302979
21057,33.855236220876506
67219,82.4343113087775
85931,74.74107419435953
67760,33.535960070528965
56298,81.81841408191278
99579,24.42919685666766
56522,74.00200998516085
65348,38.04774176754348
22855,68.60750763491336
64814,25.267824453544385
64759,34.290485207618254
79136,60.697029925749035
18683,64.0089945868404
88070,67.27963570684113
19704,67.37472249414687
77265,39.3529732100553
32378,77.31711176393915
31652,70.84168058655109
69355,66.07383705956741
74731,36.59874783528273
56810,31.97757296747619
52075,53.35514079880764
68203,68.22030081415764
100238,70.85387037339072
52796,37.61041476144874
24678,40.263505437241704
58568,63.157485051399085
84344,71.87895123288499
80066,81.31562222706725
78648,63.96918896525281
7840,76.74633652216374
56387,70.07799885600612
7102,74.96967112955987
53235,58.96699698870257
92914,34.084698242769456
15197,50.20372514916971
67686,44.8782541715331
74333,56.95833207895687
72818,40.138965897922844
80826,38.093699519806016
99341,61.08462576091881
6895,37.08227998214962
81241,50.4315057416593
34998,76.00873635119535
15001,41.58365548320806
65601,45.85257733138886
801,61.779672046930315
23401,31.229246442837304
48766,32.97493173825871
7512,77.60375570103957
72238,39.26142210431949
24405,47.5810350588699
41046,44.35613186321938
30040,72.54813790239982
4331,57.107608836444626
90802,67.94228154835292
19690,68.11752397953549
28920,49.11651521360036
63849,41.226119114312056
53012,53.85894122906334
14970,80.50356626407773
100686,8.651077643280129
29119,64.82420488077628
47898,74.33249410620675
86388,30.71413606412002
100259,72.28939512107115
25668,58.806742932578175
48509,69.86185398096427
17366,67.1511508116553
63991,33.2149154375886
100528,65.16895685546433
27299,69.81232383595548
74367,23.776394241752705
35579,32.40443129946772
8470,33.08458814364626
32785,73.96508036659458
89832,37.56739093056098
29223,46.11365123487879
76819,68.92198573205144
35319,46.46517447226661
67683,59.46055088670479
10462,37.31614030106447
99150,27.876219079494227
44618,33.156981619861014
71516,37.08521529825884
452,67.01672879770602
32070,55.00428911781794
85512,31.023491278330056
40581,43.15521794401381
70287,42.18164345616759
102544,40.013885652320404
35374,30.288826176351833
31083,68.04297849061982
63328,57.282520120004925
79069,63.99231078495024
82381,41.52982254545471
82000,35.424195475377964
17444,71.06264615348132
75006,20.012421168966263
1625,55.559617038087154
15732,73.99081967667607
85953,79.01468408109515
12170,31.297843241393547
65872,57.999543757159316
61894,66.22715956392595
37250,67.43063510345297
95582,74.3767077034492
23003,85.73568778228031
43905,31.991758223033766
60297,78.90510717419158
17578,81.03302617469708
20622,72.05584500210972
42469,57.61335766462278
84521,65.3733822215199
58464,70.924755439591
3597,22.895945711736584
72504,59.11874328908506
29935,70.37674056941687
10116,59.95189039583475
61776,64.94346228905765
57839,37.33731313471171
88219,21.17972965231943
25064,38.61032704069913
39513,36.07798161403122
64340,74.26581389008277
18742,45.59836749957466
66223,73.14271397521203
62850,22.41527380740154
28207,50.033753997014784
40526,74.27252800227996
15675,65.10130599641546
35341,76.85891528240168
53141,54.58626135497505
84607,33.74882230161004
31501,40.59880385633792
97590,82.02126375159398
44023,67.74307342476686
36759,76.95676883238626
18375,69.91463410880222
21506,68.73361174326638
22575,42.877744791152736
455,30.65293598182697
91307,41.13484271686767
52359,70.50435866793464
29992,64.00411849155294
48316,6.218938803831509
97178,63.37047560822852
86109,71.43246000324078
26754,31.561441600782924
13057,47.466730956922035
71514,69.63269206140436
48221,32.257272930474834
29415,55.512337861932906
47330,54.89523117096138
89770,59.10514223447974
94732,75.13503677476758
21854,76.02743512295581
39596,36.73182954326975
86092,71.14427324951717
64233,65.75159970372624
6707,78.28040979349817
78814,85.35978296390996
92921,68.60984723481533
14193,44.15473691540477
3609,41.41826586636472
77919,47.642790571821976
32986,35.08213002923674
18820,26.613223564287857
44107,72.26732328280144
17605,58.98729437103815
34198,44.68133885885262
23081,54.0725656193175
62176,81.06236290497304
1518,38.95115995974759
35627,43.40375032818876
96457,75.99316216318192
89918,34.32816478252627
31104,79.45318305134842
30635,31.305645314617244
100756,65.9526048087227
102126,45.19396692542358
44220,43.98825334589553
8151,75.47793620725581
51491,53.99757600966555
87051,54.105144100379654
102064,33.73916028001045
35132,59.446894869985314
85544,81.51401879728454
1862,78.81512325043518
72547,83.45250223843675
4609,92.16509328078354
67065,50.000511016618695
11132,36.041623353507646
85339,50.37596132886778
63229,61.37420179828862
94647,61.675427824261234
83455,33.62896457621617
83426,64.32344764146154
66470,56.92903994970262
65669,72.37963058514879
57896,38.2278715458962
34420,30.369990665473054
91764,40.91669568440586
102281,40.3811089194979
40432,47.690353527422786
98977,73.31959576571438
22628,53.55771150893646
92800,36.51227003104109
8675,57.23043608498247
47199,68.91040727409629
41078,56.42504192690822
19695,43.905164088916834
18070,42.79266872151088
39482,86.14453021999316
45065,57.50469930749201
98251,43.915959960922535
17289,38.76734966678107
19934,65.9592015647894
9613,70.13914642207268
68870,32.37115299647122
99778,60.79889127504158
9883,83.58151619008903
3296,65.91903889117309
86826,72.38847314397779
26206,70.72404848823216
45821,53.83412059449311
56965,61.943864287523596
46920,75.52187531892193
13746,50.14581786825336
14868,39.44221151437481
79773,81.5809173450806
54097,11.9685423365476
71196,36.71847592226653
100249,79.80022001083867
20072,40.090345254856985
90728,56.05547164281239
52102,49.51166603282863
74490,61.07181350264134
8408,32.798818249733905
15067,56.04994683151765
39798,47.8446596830974
60048,46.02403846422879
83248,76.40023725006294
88686,62.89939871487986
43133,79.22785192427506
31403,66.23733393218099
16834,81.02982573787759
90112,72.9169194861255
54038,51.96081730715215
34403,54.35663784109804
91436,79.0744392547669
96135,74.00011655916904
37827,37.683092103372005
56531,74.24970559834728
95916,77.9347308528732
33480,60.44017106255083
30845,30.567426257020347
79388,43.574966520372016
41312,53.653191619511745
48060,34.40359590844937
27162,60.53064260491207
57264,66.08694633072886
13098,39.52925335466035
39589,66.97570171426914
61008,41.49857777107321
47089,71.65728491633078
60353,28.534174734931625
5900,68.00810380249814
66676,37.29853088068411
6469,72.19982745811441
85917,89.06201055923785
87704,27.662802948422936
70145,40.83179163693671
30943,39.02005557962903
99732,31.580017169304394
72283,64.07846782548995
32564,41.6701073223911
6356,65.71176578334344
25941,58.96868068822874
57142,47.51263388397588
61388,39.202829159834565
12718,35.864534470464264
15043,48.164249810560435
68526,72.18731061470599
9591,68.60960983948334
17682,32.99472998700952
20350,72.59050822487688
89910,72.99908931737554
65826,67.81640205099849
85088,44.39784622763174
34483,70.70611650112784
84180,47.11879327197414
59576,33.57378601741656
55966,65.0081531144498
18007,73.83210943991998
86346,32.27094042849383
79880,82.44056744736824
45518,41.611816203077595
55165,77.61398641678056
58700,32.93342208912036
71706,31.833182710623692
23078,31.704271165547976
5087,92.60041258463602
94829,66.87722050426845
73932,22.007359211933977
83640,61.944795187872266
66612,76.71568619465813
94205,85.85051185003479
12296,43.20841444881511
52798,30.881320640474932
99200,35.59614693535773
45384,32.93843711862413
95283,33.805163432705534
42204,55.79689011499934
88726,31.812269484905464
96480,82.91596615945346
66870,60.99055474541663
16406,53.925568196589985
1062,42.16421893022335
70332,58.5121347484219
19742,71.10354566493855
21111,88.97034609210323
34769,62.858382193600974
22842,74.78942321493844
30137,32.06714039542371
87363,39.85034098379172
8650,74.59333479989087
13708,60.66812537263356
59063,58.375802970418654
58276,34.683690877628095
76904,33.45866065055017
46445,61.25844069492349
30302,65.82137834255943
100980,61.1045372661061
49108,72.83717061590373
41241,31.712943658376084
5680,60.48103528553194
29965,40.69356927977715
88144,64.15667494773565
87500,35.56620170533697
73360,62.73136089495514
100316,61.18394105680258
63608,34.28740242454647
63567,57.714090638349504
17161,61.17980190440258
2590,56.78033846632556
7919,55.75114781338937
99375,59.13709579064925
99299,75.96911732972646
23630,30.85590374889895
407,33.20264175560314
17719,71.65867520028493
7343,30.327555123400916
40481,33.90820848418162
84424,61.73808929047365
95827,20.965123023019622
44848,77.07669864910426
19167,74.20571631233344
63970,33.52086009308895
97377,40.73449700860248
62196,73.97534846338829
86464,82.79393602180804
94468,70.06591301968913
91423,32.628305117363126
88647,31.191335039910477
317,68.14883257245387
81066,40.84397071855932
18410,96.33198660289443
95287,41.25946640185594
62919,65.81175385400601
38879,65.2292012769323
8207,34.05314473139916
26307,31.753864793461766
20943,58.45711201475971
53299,81.56304571284751
51425,28.98014186080484
23662,64.38083925660871
80520,59.215077497216235
8090,73.08419050105283
43706,41.30456872222176
27994,68.03126238261461
39168,32.68583171437295
62839,81.90048459986312
83696,61.35045847977224
90637,45.33349727321263
78069,64.26011552752641
68153,31.140498212513577
5392,57.219581538477144
26744,39.104997277140775
57414,57.36492495405199
57561,31.57270062048591
55106,59.951817873285805
76352,48.25145752037908
79885,37.25062913926154
40188,36.07713878695951
49298,29.862875033095005
86049,34.10170350288142
31401,70.00530589961406
84610,56.11455499870668
85508,45.90167756573422
89128,69.99031645091631
58432,61.98692711103859
69636,41.92373617334825
61674,60.333184418924574
94488,70.700032585701
3626,68.88900972078372
19281,69.90645383095656
72049,39.97578476867662
85164,68.35295729581529
48216,65.9898936161486
37808,73.9729480174588
43359,40.76742008091464
60675,64.58713519571283
52113,75.5893652594506
47830,25.60052044473747
99157,67.26793371640944
1012,69.967238391118
10581,69.19586315746275
34333,40.958837445523734
54115,41.371738282962994
67553,33.0527812142611
88080,56.319859120768825
98557,45.93469438243023
101902,68.04546607517312
71221,8.604834434415125
72193,82.17225889320731
8032,69.06824484025952
88116,77.63455820381222
56289,53.34510284785874
95159,41.99501202977102
10195,64.91309502701341
1620,38.17380620866853
53001,72.30979294207117
926,40.49895775882891
76290,33.80431738765107
16650,48.96022752900116
39737,33.04050540876959
1926,60.94426848720516
81097,29.720409374803545
14258,62.3537843351926
33035,77.7089702354709
99228,87.43579037969405
40609,42.14019918489562
87484,33.02873856901438
36755,43.25461892692884
1248,75.04519807147196
92100,71.88211999836744
84331,28.2034683531526
61605,50.94712397077538
33749,74.73383123107735
53469,33.89618362954094
18391,55.076126478679384
57426,58.218424404532065
77444,40.3260176850385
54878,27.536845712044506
31675,34.23274464323761
99312,77.24844076449509
97996,61.74956280679967
95770,61.888211007943454
85059,45.40755769932615
5985,32.35112882121366
51465,72.90369382782617
35144,47.8127897870177
33390,32.89108475031609
88366,64.82164200360532
34364,59.03809814453275
55239,57.09183041695556
99816,49.652205153560146
17546,96.3720374367366
7833,46.685296561071254
69664,69.94262310299345
85578,71.17299749575358
36489,40.09059573708315
61137,73.80334326604569
23842,34.94957064515269
61511,77.40393664416837
48807,53.97364030629788
1192,38.57274255639723
63628,32.17365465651251
11383,44.82966450983588
85497,41.661017138652525
3043,66.58360135596612
15364,47.690620069883124
47407,45.806209293752346
50421,57.717967711542535
45990,67.87317641287217
56882,72.95861014092954
67276,42.9540848940439
97062,33.01671976455722
59954,66.85312747045623
14906,64.03635149405261
22519,64.83028595194114
3801,33.11420188187769
4523,65.96875932727042
50150,34.22319033117164
86240,74.96154441353701
73111,66.81594815394135
90354,57.86160419723304
21469,86.17077833469574
85978,16.083734577150153
36698,36.739168249910755
45761,28.77456693014604
64112,27.59926712190527
63234,70.15950269626896
23994,60.74455309133563
63648,74.75763332414908
53249,38.312248763996216
18758,30.35655497543454
85050,54.9834074054457
48440,37.1098041557051
67791,59.00705330539812
18924,65.36356653042694
76419,82.07852006378043
31179,73.0009934520197
88387,81.95482332469446
87240,50.15348247156418
6417,49.9485857336412
90091,54.01014148387135
39967,41.061328353087994
19492,71.90487584191169
15745,71.31701254378339
41829,32.78308276290441
4276,59.87891743993519
55621,33.926850668937476
46194,36.697347640485326
34114,57.0280936745345
63700,32.46556611690805
98786,41.59077966866316
84316,33.35521185773387
31175,65.30798353469856
25437,73.93974774210363
73036,46.685633842971306
94543,41.26225397778278
57198,69.9426948050505
34067,32.64642180519364
60025,78.56713978945854
1705,68.15603827302648
11061,36.163723389401454
4711,69.68145767753899
68347,65.98314182189007
53326,37.78616598329495
21441,32.88530151501596
9359,40.73030203198864
75236,80.17277101904182
4844,42.87481651024392
5578,64.43708754686386
97777,41.52534433780857
80253,58.21422154629204
75298,75.10277286649011
73495,95.49923337574302
59708,32.09168741531917
21503,68.65276819015695
95525,34.61408563707897
53409,49.070641251257385
28592,32.951176024066676
22076,63.539365185947574
61609,41.85566223457432
73081,32.351531779246066
44158,62.95025458178449
85458,75.11697366926549
58361,30.912507960855052
49907,56.660666290851836
64029,15.321442829223173
98730,51.139120718255285
60439,37.967196190317715
8130,57.751550110227086
93625,55.28226103015287
5519,41.03754140847691
36858,30.84892494960954
15883,40.165788372367345
22069,73.9348814240482
90829,81.1132751368806
60075,51.99288724057346
91097,67.83966703408112
32583,55.36575043837914
102038,64.63750091568751
26560,74.58350832864912
25609,66.29485751655538
38845,40.85943074339687
68566,41.56545021551703
16038,38.30935523514775
53584,30.691611037813914
83759,47.56718929298994
29102,73.84422564932248
60977,72.06809857409468
67874,33.2682259463511
28764,62.09595089269117
90667,57.04053138071494
34484,48.93980111135058
39246,58.9451236802558
79402,71.04034164717532
25533,56.00491148460822
29723,31.423742011397014
65912,51.44576646721093
36450,82.90470399485426
11219,88.060260771895
66863,17.858394175414247
71105,72.14445426501166
2341,73.09847386827187
87791,75.3370012248582
75522,58.02168364890152
78108,42.90996377051667
39835,63.50182556514682
89377,64.38636611995518
95542,78.32610693383708
1162,63.9354573390075
73603,81.50628614830592
94171,33.05393417254947
78235,56.85305631579315
21408,55.03418345817764
6120,82.90717097662373
33638,65.75660395792612
67184,32.929534469263345
75407,25.269676081818172
35467,35.24718794372674
31889,46.92957828234698
55463,56.939243768719784
74554,28.014677125714766
58279,13.25749743967124
70661,39.934374030815356
8475,57.27965437984533
27820,59.88051045107743
52048,73.71933968687952
83350,34.4051336752628
34624,33.96470192336148
99045,49.38567063951175
57991,20.875079063229514
91623,60.94371833882037
100652,64.02324580494295
3979,38.33717633842294
91961,83.49747287815933
53443,34.197636060575014
51355,68.9764398245704
44856,69.13090804445159
51713,56.558833422410075
81922,26.06934866530312
72924,69.30440481350233
59127,57.338165067413044
27708,70.2741809325851
14484,10.005196764271155
13188,82.09229796923293
75813,33.11915082891182
34413,75.13512779863773
8478,65.95822326976099
94525,56.05118982158184
90182,34.98808574761602
42554,48.30902870074639
68690,96.59932088330103
73345,33.49943858457332
79808,33.851710736427115
99140,75.5190251885137
84181,47.148981514578026
24966,64.2648542733715
58858,40.94935303086943
43031,56.99443511985102
18003,73.05703525766911
72601,63.00476509402528
34223,40.70047250722523
57669,63.98803912463224
38472,76.74482896555699
94140,44.84194720268756
78779,30.13518137147792
40584,64.42767995360366
57675,35.63697219000153
59810,58.31042318428906
72124,74.13541475542135
69980,74.79611492335499
14769,80.9212429131378
13683,40.17793566744137
56022,69.0450581270546
71569,67.7386485767134
67667,46.30372405363048
68050,70.97011471998792
39664,27.279619201192883
33607,42.137037254789355
11772,76.67789161878116
4010,73.75511790819186
55761,35.444611075951315
101074,48.69857758439775
26576,77.72213836019775
93258,49.854282243300666
4315,37.81580619993509
82225,68.88836364216218
48446,29.527093240097322
33602,69.22419458609838
71976,30.321412269983632
69460,48.94551352847756
17336,71.31414585336856
80447,73.80934191971326
65691,41.02908599494951
102372,81.8719155256648
26753,33.92609464777598
35209,24.220239558601705
42524,65.21742273907103
5681,35.30412628106421
58354,91.04042156192199
71571,80.48046277751862
6395,35.28273708900843
44386,68.43038451842095
68344,74.34687352768003
9530,40.515138540941486
68440,58.3646032802106
27292,53.99901476534262
85047,73.25675523299904
67817,70.00511171400395
13656,63.93850452809468
32600,59.33782836147053
44663,70.85448014405068
100326,82.05600464681193
9831,51.45732817119841
28202,61.80356042843975
4833,27.019411819891108
4179,41.87798443811578
2401,30.342556464102657
23226,65.96608986048568
97103,39.684645019379104
18631,65.59596473998815
85279,74.86560751032432
99425,28.469276193715018
72201,32.37376294678069
30119,73.22359418549104
49837,49.91888568266822
84093,73.73959371493117
57645,29.335307979889354
80594,71.78618234032976
14077,71.94697657025173
24294,38.07853344243044
2099,36.562629880451205
59391,74.94926923500546
97925,69.42785001125164
52936,80.95675458600701
75629,33.071879323139314
90707,71.00402118784172
36871,34.98522984184695
44192,53.86494416529643
47349,38.10370775375352
2034,54.540461652952736
4242,70.09559784015674
27266,61.644706132979806
5902,34.403174584264484
57988,55.916929055953396
32007,70.57017080890532
9813,67.13493335062739
88202,64.07895807646702
66051,65.82847743059398
10798,70.05120342810285
33775,42.12160902767232
55741,79.16517145992695
96846,36.70102158087814
99538,63.30705048167459
94682,61.1168396614882
70895,31.041044667985222
70418,57.31055434240483
13280,89.38945872200374
55923,91.98876919684793
4544,68.94782546241977
60522,44.28989258640142
19869,73.29049462177935
69412,48.40601297897358
50393,74.93706121145796
68912,61.098328175649655
34233,73.20548777026501
51613,8.564087926047037
22034,41.826637377586444
99207,67.93209023507319
80076,73.14600491449198
62024,78.9525794245634
36684,32.937649760046774
3161,74.80344320311994
31879,66.89489702171844
94391,61.85267897048305
43586,72.50550376209972
79954,67.00934788587384
46422,77.38509805837964
71751,80.67463978373385
1815,32.40754865603648
71490,62.97702938544628
16232,75.11334718733666
1040,38.856532524718446
60068,80.47535448582602
39169,43.44079349715984
94891,72.81416066959306
53094,72.25889797780329
67009,63.99542398876437
36752,61.95871411493025
44372,63.84662265881117
54813,75.74298581835816
66682,28.920048516254813
13277,72.13377435772945
90976,32.615252577301476
84462,68.77815168611508
95096,79.13167371396203
59291,32.19327845276898
82260,70.2982104530141
65891,75.75420408089221
69989,40.47152590024536
54801,74.33786710343324
16262,69.19020339927258
35700,33.94178042735325
58863,51.04178244509582
39688,42.001200115832376
78722,30.604944546950755
36563,49.58966481939302
47019,72.37935517535786
48082,31.95609712564156
15492,63.99207462043383
74982,34.123378327656596
41279,33.973294600998734
16453,34.35084434027335
81368,63.818292720308435
29925,46.603408546425236
44212,73.73281658081203
101942,32.865113916287456
88594,55.881733100756534
55830,33.806067220090284
25674,67.63956973607007
79149,33.220011499957195
44244,35.45238803944738
40898,70.04797815827561
44774,69.09355182195645
68534,60.784270611883045
16730,45.99364183087343
43614,78.9619944982891
33183,71.66811072652621
47848,83.44672688241539
56416,33.41148106785588
46458,29.47136792068624
4229,41.3091093056626
27926,35.11867219825882
23325,70.04927772399675
49472,73.07768572995002
1306,64.93833679720217
97762,40.76225519692968
48467,65.34471764590158
19244,53.65429800792636
101903,40.664503489230086
86173,72.91081161888752
27594,17.741154267097535
71173,37.11894301027404
49216,54.06562558128477
46169,46.96937610489695
58751,23.13954874899371
62795,58.88460401259736
57916,67.06926063865751
15408,73.16894174139452
45360,70.7978987101112
33275,39.55632267208308
73331,39.653071064226886
30813,43.150074574016735
15502,32.88112717260393
93716,35.10993573121984
11214,52.025382737033375
87270,39.74989618281543
20471,89.06295343919291
61848,45.403957296559895
60791,34.394992456304855
61802,55.082553591419085
65465,34.18918347905002
26027,64.91816279943279
41067,44.89920425529009
22677,65.8915417031547
12651,58.31887263250502
5301,60.991725400442846
19531,62.01411775567127
4773,67.90452610439004
54667,74.91272524823546
52728,33.18393765744291
12917,31.788686573240728
71245,35.132331054497705
60555,67.42517384016523
63577,20.431599952215926
44186,79.02202146852312
34757,57.31753040217774
4597,70.95115465368761
7895,33.088365833623165
3131,76.28922304075681
65145,45.662283120377346
58850,31.215875352940504
71257,76.38906367936863
44493,55.07391482902143
97335,41.89244875725635
78609,86.07696096181652
51926,73.9922595051604
96819,43.999844501141084
102261,33.55125124227838
57547,41.34891649011246
53794,31.90728602386899
74056,17.52347822881586
18213,34.96851402356092
17492,85.63072544478197
1545,36.48221172431041
9282,56.97768821522773
80556,32.10336358019951
171,34.12126299958884
8223,38.70167534454951
95496,40.79189943284399
15764,73.97544547299096
23976,60.90692378557374
97050,71.13824424097217
85817,41.40818227024782
56464,43.66452314020462
69862,68.02745734338819
17104,38.07028424498888
93169,32.731095009098
62370,53.02241693915785
24061,72.84970026688347
18373,46.47484132454666
35696,73.21761980275639
81948,44.268590807681534
76631,76.90589056406168
78971,70.64195488532604
7545,30.85965681236914
76435,67.94687540667647
75478,34.10859771317504
6248,66.47484852642415
90680,32.06726221966904
20746,31.377554224980425
47269,70.9855319786112
80846,36.509519703175535
31313,63.110217356153555
14376,44.722398778104186
81621,76.33931547990272
26601,77.89577637884065
64370,56.98991117625673
10162,35.202092084433836
8424,39.89488943873128
11220,74.43839957133028
48804,20.92524445774143
61305,33.85473528903104
1796,38.89725537215608
41419,68.04980809040632
50673,60.92233772182301
72053,56.20811409774654
91087,33.68962159644646
33584,33.40694157566392
26720,65.44482762757062
54713,36.59141360959428
67681,74.87140082004576
2138,64.82126075696381
29871,2.916985658122808
59969,32.41926382128135
63178,63.03153955897862
65667,38.810144447234265
995,36.957159720126455
26341,40.29765942476795
39161,39.410448288940735
35659,83.50640121109564
14346,52.87175583245159
85629,32.21296966393706
76618,77.4393211610234
100136,25.073857797949056
96748,63.120643163169625
54835,32.64505445966032
67182,74.07863105317227
23990,71.99428637418293
55129,77.77520675825663
8392,70.59017176414082
35114,49.03720298433369
76168,73.16245067646227
13700,39.69068488387356
36029,58.99872055861127
35730,40.02510914072737
31898,55.454881568383556
52011,39.55391298038689
21171,56.965946692018385
9349,62.487146802312616
61629,77.96590502109424
94329,33.95235659542778
37215,41.31753337678639
19507,31.82476460567528
52432,56.84307940543022
8538,40.83406856325819
47053,73.86221478099982
65675,68.74086478480965
41588,58.77861135436529
78086,43.67403430863177
28433,54.73514205150206
19581,40.911476728173696
12424,81.55541015205296
60072,40.00717988064854
24206,30.72554721564699
60938,47.02976973861092
47389,44.32825389352358
61790,32.94844070269813
7626,39.42095264907339
1243,73.72394423108756
97864,40.1518181220535
40862,61.22708121122632
101493,30.515962713833993
19905,46.82893890628019
39878,65.58346555214685
76674,77.75797250784908
28733,39.32950619010112
100378,33.35186613319045
27578,30.125593107180016
22134,71.05448701115887
30388,73.93966163213219
96920,69.95193612668365
56613,62.51949426740579
12410,76.93683729331975
69826,31.834233653276186
34187,68.75923952904185
2239,24.850316544690656
53902,53.861344586161266
55663,78.89298743967959
54578,79.91043298495566
76842,17.567217070936785
24600,62.095122491241966
24913,61.09299112456888
8608,75.9690688606971
12415,69.92075409000843
755,73.0028157086735
31800,33.58066927579526
79706,33.70302308360503
23007,64.52083738978357
90633,60.38310872630257
14444,31.851290113677795
76055,32.00013924536487
33196,30.88595058193987
47421,48.08501071958038
100773,32.80838459069487
14822,40.77648106468871
20486,72.79750725445257
74730,41.948654213481674
51316,60.4357381927132
25843,36.62950083122945
73844,74.92821402493259
93149,42.434046340940526
33475,70.97892460534243
87222,54.99698247238257
82097,33.70731701275865
65610,1.3837706491139876
9536,38.48322250375497
25024,61.32692333961259
66608,73.95117078815986
69059,33.067115918137574
38202,74.48342818995813
32220,33.59938397881412
101556,63.06246242316931
33844,59.00218971423912
75075,69.89783060991101
45615,72.974003995825
101891,33.995089297155964
12904,59.46292578896822
58405,74.46471832649883
93974,61.0208116616451
77019,53.12236602977438
74027,61.077477333708245
33619,77.77446943801462
60386,41.965818949560216
68637,42.38521317816257
78272,44.99843917496973
14373,76.14359435141918
25119,27.78850290942473
61144,59.421600174196186
61422,38.93113587861938
18842,39.19853897172101
51997,29.250102496267257
10081,60.13266544447937
4413,37.764807382345424
10590,56.91570212619365
88315,41.90255276108185
91998,62.93886225747532
95056,58.82104438262772
50215,50.88974857709685
73215,67.27628388681265
71908,33.82910055061466
77329,73.91908566403265
48968,40.03466098481739
91486,25.885040991106074
67254,17.072217960157396
45419,55.91633923753794
98450,42.004438216933046
29298,36.06106705114984
79028,73.36052671136504
25290,57.883722169683324
3062,33.76160416773598
23548,41.670832349007014
75696,21.742262110278
42429,40.4560145005598
93335,72.78499297636208
23296,63.664935945503245
66305,79.50112691834514
75605,37.414961169753354
17186,57.948395525131566
92483,33.253911943565164
73949,74.8446508210915
11199,71.11529945155894
77687,69.2547346089919
30454,47.544003122292224
66176,51.58807529033522
52338,20.009880827183277
93959,33.03938164625567
60125,45.018091625314156
96045,72.90722563594807
28351,75.00528936293011
33255,77.11262569372435
67673,26.611299136230546
75594,64.83997382880645
48220,49.91307405279312
14384,23.805335059329423
101243,75.99825410241266
93521,57.21307495155227
58096,22.209213669257345
79815,79.43938313694011
69478,40.01197903576734
60756,72.65774864208794
66714,54.86143627009097
40952,38.828852601711056
34767,35.19243558061509
32017,61.95729005250649
15912,68.73994598410962
39812,61.86601534192781
17635,30.85990076155467
82317,8.511413780770646
55824,33.896644323669044
49145,28.11031797540923
17828,39.6643954488982
28002,71.7528983457037
18560,63.0071173855665
57648,33.365627107094284
68563,59.92759671265375
56934,26.716327931669674
17297,40.42574487212491
37945,69.00278290254171
62612,53.115220038657746
16839,67.81325219682529
28105,66.9130935357506
83663,62.86273369777703
28168,36.39930513211375
28231,85.70753880711894
46085,55.85078153426908
37805,77.98899299609434
21766,64.11328411502194
2302,34.897329597398475
35265,32.518759135742364
50240,28.707890617733078
80862,62.45944411175208
5924,41.24877353533603
75239,78.96303907916463
9682,51.692126976722804
49666,28.003031776530747
88278,69.95635736952539
80585,63.00856531959517
92228,82.44050012259285
90513,33.33073605907136
98933,61.149013068535496
85226,50.513732153169656
77557,40.902137585245455
88043,70.19792911274294
15455,48.27743677059164
80876,77.17599455134811
79394,38.40787590401347
74049,57.872594169068
30638,61.96869193884332
32945,68.50544526147172
21601,41.266026955324946
96493,72.24302666939408
47411,70.05974035871972
82648,45.960182569486406
81859,61.00893496715294
45771,46.73361015441089
43560,36.24023177224122
47316,37.2919208370261
101158,68.97156026878383
56472,28.755994990039138
65848,80.00781198363958
55540,50.634343099757615
72323,31.642058605152425
19730,46.40686361683622
80918,34.0165401224903
81287,63.16885264642701
70994,74.38998735734131
95268,54.32218669728162
10161,77.95026469502494
57209,62.00252899639693
53340,55.980995398303044
15597,75.69882580924258
604,64.9551121652583
36352,77.74954244209425
98089,77.92843098616844
32379,31.86837531617035
35727,75.7797399402927
29681,65.12282234128514
82259,69.98359805188738
25690,70.84654052070783
65820,46.94314999449523
58798,71.15022679319804
90988,73.14585060983927
52216,63.47038301870725
46067,31.42063679232478
23979,84.03466374389308
8247,30.74095450341113
95506,77.89124447511918
63160,26.042206308726968
82007,70.63394033782873
8366,78.93962512937496
44811,72.7829717204101
5620,60.00716025836692
14954,77.01064718231896
53152,40.99471322370845
22454,58.91900862738461
49158,76.9752380745106
38774,65.89098081017136
102462,41.25135826019633
69579,64.97040688039817
74543,55.36989446031039
88178,41.8538117731341
19420,35.51754497443277
51001,69.01381409557126
38424,77.9289416830951
99260,18.142175019306848
79625,57.891368039332804
95039,68.33052015285924
52328,57.40727677212233
9037,42.17381644218922
24512,73.2413228914649
46264,27.91047956650378
12712,73.10399512733471
44841,74.93785882936746
10101,89.10007272979308
3855,47.76124420475929
48430,68.88033657056205
50320,66.98763055585229
34004,73.90703561947876
54610,76.97901063470516
59308,66.93583816769701
19536,74.36254184538262
30130,53.63512635439652
21901,66.83929497365116
48794,42.12672826720723
37693,43.3156508187419
96961,23.887898147500298
43691,79.29757145512885
50692,29.033755206490277
9730,71.04825102385067
25576,75.20271761257354
45822,34.75340739200544
47121,56.92859571797527
64764,63.588282662434516
39191,32.935247554586745
57570,77.85425087934311
11334,33.5380574179029
93765,32.8847346389301
34095,42.665019253409326
18208,40.49253109586701
32224,76.88640936276124
78242,79.9893788388709
10228,13.437372230946863
62701,38.322138134277765
12118,50.9977803390342
100566,74.56976921814731
50749,43.97346405636037
21640,53.85583562675652
23090,70.03441657481376
29661,70.18739373577418
44581,35.44608793644741
69306,48.02930131873447
36102,78.97183841382802
45160,34.9686837454262
70462,36.78835766522097
28157,31.68214038460172
101810,63.00266452749223
71159,34.405177350169815
82136,34.22802321402432
69824,77.27227034320288
53784,59.964159715881465
71701,60.10712915176304
74025,62.850573585603954
29060,12.119523613805757
16560,66.17693884927728
81759,26.313118544024803
46114,64.66700043723927
50261,25.948410495934745
52377,74.04599986751629
7781,44.19827789757728
30189,64.97750560283842
96767,33.334264652147894
6139,68.02438797586464
51138,54.840063098501616
19864,48.751201878914415
88211,64.49509326703873
19588,74.87183202504349
100539,60.25029891360164
34583,40.04274295841794
89296,43.25989173524251
4363,36.0432971302531
71531,34.09672335515553
74424,48.83427789243395
26019,76.10606860258395
94754,54.82618966101093
42793,51.17743138938431
95504,73.83185015764283
22305,40.2033377130913
13722,81.84415039470085
14309,32.765978508204036
85660,64.98757382363672
85782,32.94814833937842
95205,42.773275958130675
95116,33.018260918820054
79357,44.94548519743725
26488,39.88321660101967
53271,39.67650902232732
30665,28.1802958353784
75858,80.96953629341778
41649,40.57823464360197
88490,49.97341735133578
56733,58.961638552210324
93051,73.01539129434852
51900,40.93276952345274
20667,64.08052787768193
96841,66.13430951961344
70662,19.538095891563664
4631,31.989658207881494
68730,57.21857863164128
56869,65.37172929197038
56206,63.70380042106474
29592,74.05592807321523
101350,61.5233270840183
48175,32.93450916828682
93973,41.156927696539526
46963,63.38290023983161
87812,52.44180250091789
23674,64.25195176237149
52182,57.566574911005866
66204,41.87616311648496
91075,60.355261855552
23113,67.91268171281175
86097,72.81679557520951
12680,37.55962531584637
77408,28.249567983822097
6046,62.01344765074941
59539,70.84435210990964
38596,32.61059902860396
31937,44.123569599779124
37982,27.407218691894556
77209,63.90346868158978
98091,74.83983077309114
72282,29.92759438991404
29134,83.56070904590698
13987,66.83781131023747
97136,67.1439982533114
38703,79.55883260333772
82222,72.12950324468305
36172,78.98279689077694
91178,62.62327275548981
60455,69.06158149836185
97786,57.993351585154656
75238,77.10942801071563
8597,32.32667486753903
95851,70.123350387426
49884,32.18808069665877
34091,66.12251929394279
14803,67.904938286585
26294,46.71439371405681
1884,53.20766688735088
62382,31.97821593250658
84999,74.92925170171264
11758,32.87667553453331
60674,69.88136757608062
76509,54.00153103640351
29347,69.58316171688531
52966,77.02362188577044
97920,32.68160118195063
169,67.01581073885015
7955,39.23079546029958
14978,78.74376037918722
61138,75.17553317681177
95047,72.85393364628132
40990,52.3728635690304
2342,41.33688754818985
25496,50.771070205084136
86463,62.95461840794514
42830,41.3818869507946
24457,64.32711392676437
57394,33.66375791366164
54456,82.33344323628255
74846,38.11556494975502
20427,52.138529675689526
4175,34.79019188421199
42108,67.32967072357474
75717,66.8852419754426
86231,27.11055474923773
56889,40.76182108662979
4191,29.234249295872104
62205,65.53834212676115
6270,71.31796659171921
9244,31.906695494388394
33576,38.30853565518004
12757,32.582081679811914
75811,69.20797400856205
35200,12.337421163764951
102634,69.47343220630378
82880,32.29237797367317
89114,23.33510526981788
97874,40.180563679440745
101690,56.00451774273438
8759,30.09402467563448
42798,70.99588575114794
59001,28.469807512929055
13978,64.66939636064829
69923,46.15646870027521
40243,76.09549168725468
92740,65.04220603160249
68223,32.773601380317494
78470,42.3270889139089
10254,71.9510965205261
49185,69.14724142213518
30124,66.88106001049618
70146,60.231920676072384
34438,69.74899211020785
40022,48.1405498738024
69995,67.15226239464214
3061,40.695079203500455
8494,70.81265686104814
46138,55.95622878564181
26946,36.084244896990754
17826,28.236634150094552
59387,62.16130692083902
86771,65.99535799443703
13672,72.58741297420609
19174,44.86686769511045
28762,68.02616468157086
86191,68.9423302702762
70316,56.12907514824497
21004,41.06185997030364
47206,41.59051894035349
50219,76.70929620697412
20863,77.99869378997246
100569,40.17511467103923
101927,91.20356955005093
922,57.64698255479034
69503,57.418605404435255
77180,67.45028295077859
23288,42.805892100773285
52541,80.903000909723
21555,79.25753408341984
92493,77.50628732788498
53839,57.91198621203819
23774,50.44679227678134
73923,67.77879042891075
56149,56.26527746477866
46467,52.00762459546217
37294,65.51449468027786
102645,64.30359828187792
69782,45.74189851085961
71424,73.51645697962239
99058,59.091033222887305
14437,40.66872878957674
16609,27.155628649325664
64804,64.63186441530377
99019,27.759810259508434
40892,75.23770192723589
92457,47.999125046087514
82147,62.88445876642481
81171,55.92316138539925
194,32.85384394363809
58980,29.704685189930558
22509,57.34693530514616
82827,97.90856465208131
25037,77.93496779457544
7013,70.05584657189041
45773,41.83378678941086
100503,49.204008721954295
39209,80.0145091526681
97094,30.917837331878523
84956,86.14854531941336
82218,65.41761535442706
42166,46.429814280897375
69213,74.62647688047852
12019,77.12127958783823
15942,78.52723347098441
42906,42.55253748342702
61519,63.017550534000726
58497,77.86221972365632
84949,22.117359299528715
26492,42.77545405938416
49846,77.00873794882686
43287,67.01670513165001
54355,55.67559897552465
55019,63.3685879365851
68560,66.41859083800419
31794,85.733372593426
6232,78.2443637906436
17677,67.77664422167732
51423,49.81243078159653
56021,39.26721898689315
667,59.449667353193576
39719,36.05216998538184
57022,32.05058060279315
3638,66.91621337754776
40478,82.67377535946781
87203,41.241180883742956
30530,63.93299704408172
10144,67.8532773108077
92787,72.13460908041095
45314,63.14238719337605
19892,54.89479106275678
64907,27.334405539713046
63655,58.10084132299023
94136,32.06755558303948
86455,43.06280315593813
9023,82.10540044455442
70506,82.3111299009923
63127,37.9173749329479
72008,48.97166261278532
84636,32.964576077248545
11528,71.21045985786775
55470,16.082097412602813
23665,52.34137650075681
77308,79.07330634760709
57964,36.29657121761961
102395,68.3294026144278
26752,61.89706636257516
74663,50.094869546027866
24481,32.790713809403414
20271,71.90800448683774
68536,51.81734211598682
47037,38.86165410658199
31367,72.70504371077953
31715,70.02218990653054
32714,43.70460760966086
55204,36.171853152132826
101156,41.76674830372248
71358,42.784665391118054
71214,35.80237327247663
7773,48.42293920998708
83997,59.01631780747462
70689,71.94141797834472
2813,76.46024330614654
54998,67.05150855545264
53433,69.9854590531423
57067,80.04071050166687
80098,32.13173737810657
20246,57.27629050906468
4826,40.669882748445815
43791,55.67332029416165
1499,62.46149392245269
51937,74.03200121902125
38781,67.85951637765415
52293,27.617432153846032
73794,35.23869515882053
53922,35.01364144750453
8112,86.37184880570264
27321,61.90632943001103
77383,40.51538455714215
39612,78.92589148985951
57494,43.998273384942294
101710,50.00148022985493
37656,23.828114447322292
19127,60.98737313970765
1668,61.62871400075423
80783,64.00676156251754
20503,31.74596114113072
32686,67.01566661696444
38861,66.74542950717279
20916,48.707848288074736
93990,30.763435537106606
33237,50.26526218230309
80031,31.08346136155819
33397,28.04383684024161
66069,52.96351758258234
100437,35.03965035598976
55413,32.624368511333884
7089,30.134063498204874
22464,74.63361653129911
81128,59.91875546037943
95051,47.81266600491497
12283,42.48334940228595
58622,33.01949753638471
59744,92.08594491676735
36825,78.1441235952437
72659,48.9556294751905
15347,42.63826013411306
77251,35.03850441003767
26498,80.41601390710869
49776,66.82251599473604
67900,69.89154304347556
94534,28.199607994814986
14695,40.128511780001034
46028,72.83866780309751
81901,65.40645154701045
73582,42.19882695957097
19774,50.93354570949718
35825,67.5785397760429
24844,72.01806788183374
70540,64.0023301826979
50229,71.0315154737193
94990,70.78812996298387
90737,66.8244480966398
51468,46.91661689997845
80866,37.88518959129082
56291,30.698639980947412
76956,43.56150240744981
3411,63.862529771958506
14138,84.20805393636067
63058,63.88642065894264
53157,69.09269208182029
48938,57.12028211539659
29385,67.05198756981923
66753,41.96161670719845
97828,58.672778624621344
6267,58.91759304420691
8285,51.09752183629669
38644,45.13826019338582
79570,60.07219310778892
49201,56.96073969859833
25522,45.7314043663807
70697,56.96164706937063
10481,72.42654171890214
22044,28.932390760653334
6877,47.892779677151744
97371,64.66127254144948
31289,56.95731323268757
17994,42.80091084296865
45643,43.32372646911298
76100,34.86208470723237
73242,47.105811768487406
4936,37.392157026192784
24655,71.1133145376042
54266,77.98706010822468
93280,33.17505321351142
21440,61.306210821675016
56305,79.79736374114755
96785,66.9729528015132
16317,27.213683470430034
78495,40.69600061026623
29817,29.90613819000422
50180,35.08507010359036
34347,59.75978638857921
64484,28.69880627111522
81235,31.030054604081588
26849,73.32402723457551
85674,70.80404269366305
57760,68.8936246723425
70061,76.81089944348575
48254,60.08479424042237
93351,43.73880456089117
16370,39.94065112177475
53233,65.7218491447908
1479,39.14910498010976
57800,60.8910520926058
38962,72.03236540184471
25661,77.10338971719462
21133,9.073583292863702
102661,27.79310661751496
1024,73.52037607093078
44957,46.97441092864106
640,62.50137329801771
22985,28.999660403049493
28559,27.67462429820385
9174,34.95888354700321
26695,84.01014693044596
37241,21.01613025172115
96526,33.65366597146054
80182,33.42808305547251
14183,34.8528873788827
74838,54.616184583627856
96880,48.20512215820814
28233,51.970089069157254
90027,57.79153428149139
69537,75.13666376703887
96028,84.72006847580639
21666,33.61445486623187
69561,51.07774835123375
98366,11.44023889582665
17160,65.02058042059281
78746,69.40241768299246
82414,89.06463143301164
79955,27.49149469078034
74101,39.050100074441744
9800,76.94766901326818
90529,76.7304052547924
32717,60.06615003499655
82356,64.71663939164836
33192,79.83283766918329
53000,40.80975304457999
25270,55.78806108664358
74005,34.559521867356125
37372,46.06936227946768
68332,38.02549826359692
67470,48.87096905852251
36292,37.34461514039476
27347,47.797685100649815
30359,63.0281046030188
45417,39.608392588284104
78368,42.32959101331987
18402,78.91728078922952
88874,38.8635232022818
90887,41.17927923190092
63671,70.47743299071465
33532,69.95232287849747
12106,60.01492747776214
93827,70.19604622186307
46225,39.54611482546216
81424,39.06917884311907
85749,59.05277301909656
83321,70.94150791480439
50471,33.95085969669584
48847,32.73444927023513
11017,34.48930377248731
72594,83.61179246784025
21195,61.142525915998945
101324,69.97397963159813
66201,39.71274197604548
49588,68.01253878333279
60818,37.6281045051323
75949,67.81649377239802
5449,31.066340700200435
63080,39.73826770960854
39807,41.25187125012349
11750,51.05449603297312
63337,67.12806405216307
40019,37.16045438710027
25789,56.86175714834686
44653,63.49521254750175
93680,33.77759555241315
18351,39.44796433411565
88846,12.303780087730534
63183,52.84229920922651
8343,34.170885688727346
50377,67.9945469395708
507,71.93492163003506
14545,78.72367271562864
4353,71.8777523495979
90221,70.18803979327609
63824,63.953847922433646
35694,68.81381053821863
40069,34.25156953294518
25272,62.89190693898478
21540,73.00009826485086
30457,70.07393993517005
11389,75.92275719188896
66100,33.150820809973865
49688,71.13034808239121
477,34.019636246094045
36948,40.95290665017333
95213,32.430970297029546
83518,96.81081719682362
98970,78.20831758447662
58300,42.03343421333149
78553,47.7256201340579
70794,48.90430205810404
32772,71.36194958035074
88903,31.835100293603592
62819,66.88473124871317
42238,31.12074832840784
49880,32.95057967342767
71636,54.975045037079816
69673,74.89718371066999
76154,42.96844631538435
78082,55.702543771891406
66306,60.4665166293112
93552,40.21600913186596
27378,84.15877208209548
70192,60.31423767225438
87777,72.31367075565642
86478,48.19578186498033
8863,57.820461477097155
21842,67.99454901234228
69885,40.17246780916912
29960,52.88824917002532
54975,40.92972739277648
25392,54.38536547756844
49643,31.51022192567283
86996,32.41563452387365
20608,35.269060479742905
27700,72.22717772971285
37082,70.1338838138077
3699,68.4715827565492
5627,32.63086668325147
83060,30.536736707953654
37454,30.824680625740676
62492,41.3948689565717
21434,41.5820609525442
22233,39.68247460590811
59365,31.822232997607024
5914,82.76838530945159
33279,34.12934440487017
87534,63.88919207849143
14860,54.20565235168377
79247,75.13181383578586
46681,62.1000098711375
79890,62.380145029288336
86305,41.42377904955358
95874,35.0366829505064
52591,48.85673510540191
87116,65.03717078697227
31245,34.23025525676499
59953,34.3814793466285
100029,67.99067478843592
89577,34.80458634390232
102391,31.101433812344418
74975,79.89835441068833
60877,64.99814118729972
88130,71.96799277908747
52772,84.17517515740795
37889,36.486802000422166
35883,39.97191155755394
74742,32.58671257563392
75663,39.174549585670846
14375,74.53861766496604
82520,48.484121154007255
6911,73.0107235988439
76017,70.81626478182652
32316,71.94154642991127
68964,66.24352334922885
100753,67.06074451667519
56323,65.96841735647637
74257,62.045689970746736
101488,27.738205686754764
66479,57.775981952422825
68119,47.83201098609099
64117,74.5723616965537
38635,40.91579563451998
51583,75.89907402182689
81777,37.57310020538404
85122,43.073488286756195
8711,52.18503660182108
13183,69.02731255573956
12663,42.397708451267114
79841,32.911373109877715
29403,60.969490237799995
31184,34.24474841798777
3381,79.20542661759751
58151,78.04738872722734
72543,79.03286830439859
21535,67.96103892449386
26889,41.27977755261312
82209,47.285745728608305
51689,75.10534350172438
91791,34.05814248181169
29439,61.934765527945075
10252,24.595530772488324
5986,39.57515538636714
24917,32.584570684198624
99955,67.88270414757929
86089,55.94481250208157
37721,38.05460582168429
11767,54.09082922618628
45504,41.923602143099956
39652,30.88955182527931
27724,64.12610019749184
40672,44.77260592387913
54542,72.19678297252143
78179,51.08597356830795
86747,64.7217780107384
202,65.4228979515412
82900,50.04096698232182
48423,66.64352214197709
10860,57.838182107776696
48505,54.62152622124738
73191,70.77985076511176
57722,57.69014305876961
34462,49.923057979442476
27118,34.910592792460044
41258,62.662556306104676
84619,67.30359282304241
50226,67.48937109453769
4372,16.708482716923594
50141,31.91097742473163
60837,75.04509059478696
34545,55.10727127472074
95527,65.78729547254784
98147,66.93515279759046
33906,31.67023729630048
9315,64.58125590329568
32029,68.27243537987268
66455,58.54609581158533
44010,54.914613272130836
47250,17.44504588768676
33083,46.85121697960183
60505,44.08350983468107
44604,62.844624558903234
80165,64.96831532121297
100073,61.130094563283336
51553,38.0436705245417
39181,72.51519696352898
92785,78.4683622783055
96695,74.05625045713975
27811,43.18683734633399
101983,69.89832686874223
92467,66.04114807974653
17281,59.0007332456099
93805,39.78981315634587
30620,56.90078974964046
85526,33.57381800569582
67419,27.156188855371695
49864,81.7750479731148
77906,34.90855331277361
89458,38.99882112725229
49082,44.36968173125165
24697,68.04465677239533
39931,34.06049921454943
24633,31.803296213772565
31450,68.16863735323567
83026,40.08952721654475
57151,58.187850654667876
7805,41.117614672583855
51897,74.6448367686923
91550,59.00335493055347
44491,71.15138983779121
53603,75.0160825593992
8959,55.66267729962351
11806,44.895629287310584
45403,75.02224006404468
79914,48.02301502740485
92645,68.39562508439144
46240,70.03141870210746
53174,86.18416972373015
60714,56.510219497608574
37489,71.01712582513093
74962,75.0126076499378
87475,70.95907563393297
79971,63.61618221736005
67809,63.86611550016338
10403,71.0561583490553
7946,68.94989934096375
89202,47.067847770837844
54178,30.058027012577266
75919,40.775224067594706
70089,41.96686208470815
65431,73.40317959994087
84407,65.94817163041417
23729,53.89607849398602
7893,31.75246527088654
59543,74.97165735630361
52272,70.12688785304664
56384,54.99780550112706
101392,77.9680381364011
21495,71.15451915830644
101165,43.1059950863052
99601,30.580402556008625
24075,37.71154774708307
50097,65.92215068868094
14452,68.84060225607755
1469,65.6791489690385
36543,60.9907095071669
18304,43.39608169300142
89923,40.88795136912755
34131,66.73436600992795
13127,30.84150464517161
57472,74.96876018219774
96549,59.09103028294838
61599,58.270277936161065
60584,74.49825961134579
28011,65.76793110035604
90873,42.03295894494884
11524,36.46716610125803
7823,41.92204898251554
99077,34.679916124492784
74480,49.73435447838862
59900,33.599446293849354
33513,31.990655137980664
42344,53.19853104768836
38977,83.08096611440115
47264,76.39795782874705
21113,35.44881812100996
34614,69.17325990176629
48490,43.021179774470134
89902,68.99443168295043
65427,50.06130794847438
18426,75.23276496378816
30690,77.98753161772362
83420,84.94768537904733
9876,75.02522955467705
92140,83.0979725104736
96377,67.68430072339233
71067,60.102649064875735
32666,53.66931004225613
76265,79.84794553798895
100167,31.316434206063434
72271,70.14902437817867
92768,32.44933363802964
15244,53.76511672851723
97029,66.39468883510663
89466,67.66254784227714
96324,33.490767017210636
82547,41.4502032824099
54785,50.00650961484423
4577,71.04785356921529
22074,58.090278257704874
99569,72.04518822224887
53232,65.01257440146446
42659,61.73199852608302
39024,35.65403807802376
29516,44.84545696138228
25583,84.16402872393799
11835,39.16223065725231
85234,52.763516514448696
20053,66.85013267592862
89826,33.92459587957559
6785,73.06911724550432
101478,79.75334662380388
90686,69.91918361135245
23540,79.29754195928074
62866,59.841079091294645
29732,32.4715496541424
93063,74.23388412336752
18328,74.40841478687528
81425,32.82446562674565
87906,26.32407988534147
73390,41.35259322419316
92620,37.763030197845005
64797,39.435526913361926
10350,65.35064595508317
3681,51.856702272034454
38217,68.6044161498933
84246,75.20213563146261
69986,75.5762782647167
99512,62.560157886660264
80351,70.04468643362564
50376,41.24780360241321
64745,35.13850197006974
5333,42.917167221097095
71855,38.765539266396985
63196,69.05360464618481
78852,79.20340022153238
14540,18.26345856686683
92281,32.53280803540312
43319,39.643071928670814
53183,58.89501679077988
99914,48.03619459273544
53765,34.25351756421263
9281,75.07495796953319
9142,34.4009878660852
48123,69.69030336423972
77655,72.6940220320318
96937,59.606751882815445
63421,31.29150994699703
78104,82.55382322541749
11101,70.06159765563747
32080,73.27218700471059
9193,54.94971394202162
76304,78.09369005081544
77956,58.9135397672697
102612,72.85415310585424
44438,39.61414152761553
94486,33.73170227895325
18852,28.683208339813557
86801,35.82304434753167
15957,26.533444270551918
1407,43.94911687447021
69772,47.468344497811586
3201,66.56179564879052
68052,81.49062956142924
47817,16.07875056871613
30947,71.90329999908025
54285,69.18885874378367
50550,31.723955556883226
67895,33.07357978693883
97507,71.03625778271052
73037,42.59495481892937
93645,71.55574228841994
13597,29.643593065017434
4802,33.094943366777855
8875,67.21215243661436
74764,69.85908346273685
11638,34.28189914450551
2250,31.330496506514155
73073,30.454808295489673
76905,74.88160461520798
31237,65.89524226027743
54137,64.10205108423692
44824,69.34068438961043
83494,60.29035074143848
97079,44.24322879451118
24569,68.89153644587546
7038,74.45408907256518
38228,72.94723707473517
11268,44.124656590094325
86987,38.859257142308856
56006,29.249111976576152
43812,33.11849327399889
37510,40.865793756906584
28172,54.00826278586905
27530,40.726470363491686
25927,32.981190873748176
23137,65.98282672817288
39977,69.51889281226133
44726,81.9556702188751
74120,33.10556416141765
96181,69.04266608191574
154,19.379634088780616
79370,31.387631185378723
78623,57.30856749941639
62910,70.37637509756613
25717,65.80801895942528
31328,67.87972011715028
94316,75.14477307078062
89965,66.7011661987293
5894,59.041204738069396
34400,61.89514391601011
72280,80.1204268036419
40339,68.0560334153399
69755,37.56202625201655
35032,59.83290618087537
42823,70.00353429327006
98740,25.14575539063896
96562,32.89018370633848
99370,30.274494020135368
9989,63.08457165545675
101209,66.08512506339021
66288,31.762180568884705
41267,57.07174476356093
96081,56.95416763366173
24800,67.95710576440925
19312,71.93357000030448
46014,67.62610776694365
37766,33.60155526252907
275,73.17612871582418
7918,70.28153164173955
65160,33.6906242759497
78996,61.598043073126554
70486,45.14420480704253
47814,30.037715688497862
52172,31.117794578794538
73864,51.41568660664798
67077,32.56964403112345
27783,34.18158451106678
66724,47.90482923543636
11463,34.36755828544148
70148,45.003951956653864
21968,75.21527075233617
55405,72.63791159159103
82397,61.43192177416464
15724,74.75245451451985
58247,38.22807513623226
5502,30.767760537650336
29031,76.7542674645396
43732,65.91226521425304
12438,23.765020792264693
87372,80.86009816938272
12860,58.886739598872964
13039,25.333477581149985
72993,25.26778580144819
8288,70.20654015102318
26830,54.05739161473768
29487,39.47782951066754
74771,62.898165091846025
95574,31.71634757390958
34184,75.88619886414423
66886,59.96764013967736
11786,67.95004868366745
40838,69.00450547724941
93180,59.58785421737417
86912,40.941261239003055
52427,62.85449253848225
84716,70.03209935555336
2423,75.053559360419
38695,67.76972279279019
413,38.227927269038105
62518,61.10699764754517
38061,45.98167598144171
92773,75.5784788409811
35645,39.51807722878657
37113,64.3165921065791
27752,75.03477307795649
71737,66.7510173610631
23082,76.06267251674646
8498,80.21522858496562
15360,30.637590700254144
25127,52.264344440135794
36598,76.4222071076579
62998,60.73852159792136
12168,47.23605980191262
11526,74.9120002933073
24743,55.636598032750655
15555,45.98147073171091
10881,47.788313633852496
69315,37.90434207811231
3577,45.421342506947994
23450,74.85494432629184
39770,74.94129888988283
33626,77.3326980236186
24632,42.69697268653147
15588,33.90069006748955
76519,54.10597863429777
18792,45.41704946773412
27153,33.43640115576111
46972,80.67057317170487
42497,67.9388913013297
27201,33.666361937569384
101595,63.584679687279404
62368,34.62505394229635
72914,63.04452788671916
23771,54.81852164469886
100812,71.00235794661867
97383,62.04166870814788
86065,31.644959300617895
67714,53.706559340118034
45450,20.050399804695427
33009,43.01162514328467
69470,49.02321238288546
22731,70.7726979598865
65882,32.705820513705675
45392,35.257398160635184
47989,38.80949152090134
42245,29.096474701868623
81340,32.972965930215196
2075,67.88382907515462
15698,65.95194671191766
98263,41.683105459436504
54057,53.3568579467786
2372,47.664018479628226
26723,53.454527574648225
87638,32.77583112228053
46775,68.82236193742996
1487,52.863439163092
53964,77.04073782005409
80855,81.49939303951356
70808,54.95693175907626
71512,33.32039829494631
34704,28.712534031839827
65390,70.79355513752017
93740,61.99935979509603
87752,35.997874300428634
73869,33.01361544470241
32186,34.338226822951846
97806,40.0214586139206
49733,73.88437196908123
11712,48.064477769809635
45378,47.16877633565805
5109,29.51608167383662
81184,67.8788313237096
102542,35.85729681180248
64790,41.20228563500397
86348,29.41946131384886
41953,44.558913938491386
67151,56.05948939022809
40587,31.933489350930117
94103,72.20665496336588
34895,61.450212801233974
33224,72.92414063828323
63630,22.386653162760595
13181,72.32945025894637
18463,27.79528749143115
39088,76.8911914195168
34532,69.8869631867008
39938,30.743580525565918
357,31.635975120975576
72322,48.60014793508013
101343,77.19306654496299
53711,62.752370006322
3,49.15383345471105
31044,61.03044209585196
30618,78.01698860223273
11301,65.78451651253184
15427,42.21047180590621
56509,61.63991101249552
22831,40.54908771826817
54624,32.56624294193435
79192,39.31289040510164
100595,76.0736058283168
67945,58.08845398326838
72224,70.88605717613126
91025,24.731351301499892
92434,48.925161172469856
17114,38.492581111884775
3204,59.924513163480356
87373,69.93968336344267
27604,29.40416137266319
1007,65.4948449466363
41952,70.89827926227031
57365,33.65027558594568
28844,41.09165497753643
66575,40.460408123908735
35288,66.01077381492021
53557,85.8361467120123
83407,23.737608338546295
7619,39.194219984143814
9157,61.69549774711113
28397,82.41064335654744
30271,82.90394643027713
17019,57.12634455782473
13524,65.80695103129383
33338,31.623599694555722
9348,21.64756830443066
31768,43.470407382685664
22264,59.9767353627591
55929,79.39012380708112
85489,35.11312348454592
62318,40.74948513424316
97503,62.76674143999985
58068,33.153100680873585
99860,39.05300802847894
6335,34.78876761772739
32358,53.276043339269336
50051,77.12703012592416
73854,51.929929326731305
59746,65.00519163013269
2807,48.10874320779544
66987,30.510013513927458
89850,72.08171201941127
8119,38.8083855747835
42730,68.06103527767418
76980,32.31683279211044
24363,39.328398830351794
40334,33.55800791576302
71585,63.0212317040036
73509,21.83961365896376
19442,32.1964028375271
14643,42.936721532342645
88222,96.53527835580067
33507,69.21087029047553
54615,29.06685459594352
59283,80.46497695342342
61929,34.03001637407026
44395,41.18847741229752
70613,29.652998359080495
94745,80.73566230472416
2489,46.09602184050852
83116,70.86417782986484
77430,33.48043955786762
7693,32.14977852533642
86469,73.7947189806761
50762,76.1891112106599
88286,68.51160337903531
71353,40.88396049685085
36860,72.0584164872964
82368,41.72244404095093
62079,67.66816798003791
86682,30.223687063482195
10999,34.52226042754912
66571,34.90788152646522
3943,73.30855251020569
97895,54.98881042467341
54062,40.32846899451897
2945,41.45446904143267
70741,66.00273093784656
63273,83.25845783400868
37000,58.011536232416766
86280,31.15567240947042
60187,49.701961012914545
18632,65.12408463998278
7776,63.597572335471504
9133,73.17121216359998
508,53.94139469919761
97182,55.114806860997504
75762,61.081632635747866
85258,33.19960626435034
84276,71.89242856312188
66698,81.8586635319621
30621,41.35121213579657
60546,29.168836684032108
75559,31.29368975457289
86926,61.57149230748431
93937,73.95840805572811
95895,63.26150401258893
44942,59.27791011838086
83675,71.09790972064405
22944,39.70342997973372
34702,59.26291310235483
37747,41.087086833087824
66976,59.79235623163632
98368,71.08098230579458
4964,71.33996954229443
24203,39.7957310777175
715,54.60339294998013
27685,75.24043657361335
97400,89.05660857632182
57350,13.25603796829455
15781,39.74680332080145
32177,61.94835073889068
19799,74.97788717186752
37067,63.82688494755041
55564,42.31779884241123
69447,40.687770060994666
61257,32.837141146510135
30336,88.15826528315625
52214,68.18198548267702
59721,68.92918439557931
85408,34.93168126472396
42452,71.93898861247695
52750,49.46601366418705
56883,67.04348096814121
14186,40.44430219759759
34600,34.89677337268836
12561,59.5750148377073
47716,73.98640909405242
48382,36.029707346639
99715,63.62071828089924
31359,80.89635494594648
70368,68.26525371658333
15610,41.69331921746024
95867,41.57937030510847
55481,34.18336113395112
11643,75.33671486339551
73524,42.302672937162875
80766,61.91920987831906
27226,91.51158839087111
67225,41.16992270962236
71882,82.5576946970971
6918,45.36862073611168
97245,30.657013602491133
7302,48.88700113049206
52834,60.02520696902754
38463,28.460578845669595
56253,67.9630239400889
98848,79.36308805105142
21001,36.423334948618
26349,28.604129026958663
41555,71.0147455958411
97385,38.64648782901372
60175,57.98942021201691
3431,78.95261045594015
14817,70.24967275320677
51358,45.588260226838315
15950,25.496524637665278
48584,58.33416262203358
55286,37.979236972041505
84232,33.21467428268901
73272,33.75935117113694
17503,24.45846317965964
47271,32.685452018013684
1124,74.0389595017171
65956,45.20425527505062
79160,52.98414676771833
34676,67.8743167307041
92550,64.78050093998652
40808,71.06097488856133
102639,30.545438917839082
62045,68.09168746505264
83046,77.69508225100984
10099,34.16324203275071
12758,84.98422266096802
95357,42.93326612285727
101670,28.984557050059593
77194,64.10511866250671
38464,61.56901976463461
68465,47.55657389479122
2215,64.96446642227906
52812,18.0374793880515
56928,77.99427256880071
47131,71.00467024373441
94445,85.54942918514695
70799,53.60408906849757
15367,54.95504848520793
35184,67.01480245858646
74094,40.800502063973035
43468,53.353293003299996
8565,40.77695451100208
21926,71.5718431891604
87739,39.52009606680393
15337,34.033958574409816
20946,72.16504291510046
17869,51.3706281191764
88964,64.7465596715643
17094,32.20851019765168
88604,46.457718565611074
88427,79.8934590985914
83012,31.25016445766722
81550,58.48386427089227
26699,65.8034377076929
67212,58.996240650932094
45559,40.659058243333874
54312,71.83018418629851
87385,59.08480571309582
68801,35.617856544323374
43134,82.26980941032551
13367,64.02330103359998
94192,79.4113995358684
2276,40.46595488501615
76740,73.15753702016075
66941,68.96469530015312
100370,75.93665611494632
72821,29.059158238639487
102104,54.44014726651891
66704,44.69199354361836
27736,62.38941606549547
18125,29.8122434742581
29396,54.28930160746106
46828,53.756603963226596
92597,32.967969681086124
26990,75.87234288266524
94949,29.81851093287495
72279,31.953792746533324
14693,58.93800330915403
65537,82.17260411831293
20366,51.996340575848365
98796,40.37455971492941
55650,52.92463772814753
85516,49.64781778559342
86499,79.13044349171719
21703,60.99506487974651
24227,72.0860384172309
42454,66.98076965202833
90479,61.88425510245651
65653,71.39145169152889
888,57.0755651970828
43568,76.08397478195636
67074,32.53072523933636
72683,51.70956558937532
101077,69.39478859413433
63170,57.15382567751711
5544,44.802511117644436
45603,76.2398197574056
102088,55.88902985785887
68673,71.24523366844274
44467,39.855446804721744
2501,48.33012904156718
37596,34.21047132892837
58689,41.32880514962618
2531,39.99143269488615
65337,69.9330380781833
102269,42.24628480639288
11329,39.527700019104174
2651,65.33234085177932
73457,71.76028905317763
32631,48.67022028869062
74674,31.718612277627496
102050,73.86990870326098
10893,66.98814099535119
89212,44.147735347464426
90467,54.003914717348266
65472,61.21063952492549
92385,59.376913651160066
42380,34.029356016051956
83269,47.964165792476436
58040,69.55284791989067
16789,32.2178765434987
24152,73.53600873040176
37976,80.84395583826188
64582,50.00695332242378
65485,28.82642882273038
15538,34.493687627537355
29141,32.21460206188277
97742,49.30655806580515
70103,46.10887135658054
2594,74.80375192131794
33392,68.499563171512
4656,41.95454916505526
69855,64.7551754265856
2962,48.24197487078719
100742,77.09651047492156
33171,74.9141437779543
56099,84.02416698566763
93276,50.0805261733109
58609,61.039586096851934
89575,59.95945721556025
67807,70.02847341651665
100987,74.24688794784353
40883,23.466931932774653
73068,64.95704369750888
67379,61.497780130917874
16180,34.97243405348034
35968,82.9528789371479
79363,72.80550462113072
40981,40.73900817449769
23438,73.35733191215303
5692,71.05577113169707
15186,71.25435899941226
35330,67.07371460542362
1316,36.893042992686055
47774,33.57336006900145
67750,79.54185795282139
72150,62.878585395231916
17152,33.47045322895951
75657,39.099099450256624
521,27.717569903772528
4064,49.95127708137381
89847,34.70328665046343
42590,77.4018752138079
26309,79.3272084259707
75009,39.95076437322199
22915,73.0496320868389
53418,39.95535464651399
74905,30.674952692721185
46411,42.55977168178918
33466,74.15236722631849
6008,64.89145769099918
47658,42.26445952023599
68729,71.6864931677113
75044,40.58674677861632
84926,27.603454944454867
46093,32.863635477295446
95743,48.34557375690835
47813,48.27541985880262
93735,58.8426013038691
76536,12.965041735210573
94367,35.74232388586391
69129,23.81828629055939
73262,71.60589746004048
85448,65.23392055204408
95488,63.76726809734981
9239,39.66653364392244
41575,28.887495082008858
27636,67.90747939807338
21864,41.360885679895205
60753,62.87941017964933
18588,70.93845784915513
66826,51.93742253233854
43462,30.73258341706008
6912,34.51202916501081
25642,65.01747521654703
31542,54.63370418903745
5026,61.81906943016591
48236,74.91677166249391
48603,63.007690289860975
7097,79.97053145950088
73898,76.07483208730801
87758,71.03017413932614
63846,35.7885657995416
9379,60.95942632398828
31174,48.13410649857228
45668,68.73094399617017
72427,70.81421430948062
33138,57.99339816078211
92125,31.564040449788788
6224,33.86817399521756
82824,43.928823064943174
18851,57.65337637206669
60167,73.17243567676007
68921,40.339649019584975
8125,59.94342162643359
99429,55.8898661571857
41362,65.00156465673754
42856,40.71351853787216
22444,30.38466692395245
31361,40.395778977431675
37199,73.22715051567727
48750,95.49932729885711
48258,51.95642395781469
100522,27.804813282055818
18330,39.85653383373905
37463,36.16197648835029
11114,65.28324380561247
79530,57.497477984355015
60619,79.41849266215853
60137,60.05547683772999
75150,67.09999234556034
24709,60.04326552463696
53717,16.110799480945516
43396,92.03610284808693
13264,53.59258174070105
73330,61.91971798099947
44944,32.17369792347455
40615,33.976895679428914
81418,70.57745381915021
45413,33.9022792774305
51194,36.131966155953855
87596,49.89357699868124
44057,58.8632960204846
99631,48.741686648667525
2175,53.61990646665728
32886,47.25754799455574
99989,71.85124211002037
13041,5.981365358017758
58731,41.64349752184774
49769,37.81068234329355
39032,66.99925083021755
93093,55.97512100949076
25552,82.29256003091
29251,38.734554918596
88696,79.75761193117751
51292,76.34515054595263
63148,57.16122492284094
70422,34.947937860032134
64375,78.98171887619932
72195,49.297418820577974
95288,79.81567489514552
81702,48.48250388177688
97841,68.91137749345211
31945,76.7594294921838
83220,72.88267507785133
37086,48.1009829614586
73060,42.69104563902406
79466,34.88193342361419
76480,42.547796033066746
26072,26.193850540701696
58166,89.21413944603631
10533,67.8168560938298
98271,68.70846827963672
34701,77.01312517877238
88900,40.38885007763881
93273,49.82291690611163
48955,57.86829130863446
44003,38.71517221776707
33866,40.93344180901245
30910,51.486839064957955
79843,32.244087747860036
2272,62.464345752596785
96344,53.980947308033215
9758,61.03153853089694
13959,34.252311784932985
102362,60.760235157889824
14572,61.64846717565919
48842,23.967904009044865
6791,82.31279431834153
69135,88.12995370297341
25296,51.026890056568746
53374,61.89910746725214
87875,73.96047158305194
20557,74.55393160982045
422,42.13074453735306
8844,70.02027888247494
33657,46.4703969838622
64547,73.05410311634287
66695,32.33516994638064
55791,53.13034174558749
71765,47.46223379572738
100817,34.64339902690003
32966,54.896778969109704
55153,31.97617649923203
98378,42.0584263691339
81727,79.24607476461739
69406,75.91181985701837
81263,67.10020177160914
34258,29.529629059720857
87458,80.93268309936124
34792,57.9324630956607
15398,56.20376110918787
74991,28.784536067438843
69093,77.67095634145522
93882,35.04650860645923
39523,49.990782165129716
71301,61.097736287643166
74851,51.995552469837705
32543,56.682375577685775
100376,30.13299223455877
11860,77.81581720842601
31248,82.69921405360392
71662,36.4189375074032
4702,67.7798777870772
36997,73.31797023040087
65617,40.926763150164206
26459,41.97830244834
88825,61.04521467461801
75595,69.0281394654223
24134,36.83943922105665
24426,38.58011556686158
34084,40.53240480833169
29866,48.23053280451974
101264,42.90216832920882
19857,43.39880050232865
12413,42.86256706499572
414,48.002953473780224
21205,76.08407350266828
21420,39.405523616378666
69265,40.059977590259656
77856,49.47061090544855
91219,33.77106727229664
54836,30.6412318926401
74292,51.38113349225936
87895,68.93248774917933
610,61.8526832859811
24723,41.50795232030365
101168,38.000538491741175
73230,34.84988341586568
38470,45.959438885694205
29848,34.65247446299098
63112,67.41639382145654
66787,66.62779707915394
74434,70.95796943534275
87725,66.74612934326643
33746,65.53190674832379
12869,61.509742489802946
47211,49.944805748551275
1251,61.752084573485966
45171,63.0330531939572
88467,38.17937973295772
26466,48.01795989612966
83496,33.622448900923885
58504,43.03095484415058
83883,37.65203998674131
16039,81.04756550056561
20909,70.17974598026646
2325,81.1474972489176
83310,51.29997416839866
19513,60.69071408536256
62240,47.938697092979126
3380,54.22316143702268
92707,58.0300841785425
14011,62.46523053729682
53311,32.80912310662179
49325,73.6941699173796
8740,57.873371253091165
14786,83.25952108026996
29625,72.82036937722765
8477,42.36379073170279
101638,71.03404139528695
88239,28.571715856529142
52520,84.15538381300595
92471,39.78413090226452
45330,49.10597679441956
98655,64.99267396115155
39918,37.35994416380986
55962,42.03367034225142
41127,78.81742980310739
48520,32.9519410264804
62875,30.382236418849267
62883,68.25094166336403
80487,37.94787053527838
52854,62.702452008049804
93939,28.699380288060993
6603,45.876050315482864
31835,69.88557949063295
20584,67.28252983656054
43445,59.01833251728817
6820,69.54008650595253
60280,50.823152998447085
70296,79.4528631247412
91354,77.94555787728788
92692,70.51893971013743
34166,28.942876980784487
63833,33.8787327783142
48646,57.99977542391174
15144,67.80403260004117
1861,53.75176423978872
58015,64.89813947919629
74235,66.84974408506405
38812,82.70759277842022
70965,64.11040712771667
64485,65.0462975765266
38067,71.8197160579997
54087,56.95559991310755
86718,51.76676132667614
45408,48.20524678860036
41814,15.682827247309731
10583,65.01230892905761
96895,84.07816720135537
25713,46.49967307375154
88327,45.23455519902808
45924,40.39546120785301
16926,70.35672003983154
33340,54.91955799861451
78414,51.38607940536554
88989,33.93992009098923
15537,55.223663772220405
97915,53.973019900926914
87369,38.904514326065964
2884,28.532327115747183
25021,57.904184079145494
75200,67.9211601768341
28563,49.81881204851258
19,56.061138757250376
40489,79.89325000830709
100094,73.97381364365388
13218,40.942902362894195
29217,52.034149798620184
67761,40.91627201087424
37019,72.54961466386509
39511,51.96252609034567
32015,45.0103628625661
76398,67.92172350468755
30531,32.38074938074274
87460,36.27617860647653
34718,33.013393814385694
27438,32.75572935967492
3716,32.317458851282645
60510,63.911415690777844
13279,32.1342778126681
59351,98.19611882258636
98732,62.86051982076551
36150,74.15331214087584
82187,71.23551332103725
1050,62.32574466675655
99782,55.13219759579134
41578,32.21619243016965
22897,30.663866550446475
21774,78.55577253948688
61728,50.07867933306798
48455,35.25438914482115
16671,68.82430440056936
39756,65.13943571806882
71534,53.983820338028195
68641,19.971832611232994
80137,78.07716479223365
95993,32.88817730227123
36970,40.27060880780857
13056,60.14570599173053
68264,71.28412302966902
98048,36.554956088759255
41089,26.129913699625824
63135,39.29454456372327
87698,67.86022772661937
36214,41.476348256099854
24693,40.015736424162554
91139,82.5511287922203
83698,68.95451248308186
20046,25.978406043999456
62500,70.88199461999397
15311,40.92235291553419
54474,80.37913537986603
27038,63.5846004065362
60450,77.14217041016173
65810,69.08800321108481
981,51.74305199097938
20509,31.498488887257665
74501,35.03636703121954
90876,78.94421204188166
100206,32.88776957194527
55420,81.42776215235986
20848,74.75707136318556
33670,33.70795835909273
27505,70.23433560043719
12087,68.93968658824298
80541,67.11163365020087
37497,33.715323228850814
49965,28.496591403373237
80209,33.62957699729906
14501,48.083095766056616
2018,71.53388408220707
71630,64.13352973593568
91412,71.79927804254834
60213,57.98427620139108
58951,53.89484493841251
3278,74.12112906418777
77735,56.09264318176509
25591,33.32327383631408
33791,68.9699776281796
26522,62.037254802383174
14002,46.31210207443317
2921,66.88331993081835
84131,38.576862048521456
85383,70.22804131485921
56860,35.257912263520545
93606,33.48017341161287
58854,71.95969842388817
54282,63.665384643107174
94212,74.05184935217422
20324,70.67258826941774
102635,89.01851260679234
11811,69.47917254965643
101996,25.15250700793944
49314,66.44657857804907
88452,69.86915484898577
82324,8.94643233488144
66467,55.977679759537004
8769,41.33147996026442
28929,42.33077400941097
58416,63.91177198795851
45948,66.17821376411489
89610,74.0163650460616
41638,65.08196628880393
8575,31.185930539935978
25234,36.37875490909451
25180,47.81491489272484
45762,35.41988111592751
81560,34.62016117735774
78282,78.24940211333353
43927,54.66293974488379
21037,59.9279909943258
27528,60.149790073251026
59897,49.564672170284894
49890,69.9850531992567
10523,62.393949856774114
76523,66.94750909903905
100666,62.899305995671284
64622,32.60466025560299
28806,39.867818006192906
5378,38.63125011278387
81881,69.30810307279123
52892,31.157079375607548
14989,38.12095096490786
1707,59.44241981743547
41196,64.07934228082608
43593,73.94096463805695
29752,39.404935132168426
38848,34.00804197901526
63754,79.31083481113448
64201,54.42900777605611
54389,86.02149625771577
11273,49.59377277730559
94579,61.83380314653623
20283,68.94529853799538
95596,72.08661440005253
80603,32.96158240050252
76855,61.289291529713964
89103,61.08365198219421
77918,57.24043171784567
34759,74.37852956056163
101751,71.84358099997789
89112,58.11947407092937
17556,74.95133116071622
14774,63.02789671399486
41385,76.99292402001439
85334,61.53899999157223
95154,41.65022357960668
45239,54.02417768457206
28987,72.21200312937108
38468,66.84331524051262
59438,45.11904942639832
84806,29.75748457131669
75891,32.837363540871046
36036,75.7717421447642
43123,33.197783237404984
29175,42.000590387071504
13092,67.95332933470854
2293,33.22359249786944
26017,76.03359668260302
7037,32.585845226817966
16339,73.0074952356028
20086,31.946630981153504
59005,48.282075710794416
15489,34.51363661404076
17488,55.9470720859558
43437,17.21259581554977
91497,43.14777113673034
50668,37.34494963311227
72032,32.866005062892775
38356,30.501688950995273
53036,61.87067434364111
28881,69.93228811654832
102089,50.07308807179341
35407,67.00019192868169
67637,72.3466179396172
42199,22.573971171642853
77128,68.81877557831871
7952,71.86385859886909
46461,47.74202673967571
25953,56.68438961454876
91147,60.3177223941071
25525,86.01739734194464
77037,69.78702664253399
26199,76.57944318856912
32663,31.148907520883228
46366,69.657728226156
25099,31.79918405729524
29656,74.30401921182599
49569,86.08502658304116
11894,51.92610270127496
99449,61.7201846176136
15688,65.461052232231
99573,59.12601461795087
17581,42.54591756810561
54777,83.22087555643083
5870,55.04124424528804
82630,65.94643472543677
95799,54.09792540597016
91299,47.43251998725989
72348,67.90384826093361
18427,60.83413544850569
11462,57.0932935139213
70410,47.803993104345864
86385,42.80932417622613
9857,49.87625067385984
65401,26.032768333250566
93218,29.645550929216004
76711,25.44399013076646
7133,40.268510586081845
33850,68.00517874019575
46217,79.73933940320079
85987,62.31336918113331
70972,50.971609277614164
36230,59.88464620254351
66218,79.08143475923441
39402,63.48217799633785
28097,75.56625079879196
19478,66.92301558104083
15351,49.05136994402871
9811,69.92882509578013
2629,61.75979604698111
54609,32.02983280779499
24054,64.80514471999686
24781,69.28686374291317
86680,47.48312899844059
14355,55.62492748366374
45443,75.60372132062261
72709,70.18215491625043
79829,63.180209848524825
15258,49.56715564673685
33930,54.115810463143404
6812,40.95844690507498
10436,60.30070170036359
24316,45.952782930439426
82775,58.791419934116334
67130,48.07531745345788
78486,47.93098754667662
22156,70.12047409622139
79624,46.5117048635967
82745,82.5768351903771
54616,47.06946459616905
62765,43.65983376049571
58547,79.03831015115408
47625,41.500069988260755
86241,38.76360807331944
62699,70.77044513786694
74472,69.78032331791246
90842,74.466226996177
63334,73.16743030480828
25253,70.8880085370773
23596,48.33072960574051
75105,57.893869446319684
81946,45.08702486671466
20675,73.80642570343817
57962,28.967891269475533
77626,37.426973098520264
18975,75.85236895470791
75590,66.96889998416978
71135,78.64144770267808
50039,34.375313931558665
23240,6.255686215107588
91020,58.77078750599533
92163,46.001019229475034
46359,33.1271389270913
32326,69.8330908332378
76355,65.98252017889527
95084,69.68077864647378
101607,69.95548746650697
56274,76.95904134191134
63733,64.68021509296304
20250,33.883355440636805
890,69.63923964725586
82458,95.57255983634295
16664,74.99869940199696
86431,67.92828337460358
36044,60.926196023054025
23148,31.90163976708467
56956,34.26165873947605
19318,57.9183649010419
80933,51.087157201830635
90710,33.195943619991276
67778,42.06811324388428
87854,66.99450962514405
65270,59.58707285978127
34140,32.47809651321657
72916,34.41651265135815
27949,63.89351090857662
57474,33.49375109760559
34108,65.89914881307426
19676,32.17318322622156
14230,48.15779712351496
41220,71.08971215758734
87220,97.21414134976325
101574,65.98043909774879
82937,47.19548142293188
24662,42.04312164216226
63011,24.188149959667847
13078,40.88127628117086
18932,32.79772716555787
97756,68.95724425101244
42068,71.16547216824671
96345,50.22444472868321
36817,75.04464584330557
83284,25.787206330946358
60305,29.881856950538822
18203,32.42469926123308
8904,74.74540143806539
89156,63.66003541881011
86619,73.48592638911157
4429,62.88211475210895
17724,68.95326274512865
97261,32.66196540460637
6541,40.55764848440103
72768,69.00447145381267
90973,61.64702030740651
87413,15.655275830810968
86904,31.379060839045394
89050,52.51487540094179
81051,40.930861291198795
53416,85.94650284450469
72903,69.9989454614306
79892,50.68106680134498
93829,33.24650905594917
55189,32.40381351160135
81618,32.13287833384907
101709,61.09182640376038
6779,33.59328306665922
33374,48.3730472891196
40796,67.83348430036959
36067,33.077706326793184
2566,39.18787768280629
31407,64.00848392210368
19032,67.93501253602054
68731,69.00999052766855
86060,60.98931602208192
30419,70.13221434400891
16750,56.03906008435677
18573,31.40580582529557
45248,41.695444798992725
10962,35.39078353596508
91621,73.2308032290432
69856,79.04653287945342
66343,60.10714342584846
25479,59.870956247763345
67584,55.761791816505806
52600,56.122036341037386
89790,54.893865915569606
84600,67.44650577093302
32436,72.24033520415148
99028,70.93900083051356
38368,67.27181482809905
97436,57.90697764613138
55799,69.70694952960844
82300,41.79030412146213
66931,32.58712004937097
75428,33.14227354310347
81369,35.45620463400593
71843,33.139186372301864
87103,65.9738094632213
36710,71.08206148796184
83335,42.82268949723142
100229,35.33793290075061
27394,74.00206549414588
65205,64.9700685987078
6370,45.7585892451812
49512,64.39196799199959
96598,84.16057987751466
52173,70.8186531185759
7267,45.98610152963968
47215,34.08284276649026
10108,65.57915710950672
13833,53.25065720820888
86427,53.99827457831238
10027,61.724582114468355
12728,58.71499526653131
67345,72.51515241633156
84129,66.59785236709232
94363,10.86629315509682
78342,55.94144279022737
4432,41.816337022778676
55422,73.01218468451437
57632,77.87042723402581
4632,38.980870775730466
22491,47.85130097925277
15203,28.045582766435352
38851,86.24300201503837
13008,67.66824213838709
83539,46.67826538662632
56282,63.03186591104649
76658,67.20177137871504
70608,72.92335148869466
68994,61.1722933500554
83154,32.87056826543567
97921,56.250319717746365
72763,33.49824891782251
14413,70.51953465237006
45058,80.09197627438978
54999,86.03800208968872
3918,37.80796240103583
33423,52.964280379129136
32730,73.08989305457683
91514,41.91255092794138
58042,33.93940285745088
26772,64.667141522875
43256,31.739670019607818
1892,74.84903532149487
73630,58.46001460133017
18740,74.04299205721829
16765,34.97117719492781
84286,32.17932685044256
62032,29.988311753446958
71240,80.42328214293468
32480,21.96616874815295
68343,73.20900277348329
14564,30.8837758646211
97019,33.78319605243193
27040,45.25779743525024
73076,64.20314647920765
87393,45.003962622591416
59056,60.03793317068556
74086,39.219304996084375
66369,74.91499729328228
35347,35.21841298788534
69237,81.24342428858489
85332,96.64066150739075
4489,71.64788894084177
1279,65.60942073204757
101606,62.193361517705654
34245,65.86948761577472
7394,68.04716840257728
31354,68.07772414726242
5149,30.34278174580192
55253,62.77583684791922
48987,32.54782131578658
61255,55.33651374264034
3327,40.442100415351405
81422,70.1861907176839
43318,81.4044594106538
90159,78.0351710815218
79861,31.648998962604544
19485,33.29499487308763
77143,29.225642981063416
60126,34.487529622160736
41431,33.58279052900109
76724,34.75519472735587
101235,60.209936062515034
50041,69.91807859910674
80930,67.02842623872613
13511,76.80869244737679
102004,73.99250714033832
30540,45.02239748667401
50805,33.15475414833651
42277,66.87353178933782
33556,54.934915898189594
92874,67.1034520526369
81888,68.33569755880717
13614,65.99362363835796
6623,34.26124515538395
10768,82.49802462413868
65943,68.64468140508771
12031,73.92063353867456
77118,52.99015631420201
79744,49.707945075703385
52057,53.033049538871445
14352,69.60111705577268
23229,33.95457464151746
55851,76.97765486620617
74339,65.75462571016047
99503,33.798157522155506
19146,43.60636729429902
92264,27.97458012820255
51499,43.976845533510925
92539,31.96870903126918
17431,77.13425693758413
45915,40.515105462962595
39858,41.734933900252585
90843,42.495252638341874
73769,82.02980669396746
67835,74.96009735181747
70239,42.205391031860636
70776,42.44834356874015
25161,20.721061239241372
28150,68.67348804916296
67003,32.88863405123566
78016,86.10246533548462
50446,59.790543655953726
67525,63.89326049113354
24275,30.895396287496865
11865,65.08028798630934
4525,66.5252828590084
68267,24.737390641256507
64875,65.85230698025049
22426,73.797438723629
40454,69.00876388547452
39047,69.14472142739085
47628,42.871651863720345
4108,71.02099404740643
60486,78.96666102452289
74088,33.08254452331416
39733,66.9964257066624
95254,37.53837312067037
91146,39.26049178844293
77717,57.56707296501105
6692,82.95415340003598
2635,32.021317476260066
65495,69.77886064886357
16114,64.94159325923532
75319,28.09494639787778
30422,72.14929277018976
93780,60.89004722648703
19276,34.3435178774498
75458,46.59568104011554
82626,39.93913660332156
13922,68.86161474628905
31123,60.91936823932308
30930,58.45907262153379
25967,37.1249217150806
88201,63.94296442115104
40533,55.9789005722251
53607,1.6737962350245965
51207,40.63808765774364
22456,74.55746105517838
89749,18.312708946485344
91661,68.80386951515015
31277,31.561867175728878
45984,64.32813758998604
45350,77.58044478058599
45177,82.37630411229028
74651,85.90310629148281
19517,67.7888210945946
27931,75.0436153964389
51132,75.00311815494189
32934,69.14260579412147
80975,66.2595887748831
85739,84.14260611734602
90991,57.774576327641576
32023,51.38961306494913
57382,76.07353940696277
36031,27.76237648805852
72112,40.26274496204067
31783,25.166659247898153
26274,70.92485202366944
28197,79.09330694751411
31523,56.14212844478287
6908,79.48281709903762
62516,62.9149846147946
51642,75.8748852746412
90705,79.9683072361868
36495,92.22334616268148
24661,34.05507356010676
78994,51.75540131880372
16739,42.55402850559355
16570,47.35580559594967
41774,59.28050690773161
43713,80.89452819998206
52320,27.793994830299088
29852,62.9183216199262
43170,72.09835385111754
72382,39.981342153459956
56633,72.78993496929044
97599,64.58073781773717
50658,52.74227624584008
33823,39.49239279004499
74173,72.87198550266626
26286,44.753203375825265
79224,75.03871556253148
11699,67.98115911601394
76571,38.29267881630563
56330,40.75067990602095
4958,48.52126425454743
18416,76.34627830329912
84737,56.823500705057064
16837,32.534194345844526
55279,75.99174594242372
42356,87.08915753168685
96370,52.90294229654564
11213,75.0004386195595
7899,69.1293786248037
72234,33.21328304372946
58646,21.988897711646672
97324,31.45876250610042
2599,58.07615717593487
26645,35.09742214223699
79159,52.479290131470336
6726,73.98501041700044
50342,32.993922575176505
54695,29.20453346184632
14823,63.036929259409874
72930,51.02376934165496
14087,50.8537584399041
58572,57.04966008528315
100531,70.7192049622471
79252,65.93596788945871
3515,67.05543632642967
61332,71.5687672091164
75637,39.062535625179045
45737,56.186689045428395
35064,67.81598342441646
67618,30.9124475920193
68193,47.6785104291386
9518,32.80073950860676
99319,41.711163207096604
65266,31.712038060536912
77824,48.80550928153898
88987,60.930087229881494
67066,58.727987400144514
38956,58.66887733895217
15358,40.401282253140344
779,69.10495103174367
74535,74.04435514183243
94437,66.7134932051208
82494,53.952115114662874
62836,29.49313462716584
50708,70.06454432868262
51453,63.00712348059906
12634,75.12729123801695
70692,53.08641360391198
65900,56.76525094535461
86774,28.493065387303155
62745,64.01684665415769
59083,32.98723175006194
11453,38.16829477678938
72498,57.05591761361274
88354,37.050824005830606
12483,33.38154451041557
100141,32.40713679398451
97760,37.103676550065266
95277,65.88277591006724
98682,21.694013400126984
48786,42.32408022774684
405,78.37026040857525
18902,79.02509809546635
35092,74.15174462638873
52507,64.00525107393433
6378,55.99578300668686
87442,73.04776573412659
3209,50.92525519961212
44645,87.968928779066
59473,42.31291691041588
43271,61.17895049524142
49823,74.04550965936266
36456,59.31354868621435
5034,29.006381654910015
57194,40.09591896286751
14654,74.78791732838498
62868,69.73624181437188
83657,56.55494353336758
65940,35.169432267318236
34969,63.96098952909088
93554,34.06613866358203
97321,40.22943120217872
46647,39.572391064124574
16908,31.038235198954283
57491,78.4825034935586
2168,33.801332435093194
72636,79.60591598754064
17871,69.4563726769606
59104,62.22675703778946
22053,16.236739560830177
33249,43.97030300876352
20061,38.85623485089489
84971,59.41910422560528
76978,45.86047329265905
51547,64.06131167895967
41383,43.16155206170054
61643,40.00882788312674
86531,54.09330424891584
46406,74.00032733425915
6236,62.56452424382849
55769,41.97291619340243
30513,33.58967598682909
73182,34.13101776623072
63924,65.58486691251301
23333,57.96069298180892
21505,68.04810071886114
63964,88.88204382213152
32978,29.739709584544194
18507,63.75683456038132
29057,66.31872408654597
30588,37.06177957482136
43937,64.51090572972787
27473,65.20882302551027
23666,38.38527223408104
3814,51.92723275488213
97506,34.35584188125683
91415,74.28487795161044
29884,75.01711705556957
1313,68.00295359810032
99265,34.005095895058375
13541,43.61509755396193
37781,33.17679689546806
82968,74.0818559933058
32089,24.31845073539632
60834,45.03005216275837
40425,36.02999650301088
101127,71.19144002052298
39175,61.58889144339659
6619,34.71616021462077
49545,27.032569045389913
95434,38.03901688052658
31855,79.6421696185784
4271,71.24428776291629
81475,50.845425324284875
841,46.61128764518493
11,34.82948277000239
16252,73.57921978460791
42292,33.48886565188299
33366,19.78979544885705
101016,63.93808082150489
80374,69.01083223963404
31587,52.086550152857654
85843,34.539690161606174
57907,48.93616966996041
7702,51.915031206229486
17259,40.8411363078405
38195,34.471158716842965
47290,46.54283139582819
6861,54.98740678930472
14434,66.6210464811108
29855,30.278573979037176
29921,58.87669430250139
22402,82.30535304706953
100137,61.0742247059937
26729,74.36545072148002
76822,68.08110026613008
5390,35.44620133209088
24538,59.432521463849305
7314,42.30737239553187
55710,46.49304726856286
52731,64.26482138574367
98399,25.589380429322333
9397,69.95054884660797
10781,88.04840981049034
84212,62.93423839066372
63429,71.25980105818863
73721,39.7002948121616
4749,62.19624836139851
23794,64.54988822225963
35541,68.00008963471255
99381,41.15499205737282
48158,27.09177942143582
67341,38.52753483629098
92463,25.145063959560247
36716,40.85550739672218
99513,32.65260995981444
84111,66.4259791744612
57751,50.252574398864
67555,60.85285068273829
78042,76.67944754955079
58614,35.45047067248286
44099,50.97458190326186
55438,61.29483894807512
53497,8.337386734141681
61169,50.04513866657345
60453,74.69227883169782
17088,44.29819951561439
91526,75.12735779205599
46772,63.008660453344376
18029,38.972735041384304
82734,32.90481231267477
102081,41.48815199907457
79803,53.45698681484669
84446,68.64505021450046
8673,71.78379645591397
2916,31.91388127665087
41645,78.34802819837311
68894,33.26003090487862
98517,34.19379475773303
96645,64.51398203480454
97367,74.04232908915938
3476,73.47878276914992
68592,82.55004622697376
7094,65.2886071884227
1465,74.82376195866851
97501,34.53456040212052
78984,34.73466218414571
10137,46.11284995646306
21042,22.93490626471459
47055,68.90713486691703
89587,74.87044680259353
80948,67.87250298625133
62953,68.61923044289836
56517,56.81110954696695
30238,34.43294226082836
898,37.0734898307998
15908,33.82720178409036
53867,35.712293102481254
34825,84.85909078719035
66615,67.71731001260655
29654,80.08383511440182
88480,81.85814332550697
5030,50.817382076934095
14463,42.28517766496263
86954,78.07702113993878
13304,80.41030975232249
3698,33.28511289446927
34207,32.627126967378686
5476,39.802580705607866
44679,70.4954609835942
51745,73.97896494073224
5154,62.96010274903033
100936,67.22460957869674
102253,55.20206465433065
74143,32.67227879035096
52282,74.97067107565042
93417,33.69291604925834
35657,41.37065806598051
74451,29.033926002566403
56541,50.19963257573801
44052,36.94066485677099
73702,70.81660619046
37187,65.73159320640858
34285,34.31344335420106
96019,49.351099397031845
73165,36.54510968400484
72186,68.58749331846386
5413,77.87177739552916
55061,77.27564350589205
21206,34.743176498485326
28873,34.41696920838981
16806,38.575726810244625
7887,42.44031787808883
66526,73.36535713852385
34500,48.91516453323524
19891,51.202845869062074
72843,33.33483365159538
65830,78.11151981416612
77283,36.24471728373937
31565,39.43424372980417
16831,66.46273298937889
1015,43.33347412316002
21271,54.811551428402
2767,77.16235806258995
94209,33.20513030501907
39376,32.549285363398226
51059,67.73610608683242
76803,34.85124256910206
17196,80.98804167457911
40207,68.7674792358082
79008,28.07606100326591
54278,39.44060984642092
11311,80.13494768446989
79449,0.0
80650,57.18861977235562
68150,65.87412962596991
29721,51.97664379115274
67946,34.825092663509196
72217,82.948455240703
55983,33.08672689575676
57023,64.48964382047014
89817,67.84722459824484
68384,71.97787469000156
76792,33.69110973082619
72516,59.034188297384006
72973,78.41143436383211
82588,30.239047911983015
29730,78.81150531660235
76526,56.09557792823579
100430,48.96575077071101
32033,66.33111883470796
19995,28.320120865537177
19867,87.05684248963945
50827,42.436114895322916
83804,41.173372610361156
61330,61.959000504324216
28504,79.15067645434412
68660,66.08553637416928
103,42.465122152124025
64566,41.67183626286214
17903,53.953223976548514
46061,33.117155581341464
66502,19.780921413366592
35954,78.14585842543448
28845,57.899802165110174
58128,32.89498941296297
83721,63.972654563927065
46950,46.04208404535312
57400,43.926425701546265
68530,78.12019715584043
81082,59.86112217696247
52218,66.23414626315255
36312,31.854347819637386
63572,35.715917589610534
90528,41.088452145241774
51931,75.9805073287518
10327,72.67502652984987
98596,31.908300505821533
36802,38.82435772409915
51994,46.31673545314683
84040,72.13707033210515
29652,31.20647831963312
70279,32.70484491191356
51941,40.075097683746655
80713,66.04741671521364
23544,67.88222818628853
33505,72.51898148408827
55530,34.35648474801782
47419,40.06106660329452
40303,34.247002048348214
22461,68.90229980774188
98949,50.24431732089181
12148,41.44696991662629
19050,18.65669230783862
93463,47.64811345833279
81200,59.653819329558324
4522,80.02662958350685
66749,41.36862611379783
57795,75.93290436832318
64555,75.36841382899098
82698,81.00456443705127
16508,70.3293106448661
71865,47.82156059268956
94503,48.17939262470548
38657,45.10776152813034
74711,44.99398317074941
83325,62.894515255631795
65173,74.61930668454913
93211,74.92300948361529
7436,80.73252555957677
1415,20.378524381208912
32340,72.13581456375078
13087,60.07943671626078
72386,77.42298655602481
8455,40.35006998827234
40928,30.959551263244492
34393,35.57380725914252
44986,68.03324914218493
26937,39.25493779513938
49592,47.195914406430795
36451,64.24996107753758
86365,77.63129839012484
93162,28.05050377009539
35078,19.403412131490253
23798,83.78906737034174
92442,39.357165214877284
43675,32.52500879347454
31201,67.9178590585052
66438,44.76610952915235
90456,56.178219020207635
83203,72.07753286889911
57545,62.789518412007396
61651,40.199500497622836
78222,61.036488662801176
76418,96.47830273148264
6951,69.94229177928614
7138,65.98174783405554
90506,30.69901248120252
36771,75.83122203773473
91237,33.705963119027906
29707,53.818071736258425
52875,81.92475962691836
38503,32.46537276261172
4555,73.85438374659924
28146,75.64003948140217
3183,31.708239822319932
14443,46.70658109264744
100665,40.485996257999034
29276,72.05330389679463
82058,69.24500841196897
5395,70.25470238191286
30666,39.42032583998266
72706,72.62698591943155
40668,28.739516262166415
51433,69.91190493683857
55984,41.89083855548783
32746,55.528447389960085
63369,51.57287730360365
99324,33.44120193963
44449,50.719595450509345
84461,69.89243873380957
6532,70.11399498825574
22383,33.479460653715975
21584,74.01257845743925
29829,71.89393479113619
93995,39.59079348053525
81894,36.56143603289266
73529,32.103444643619675
26719,37.79478895934538
51071,84.96076269497189
83783,57.857840416625976
61326,67.34459098253718
64465,77.67338033543305
45195,66.4482003444163
78935,71.04200181756163
21072,65.87300054237957
86990,64.98444994018001
21941,65.10732564605283
84652,62.97598267779303
102188,31.011907335748322
21003,29.119258593360318
17743,80.76815821729537
45738,66.02037291908304
20656,46.90486708752581
41938,47.89774941943601
45430,78.88738657972607
22725,35.702996814828964
10439,34.516377474183535
62921,47.306637148275186
77830,41.05602721114418
64012,64.57416785961416
99716,68.5366273547167
41746,61.982291950245624
78021,48.451848909520294
30763,33.13458438118523
82312,62.25918288363149
86204,69.833991278857
64090,61.8330381144813
37115,31.5030472370308
7052,66.2472117959692
100422,32.22582027565939
29989,44.07011651068626
24974,62.16500078061209
6422,33.97132791843236
70193,62.22409348187935
92995,75.18654616408884
58627,40.11718723532536
338,68.44617111455338
66697,40.714040490534416
38623,46.9200335715386
11272,37.003177054162784
83028,67.80871396851276
97774,61.941727430254275
19410,61.198581441285945
97444,67.92733505216884
83009,81.2611613145041
4629,33.44655200396623
61909,74.984916975474
86408,76.72731131143337
98756,78.08571383442467
56694,33.89680149282448
66353,69.15043912577374
71092,62.87472557114751
89008,42.573049069404796
46561,28.919923134922566
100520,70.71354104472422
5474,48.72568736516014
96411,63.630612274178006
17445,71.27920751018603
2392,45.3977241849319
22889,52.281854471797054
81322,59.32980798680035
23827,70.98332795716595
53049,40.69505207529649
45340,39.572015336011425
70571,66.93543850134313
91682,46.1338221306021
40745,51.89432870528935
48890,51.13655669412812
42271,55.96019693406333
35220,17.679999048101585
99555,66.22878064484794
47609,67.33689580728782
30288,27.15371112766052
77358,29.652536740595604
101962,71.21900080685373
100434,72.73588804819813
8487,81.42594441045237
7210,40.69500159214864
9678,32.74318806870412
13040,71.4333372062169
67281,41.679337874823304
54487,48.97052657537877
7071,46.18299101856586
89794,49.07408429806293
12175,76.37994314857227
92979,53.26041440037515
99245,81.95802442118834
26437,74.22704974975517
36676,48.06450183721759
102130,61.099580567283795
78615,33.52642227085569
41236,49.610531777872836
27970,33.01745922755807
88685,72.1796159529735
58277,53.79727170138786
17723,70.90640353759524
41613,69.067153682868
21458,64.65266783179766
40308,48.92709357527136
84780,84.06547001327894
33339,68.00999513539345
20337,59.43794779521654
43627,63.16542438645881
19073,54.58865542658627
27531,65.89556098095682
6074,77.5244962631414
86373,30.54223684069717
56636,66.93796629485172
98153,33.21997375991944
99096,50.07312193927946
73609,49.498189439485955
70533,93.28029682920292
79559,63.220375948618845
57213,34.06921762545825
14072,34.85872944481249
30804,39.81769276347933
25564,66.02669730087248
61089,48.53309360820506
25439,34.17233610711889
55826,70.07804275240926
36889,75.09961940081124
4873,32.37254996885044
55705,68.53332184777246
17646,74.86973698038838
18440,67.96298822114726
28523,70.1598336198904
83642,77.93785869754745
85452,70.88363436788511
52460,82.26713044526335
51839,70.94208387394292
72214,25.23943651358142
10696,31.82404398925023
70712,55.908337272847405
8308,64.5507915173572
58918,35.48840531901114
26982,83.11740914684813
86524,60.95076503776413
76210,80.9269719904087
92641,46.67117072327438
76344,40.207011312261145
74757,31.82891226759907
95566,70.02692471472565
21188,39.567765964446814
4178,72.87112818679222
62552,77.36550567354885
8248,41.23332879161936
40263,48.42089796739036
77787,33.594907804333836
102489,49.30141313778173
93811,86.00835174658201
58604,77.88283029891917
74970,33.30275523174936
81396,50.34514223011679
13359,63.88768082860131
16629,67.06325583250222
9089,42.72158431978266
4187,33.02494028397388
58341,29.009363813079126
44584,49.00674648522552
72338,55.01589345105645
88206,42.79032933645339
38293,35.32471405929716
1278,81.71505403360683
27039,80.53669404728697
32568,68.72620656130658
6329,44.111230362045916
43409,55.971728336022714
74108,34.173034713703856
50253,65.94813839088621
93108,41.736648368128904
31252,68.94581689426178
27748,33.80958438312157
99193,26.62183737552894
62730,62.88060079768373
5374,51.065273894195
19330,63.890194185078826
81956,56.0293710042614
101636,80.96065545753169
23234,68.84458934172808
2844,57.34521002980821
72110,65.20804529623207
29775,63.62640735957116
88344,27.824004608455397
98659,29.579728531639535
87684,50.91483027426368
80334,62.980204650888766
45495,41.93904643697009
46987,73.0298308744174
57807,68.05649502398389
35989,66.84238264913563
91376,63.00632458076783
35075,65.73796314612694
32644,34.934044015716076
81891,77.86726826865225
75388,26.78211052374361
30991,56.267595158734196
75161,68.30353297230343
22421,75.94536805554063
2394,76.95697723839733
13238,50.96388393431922
63851,62.07355000388813
20737,43.96695683132849
24106,72.66938720682205
93442,69.1483710441941
102625,33.10712041571735
25869,52.795575271310895
87279,72.59960482703418
10969,36.677668922208525
83775,74.42473579528374
26916,50.69085379561842
58406,32.19016793192699
32208,38.04068556748254
22568,53.83405316387241
91866,72.38939210527693
35486,61.74330884802318
48881,48.21874420297394
12862,32.08907005833512
54632,28.289864893981427
90442,40.924912749637414
49801,69.87645289721183
81115,68.99087159098252
20442,32.05517278379154
91052,33.68436294398763
100533,45.94038938396106
61863,40.17956533340972
88882,65.93357402195667
4074,33.93839119419849
67171,76.20846989163684
71545,61.13442377293572
89775,57.004843084834604
86306,53.101204951887674
26540,70.06478031134753
59771,82.42187933896574
9972,74.98664102831547
39466,75.72509911386831
8573,62.73852114450162
80505,69.00366098127408
2476,34.30322767947892
32010,50.965402079850776
47820,70.88860816619245
69239,49.54178861082522
3174,63.861025031270685
62083,37.95008518737532
96983,59.707525769410495
18650,71.84932616572269
83957,69.58247842142075
24011,60.03349157831482
95833,37.62442641268608
35342,48.03388558407839
98042,18.91665186642208
63732,32.78143810373096
50260,41.59604353610645
3036,42.52697557927574
36283,28.378935786332043
23340,52.61017121169117
27836,50.01151978961116
87104,56.340155293798816
40483,22.764797150212196
16529,69.35774553592104
9182,61.545672728929695
22980,34.910454726168595
29735,59.23986894338312
65833,47.93120988644782
40777,31.487678651040994
36409,37.3304964015901
50747,70.90504855569449
56973,66.91242869488076
75204,80.06962232855699
52862,74.19692720333188
59446,68.1428834379733
5246,71.67275978014766
40089,65.12643626952934
14924,33.09374343673141
32629,62.91961678038761
96430,32.07014618899448
4354,28.1107315011178
53855,37.23018435082622
97801,32.02383469643004
38621,51.26227892333331
36754,50.201597551265586
37450,61.157994531236916
50794,55.54613658125204
32376,77.02120232084854
52955,34.89113580072317
56559,82.00467777694206
4475,30.246556278401535
43917,68.25783101537121
59587,63.97112005192558
15964,55.09890900725468
99634,32.75736688126129
59880,64.02480059709255
21915,72.15867726283584
27215,50.034046514553026
41208,67.88557252538556
24790,79.21809772356399
22175,33.66390074189272
61263,60.78645338822065
24323,72.51054699993205
102077,50.72652151534965
75752,85.32147843169656
54660,66.96013492409901
99851,61.51480983187851
75220,74.0441928581458
11755,74.21915431719447
98678,46.026718267940275
7375,74.12295780191204
96817,35.176602460510836
62688,32.06452453694606
79022,72.79807394205216
29746,68.09035379457379
22710,71.89666708530572
51187,42.96491159761169
14012,39.57952932293102
8309,78.03727195917787
65951,49.51680253901805
48435,40.126837103619025
672,29.525421483464918
3092,77.51314398607937
21474,34.19364823552716
16203,30.064235573994146
5750,38.90269579268573
51299,61.7330762961254
88827,30.540872304185843
37100,75.07448242074605
54370,12.842776071600312
31788,42.32584606071079
94317,71.68178443449636
91350,32.52076380729507
57476,40.18344401797388
67001,40.86334587861441
101107,71.4960536709273
36668,33.189197524256336
83255,44.5822096002249
2133,30.693891578518738
26374,67.3739645128125
56017,76.86416102923748
84720,35.88889474514487
85151,48.93020814990541
30833,67.97791145757705
51158,46.51424375976791
96723,70.6820661648544
72340,63.13424004844208
67698,72.02848107941152
16323,33.550919142374084
48139,59.46922937575025
3474,25.00792183886914
53550,71.9496014507186
37012,28.474377484801597
14760,52.11508975412195
58586,55.60603670021115
6332,73.71523323298659
55846,55.18121393595226
30254,44.277497470676124
24189,79.27935963905622
109,89.18612762889558
81220,73.1035570899824
57904,33.71859113886558
18348,39.619507238530346
13877,39.984982936953706
43915,64.3538457763059
45991,31.983141550764717
35680,33.39022163728995
37446,42.05625182526624
66484,38.51437773434586
57121,36.63093454734241
14291,41.869700137704456
91502,58.88497295076976
12766,67.65495024601785
99790,28.962008114377383
5178,51.828517084203675
70065,34.71772602997936
68680,61.05077490073343
80961,33.96011787392266
62258,35.93227860218377
83268,72.23358684835964
96316,61.11933247468076
72166,69.07056116042696
43492,64.80940861595485
43446,69.82083486354304
17808,81.86158737462205
68849,72.23612148803954
19187,42.04275758016877
13971,41.543057456260996
70136,66.99134045769779
13650,64.04498971863418
95658,73.94320709905784
8093,35.127474611057146
11790,31.921223987997934
31150,67.30208092259653
9162,36.540464038124966
46498,34.30056912290556
83664,65.8710456157647
6360,68.08767298192987
84657,32.7493694105257
75883,24.565767553000356
66091,46.82935768271841
60356,59.0044365868408
85631,69.79589813224598
95048,40.76239012992825
12755,72.00667005751015
78653,33.152295218501855
89190,37.70577664088422
15292,68.50327410488131
53787,71.44715398951777
10930,36.292213543283
5673,67.84185660492247
71003,72.97745258861852
34799,43.6114574866795
76395,43.57151762908889
83693,60.24197967890059
72985,75.88604638600944
55030,35.30079507270581
50122,32.20339271697802
92729,76.35033826580835
75349,55.04246753741042
3775,60.70943101202203
46179,53.55348977043815
44929,76.28786668318367
63284,74.52048100779317
38235,38.70120591565178
56121,86.12788247629359
30787,62.7885117194233
3177,41.90994093341984
20520,91.00832578727719
29915,31.564383436703924
38340,41.81134282147675
27869,32.62540211700691
79268,44.05156068860884
69433,76.6852639382235
21340,42.995988200817024
12077,67.83438552546599
102187,19.25091769729547
77377,48.92431333925563
53702,64.16323354105876
15228,57.49223297652341
58554,74.29280909093262
52143,73.85989646681298
25164,27.95049001723415
7592,40.00641716529013
1616,41.08651377677706
60886,74.47635513727045
43508,39.12284189841164
72288,32.269674677038964
14361,34.62582839726419
5574,42.45567696435945
38204,61.92717996983714
59425,45.77308145817124
17806,58.40066172596424
44124,73.92678497682391
100694,58.88289992232736
39745,39.91394188490471
84279,79.26711396473996
68217,69.97924927041593
35221,71.704948802277
70517,45.8116943243231
37947,48.20745600214847
44981,54.24767391037253
59772,76.57094148269772
18676,64.94881608035351
62923,8.892720470061938
97931,79.9992077907896
37032,63.31037854974844
86199,43.665773704754415
19979,31.494222968775652
39953,36.5339269617467
33673,73.17604701843484
88599,71.55179699345899
2498,53.79268189212537
90625,33.23719272729781
8810,57.868137613184906
31280,32.48998001252445
26911,68.04504474348863
34219,54.43792123833504
93170,76.73788918837352
92663,66.63039171202627
20202,47.722651363490904
83493,53.66402841925273
73706,74.82844347945081
69635,23.894908040560384
5859,75.97571629427384
56368,60.03194068915046
78607,52.40660580803977
43858,79.17403884894946
76239,66.5076167106584
63782,56.73626930313284
46897,30.55050857830615
26891,38.835134528311684
29741,60.708901371436895
37646,37.53924173598395
4988,42.748176776739456
9990,53.976687156048236
4863,40.950479396646166
89168,58.67984259353473
74039,28.32448506091577
75578,69.54112131635395
48853,41.834404835390714
94111,67.67153973137339
82380,49.80917280744818
56424,58.81467824152872
12613,37.31431556763023
62764,45.00498945020008
46345,26.916650993135292
35403,41.26231095285174
100606,49.62251030765343
101925,33.25571511766042
46186,62.93071832917566
36477,56.1271493339015
14904,95.45134688952272
32278,35.14384570231661
512,56.988508613218634
46149,41.186700250787986
47690,59.49884024094413
65329,44.12439507387774
90656,40.82706411815596
34612,47.655349566201835
9597,31.437240177745398
5965,41.99440979592656
23713,47.46301898613426
8,34.33169771456108
28702,59.03956879913217
38645,68.3217105755883
24033,80.57503761205734
90310,38.35405981105212
59710,65.9597315092723
71299,59.33487031384491
42763,54.31377637203393
83751,54.574644766623855
31082,64.45516218852673
80660,54.209035171660304
4305,34.56375159375546
522,40.77945265819537
83986,34.50433892659907
55386,63.965567541604486
83069,31.03530313558119
28686,66.74958678837487
59264,60.22422434314582
74253,40.19791326507666
1523,76.02297958528432
17253,57.94807311633626
100403,82.75274258604256
82541,41.42918029175108
30674,74.03679668288282
97573,85.12830209097875
18231,32.18788295504526
32587,59.07040964304821
27275,52.858134750328645
38047,60.40605306227535
45186,33.14689719182494
87709,33.0916154382933
5532,31.32221607146569
25875,79.07899417868882
35059,48.336161127964665
99272,61.1608437295481
82,85.49039809417818
40916,30.01117647020738
18263,11.510885281750141
1957,47.63393486617949
45129,68.96050176153592
58488,61.05978346614067
14284,33.187907495088204
72423,57.921005650036726
96584,97.07251229656765
14675,39.414588035615424
82642,68.3920054730294
44151,96.35820442966823
86853,58.29420806150726
57311,67.75935516382222
56421,71.53459326780754
5602,47.847417871825826
2867,73.99590966142694
37230,62.7594176734726
2077,68.77827411524555
76689,56.98901808716687
94200,51.9279272897423
50886,71.06059239798998
24994,47.396104921690664
44965,67.71949917165766
62428,67.02554575806477
48327,68.85467779212698
89088,12.936558471694227
100634,42.03374290310447
41855,67.92637117813413
55048,13.374908930281311
88323,62.07719851489742
69599,31.908935124002124
56908,86.49093007492706
20709,34.95582011415835
15487,29.21383617711885
34468,31.634383805441068
64342,71.70429398124384
20300,43.67884516628977
87852,65.6563002790576
72663,73.95065197767394
42683,28.90516280057552
81190,75.07314187173785
91437,59.022421045337985
97956,60.020547680267356
17829,78.38610958855531
34146,73.36967831758852
43751,54.83393022633494
7839,71.47690025600278
63,66.63357381316013
44911,24.075547827007135
85908,45.08126791077384
70695,32.02820559260495
78363,46.07241416012515
9886,34.02749790063383
92362,44.00752851074863
100785,60.85708061154649
86547,57.255747368275664
49661,53.03523522264888
98923,42.1236192630691
82500,62.55411615738604
8307,72.9824888938497
86059,66.90432839372133
43371,48.09844248891666
42127,59.45168029422136
55837,40.875186584216934
3024,69.31596408837784
6600,29.28225882166658
26572,78.0487831914862
85868,63.01661509833656
95943,33.90042952328921
19659,60.9828409492937
59087,30.533323665408385
63260,78.09161744659488
67933,62.98578877499592
4412,53.13877416430924
37882,43.621591321465736
89338,67.87546923513392
61354,72.9288753803466
20536,75.6950799232597
67376,68.28453982628182
25111,34.189516526867024
57080,40.1930817363003
60836,30.080718479441966
64449,75.00355327165812
79698,49.34505252262448
49757,65.87827424782245
52123,81.35002278925393
88798,49.05999736751431
47216,41.31832901876302
19748,57.0617336979083
40978,62.72099890033223
101443,32.67632979548854
57137,77.37878867130604
73717,32.42600410524387
44564,18.049611093346314
71434,75.01909729736025
85316,63.50506448775749
42612,36.01166551056285
17197,67.59969756882546
14388,57.12491432490892
77977,65.96928395014362
28883,53.88045788211374
55317,60.23277335532222
91894,49.24818771024846
49283,55.90259262962063
46021,83.93337774610109
90903,65.09143880377157
78624,63.83629829645483
10200,54.76869282943019
100948,30.57636688000503
22416,96.85773952232
15543,46.656567625977075
68002,34.69782268991624
260,76.09778924724344
91298,74.93819345363897
4329,36.560058647524585
49505,70.11228814819363
50266,47.88162036592053
50176,39.74823851517486
72113,47.36422121366843
41135,41.68010237067719
67197,79.90196257192508
98700,77.99865626913234
32720,67.04374106768806
53707,30.519444466495937
48143,68.09190502168815
83789,25.926684479456004
20879,29.46257975155816
41629,58.955979605009546
55121,67.69208553808684
95431,69.93963996746973
51415,54.94379339607416
61216,79.83832578025397
76459,56.9129949196341
27086,39.23009850548538
41747,33.858264557428214
40477,47.28193258725036
95275,67.05465484559946
86730,35.311536791803846
59828,20.900240700856244
69618,60.81310147199945
5728,54.21564616695674
73847,60.27166488368913
94800,55.65381487227713
9717,77.27721649453545
85536,38.745555417013605
23766,40.10478489547198
52061,31.799334980609764
35501,23.303350195822862
19722,32.120607301118106
86080,57.9425753766335
98903,79.29256701131506
98322,37.71045511110427
55148,33.471949749973824
99550,71.93961579105496
100093,63.56509986527973
96708,49.705582534613825
18776,71.97244249286734
48141,39.01775785395538
83744,38.25810904892892
96054,44.001889347533975
7687,29.477648867797345
96926,70.66485799271223
7718,59.790341947381
8116,40.991943409038235
64417,69.64505881518109
54246,58.754415461414865
97855,29.747369078702338
79376,32.16710455549753
92698,43.59205258654764
48354,61.456735842681056
92487,60.1078518489624
52226,33.27107770680831
73835,41.02542754969221
39358,49.29640618605551
15784,40.6066477747031
59653,78.82705388891759
14686,48.848400526566536
53089,72.87074029970279
8653,71.14081095998867
19777,67.99536468146687
22316,69.92362044883315
69231,71.86992294585906
30746,74.02679404607252
48518,71.32770378072595
17119,71.4309549330226
32041,46.38822064588593
38640,65.89931243258876
44129,9.1215803431046
83983,32.96882585958024
80126,75.94369004661806
18697,72.63601078163106
59379,47.07434812425261
25209,32.84540286480928
80424,74.12703158202655
54702,74.29830862668157
1291,85.67761822942637
45653,53.43423770736943
66512,69.05159639543169
92932,78.27905495902945
31240,82.68942358913341
88312,25.55764963181889
100898,30.70100871624994
99993,72.73885819553706
71576,53.900054072261995
43731,72.94846884764374
26795,63.63343503400084
9837,35.35934774996463
666,44.278226706358325
66417,28.206311139476387
2911,68.9145490823335
13094,30.393823518718392
22446,68.87852310732264
2383,68.8927514223598
26914,40.104145386137844
74505,6.570496983862597
87685,39.97639353498663
10932,63.95482023845847
50666,55.88399095732146
80156,67.8623835768782
78118,64.33979099344458
649,37.00705733201663
54309,31.314318220386383
32536,68.07260988043257
87568,33.35376183901685
70921,31.54343929682116
29442,59.8197033562616
60573,67.99934275593554
89425,50.00004335391439
97238,70.80863826398453
8551,41.60069891383452
78144,33.58180180115912
1387,21.811764368502043
91175,78.95055914548101
39544,32.872069142559404
30963,43.291455599235704
58369,74.89737380321176
9782,33.83467622167227
45467,31.40435321081922
75542,43.28179896479982
8646,82.42382959534339
26809,81.55485951766232
89368,34.109010307998304
24561,34.82320429104008
113,64.95178725343948
95643,51.2442484068241
51649,70.02798336764758
87204,37.35642089895902
37406,37.272333823699135
86221,81.07369011485656
32672,78.73337580065635
1795,42.18898372369047
51692,53.863611993715736
23811,34.04856906505571
50454,34.81438246231922
81070,30.272218976443938
1807,32.182306877749575
55951,33.686171896461076
59011,70.22848605650651
36090,33.46404442580607
62005,32.37474186270528
26256,55.718848330156376
84962,73.58939916321762
31692,66.6496279655239
19298,73.95700633808963
8728,30.862454852762394
31804,72.96598461630578
61134,70.31324366206331
1602,68.88384337895243
95558,37.58802222647948
20067,63.66798823926511
84003,64.91498173811885
76142,79.2388483059257
4113,68.45814624146871
1901,37.63258543856484
79299,55.622722526182244
61439,67.56905015113722
87766,70.01002129222982
40472,29.053452532028253
46880,41.047633768980404
62021,89.09126214738393
62157,32.7685616032323
34874,36.44167833129875
12781,67.81773293024708
46125,67.38041480323324
35927,83.28270130682318
38790,49.410261101329375
29714,38.61058840049308
81370,81.59386513456798
16762,64.9628437605077
63351,67.91864463994494
19066,66.07098296072891
48895,76.47153163348187
6711,77.25920030965273
21528,83.2100607586746
29368,74.82675272336682
2792,74.82405422205294
29407,40.011579217828334
57160,47.973693034123926
80090,40.38695708176233
45474,67.69116992793691
2482,73.1763173482098
6342,34.38267589040649
93142,16.310988062841492
33743,40.78355147474798
75142,34.05392492070973
10579,60.43525860827487
66666,42.3388292654436
87307,65.50758967468917
32132,57.13864826728467
36333,34.47342032503889
64050,69.4778430129867
88670,82.20046441138581
22141,76.76859113167609
92643,32.69797085007275
71332,73.00798611776185
32444,60.666273272894585
61312,27.48137845824155
79853,61.45316875255956
75754,30.32507830309478
99501,67.03401101747441
92387,50.6926139972063
67347,52.098414302810475
64226,67.68596115035716
91556,95.49387487867534
97497,59.98350319542577
87705,82.94904440237588
70664,32.619868265959106
95195,39.97976767296737
2082,30.7682831965579
81320,43.17916578692512
25238,71.6156045633301
2242,46.67654457476077
12252,69.05021267128654
47441,37.75643389665258
66025,32.25908744582507
64434,54.586705410434604
11988,33.79196484833308
15135,75.02849942822186
38250,50.886766822863564
79729,92.25771243594954
47718,73.971175244383
55563,33.018935295684145
9560,36.05398716589935
100841,30.425204080126104
63201,40.518210977865856
101672,39.98886969084242
38535,53.614482929125415
55553,69.83157407759114
66593,34.00197727425029
2890,68.55901242347738
808,37.08097074283499
86341,86.25920613970644
30887,32.39638432708899
53924,29.430881565392195
33771,77.58513360022883
28294,64.80290053538138
43919,44.82604284849438
100958,33.100034942477336
32253,70.8666658744242
13540,75.14732145869428
62613,61.8237379765201
3637,63.08302351165439
96005,59.96826330645476
50123,30.055432948846352
59014,41.49974041879785
3299,64.97937759038294
47615,45.865044935152014
20991,65.16078843774329
30824,32.906366509034044
64699,78.88460782726428
31904,64.37231682815963
78964,41.02254263370622
102181,74.47732812451983
77909,75.12303570580687
8020,62.01975507868911
66281,41.06450701109722
6002,25.87327354062466
43290,55.07087299109729
77989,57.836602957726676
71350,37.97346166217354
37465,16.016734984234763
81364,51.90172567352653
73644,35.87805554136807
68387,63.62073891760129
35750,32.81963648074725
14659,83.53554211235999
87993,76.92918653585397
87062,54.143473381838234
21948,52.05272635539447
56084,61.954060309485435
1844,40.58452128893996
77467,81.14893563248818
65626,74.5113356421923
86101,34.12632773283802
22620,29.968556544694216
65945,78.48904055177803
16026,45.98570227064113
93548,56.23967608891107
51738,32.86591084936279
17153,72.08117909622652
68900,29.158569636958465
41304,48.15978991112944
74169,71.03861336990586
27825,67.61110969000795
15511,71.4704514006296
15339,63.982235611638
11003,62.791195256162645
33240,57.05867873720739
17514,50.92273409224448
17539,40.92838443275618
94921,72.09366020879717
70759,49.24857130264324
28725,43.64261917138682
19928,41.74249946827065
42988,33.53027534840734
24153,29.962515000347917
55140,62.91180345320982
74830,79.98144603974151
12315,79.04563700237233
84707,83.64224833391836
47861,62.294203650437545
52071,66.8419872768716
89331,35.2475646352632
72971,74.75931822968265
28611,66.15906164648672
30755,34.76571921060086
24906,61.88995116310268
65640,79.31502996714613
30313,50.05151838196541
77269,92.14667855428084
97614,47.13081977524864
65099,47.85294266911342
99719,81.98151878110232
92193,71.78720384358795
68102,57.022577329230295
100831,61.1768718096411
64560,45.61475198537533
14009,54.92081208764247
29549,32.449677911106804
51386,46.05228023274189
100247,32.29267909846106
50615,51.32923590673626
59575,36.80051623396195
58152,50.8626412795969
42510,54.117860029401875
62498,33.893833862285526
13988,63.815261216679474
6624,69.02172374437961
6379,64.92159218558187
32827,69.78534880890851
8596,74.2783603281323
25655,62.67615705145133
53100,56.92260476417973
5697,57.62542706525815
1478,39.646404906653814
11636,31.37088027824836
46946,46.39880520931487
6715,50.07348911214946
77870,33.30719704253953
82030,33.407268471211204
92654,62.50224733168524
59578,60.30083304875051
38632,65.77770064664774
60722,57.97295925250703
24382,37.42308161857905
70363,54.0011878870003
31373,70.8744766533859
99275,45.01487863453863
86045,32.89364442521142
78670,41.998580011387375
3469,58.01238536498779
95499,67.99036992110494
57009,72.84462490790433
59803,47.55255801991443
6582,33.496840357323094
76889,64.98107881330529
79128,45.10074306319353
95604,50.07900274228935
67766,34.94981338398637
76635,80.04606888728094
96506,57.972595502707364
41445,63.87255664662339
20881,49.07377345511618
97369,41.63543317167836
101877,47.998569105170766
36309,78.10032230092268
4661,33.226219453064026
96041,70.29001978430588
88904,43.09121358147116
9319,39.07619704269921
69991,39.281162894749485
46623,36.48743815911239
47428,32.31702649144231
61808,27.653992242172635
83475,80.55605551834337
31941,60.800957731216776
3621,41.38372479707074
12199,63.97483309931921
83453,41.28284928407241
64104,75.0835778095342
39606,50.115558884308506
25391,60.759454931416414
18215,48.4147259257266
2104,64.04257919659987
8823,58.47387474370409
1538,66.16739259754033
49306,66.04399692946794
87621,32.34058917636554
6482,53.98201969436281
46654,41.79420010331431
23249,75.8428336602193
30229,76.08147994857461
30384,33.883025613293064
11099,68.87907131829077
54750,91.4667613216883
69160,32.518727371361294
26471,35.609262003046354
76616,65.9001900771909
87759,53.70114725146854
84638,34.98271189522111
20546,26.483282157963053
38348,67.88793333945657
23924,64.02454060635006
43761,69.03456376156053
23419,38.439187401591525
49341,80.0200331825286
35135,67.80951804985386
51411,53.74699299341822
90065,40.90857910623841
23975,41.134030380317526
80284,32.91515653008854
50659,69.90481704953856
50019,35.23675162473465
24221,78.02697712174634
83773,63.221054025964776
80495,44.601775737062184
90098,36.483659383281385
72965,68.29428012332642
74667,74.23684988195274
39361,47.080861835344635
23927,29.004860604829595
21229,72.06915637308472
57998,33.072541985416
93220,82.41445175790268
71465,69.04237082652898
27246,59.74878905806116
27914,63.11301686625846
31348,78.58314534511607
12496,42.46557100546665
97728,54.67104901755899
85155,62.202209555132825
91708,41.9897096041677
10799,60.54874590038544
65105,45.707060918490754
16206,73.89622577659071
93596,77.92366932767779
96576,53.00081270116
32498,73.0004774502141
65320,70.69885728386802
51602,46.21520494998708
83879,74.04185688321394
19027,64.68577742605743
50370,78.62075765079572
35435,53.94455217645006
54951,16.288994866769816
44384,27.526325389357176
49181,71.99907298256487
37527,74.8378184747607
7136,60.96662671201912
64919,45.6807153425417
100232,33.68037677779501
77331,33.39157492921839
30242,76.70492543967018
89289,38.40155481113002
58929,51.003984490215416
70118,79.06240678029383
97364,68.83494205244185
23467,39.84490874115624
77205,27.611016824236316
15481,79.19693545891757
33665,51.06453904171319
47299,63.06355685730565
22673,67.3717766012641
44094,63.97941425002076
15404,40.19117220035152
12025,34.2604075711842
90089,58.084356093806264
99981,62.026429064087424
81279,48.53446238099211
19783,71.79523758354321
14436,67.65453558830612
67850,41.94901930736475
33000,57.049547159269444
44982,50.03216512248071
69044,74.31722860832767
84000,32.149104235509206
99616,75.2576149153377
73243,85.09137307960175
35928,77.4029412723502
99911,78.05680775035944
66911,73.67394059813586
49386,14.660725412769946
32285,64.32022449886153
49953,64.00852392356225
68132,63.983536063944655
70116,58.04239358647946
88912,39.36185994283321
43404,53.72230197735634
9572,69.14157622993008
17548,48.6776051187651
3662,14.17242308025196
90148,75.96929753573077
29262,40.66501342436443
21963,64.01563765351642
48843,33.49472885124863
21011,34.078542422427645
72454,54.32305989887231
13810,75.04263499337662
12082,30.649647412316945
85011,56.90056386511271
722,37.28742124829317
22685,9.439673401828372
61732,33.215063608503336
21098,21.168601461845938
68604,32.666454766549414
8790,46.538836011411185
46927,32.05046703029202
8567,28.796096871554102
45528,42.54655792602847
84763,33.28040211088107
11411,97.55950323983748
40676,73.49464736666106
36686,31.610301153581094
63916,11.835686965846804
2251,40.11297107549967
60363,32.93124943628074
72090,33.41521881413715
101956,23.982377236076882
65521,60.22566400905638
36530,42.913384874747905
91959,35.90716119758111
36158,59.06367291714567
28419,43.3412035470654
16865,39.28426222956507
55556,28.660809717472425
38393,30.023814227171293
26269,34.07012411597961
40153,21.852288602657367
50464,76.97390032942752
34301,64.22310145922734
45966,66.00672727270276
12356,33.23196451684841
1657,70.1162946735682
18983,49.60072935739285
41934,41.317513833729365
65392,65.72057269466441
73092,41.91409891520081
7374,81.63407555050998
54022,50.354775945779934
52342,63.91317871927514
82921,77.0435456384466
20810,27.35508265142728
75277,71.75339335875907
12668,58.056764573014945
98533,34.28889293057615
48709,48.88100960242114
59237,40.53674055195213
76686,33.93042690116779
33956,41.80719654286281
24268,28.96736005731263
35521,62.91682567224824
31088,70.34931541537051
12590,40.2666821394043
66330,35.351203283134936
57818,52.260964762407426
10879,46.05591025746602
26845,67.92352011189493
28540,85.95209999501301
91174,60.111037234421076
9888,74.16989472849812
16597,76.98978231374022
69344,70.11255979469091
43851,51.067889855195766
1228,45.12691716343129
88002,88.8292549956088
17204,70.35162716495103
2358,48.45632618647712
80610,45.99807898383306
26326,57.727838266255304
47305,91.22192033417723
89649,61.013729397496135
44408,67.83581555107068
68134,55.02328595147961
49000,31.172130719622597
62414,73.81821295675755
65706,58.889733716765875
44793,68.7918571564665
87128,67.90887165223161
70456,76.81979422723671
50102,73.98199277262077
87548,36.05866027541551
27795,34.45084341622883
37746,34.15669245162597
27212,73.43138878901799
99711,61.201768567642674
69171,31.14120709562441
44403,64.42430256928631
34850,74.41520696261719
35096,31.961875375896703
82987,67.07035593229708
28494,78.81617361591515
89287,29.576936012566197
80521,35.74941881100264
24981,30.567513013489986
58477,67.61230300049289
12686,56.10523634161343
54154,68.18720403635061
17802,57.48935411627363
90793,42.00453893543801
99023,51.27978136578521
28754,53.02064274787676
9751,37.15753817390015
3113,39.9572560151452
2096,26.308905569509943
78412,33.221292151009614
48396,67.9751874291711
39449,50.01996342236441
15042,67.76001495310001
44276,80.24477965492198
75068,47.28605406099446
84855,61.67270171030883
81228,74.98624466114768
27812,36.85523038571265
37009,70.20501448548531
29869,63.06219682021231
11330,38.38559126900563
84502,32.14902339501702
46046,42.23077901962735
92934,78.94092395569658
22899,57.250212412452406
38815,69.8387312929269
8272,65.72186729355352
13047,35.838581254104874
12057,71.75346790758022
58248,37.74153191025597
60056,50.27647000307542
6361,42.65602914002848
9104,60.60921830626038
83848,30.90726869142011
36521,79.93180244230734
6031,27.943111479106456
64062,37.03062618844027
3349,36.13345670956319
55229,66.72854480739632
85550,82.44244093822302
34013,43.22363423634525
50172,70.56833801183328
49943,41.357788435949026
27470,33.26563932466283
41513,70.89992326680533
14060,71.99219491032852
47940,45.943184421114246
50811,74.38647328383891
56461,68.08848721527116
33238,35.62650678146486
47373,47.07068610465801
15229,41.71855863887416
73686,33.33705490362343
92894,32.335995782474804
27375,73.491521373961
74229,84.43940585978243
65274,77.88584588705976
44588,35.67172245646283
65066,73.87509906973324
93577,67.03815783475721
88149,44.09700181934845
49331,34.661852747391436
71591,67.98692444390738
44947,68.00671232815594
67909,47.775501391446696
83161,47.171096609755686
23672,32.93304505630702
87177,37.84221689788984
48946,47.347807534420525
78896,32.523925522619265
50958,60.96626215587221
24128,81.67223278048603
62108,67.88061828034333
57227,63.95647690639096
19204,31.05728788660553
74002,32.165812623772915
45277,59.9979330269754
90087,8.857251919750802
82108,64.10968077711044
45523,81.04662641763241
27735,93.1833912793882
63378,56.242328925026584
27144,43.04748410863054
50674,50.33170643483199
97854,53.95690154227971
93991,43.18887886449002
30188,47.46854965804596
97689,87.99310484068711
61454,44.00919264344803
55539,68.94710093716556
102112,54.06964209939954
4199,72.57713939542165
95410,66.06128005230192
98706,32.23063928642276
33348,52.41964480364311
76446,32.57597351652585
15448,50.95573825126425
13207,68.03929574802119
53649,65.51377928833983
8217,40.394124061656974
29155,57.187545882841626
27504,63.89042041284779
72342,41.973127516518666
64468,64.86368779395269
66106,68.94918104994869
30198,34.41112610667948
86935,70.57825079359837
7422,81.22430607931614
26838,47.03732825126197
12136,32.42621346901808
82033,40.39782641766505
78064,32.64751520441557
65122,41.59476414515535
44172,27.618245691328887
78040,40.71771001540207
25694,29.471012233284224
11981,32.474192457092165
55738,33.26549717845506
18695,36.65707666231268
64598,41.79384783286068
31669,59.88457476058479
3726,69.46038616176915
90097,38.73643823277979
99446,34.54371352237568
22546,52.04166452494472
88378,42.66972039408739
7041,32.64039100994273
12219,78.24491325192866
78463,24.8354012961371
24310,61.00200206101801
80883,82.7650836568181
28443,59.997218277866054
58970,18.977268597313714
49405,33.24736891889269
64980,34.074870402298195
45435,41.680586556971456
84310,55.97512100949076
27903,49.97682175310577
4407,69.88637883894253
64106,61.454070153477275
62169,70.99877005418338
2632,44.00028913957979
66763,38.09153729062605
46620,32.12394531174928
57536,44.749645593365216
22494,42.31694543023919
63936,53.87069411443366
7870,71.74918826396606
66344,64.15780472908506
91886,79.11730008742731
11552,55.69517978426657
20796,49.22625469865463
17095,36.950395899321016
62386,69.06348688033944
88334,43.01936294229871
33600,39.95455858486726
71941,31.883063579169207
2664,45.705518912510854
7423,35.78932028040323
48083,35.14955561527873
68040,46.32174179989094
77246,40.95665184507271
74160,42.516389814700325
92151,72.54393710107959
72863,35.13461826253339
9650,62.002479921858566
23529,37.82515242348767
35588,34.95738288084017
32560,45.992128615642784
100466,52.80895849927563
78954,59.09235582853536
6641,40.23457706920048
87835,63.96783874885257
38663,62.77035391487599
102192,69.02906532441446
36892,34.49989774994879
48824,38.87984000233023
50587,44.078729914723425
19807,23.70704053286383
84376,30.770661199629927
42073,81.38688517213467
55639,62.98941244871415
101596,49.87999580532538
57850,68.09973150577969
88933,31.849288516668643
20967,57.43888632626092
14199,75.77004691978985
98221,69.9622377200732
1681,32.24945652482108
90406,38.87496540162589
74121,83.79018497314547
81478,34.49966537833319
59339,29.99454033753053
81813,82.45770407568531
34960,65.59771607006175
48580,74.42146484714688
79499,44.706523800245755
87545,34.35626713179597
72690,60.0490642923977
92052,77.84418251662578
21616,72.38851882387159
39215,56.15009475587528
76667,51.17832013050216
23559,71.70620645936125
70572,41.76536361867584
46203,52.47281324560599
42394,78.06448778859588
41388,49.92027926555261
12357,35.77496828256908
101814,64.8195570528508
10591,68.76200458904492
79965,71.68606193193631
36513,32.37677449579591
64604,42.61609737085409
66812,27.031170250459734
90423,71.26559413106969
2902,33.38896885114368
3753,27.069864133357598
13711,63.72012736553079
10124,54.03718265218343
29637,64.52065318822503
45728,35.22262019974352
9756,61.12530097875145
96772,37.33187148981771
61873,67.29035479241634
48119,13.423024763934475
41116,47.438055450981906
26065,37.65756433774059
46966,67.74071188294522
38200,32.18338120009048
62292,81.5641067510212
24556,73.67213382515985
95703,70.58641014641185
24551,58.025818141437
18945,33.97617849552474
38440,72.40702829835409
95842,72.00664828878371
47837,72.07072108559282
62011,42.05991619469879
4467,58.151486714970204
12288,70.11698964996822
29315,52.95135676094773
101653,68.85095557848788
4431,71.27934103586608
94478,35.02868754979302
78892,34.6871148880415
98791,71.95939696526183
14478,72.0212181343798
53459,55.011662240088654
24371,83.62513324885578
83774,33.32612094630303
17818,34.253327046864186
94435,57.08391214975033
69836,40.01740902817483
86369,63.11579373270351
7335,74.73869062660539
71371,63.462290808067344
10543,78.99912456542545
64463,50.10399627442138
30681,32.02174070314339
92408,39.38589596621452
79565,61.663685699615485
343,76.34340566085956
69922,34.31027624355756
26311,65.94042445798217
34352,67.12951876674225
73377,44.15302456055884
15505,55.93077468947693
84282,63.902859187860805
58167,36.37961136902957
88388,47.76307605944695
99003,64.92695307430981
60114,25.2015806377526
69310,69.79559306545298
23261,42.49268974422148
89585,59.14155312848004
9149,43.91894337513866
38229,32.74997304655829
41904,52.07421311431325
102383,82.43621226090903
37017,78.0027684600995
70806,32.341361060161525
82903,32.35337002923934
80051,73.92585478482835
5895,59.276892681492726
41091,36.744646091526484
58144,28.930284494355387
99095,72.18407698558653
19194,68.46462459962828
87524,77.94022055722908
13777,40.43768362964639
31415,34.32084759353141
72882,73.21527849720506
91088,80.52680609506224
75600,46.51803101868417
54763,83.78884417569469
51047,75.89962110785945
102531,33.033412442161925
97687,80.02385900399376
7191,33.15766121815492
39880,60.91779668299638
58737,74.10566780455244
78311,32.95620942417783
31406,71.16297295904448
33684,33.64569994431651
90190,51.59533334528012
40951,33.45266429735261
47343,82.13296951208977
27167,58.4219592758544
34407,31.978124773254816
30865,73.7557490748705
28167,69.88115543270342
79644,82.07152417236131
16156,15.835884883375389
20317,31.75580295918394
13542,74.03126852598834
79308,57.98374720326259
41097,40.5311864960144
99297,33.24636338537296
94257,12.039958624558533
85097,76.20398290948856
37484,67.69255451035362
79404,33.900758557402035
43914,74.25280267161011
9720,32.14180897448423
72315,40.854071334869275
19143,25.86960308875767
7743,61.303268050020684
54918,97.93778173986613
95201,29.40512367437282
13491,49.62463870286979
12008,73.12536866966397
3244,81.37873863094032
10047,60.90509561769636
62846,18.055206643898664
45890,40.78789309789246
44213,65.48031548603223
60901,61.699272836707095
80236,51.461105474780084
33425,82.0847798210003
24339,71.09055308823991
31600,76.75714625178017
26915,31.440194682011672
91593,28.177250449879185
81542,29.10710499668356
20956,31.885713476369254
36730,95.56224562099364
9117,34.97032687118638
98141,62.598423014073866
98597,65.75876324502804
87004,32.6437335574529
41425,32.782720321694796
85946,43.97038191918088
42136,38.8944499108987
48937,68.85123626304826
23315,38.724054880929145
41919,39.96363148177551
20394,43.95712644450796
83597,73.76654382839712
81093,82.51288440759404
37824,77.85988274408993
19388,71.99800746882471
1776,36.07462517807336
42801,33.439260297839084
31021,40.78081428291525
34795,42.54383462943494
46451,76.25403960834694
12576,83.14566124953006
65423,68.92969418774307
29920,25.91037272056792
1351,67.43849134431093
60300,31.67407422362982
23734,66.52442585708414
19284,70.27210742587334
35076,75.46493016693168
59480,83.01526747904902
73964,58.186048930543194
19081,40.27273723258713
75665,32.29568990714839
38007,51.28214508984627
83275,34.96615293979036
93272,31.674355981219836
22318,78.6745265972271
68646,68.08839819854236
100575,49.97728825311605
80484,70.9986503098144
25436,61.700250034739426
91726,80.9339013496127
98359,20.423887083431147
44176,39.784179385331946
5096,54.059295263464776
96290,23.177702698969792
49397,37.08424034725264
87593,52.37566920143226
32669,75.91773279525518
86805,30.010901843330036
4691,70.02647090191525
26575,32.10346933132037
27077,39.2089343668342
70997,23.790127255429336
73526,54.44971769807683
15013,41.73144042163932
55727,77.14224624868925
62478,69.95125238429885
65517,70.41325147839561
81837,34.54666539439265
20734,32.63036337211942
374,82.97383810217752
42513,41.87806702578543
15630,33.32313914679403
99533,69.998868927804
62198,81.01706875427234
61264,70.18451759866213
61177,61.41336789620153
72783,59.10390724022435
51601,69.69006545272566
67091,71.3910172687496
39988,82.55104808681995
32049,69.94844397791624
23135,65.18159758399301
4693,82.14237609906198
32328,23.61540608050951
1317,51.185421869400734
97953,66.98058048323864
54555,32.1559247963831
48897,61.90180921961611
37178,32.43921884269022
14184,73.96667144817508
16053,47.08236637671864
74654,47.98842789136511
48449,70.83859373768215
82024,79.77917359132545
12787,58.96886487212855
52073,66.7053797078332
46100,47.73270844312264
19944,61.879609383675486
7122,34.120896054979355
46171,86.23016598045066
14765,51.66055045024078
94686,58.873459582335514
58428,84.10063084063239
95270,65.79928403549584
46244,36.53456919687839
1780,40.01535294828811
3790,47.76483615416825
86655,66.95339207989089
84460,41.34742384546347
54729,31.78882542217597
72760,60.94955702134574
28062,41.7304650749159
49464,80.85961380762612
11770,38.34402253172301
4947,65.83813642412633
25052,80.51727122262281
81782,59.00912146789419
40038,69.0711333840803
17505,46.905584241276294
52553,34.40725054026905
53730,61.90900815121396
87414,33.26488677194686
15230,45.84007568502668
53096,44.658071123483424
6509,75.0782027992152
37973,52.583955891383205
25476,55.01655173810995
44238,48.83775429977069
39302,37.924254723399685
78522,34.3078841474897
58997,55.00855351730466
68723,73.0759547566673
40927,61.241808014767656
39406,73.93466814775269
56257,33.65518176736377
9146,58.83146430639938
43222,69.22392072433817
101134,40.080272322712005
45241,41.85331349590628
24518,74.59003351121824
79392,35.94484966319793
58249,75.0932206687601
70214,34.1624684356792
34143,40.95533746910831
26367,79.86179755187683
16420,39.03192342008643
29671,72.02148825252092
93374,38.022259943757966
66890,57.99239857564062
14658,78.8799048918363
22296,31.051177477761552
62349,74.94679973437039
52674,41.34933606237386
5575,60.00118621491413
83941,70.85530739107286
75685,47.77255648197689
11290,43.69058485748614
83575,41.45749357494996
70008,68.11775155145199
7480,42.53219031021362
38532,32.6077602984974
36975,31.128457954394104
76563,38.606617807285986
73944,66.82723144306132
46415,33.41000690546137
46443,38.43811958189696
85885,62.845767160730084
3791,42.34351448159337
86195,49.22021806173744
8197,60.101877944646745
29676,73.08149312647271
68148,76.5640550883442
85879,69.07785950020096
79945,73.5315054577849
52254,59.30539098538247
7978,34.98873349859501
99767,40.581942371032476
31334,42.13580801730713
23177,41.43443621516718
18665,55.23517818100618
80048,76.15783594643884
101528,78.05858497848656
31290,38.2904138062082
42222,52.07134794277302
37602,69.90497563861685
51302,57.05632086249855
45264,78.27651545655121
40882,35.82580972616929
42402,34.26111329279635
308,24.677748308046578
10170,33.61538920268248
64214,42.78352716457298
39398,65.09278223704133
26839,66.73513374528434
92958,42.773077464464045
96089,84.01014693044596
64095,74.96552203943838
44860,80.22650936893157
2868,37.42368507101037
12853,71.17700512494004
67628,28.08214836586715
4795,78.1073483759767
59047,49.835174939407906
8304,19.827357098604438
97892,51.92300485754405
82251,63.53773864848966
8773,54.087841914732124
37860,68.49148727243158
59942,46.365831077077885
50195,68.10824508901457
82184,69.13785166870666
86336,40.21011128311163
81553,35.45294534389074
31276,46.782654347943
20551,56.971519306549055
69607,72.01001228138546
70443,73.14638765790669
31417,49.26129294212788
46686,45.60138991105783
3046,64.06960615244631
92210,65.38637201998304
68386,67.01232608851274
47532,61.03456174397533
72397,31.306952327275226
94610,60.077866815699025
73334,88.88125447067424
15315,34.186177370002234
41895,69.28000210494821
20130,63.10764390615158
78897,54.82489638855281
58693,67.47520813230852
56112,48.0953181309123
10707,30.867275203652106
63799,70.93619460728829
46781,41.10558958031458
62432,68.26333515963476
85494,33.428364267060374
93320,76.68042032486416
17380,81.37127059630805
81334,81.46617582937212
12769,52.928812874669646
71142,44.83558411666006
38398,58.02576621138931
91772,41.940643440829525
25030,39.223893385770715
16109,41.39267850551019
49897,62.80681388865212
55212,66.90259709612735
9714,59.9932394556799
88253,78.11368626554074
65546,24.695390191633752
27893,45.20032626409299
71557,71.12845795120342
1898,73.74359906924015
40144,70.84076399481798
84192,59.987104017118675
43479,41.17380141425909
15099,36.43525425821873
38482,66.13315436686477
55911,68.05765324945116
15270,53.00434155360924
15514,44.267692370663156
91184,4.056514037983089
1339,28.347179077593353
98006,55.236555593186424
34433,69.74752910609158
1647,35.16952506360079
54535,8.148197886212621
97086,80.18840725760228
56037,74.09579881790097
15920,82.42382959534339
53941,43.91763303002169
13400,42.55041376274767
80163,49.97802001317494
36473,43.94229018588349
23,75.67329969239135
102615,53.09071131490418
56539,64.10447545025477
37125,46.69857196807151
83502,64.98072912631942
62513,58.92629620092197
82023,41.628609567277394
71806,41.511593112815405
48488,55.57201616256236
101529,42.905595282083134
73785,28.235833969261755
101081,32.09485348796066
55455,27.093856083569904
37933,70.39302244294825
74048,68.08160336508627
50248,81.02802416046165
60876,29.921750265000107
9713,35.87675850252973
65398,29.730213554047918
84522,74.71217567444339
88856,23.82185828343523
13814,40.58159062393292
70590,75.41706857896577
40248,42.81174823644279
68806,33.96054525018159
102560,51.071249567575876
30927,73.78815713924203
9670,68.23994582759006
77244,69.98465224050172
93147,67.10889246607222
88012,59.62179493966292
5541,65.0196888009225
54114,69.87538507801136
80055,58.99495595456862
84066,68.0790690341442
64893,75.88058286806853
84644,69.37974660832802
1164,69.31648531084969
36482,55.133088948232455
1579,37.11828158333331
23908,74.52965928323329
68977,75.18451751486674
69894,87.29995534416358
92691,47.05786931012325
56833,32.72343833227378
90690,77.69980867256956
88873,62.25604753147047
69708,37.72289880748538
73698,33.78919713848636
100237,29.60028480064132
25551,64.94301399904009
14641,71.14792069541627
64349,30.057176159587172
59436,41.76895033926989
64537,70.52590970352078
64015,48.38281191280143
39864,49.09213444058277
92472,33.79593281134941
201,62.16039878571624
21485,26.863778741314178
44883,81.5564992579319
37526,82.49244147135849
59209,48.39764143592982
66758,44.40783524143617
65836,59.27806093513762
51392,34.418759639491896
52508,40.20756675480446
40513,34.43043070497662
81722,74.07687926501177
45703,54.502219166051304
52400,54.95380558654529
52157,74.18955309015209
73347,34.09220158748008
37107,71.02967677538845
19649,82.53624268177182
48620,65.84946306728104
37742,57.69471866427868
42336,32.984894864534354
44121,65.62563140834789
44242,75.64532111665088
44877,36.21712145519301
65933,65.92671344180039
58159,72.0332273660094
30819,42.15005867468729
66254,41.01681643771981
40945,76.99977205025485
44259,56.95968860594941
6217,45.99832823998795
30496,31.632721845881854
80326,37.601206231574274
96205,41.22210111633962
14194,33.26803610221184
49927,59.98572530810063
49406,73.01658087780947
66139,82.54176548387863
21396,42.35073722458958
87348,32.843163167407035
54909,40.74896879908152
5050,58.1434759753133
29061,70.84797108108515
59910,75.10570646383816
69010,59.00523629434331
67201,33.300950170431214
10282,56.584233250626866
75465,66.54113414624302
43350,67.92066441197233
21230,46.96924471807839
57948,33.36840917134016
69610,35.238735643418146
37216,46.680883737721736
34580,34.68395450679025
91949,28.9505934118929
81407,37.91581182068413
52250,77.03654239016171
58887,35.32300973951449
39836,79.07860304243864
63017,71.09736292674242
79448,34.880913097015736
2685,34.77996582875334
29635,62.579307177546816
45799,58.510007339655154
84185,18.931315105057777
37246,45.91986007316042
50627,37.00035034657096
42651,62.060242655220016
2297,59.8666689215384
5919,67.1284544394079
50699,76.86516158521437
83406,68.10708179448655
23013,52.07413175511591
68456,71.74681371280631
67142,65.93467922106602
46384,34.0806343388588
41558,59.83163699988155
67962,60.60683802694423
42437,75.06089398019405
59599,32.714241310651026
5180,66.0269777880568
79598,78.81732414313646
75843,77.25949121381528
10513,34.405666541942665
45951,32.377977722760065
101014,42.228335876443246
20620,80.5335478803226
18221,63.33678885460259
83596,40.17302615312049
41103,47.41689550599256
53468,68.45308383217193
19467,46.06615050146168
86057,56.07298859964396
61970,64.08642452317949
11496,65.17419080667295
1120,33.246750162157326
47243,55.6584484622569
46653,19.93914051805897
77895,73.8485328998745
77443,42.37987796942999
17162,69.97273417456107
31187,32.12775535637868
68535,40.04265525638891
48395,21.21407099010267
33920,71.06961496263094
32168,65.80472878480111
69963,52.82218406364464
50298,27.438933845261843
63533,54.88920297311109
10211,46.994897433226235
10208,59.83743847785886
64077,31.4227401041382
16712,66.03495798022468
55906,62.06952259404884
43814,33.273804629797795
47287,25.61857627898139
34977,61.97239529803174
8099,41.19812124398748
19908,78.40328763251574
1516,63.79239882642476
16717,61.76076055170497
95550,39.72684157333177
71590,77.27639728263874
5507,65.07911923382272
37842,60.8004987582018
88306,70.23509915692486
70032,44.67323238667973
55545,35.543683572332995
68595,81.21241621749007
100559,50.36249275602789
80510,61.59615584109557
86851,80.01561743968136
50389,40.964500485106676
79907,54.080635759615035
43299,61.545787474946906
12867,33.51828720938383
77306,78.23290521031322
84472,33.134452761197636
100469,44.95189199517076
19303,74.90673543918147
34214,64.87896538716015
7943,85.58778537612093
94439,80.76040353754296
68874,50.12220969713434
39081,67.6028290564492
84227,40.297000044088264
39502,42.020323464653046
81772,33.22087876574293
83791,69.95550128535699
46337,32.88489588981022
71427,58.644659191400464
46097,62.857651834151106
42089,35.1218886290805
53508,54.021557193641414
69683,54.55779982725865
52602,39.44829793126274
15734,40.34835636907661
41378,42.33894411442943
98702,67.89186285826256
26618,74.64070381693249
60716,52.950539256510325
92730,29.60691245577311
55624,41.815182006653295
62576,33.74474573883891
86640,82.24134637982856
60750,61.89196955750881
80449,88.25956071007181
7260,70.3304523102328
8937,59.98920626933372
6258,43.23621676755231
59849,51.95855023218074
34470,39.94201301863059
23516,32.15367465055504
90348,60.8777114622861
8398,48.081748446874485
77853,36.58129619173745
52185,77.9136024849949
28283,32.84493897039215
22649,64.91011875266246
645,27.096179371322194
23182,47.972235580749924
79170,67.07645954244134
61752,34.180720920148225
59263,49.94030872125187
88785,57.89518851882518
57616,25.17214477348693
78938,82.6547375648543
53520,51.145214623164584
62741,33.39446318249516
54327,50.55347129949583
95426,68.8130638869215
99509,41.71968483732671
34677,64.8205742038735
9647,64.94053633102408
54464,71.98631023911896
59457,75.92699944123146
31980,17.942923052793418
62982,70.83446098762764
81879,55.24332913639369
73764,71.90140149790966
66650,31.781072386212166
1824,33.224488323002795
26555,47.144471218291805
76126,54.267455398763786
27030,63.90733056287965
31883,39.34031340872105
21692,64.90118259452912
40371,73.11582837411186
72432,75.35080569463713
24470,58.015109964199446
31572,58.9019209775588
58346,60.7459155919678
36014,34.98876225296125
76440,33.61528219166695
34055,71.96656676008226
5999,78.34779864128592
71156,52.82573934731326
13494,40.31128958972965
33278,77.02005484276992
81187,24.88131808796415
15268,34.33424203460347
89609,41.093635182415966
67873,57.59062178722777
89743,44.02264808144397
73359,68.7368918624276
66858,80.23884522445795
29346,29.34568025558906
88063,34.32649861477936
61086,81.81522814661258
92390,42.14557827391552
99992,69.00705767223673
75320,7.370270835607393
47016,54.271361581282974
28076,43.575728663093884
12139,64.21661180195677
64096,41.93369638289855
57662,19.794620095466584
87991,36.894756731337345
96834,55.015615211478924
11258,71.88555877513932
32225,59.820355616356444
39832,33.88464333660061
47840,72.8773490510726
36007,31.731877170221324
79090,75.98806899551646
53347,26.940137140922218
28713,62.45622438662805
10057,54.07845633585109
41668,41.262498729887355
96134,32.19247994253646
36859,76.62640165180547
9865,68.17351784969642
93912,34.827769969898284
24584,65.83480018867176
51971,29.408383899674384
35025,74.93476159541017
81100,31.62044672881113
6468,51.168182660978715
66570,61.121213619164266
54026,58.83277297390255
46635,40.77090972548076
4111,77.91333721353234
79148,71.94749519326103
52478,52.013688565730334
21855,64.69350258445293
76680,57.559705548262464
43176,54.14956602751708
47014,68.98736545572456
5324,29.386087698491263
35492,55.13169843383852
30325,42.17648739224308
29742,40.90910999511754
11658,74.46209103426378
68375,57.26771617761824
28840,31.789862245922993
53838,55.376429379275926
35821,79.1446715990387
22957,32.997287284202805
14951,73.04521730671303
78530,48.24325352628631
87356,66.01657204890577
33871,68.03752226912627
19743,80.13349036803304
99061,33.73022596731454
68822,35.12273927179286
56354,55.08997172380646
100638,75.69734258551924
16682,44.41878524292314
5332,41.19192151655073
98392,50.13864329269242
76611,71.92521261373176
99498,62.12993049248162
87761,67.82204998486525
87417,70.67336706496319
59009,30.314583792824877
70452,52.921950745909456
16792,34.0981904498523
51118,72.90557855908045
78448,58.05264726375666
15369,63.95434115923062
18025,31.241293977244577
81501,32.20229377132277
94116,48.74023679123644
2512,44.07234239181871
63026,74.79194081614361
48506,28.66016381374435
1191,38.77952666586688
32507,76.83948490511457
89185,32.16214024832141
37280,78.13863955713632
66892,68.85052494783298
31070,44.4958483194133
51049,45.0008902564243
8349,81.57791328893848
40576,78.9975915510077
74307,33.83043492821216
14980,73.51008215983168
40465,46.815201734175226
40329,36.91335138335426
24451,66.03525867082999
11562,80.8323144606315
70710,33.120439714915214
39193,38.13648514955145
38694,70.13295836164895
65808,62.00182723421948
1559,79.94151214985081
99186,52.21704065665038
42080,57.87077375613356
99094,32.69175220688651
75747,88.03742805469768
77520,31.977268498977107
71671,72.03101458888978
65467,78.70837388552782
50194,61.16328495752933
98568,48.00259516593548
75859,69.9381732987511
82640,76.75317001227361
36038,67.75098620920187
94011,64.88673784650132
7540,47.668612378257464
95880,60.831752032497235
14065,59.837628879636284
23793,79.25298168845865
48000,35.41692539747371
84392,49.33238358008482
30916,40.8007291252318
13161,32.81727630615154
23584,74.05337938657814
7834,65.2541958554967
28527,59.35911482825957
62855,81.94481114122664
97562,41.77028853961639
20522,73.53808058092551
43040,75.58349875019397
57042,48.18763325779413
45879,68.71699816092683
38839,61.08543348269862
64961,68.37980753754887
48659,63.96170635785265
11525,48.70364125796124
64007,76.82784576637667
6996,70.38943577711728
79806,41.56138642936471
8644,60.067850927365896
66404,32.771547224652494
70817,33.45517060813826
96515,54.03281868584669
22940,56.93246090625642
30068,77.91022634833148
43336,25.931849921685753
57687,44.95691680881602
85799,63.89670315018562
49749,68.9339437009223
38254,58.0645010422023
14916,33.87437572303043
57710,64.38504351717097
71008,66.6647730325534
71309,57.05573224309909
40401,81.7842620341622
42363,70.73271995792594
56514,40.00337762422516
46398,38.80232823931874
49809,46.92833893364601
5201,63.867829541959665
55435,45.88089216072859
19462,60.02530099460472
52794,64.89081118673022
11461,58.02595033608131
89696,33.456742391390634
79222,12.927322540213481
38499,58.130958554943625
33640,42.82343774181146
73072,77.83848505014075
20017,63.72207198135489
95340,69.42345956628196
84339,51.31722577975596
64922,77.49038295157835
67445,35.27193857927848
91926,66.03523987063653
3105,39.80664026154569
51739,32.832838810210845
86445,41.81819700004338
96621,71.03599658330414
24356,33.2264093810744
36749,79.05366809176458
85873,77.96304410991786
73621,50.726086896829656
98030,37.553281656842245
62650,35.51142987600904
27197,65.8179378682259
46522,34.45357548465521
53021,32.88326574705034
74404,59.89859276695227
50493,40.924334861177385
97084,62.97577799955316
71059,66.91931139300911
31583,47.35690382864717
53014,41.278765693169376
4894,73.88337041268707
5618,34.94644855212923
70964,64.60111543636461
37690,66.0962777833901
43103,31.541880760325064
66702,42.914804330775915
92038,40.54778617088493
5940,0.7537417241488917
44895,27.52859036419678
25006,69.09266689761775
75403,53.96423260110522
44016,33.823664973718365
13159,71.9914415676089
34085,31.986834941887302
37416,69.03733461581822
38820,69.07636648529027
42045,84.1850886740623
36790,75.31214945318749
43178,34.78345894721135
26696,67.07010780745998
7388,62.612734275123636
28602,32.97711181998154
43190,58.96799887551003
67948,33.26151161134791
39282,31.476039236124887
87794,53.72147008292332
102602,47.14833826549136
93530,70.07372488329305
3700,81.90027514904429
24727,65.01352347465334
97837,61.56275781465864
17872,58.82059215734536
52719,71.91451238393833
83352,37.91437900316225
94309,41.237172177277614
89561,40.480481504550106
32147,33.294117157311604
90219,35.356711828673575
96934,29.884900630964722
60822,77.96014891308462
98639,67.98825492231427
75195,40.03529135336149
9850,34.492421345296925
19497,26.872962861033827
86788,80.66109538146236
45418,61.04200456074955
47990,46.619676093085246
1690,32.39439661260067
78223,67.94580577002252
56466,28.190697420021372
48286,61.62633744286998
62155,62.93753528472698
12720,67.71357908133407
53182,32.568352119591665
24679,49.202305797942216
80221,46.36081792141632
93695,64.95183253280484
90970,40.650149168733755
90892,68.96878693749281
83598,34.16797596670597
55303,40.88752496608634
37625,57.72548391083362
92723,36.5504213273131
7802,73.94919224790834
62210,72.05206891663464
24829,65.8269123115636
47486,71.82461514378699
74176,74.05186893152224
78421,30.582105655977852
63899,62.01057006861831
29481,63.17702780106962
70429,58.150073422561675
89658,70.97360169622661
87793,36.74317785904221
98201,35.02563272520499
69208,54.00106658142437
10991,32.38979550095875
83900,59.733570883671305
74004,52.869038171901174
45292,59.14377035606913
76766,33.40383753992659
33172,72.70979464763263
68198,45.23478582637303
15735,62.003240455258265
23217,73.08370074915732
21259,56.601142047312464
7589,68.8919979356617
65212,32.25886096104907
19311,75.53682279340907
12588,56.81369157667352
58182,46.18767058501297
55779,30.972516621665072
29683,57.07434530240937
75493,33.880251133605206
71252,67.59748671240649
4490,43.145178106385984
85435,64.29946155797167
29312,79.25126973733073
99532,72.75597922454284
69984,68.10498054339448
67755,39.577316304722665
61505,33.93495596203137
69185,46.3622811857973
9140,53.171385387871815
62667,39.954647208861466
3764,33.256509449987625
45508,68.6554660488306
68764,47.98213928464816
99012,37.103131220906334
20239,74.9778207028532
90772,32.042608177511305
86500,75.36896174630215
50861,33.101625031755205
39613,57.96796892745516
19183,65.99108132153002
3770,40.05670590410738
83032,48.812628971256046
64197,43.330522409572254
29987,73.81717286931797
88929,49.33363353713145
44831,30.92980690357255
99655,76.83421790833307
16052,65.20935975812787
67963,31.881629942877765
20439,21.33327688294583
53135,29.549643003889734
76468,68.89836006783597
12944,61.03783283292567
31291,33.62224306793276
77788,73.69223138953413
13828,26.502064743762446
58058,69.95530096672303
61154,28.43631339064847
85528,74.77277823752114
57997,50.26430832842502
73845,37.89446467574222
48257,61.99319848523536
30339,52.890362345993765
92352,68.61187175135544
90001,62.83405326486137
14836,83.87149499764396
22823,55.98873900945047
49339,84.06054807027061
76019,34.20623250415132
71894,55.08653077039298
11181,26.82794237729553
84533,40.11991414944133
48458,77.04794006149645
67886,57.14396556565347
800,79.98050260074555
15380,32.715152622903716
43307,33.05427904628747
91795,51.03701062019027
56516,71.87549190472788
39839,61.09857997057369
71044,41.84827423978632
58587,74.87442783695516
62206,48.33680467431263
45433,72.25833256038982
97639,67.82777726754861
99259,41.74243259299365
40769,55.83554751832853
83613,28.53328803410569
46476,82.29511202230589
41521,41.47125223075819
16277,31.91425178278442
58450,59.886543667737726
34911,59.02789805983237
79350,52.760379542646575
15568,63.1465779669115
85127,63.83901749142085
19754,43.4374754452297
92099,35.3730489214632
75599,83.98471381966552
27120,71.92016775883322
3914,50.92760438787637
100616,28.059683376524475
7934,27.23676052028183
24244,26.422988157392588
16393,40.99145042587885
44633,62.89420784439368
87313,72.27851459289704
63014,57.07581136819378
74888,68.28451325166535
60487,41.58607532719269
80266,37.615636022051376
29201,79.55620773474112
56115,41.16633320354948
26515,30.159691511463507
80322,56.23745549409107
49906,33.751638224865026
75521,76.60712564581246
66225,42.067192221285055
77150,50.9663925457708
24389,70.09563542829504
63240,79.04608290476459
63386,39.384400510216516
75064,54.94918903306153
96685,44.76360529909131
45795,72.0614390191687
207,41.07539266009367
89006,43.58363366577086
56960,56.1835745626743
57852,57.01081353967565
4279,23.67044844739018
48961,33.33780422264101
55965,59.1924564537994
57790,34.94537745908024
53003,75.15219484006211
55918,39.256635945902694
82307,33.51001125415625
96814,75.97384548639769
50773,43.25030829764084
38656,30.188137860291462
90808,30.66304245692972
85240,60.778525224090636
50730,69.14015883715561
94019,57.06619056412984
41226,56.03343716787214
52088,70.10433009724987
70408,35.22258569149056
76682,69.85325816261093
13473,59.91057931986313
23305,66.91862679321999
80301,63.86736709701189
31418,64.68762358777863
23710,48.78072358853872
5495,81.32484851596159
71334,80.49215995653216
97857,63.98475287237868
92728,30.01862267184643
78836,46.29638312955989
73872,42.61736439868015
100263,78.85384199163455
64783,63.81172631998851
80325,37.88887521653645
88871,74.93428334501068
38214,56.516627208392876
18678,38.29165635914743
57703,41.01716896237685
73212,66.25943528042912
19771,63.93426858183758
18015,62.94823951875932
32329,35.35813157412612
20380,66.98737931087739
57118,27.658457697142385
86623,54.549725448594735
31984,42.913267849872625
56657,34.60941856725444
84453,40.88009982338669
29265,71.98031722035253
54116,83.72623022495574
85007,15.056120535502728
12183,47.95176590221181
92541,39.44966311838893
94916,55.693800332675124
61385,86.0329454336922
71883,58.97495466962105
80565,22.661229969970123
10923,20.01041330246135
43772,41.467252095692245
35049,56.282463940072944
27135,73.20806150535066
58558,40.1734562121188
4685,47.1830623662436
1149,64.2046541639531
21979,43.54621589167974
6662,33.91845963773894
6728,57.194764712626956
12935,79.19640506020194
95633,68.84147651327842
27413,37.46849991234738
98432,40.25512706381181
32793,69.80221767162804
31172,31.19654202529687
30866,78.49382410732619
60465,70.94705532845924
14789,63.053220445705165
96283,40.86838789137535
49912,67.05937727903691
52292,33.51247100037369
94827,68.88288423356843
86799,76.8772051809892
91777,64.67623605459116
35607,41.764651927616626
32616,74.7928014657146
92840,65.90181152758245
84309,15.107402088888001
26762,40.85780882033743
58993,41.00721994188275
33294,33.980648613657294
52060,65.87318243511288
80206,66.17440441692256
61798,76.16493890982218
63829,57.01590862457602
92589,32.232444859092816
35380,32.28180149795001
61884,53.88713443825014
44330,71.57534367687472
18083,50.185346251560745
30033,67.57759452537645
88949,60.56635351273131
79290,57.855209570229235
82760,63.279320912043055
52879,51.027812961262924
19212,46.21608102438482
97236,29.633568086954863
96213,67.80292865040892
99618,73.89589148694446
44034,67.89115718258515
61583,67.64599108530874
80426,32.64221602722776
10903,65.01859583712803
3596,44.769530392914504
35704,41.68155981961215
15847,58.015190669599804
97790,49.46924463298967
18366,66.00544068776247
85566,41.45051946531386
65562,64.33940873567613
65358,52.174506645457576
14164,45.77769166642832
51009,76.26886481257742
12725,72.56076543434094
55184,63.52651123038354
20565,67.99662600227896
25654,34.0375290667153
15541,8.900959286279235
11821,56.88743085689254
14589,53.102817342830036
11853,42.673274268789946
98800,34.008579997025016
33694,40.899339945673965
16055,62.89489553055551
6015,95.4157061248526
51153,70.7923553104892
51134,67.93644327579705
22795,33.922705292017866
74062,59.99861714020079
4540,37.967214602215996
24196,41.40209976943301
47972,68.4911111226181
84058,72.04848026873736
28459,69.82749638139128
94874,33.6597930170482
6806,71.8507086919519
51375,74.81484702788177
8842,56.46257845418004
82315,42.70390477913518
665,52.71164268333203
3738,66.65528828347004
16363,77.13600575522338
73235,74.75808148634485
74354,33.20342104452407
56485,45.91953882853813
77139,78.9270342178765
34017,49.001920374103975
93613,80.554871009633
101632,80.50461598596976
20650,30.785173137353105
74556,30.935375350705307
26330,70.07868729508331
28512,40.485607490131734
76047,50.379861170161476
33783,40.153147645609614
82839,78.99110295886965
59945,77.86692258076792
48894,85.83442914185684
93562,32.29234856845013
41923,71.05803781175126
21192,69.92973022635178
49149,15.029235435177917
71936,9.24364127438777
31654,70.36585103786553
42932,21.7946682774109
30210,56.98165878082388
45339,59.970641851195964
4469,60.79503302946908
50089,51.820251043937226
60697,56.97849277868352
95982,53.83010707276675
51109,35.79120721786603
22373,67.09066177422942
43411,38.68486342885631
94734,66.10185789668711
75732,66.1710069380249
76031,55.0233534249456
13433,76.71118251182793
86418,40.2559031530169
83356,56.71846650571247
35365,48.39729707956918
75529,57.84916317339896
26251,34.10090449298366
94828,37.95965735656991
11082,41.216881719289695
42288,67.01540004770501
79379,33.86219213640086
78019,66.68179700769934
50086,39.8943679582998
3927,33.40165443724289
53848,32.83610186709697
48933,39.55415679589747
30639,25.79589142241759
69157,76.78753724842964
80577,27.94439903327109
66596,73.19541007655505
59952,54.91396090506224
97284,39.03357112210497
9447,31.473783291689035
74269,34.14027640294033
69987,32.04866125595652
59646,58.81937619590376
80226,36.90752180597153
56294,30.417540182819007
9495,62.94013589618831
85074,26.173864865480006
10469,66.98492377730426
21861,82.2421114293945
49889,40.59567382770355
92247,28.07925378906991
99985,26.96255413997227
101451,71.16615165024837
67860,32.124610184791926
25169,63.00317911344621
36779,35.64845906040423
1237,42.27387653236856
46164,41.3550081394606
24028,60.6619540796487
84653,39.81491632321982
61227,16.439033957442646
80602,78.95110709007162
72666,33.88610700320838
25850,31.679180922250456
95460,46.61509269613781
85773,62.05852181877099
17533,62.171852941232274
12484,71.96888997640595
97572,68.40263687965582
4830,71.83248745637641
24867,63.2235055667756
71772,57.95574182513735
44572,56.02530049601364
37613,77.22365751115412
16170,41.423774224132444
87211,59.06121116809932
51597,27.810918580733016
44758,78.11728933037496
102481,25.57832252449523
87922,64.04090158168972
24169,77.05882946919215
15040,79.34559342694422
96959,65.83581619240807
81662,72.06988873871485
68898,38.26070081341556
39095,56.33768419618853
82081,65.03324600980301
28116,24.645041279608343
98536,61.14562614303719
33287,73.46078897046422
52515,31.662450250894075
71398,42.137276993451984
6514,34.58534395408773
46667,78.88755253835697
21437,59.22363408502345
88617,62.4497511343552
8404,92.31446906856326
80770,72.11937951406745
48508,41.66309771223071
20249,73.9568179562331
92797,53.99460308784555
64330,47.614076428728936
46580,33.55148512166843
15666,56.870743402919274
39114,37.39525470098763
8377,29.21930945646882
70760,58.91999932653543
97283,30.86843677104194
50407,57.82107414539085
18132,33.710268786535046
20081,49.29186373663235
12885,46.06538264859509
73346,31.92085089413981
33863,41.63258751549987
75987,82.64697914599105
42511,84.14434124443613
32421,32.27627322779262
81011,80.02594585602867
93456,60.963442336643396
59716,56.34023049622397
43128,36.00457187359103
51145,65.0564117445778
16030,31.405038006280876
84830,41.85796951494916
98658,67.40746248273823
76410,32.57322527517515
28671,86.03681387411442
52318,32.28840887562123
49195,59.87354704334666
68521,76.70080261075128
65028,74.36418158481823
21691,48.72305174434851
42191,50.306550299910526
32366,68.89484270397494
22634,34.56723889041497
77509,41.339181300913836
89983,68.16207582503517
38748,76.80890819618742
1753,68.54175954175696
86389,32.413953245910655
70729,58.63465754405903
86790,57.79767085135789
49385,67.1416890779922
33386,39.17086086170729
9209,28.119055073749507
73090,43.892225279086816
59909,79.1011620018424
28350,69.84642549685009
27182,31.592398299727755
23546,54.046012738651974
34606,55.760426729670016
16463,36.75126678037349
63979,63.18102677270731
58411,70.01087615968108
10561,63.955605334534866
21489,37.66329975996483
1793,74.75550129918304
102587,71.36558390912494
93499,57.4168694899507
60738,22.84629843342102
42299,56.69449891986149
29764,59.91850192055041
79602,75.25029268936532
100353,68.97113873483647
25304,67.94175785224417
72999,36.62193479437771
33538,50.81980659845895
20920,67.33271708478068
31693,66.93865601444784
80002,70.5303766904961
70156,60.7143357736245
17835,57.07837494376315
99779,54.68871531687749
51755,45.172510715039465
5904,77.67870780141591
12987,77.81009433930475
31772,51.887319138542225
72563,30.671778238910978
73204,39.46884825591777
9532,67.95163976374417
37213,40.68746008334945
79040,33.354775386223416
90081,41.63125197343627
49617,40.58382266696693
57170,34.35757356754319
14734,82.61429051270852
53470,82.03221623840788
30808,33.101446198899886
13520,14.710342615116026
9773,38.76079198546079
18951,67.62503491757047
42427,59.12700312949473
64538,70.60738323367937
86985,27.017787199631048
56849,34.21417106214142
56241,69.17199406336755
58116,32.99732889470549
2643,68.75015791474343
97417,81.56770008378166
31221,23.496251326188997
34546,42.62760777692291
92216,39.78021696627495
91847,34.29568000210701
44028,61.01223579729559
55449,31.987985447277577
89400,48.01257966805571
62742,18.979113396245296
12979,59.68452407048236
91869,28.253324987374786
40779,43.27097748123868
87878,30.086242205371214
66711,71.35701973299777
18082,21.05463493818707
84846,42.2159522395599
54054,31.292355604162804
40291,32.94643733569062
13206,38.83191723497508
25631,77.93250739557615
66251,63.92734719095742
4565,44.12560189503405
17675,39.98659181602182
7016,78.83644090673516
4230,72.49956353978797
60109,60.879114077388564
61965,66.89349029722922
49938,73.90289717859474
28237,65.7104312749631
65512,54.791895190219634
42478,40.679990027752595
72730,68.9763565145756
55678,82.32884353725356
64866,56.018526927151136
24865,30.241185483842855
65884,65.90584671681754
68079,71.89030786842673
2379,47.918061982450176
82832,59.11059656627391
27888,59.061731797159815
91853,69.95326678818877
28975,70.68342728698198
14859,56.01851710319699
20778,82.89610344739673
68559,64.87739794698375
34988,73.84738579647427
69681,59.67370708664333
76544,28.011038470052075
26044,73.68265591458078
33991,54.022115712582426
70624,40.72279515998193
15580,40.54049169415316
69997,70.17194337013959
42717,31.892807752760593
94929,78.10972471590395
53481,67.88012812713049
91828,34.531724801969304
9357,70.85929002569506
78524,35.902672643772576
99189,25.758673278173802
84320,77.77474571145848
18111,71.034772956365
43674,29.55491537752667
37622,38.002984826833604
27065,33.02456789496741
93845,53.68699391222021
4048,82.99108093144442
82801,67.8902154111772
30590,39.93048827807379
44887,57.04909874181753
71931,40.34071170387623
85511,80.92332495604074
71120,30.565992828844763
80187,30.823447771205483
28072,42.87115287535969
57893,67.00574042680788
27327,38.8794063490807
45672,71.39039020792143
25757,41.6566631685157
43990,41.74228090561529
31907,70.7686450089115
7524,68.90921480729415
65946,43.97513622234326
10337,34.22687797152251
68029,72.23273303642185
89781,80.28557797673238
44909,71.47057063789626
49930,74.75601522574706
25268,71.86463915235672
65964,46.656354906171494
66862,44.0901216904866
59602,41.90291390709682
3180,50.9620828220092
97863,37.111455385141504
52785,70.4501315759349
52648,52.35916313079885
53429,56.93218107502637
66041,69.01190681613019
87496,42.451873236127014
90596,87.86737264748112
48667,73.97887084261768
83985,74.96846344990718
61768,8.558238274555073
59200,40.90566475322867
28783,63.8605447652408
47183,65.67160933215064
23449,42.61950406235054
76957,32.88199559903484
61016,67.45852918738817
11661,56.91077724860119
88552,66.93623138950993
80106,65.00564691848498
32305,65.97912145300535
67397,73.69653586408148
97379,31.959623793011072
70107,41.289422250067034
81852,82.01069057979323
35013,71.09657731260165
90617,35.78031307297722
92344,75.07495143667592
4284,75.12365225842493
1735,33.87515110326422
73836,65.0377052996692
49970,32.39659828827672
50033,32.25102132704569
83566,67.10640257220918
18197,56.04691916069133
72073,62.08508315017013
18798,43.887910276179454
61512,79.48795156199216
13033,68.96866352063792
21991,38.131416327611056
13431,42.49609992003662
89756,57.91326583142652
89853,47.965369734863
39990,69.22933412464853
72938,51.3341747012263
91855,62.007368399702955
19482,64.97403548516613
55252,77.9912447927816
11267,47.4876431455187
93636,71.00132645943285
40115,10.856627613521454
57582,31.981005283654877
23215,57.00760074644738
98849,82.71799219553722
40400,77.26681731123256
76213,17.60776594956431
19065,66.05827988202404
25379,68.80881143491152
41648,49.07897886958484
2705,38.46680458678837
68841,28.225947743498455
57312,71.43243934440923
1527,49.7555369600502
81179,57.0534688974923
52651,43.092466467826796
37471,60.89038108566636
41913,32.817220088300694
57018,36.16088782085375
16575,65.43244589639173
58845,42.13326381635666
93679,33.8915666401001
94615,63.937965726464455
99494,64.1236218310558
87520,45.4189233930789
61108,81.0534078254088
82658,69.05387318901629
47142,62.74916817295234
5354,74.55230693562606
76261,31.415010293969104
22197,72.31379293019152
96590,42.765495063562774
80312,78.68447434793799
30921,65.97175999162113
3498,35.63010987312079
43151,33.239325208823225
53084,67.7365773376585
67650,48.019527383164814
92788,52.24808280011621
35230,64.81658484518132
74290,53.38291817172413
21191,31.94319924685773
68358,56.53023818186554
80058,78.15125669533674
24121,48.37295674962479
37508,82.48537497035657
5103,66.64157480603382
24765,32.44814206157804
9526,85.84206684305127
14990,48.6096879847458
89512,38.356390183546594
18279,33.804199364016455
19152,51.858204751490895
559,38.6849008981265
92603,14.083388685775077
86670,26.44962643261315
47231,72.0205204069097
73775,71.85749302818542
3965,71.79627485840687
49500,72.3584261983575
27138,33.92178484527691
101685,78.69408845895023
25116,63.27020764942719
11483,19.96451753768683
26201,39.60118026174125
5534,54.64405571889189
35768,32.72997881304463
100976,34.505563073019516
55267,43.80979470426022
56678,57.23291093573048
27878,39.99852380193745
81090,37.91636844580744
67861,29.035509312188598
34802,34.24411403527702
14981,73.07956202658038
20107,56.09643111336629
100399,37.215775938450314
40821,96.32205894181521
75067,47.78276763119242
55950,40.02440036695113
36103,29.797078677795785
85906,82.21595796884279
39192,29.883332170712844
51430,34.91237476565631
99870,44.958780136012926
43538,18.46919223017033
59506,61.057776247344634
57339,30.31560179138442
26813,42.03781067525078
78943,44.36862431893012
24653,79.00010890982067
83323,73.13079662991923
86311,39.62660876478995
73757,77.23152734303719
26007,50.46145984242074
38027,72.67637520754346
49871,71.11674274737501
86257,61.97301495167548
72052,75.99951916819975
43286,72.14113176761582
101092,60.15556157200923
34036,75.96978140297868
97345,42.87504939504339
54613,36.92870899628991
53989,38.20519185872432
79936,36.66468394534511
70468,64.0496355957763
43554,60.96975991190486
23589,32.82411963824168
32156,48.815402317029616
44554,41.13011148641047
13795,71.00060953684073
79677,69.58918254683127
23846,32.935402777526484
91121,31.88765905467224
9352,61.9496432921846
73461,76.67577883113984
53438,72.13291118761617
53166,58.4487049532645
11706,34.37022293882587
81277,69.06383107649259
22772,55.68187059248101
9166,53.357588715817954
277,37.304718906871365
17195,31.579100586365552
74100,36.059144244623916
16781,54.90162936446638
18160,70.9891593987895
77315,74.65712062572379
75266,32.66542736904403
100318,71.87263952060002
98316,69.03046956381411
27689,78.13637318660798
48679,42.98874423602351
45819,90.89939720971262
20275,41.636197498886375
46886,37.47708390583041
102189,35.0298537814204
51576,29.61685381059234
9917,33.605131206270826
86433,68.18940379081207
79096,60.102969481257205
96617,71.41017399223705
66775,79.14447923675436
53308,59.77204340265409
84162,32.959158461322986
92048,27.53371712854822
49062,70.12397307085566
13336,97.58719573729456
90980,64.00325749554794
1390,66.22703714351849
16326,41.67482300212823
31435,71.44369047649494
55197,86.13827553647891
70996,29.94892971018041
96382,64.00776563164182
70140,34.71404452590937
49120,30.092809590983535
50950,80.24713896325777
20680,33.92518585238676
8837,50.1819636851723
24420,61.80498156563566
3956,75.98460566484907
49021,59.908734700209465
48238,78.88641393080641
90803,75.19371038770137
102493,71.82149104798512
55472,51.32173434215413
68130,69.93750804319794
38353,40.63522304165242
36279,37.23595493620195
30660,65.45829123032053
53491,59.011870994931584
83899,59.63690299905241
18784,34.819228247984015
74699,58.86443757767543
25822,67.82702353952584
74452,76.20094903264683
84918,65.88661770079838
8995,30.965354456723666
4783,62.90479508112281
76097,42.48487465117577
87157,34.6017381921041
35219,27.654935418651007
64496,33.651399634323965
58940,57.11571524086146
102401,31.00471448724332
44145,30.00460009987254
101108,56.97213886813895
67992,37.50531378143084
71269,71.09978898847967
36317,52.96738802704789
93357,37.20851017223138
47846,75.93304550970325
101961,73.99218401704078
41890,76.95320135278118
52784,68.87898288406024
16297,33.98298187823718
87542,84.21078339144408
99075,32.89082395809078
30693,54.73507456612545
70105,71.10234847733715
65282,34.7445064395532
92827,31.918734297021658
5408,50.024749845643164
42361,58.07211787612468
52476,5.375798674675806
70009,28.65062794887328
16696,36.629513549294714
70961,57.92454561350568
71255,74.83688708386524
56619,67.99708792075879
41863,72.0716520995484
34726,80.78712724423679
26426,69.95403115426564
23475,75.15139708133492
64815,53.620935629972564
81924,77.1619075519871
45868,70.14122513738272
53869,78.06720602341535
82705,31.912713158949785
36999,33.860184167965485
39301,68.03503903724608
36009,30.387645117822185
74262,82.79569653307823
58230,64.95078633352838
20410,46.18300525132489
91910,48.895101216324335
59582,16.18734308861952
28520,11.508005920411804
69325,37.27838767474616
94605,46.83107842397249
81617,55.21803197306908
27204,57.59844916575037
16090,67.75558280955241
70709,46.90799002411381
44740,33.756967227473034
2338,69.25840616559988
25176,61.04856375201166
15556,78.07744586643499
2721,33.019221046256156
101739,68.948081649904
1135,53.334906286475295
78636,44.37663765298923
74795,29.0918474477825
52040,72.99769009138353
27821,32.95862075793169
93985,40.6751839694213
55740,38.202565249613905
82382,43.05015352275561
66316,44.727161465896
10295,79.0204365263424
71182,84.0435276430496
79549,33.21691023885908
85143,59.42885220613087
60919,73.11931666306481
84596,41.179874170585364
74782,39.195055295604355
54452,50.0767770683352
100069,76.87732227688792
83753,47.24168664793106
73255,33.89770514084122
3063,68.89817178694183
53037,70.32155621318444
38909,65.21305915418824
20004,41.0732522276479
62771,83.66291525903361
11234,69.29584034063573
62556,33.04379222874725
53732,27.914517824745225
88760,52.95076939620754
89725,77.85522419759843
91255,45.501330608669576
62237,69.69299405833172
77758,54.42178378051258
46763,77.83074601991365
22904,75.0411725745424
64129,70.00639543281014
68170,72.37548765074536
89900,46.358659790878704
70256,73.9539822531533
57013,66.89348346693255
82206,69.09706220667198
33651,63.096963599989685
84132,70.83138841432964
42669,79.1660125961069
44047,62.345790972599595
45560,61.39061474643495
27579,40.16389406266924
49093,68.72619849128304
98426,51.92328145491297
94566,44.27765252095621
26151,32.86696490480093
31915,53.41437445908852
79720,43.279891585211146
51440,50.95423355811157
22803,58.64560448401448
73826,60.05359112796122
25754,41.84066364213156
97910,36.44626013103833
64451,70.03067402358529
65383,72.52793379438359
1208,40.36861093250724
45517,84.42254558388478
32896,40.66059094651553
41977,41.68973335968765
102624,63.946277486325314
17252,66.86235286242899
24576,64.57718760031159
83129,61.948262198143745
18446,51.15639203231004
63663,30.335597967500142
80909,80.78202048701185
46233,16.849015467296002
75094,26.468318888319313
57754,50.121488794523636
17150,50.87539165323648
2488,82.37930999756378
18472,30.96669457296035
77875,21.250565260949717
47245,52.207479865763844
75519,32.919898406666455
71188,87.74369555100782
67049,65.87077562361789
67372,64.02457618281275
66293,40.18489170562528
73095,63.03877742919475
74739,40.639820962819826
91856,52.22728406074369
98115,30.32016934391633
49224,39.8560078940815
94028,68.829217392039
40125,40.988393826814836
14414,76.76124877747
63600,62.68537379748945
87770,64.98246974672483
89507,65.46339456090487
94114,39.05133861001367
61745,50.30475349005897
4311,31.932642655476386
98801,9.047190381894225
42415,38.01244920304447
27333,64.13410380337442
9982,32.18473690042774
29632,77.7654867478821
71244,36.6437801721917
43660,53.466326270194884
28545,79.67109737920747
55866,35.13264852936333
23399,33.35260135899265
93114,51.26158186066244
58865,48.034447824249355
18940,41.93752790656775
23849,49.4337292276671
73935,20.01237935740565
43480,65.37087737891011
72658,33.048525179233906
85919,67.96973518909954
35926,58.0029279802143
66472,30.283479789320527
18177,71.45840396493799
93976,73.07947964474434
46994,13.061726948127614
94408,30.01202927610077
96552,34.37327382591229
45404,71.05910194401032
46847,32.66298362882921
29454,33.98196357582007
65458,49.96601689103561
93025,69.13533648373104
17154,68.94673994365971
17812,32.984675860246725
34587,42.229016090477096
81014,31.932303705086003
93284,31.92171017513952
90789,56.75368245174868
20355,39.13577529052603
66795,67.9108667252618
82247,35.56805986986327
81321,75.00079019123794
87055,72.98330797920059
58387,59.31321563303834
26605,61.715180623711305
100313,64.54110451422858
71200,9.009331913400644
41914,60.34484039076711
15748,21.18348563663523
32684,83.2864035440549
67018,33.75924275789279
39060,58.93153828084961
91461,33.99572448447316
66725,71.99520313282532
83740,58.04021718220771
5548,85.54744228421762
33273,35.336201496401046
46076,72.7630263649055
93341,31.188987703455844
73145,56.08885791841638
4157,32.10692326276994
42939,44.697223085372805
31081,53.83443118024235
41194,64.02316907582485
78908,63.95403042003782
92929,82.89296181955274
11095,66.30142324364323
18040,22.817278851376933
74872,71.13281669139813
101476,69.11866405022535
8030,66.54145766688725
49892,16.959209348857225
96806,41.21730363926795
46373,56.90079394674066
1470,47.010236126698814
69342,63.56293605198038
45647,58.88604752940289
46091,76.72418329134186
66647,57.86498772658647
35320,46.50669605446144
18897,20.153790755520056
5037,85.90144755542838
95926,47.80390380632163
22994,61.08561156461212
24418,86.12839167608698
49275,62.05773044780866
2761,62.132048334058005
102111,64.56975877500295
71012,51.95960296043994
26333,41.11975587955388
12636,50.90304312709617
1033,58.92366297449657
39354,63.06670279631624
35105,55.927910540362504
26941,32.29067482849235
19406,38.12283848569521
100706,66.28505034632056
5654,78.28098406566606
78564,30.889901576863483
8204,79.72134010213784
14953,41.96418020097596
10745,17.975894883019773
42455,57.66674248324752
3502,67.95292304931749
8919,25.069811484793576
71111,69.00617043586328
54148,37.971924660126696
42778,83.9103146586225
92928,80.38822176995296
83631,66.37674091529802
48835,32.84921783459323
2345,63.226461633344364
65435,45.10769617542657
101224,29.90065456693656
1808,68.03668428290752
19703,27.82478478630332
60924,71.10493507067716
31166,40.660893873904215
58974,47.22602310243508
67377,31.953449149983378
6843,53.019517738373644
49675,84.03792945753874
32810,66.52249854469638
98233,74.78829530256746
66823,39.91778164226146
58434,44.448149832661315
87384,82.07112614367651
29258,37.35931705164382
45243,33.14368934306117
101005,29.667126158598254
77799,72.94303759135605
37281,47.4238913949706
52428,32.62733522119889
28628,54.245837040640275
83658,49.061647659302324
96254,44.1793391206818
61631,45.00475142559465
14893,77.13294739296026
28862,79.94824546262595
39230,73.13916202211529
90711,34.66682229842785
102290,41.89551212387874
49046,64.10724542547396
28327,78.950846522364
5003,35.49831774286924
21821,66.88781111330218
58299,25.440699038804837
60103,79.9892108085748
93461,36.87914364623119
15335,81.25666221596822
51729,60.11279896493801
31223,69.79582892844917
31224,31.200220242210673
2170,70.94202514843383
58045,36.99724230031177
58200,32.99987415350782
10984,44.85916383873722
48146,31.885553568962862
54798,42.88114238660919
29205,62.334724380008055
34932,44.57727185030118
98694,53.28937749213722
52160,61.685750637375534
64694,72.26437346601114
66346,59.07962206256263
20168,70.21304938720321
94267,43.12476737564336
97308,72.11898324798072
36582,55.088544705589015
76694,27.113180053941917
80619,31.041055958884424
50916,41.02912407520015
53128,59.04774480798147
94414,34.52497450361382
64905,39.83866471088015
48627,73.56589040760545
96996,41.99467539863015
65849,59.83179825007959
87682,67.17108387772151
17034,79.73745289427515
66128,86.52471750928488
59199,40.85719390702421
98573,70.8304892993536
57195,39.883897605246155
35984,70.22156800157632
101267,38.143943782136745
15829,41.10286700619747
37368,32.15546550850448
76206,33.673971311094576
73366,18.17972164979939
89659,71.26837090784909
75945,39.902706698291595
99079,19.674007585624384
44452,47.999414774970916
41984,75.00116847281824
96037,42.460602871910766
7948,35.39885859581144
68689,62.72095858389194
43155,29.809525710557097
8677,34.236725448160044
82042,50.65541119616704
38021,44.15609771583031
41699,75.92285274927556
84125,37.595287944429884
55388,41.84763411323379
23921,35.1441011858563
83533,53.76625176311858
20853,32.72627891075078
70345,44.200669080444094
97797,32.98187074923424
18763,33.74744481926508
5268,35.42517849505727
63857,56.95883268151965
88611,40.70974419199454
6230,46.861572497718406
35963,41.89638946645617
43430,41.89627868526352
19501,68.95826242205112
6534,43.54036984894552
69641,70.15741712862888
6448,59.914821203275814
17240,55.19349243788339
67654,49.72198640818104
97098,77.66933201000694
24985,74.30457406037388
79456,33.727718114999966
102644,79.26858668842218
63756,34.12916013068723
73514,41.7239977541512
82641,18.954101061505543
78290,46.07500713845264
89098,62.56294298620059
33419,40.081316028912156
89809,57.89460364306974
70072,48.05865500879053
99120,56.119080307588405
82689,70.97725702974846
52607,57.4468850134071
19418,54.19083850446651
12915,54.07323394813548
18418,35.381840917071834
49142,79.05705723715803
94393,52.83972636395386
18138,34.01629272452494
93818,66.07181456412589
78585,67.16286912156664
98286,29.721290008569248
71864,81.84971287851705
48575,75.98039860844924
48103,44.96603008940846
98878,26.77682334067606
73133,39.62751976216116
40107,46.46142535781411
95160,76.97711609033162
53350,40.889658255938144
52170,43.81031717717985
55173,71.42832752963164
28656,77.04919645046684
77699,26.91125392860939
37750,69.98571199251876
87774,53.60558281806786
25267,32.677588427474326
71508,28.875667375670474
96329,60.3037131756507
11799,61.915972785564165
41981,79.76135683592291
66134,68.61102412217915
10615,44.110692249816395
39367,34.79042849451485
652,73.84579691955673
48531,33.89400073384282
59116,64.74742859205571
7176,37.142035826658464
97368,76.98940160786597
15933,34.56469766912015
66635,77.77188345483935
27171,65.13264125154825
90752,54.7364480961774
24991,39.854780110294584
21161,17.87304150331473
67365,69.42804185027269
17888,68.04586271579566
9645,61.048432562927246
1153,69.98633324406985
62232,62.837313618553246
91878,58.65056908923248
101381,44.064588676554266
4862,79.04203833718171
68101,44.40778494541963
42267,74.02575216314511
61254,74.74886009056493
70690,42.75363261648908
9881,34.140340526286295
42343,50.75494662428203
100891,34.14311750471311
11145,33.325791691731574
79213,66.72183871543189
83200,59.93417383343825
24431,57.99002938242095
5676,42.30009196185339
62940,31.995314882427
54035,53.56417567281699
39423,71.14029996529085
26571,66.84721189637088
96670,40.052061343230456
99081,74.05701828841953
29559,38.96655671313657
81259,72.57329234765717
96720,55.95300836883358
54434,84.03431109436397
26900,63.88946383440314
5702,54.99578620171162
2698,56.8020418700833
50864,34.81329454935729
87795,73.7146117854686
51130,38.43305886671837
24419,48.07887857692951
25705,58.13500048452473
10412,38.17857707107172
5499,61.06672407606345
32620,75.07628597493579
16729,72.05219590343944
28406,60.827589942520824
95637,39.15203798562044
76184,49.72096440952805
40593,47.03868317857143
22319,31.301765184777356
63456,68.15490067348236
94931,70.92192866451612
96682,72.96008111403036
102272,51.881118302331174
44379,11.713114351311429
30421,56.73438490717608
52575,72.23368343973623
29879,62.25023895997084
5396,36.05454834101541
89640,63.96611255777569
37591,77.0620286567162
40349,77.29412607432101
101232,45.33021103764079
99126,64.96228177240836
2136,75.06907686642248
96614,73.89949330404258
17645,48.23606764394663
73138,70.67653947147113
72826,22.08470941778983
79668,31.00145283871266
46033,66.87128758554763
42158,32.86056654227992
56119,65.38726087073724
10232,31.624337812731962
49742,63.050837987023975
90284,41.34831191382224
43644,27.376466267182504
75664,74.13975771844576
87606,42.593871394016226
38929,38.97304267774444
79147,33.26073661743775
13297,37.00247165748391
93761,66.0359459113202
99202,81.23945439086313
59638,49.01520693610841
86911,38.55368328993455
96035,62.02011952386301
26831,41.82454874990204
31089,29.093088508679873
35304,40.917386750815076
68818,69.72079685074709
73048,78.95420507697438
77762,33.944369230832734
24868,70.17179111513462
62820,60.592445467632096
10987,39.86867606936096
95675,64.80221640733336
16033,59.96892160727862
78659,46.663066419554305
64693,70.15711111079429
51626,47.180493739880134
36615,69.05630443785549
33695,62.52161058921358
93389,74.54250619219624
18556,78.97768621780529
94016,33.218325140110686
1272,82.18559763290182
61992,75.10026136963614
7036,39.97176633291937
7494,32.75741237882039
94146,41.23165301422354
50566,55.284062502791755
45451,31.758954136368374
88099,34.83632083991454
43522,67.07696081474697
54473,61.04503781798317
93861,52.08089603362758
9810,34.838469755991966
24204,68.67626756238414
87840,48.2629915859233
86726,57.022539352989206
59453,85.88311577463264
59350,55.16042036899713
34406,61.00562369308949
38126,69.35815758973193
42442,61.84650481150024
4340,35.584261356277864
33527,64.82776403422267
24539,73.97302691091573
85025,44.027153805870554
34945,69.48663004790188
2983,56.32353921281442
68685,43.12908638458113
84852,69.34427499062434
29685,49.09799978907179
3983,58.97413303720862
67680,44.98830031793447
86610,40.027672769139016
62416,69.28993747096064
57478,41.00722605210339
50724,55.139933470833874
101995,70.83911962953717
74172,69.82768634902382
12123,63.58300450617803
51209,22.841680457343173
101610,75.87289736280027
15044,71.78961716372768
61210,31.457318666778516
55584,9.95153390970934
56587,66.09398659380653
11493,42.98686961090164
83498,70.99184025819793
72743,37.35745802266036
44142,61.52675363587018
16485,30.840802277171022
88226,49.98883887917121
41262,29.054854690709604
39461,69.78285846712703
38795,73.95382813200254
55630,6.884080480947791
3032,34.8182518284947
79429,31.48834749181215
51773,82.75577234345407
80543,71.93146714484416
21875,63.658992826704285
76466,24.212915864069714
62283,33.462916808709316
93467,50.90856740662034
42682,62.970232454103446
55878,68.0052527762621
25649,42.94580844387137
78765,5.381746450290727
62364,48.00378410966911
17816,72.48976225984629
98334,45.32616603891405
58816,50.982884257934145
39724,79.13881365837497
95616,67.93800381231854
5047,63.851581728865966
53479,75.31465671022443
84107,65.93729045264962
30096,49.60318800357204
91629,70.31953870269218
55723,70.72778845087247
22032,73.89250329402137
49577,50.04211130559654
58728,62.278861915217306
66256,33.48379143275344
81627,38.93244896200693
9402,34.05277454446459
81841,59.26557892031184
87800,88.87295497983325
49049,37.544128664417514
49083,70.25947287650516
88974,63.91677760811851
54396,32.1740866536297
29264,39.3758119382376
93954,62.0239182846418
98077,75.60005924683918
17963,33.320668227137475
48909,38.343647808545256
48197,27.005563309988123
38647,78.88484739794272
97669,46.023173680584065
71861,64.98599111801846
81384,33.95223040987258
102565,69.3464654499515
28014,52.60831583958891
82656,44.791563326959356
6846,46.88864176758991
56280,68.84830132588534
1075,24.95342162502574
82619,72.09101449545402
17423,34.586365653475205
9333,44.64489668475421
61936,41.6551871502018
43635,40.93700616902719
26742,81.7686291413131
28240,56.85005288416535
96280,36.418102808365646
10130,82.67464374589755
44435,41.37425665993934
85562,32.76271700100806
35256,65.95572927245769
47112,37.28060331961383
37347,30.979822175938644
65944,72.29547307460732
58056,37.15348760444304
46433,79.92686778175306
31074,70.77566144178223
43420,73.77882018770357
45895,50.15655512037984
82663,59.78072638520764
68106,52.3649520669812
59304,63.94238245368025
80838,33.94360563277743
86879,30.651222785071848
3219,47.88090616180615
337,65.50391820171194
93952,65.6690815775785
1693,67.94103266922076
16595,71.98813466905946
37303,37.32202104570288
18241,74.31196835769663
93762,56.16055876167735
32565,78.52220817828587
19654,6.102388273182946
78073,30.569952727169916
20516,58.1949032406188
65822,27.655286428848562
8617,41.49696037191836
5854,33.341257265832525
89033,32.33273186494226
22696,42.12560586818732
99950,39.19107582327514
95533,69.91316056583659
97700,37.11767093217068
69487,29.068183684938766
76862,89.15345028338501
25120,80.98993222247603
36762,79.03692169541452
22033,34.485032198370675
74213,56.03960450764998
30169,42.57394865645514
21290,31.89747862741415
79353,70.8876183529494
17352,69.91810460966926
89858,70.15977529775512
84210,43.03208314443202
67198,74.59895039981627
68336,63.03250922647486
51556,77.43787517325896
93686,38.723464331103685
44054,28.290901210579086
1868,65.06847268220682
76921,77.06593799268984
31535,32.653430431729404
66790,71.386513728273
39000,64.84104422890485
35916,67.18643696990283
50302,63.90086320428807
21024,74.4104478596376
94739,39.5487693395399
101238,79.99320224257156
90929,77.0309805868334
30195,61.787675990050296
63742,22.057762772213373
32056,68.05016856436887
7863,81.74318460460418
5473,41.966180631237876
14288,78.93404325396466
82279,58.997543869803124
76491,31.105376954021263
36828,34.6790405167767
20758,42.30757370388608
100077,40.13901780795829
11135,40.71718780241595
20347,35.342362697853424
24301,61.88636290222636
74400,75.7714562553576
12486,80.4079935856568
101268,27.52631951279159
68609,37.98077379836075
18068,45.63953241921433
98985,65.00077710042
96233,70.67797077239459
58075,75.2259184146623
18934,63.95937429588637
67754,66.49808492823664
12041,45.56848244264176
87830,68.78439295706312
36602,75.13442084734982
9235,61.92551841756234
23093,72.0863647229394
88484,47.902458964317034
81533,62.07636468903725
9345,57.34803937382734
88403,49.756772297643025
45994,56.06157006675461
77680,33.55654361180736
65200,60.086610258595485
102072,33.459450444707294
77449,25.234003735210802
94184,76.79923843649516
102433,69.00266645242672
21889,69.03597513605172
37607,82.03045532997407
28154,60.90860454902534
84933,68.9795059788834
13289,36.67060423673771
34211,49.92872233931885
27857,67.99621453338858
85612,64.87654314088331
74859,43.1280450268939
98035,74.42678039000265
19351,70.84048010353757
73806,74.3363084092676
76455,58.68547744784741
87225,73.60436016667262
8496,71.91499398487498
16403,22.497026704876156
928,53.051931071228054
23571,31.34255585360975
57737,61.930643110163736
63692,50.85643792826227
69593,33.198412323787316
59670,28.08019732486272
43477,67.00190696937932
102179,65.98253622062182
44275,68.91845045951527
89566,96.50447934135983
49206,82.7959280728254
33836,36.89866769412878
14529,42.97127860621062
78052,34.19236749938659
34829,64.20092542921823
64240,66.16238084099953
35479,67.0429786489823
1565,75.23438753268252
22418,28.77783641946908
17326,71.95198187223596
16035,40.30473237727293
44423,32.797413194715645
73991,59.76196033869905
16973,64.29295693870421
86326,82.28622495835143
9045,59.603184531381714
71795,33.196388108211444
60268,65.02656472299512
45236,20.03211394887063
80087,85.126724852103
94687,51.43994312482077
10540,71.97908883957487
72256,77.99001967175009
81825,66.53299409168781
86490,64.50215573344795
1740,79.15106709869791
29341,69.97870789094993
2172,13.605071143508056
53428,27.984455259070625
70458,41.81871538776868
18464,40.02469024659217
46851,70.79592182427336
54398,73.03953079665843
40660,30.09495346500546
91179,34.671615358336595
75499,63.426873625189415
22671,63.53108419301232
25028,77.60282758187569
15992,33.53923531415577
9201,28.79806001180667
24341,33.058415951910305
42781,71.79110306164557
87866,6.039070584618379
15475,51.09126610505987
48832,8.952543546925174
10765,32.536609626706905
85067,58.931175920015036
82048,59.93408128406638
68830,59.31018122213505
70409,34.77339768578664
98673,58.60495678209608
9480,38.97680651401981
34328,34.10947129952429
77804,40.93941955443495
3202,79.34886509388274
25905,69.79992699029435
79253,67.9547393516655
25877,35.90685317422569
7451,57.39640602063883
27381,48.994928437999604
89997,42.83405321146826
34052,76.82536999616306
37070,31.6223044678265
91542,63.49705853902045
56624,53.0246251280862
13787,71.88476110111347
4537,60.17418858055224
37641,73.3846412168825
50375,58.31042318428906
101303,25.85673424997329
59027,65.76762915489286
17836,44.41909789769653
73045,47.99525421342744
43564,77.25848116162342
75139,75.04006598302374
51269,51.8906380204002
97316,32.82551021628235
18991,44.037303589976254
1573,32.799207610366544
15385,60.033353901525395
68792,67.92530303180857
90440,71.09178997809238
73481,70.03371603134093
76207,31.19399001853798
79,78.14104827613309
3630,73.03581046056556
87005,49.84630742339289
86382,84.22206257614653
59032,37.82448524768397
84729,46.232097266506855
8411,37.375178650912346
20648,73.96471264046104
78829,85.9327807536705
61507,34.84639190652308
17785,75.74039480308818
46457,35.074616288959085
61490,74.33760328545067
98488,34.17226887512268
72430,76.02771530159026
22626,33.40312355178181
99181,74.99218571247073
13407,75.73118515795127
60702,63.051682350015575
96055,65.9983798208324
61404,39.69741419167695
101152,61.08183593488339
29317,58.96548133144525
4347,68.90707041776813
42260,42.85019677493632
79726,65.00452415254507
56759,30.348447922652824
77062,42.69454411655522
22728,67.12261948074502
66217,41.48982078939055
13773,68.94065416030281
22932,50.4191634274081
69771,50.00388968246711
45525,38.201579122141034
41536,30.774635680347785
33481,32.21824773613647
58623,72.95517011063208
81807,34.364538663934226
15500,36.4338580870002
78582,41.01975275057195
47706,25.472849371190406
85706,53.068367751044136
42541,59.301487294011295
1446,80.43176440001022
60093,86.08331246957877
37762,78.18520054377656
3171,59.24574255394689
18959,53.87928763662548
22750,40.937657169516605
11167,33.962462130184825
100772,65.75744248980092
4168,78.97710147403956
58206,69.09626639850168
68886,68.07273161698836
13305,66.94649063618769
55674,51.85761475875853
65414,76.78865795453723
50364,46.81479031165462
74072,59.003796064258964
84311,33.77229867826578
49381,66.99975893289795
18133,68.83404751085976
5464,57.7954924217358
52265,31.955118602652128
71567,32.36430307834404
81705,56.85871929466898
73779,48.48632556197347
64105,33.39269311018467
107,63.951925937443455
56033,56.92450150999352
80153,50.97017264460011
92412,32.534714157651585
96904,64.04959495391046
33320,25.1413164051674
620,27.960890112395102
61338,57.4747265062916
77300,38.975347270027584
27721,63.95915614181526
83678,43.06019986440543
26075,67.95110874300241
59411,71.64798634315665
101028,78.11706697834009
32352,42.67070803192988
81704,62.9924492570611
31314,64.93331302225187
48514,34.21206155946797
68897,41.00618495025878
35036,43.692163513330065
35943,74.08895744601439
17351,65.85541935749916
90060,72.62363256080633
1048,72.92668384812863
16140,67.08564108611722
45238,22.50389044611655
58291,69.26328047447328
67354,49.00254222932094
17147,32.813459588736045
30472,42.38362254301279
75331,54.74264268242126
38094,41.03343602524935
82975,38.32051164561189
21225,62.85043604075955
87038,61.09942461089778
11377,29.079421421040273
26516,32.835149638984326
62532,59.96582560482537
49941,20.07870777394866
40531,55.34131496078605
81058,32.80305925959705
57592,64.81443229372243
59455,67.31876396522759
48357,64.9356136211401
4621,69.20198198158022
102235,63.56482640851708
46103,62.87673398078161
3192,36.33199114332023
58894,43.25328803265698
87815,38.577260724110495
630,34.71934902589754
13447,44.854283093419966
7408,77.17507263527247
41377,34.85527191308945
100270,63.12540520056791
62950,39.43644037535667
76020,82.33716945471039
31962,45.05667893433085
99904,48.979164940338
40902,95.55786049615848
24218,34.47314681956957
77907,61.965645375905105
25048,46.07762496069137
20018,77.96528119794803
66385,70.30455739557479
56477,54.85010408272703
63640,50.61835878991407
66934,68.15228843420019
49586,82.03417583301894
58628,52.16692827957792
101892,59.89469676023006
4138,49.00793581891928
41543,64.00720324109368
13997,70.87613678214394
46116,46.297835678913486
55702,33.63357767286478
9202,40.39689086304924
64473,63.5583299353444
8000,51.968059191470175
8736,77.24753457305542
49322,71.74874147366498
91884,75.67861655241177
61539,69.68428124503734
13934,64.0395462822739
63532,31.52783070772377
22529,64.88611136956013
22726,14.62161639912274
91099,31.426483711854726
96855,62.175369990251795
101285,49.60962004163683
79516,43.36147658719975
64338,56.976165375507286
26573,64.8458462326854
17697,46.75133722833846
95216,36.60791468600748
55136,71.78075548446108
83385,29.795113471214655
32179,37.680440846838735
41293,68.5977866395425
56662,69.40005687252079
17776,35.87961829238942
51551,36.840681461033306
68368,51.15388909106993
61771,69.89028417418592
60212,67.67733808742342
37096,75.3737626409393
63828,52.89866821313848
80094,49.017508341961445
49633,40.93310814316406
64239,42.238591647337806
24945,29.510285727711164
119,65.02491773627034
51512,75.91359209794015
14965,70.43085952838642
1816,54.01194246421153
52493,83.08750980297901
82178,8.987338497908706
92546,36.66930145945753
76555,53.104023801640594
74326,74.7902201800089
54360,78.06048449719174
57695,32.187137988282466
61267,62.896086892174466
52425,75.81724412540444
67966,53.76499671297117
96027,22.265654939172
43481,75.7705849988104
17236,79.42384635041782
97916,78.99185999219476
101944,64.73141926583449
42248,65.40675705509764
62843,73.88529286039162
22250,33.07316385119647
102666,59.270058545753585
7242,44.70612470977399
86922,32.45385588993663
49015,79.0311523702564
62805,27.527532157581554
85216,62.09021885235868
30488,40.25545677589814
18065,69.05737831250262
36911,33.83794296413537
51305,49.362257335857734
8506,47.662559205608765
93914,29.771465748540464
94243,64.04340074672557
19942,55.22597786845491
42862,67.985921429325
63613,64.75069686164804
84148,34.57275575973389
26032,71.31039838923257
25959,29.050544751277066
42010,27.11690416144384
38593,33.15875473344635
65301,74.0516955195217
64970,67.46439913979523
55045,58.18874705327229
5438,64.95155392147241
101310,30.835585794360757
88959,68.87823738793072
24202,61.411515710221664
57036,64.15120620832214
54335,61.02759489223388
92458,62.822971428891
40993,75.27741906704412
31025,73.62571615087523
21009,41.00150683848038
12516,31.20751702945812
92101,36.06165812530672
80695,31.827022060648158
9370,32.87103000878366
10384,72.87035499006882
73753,36.83861996835753
8854,33.1234988845394
80890,72.0585046198214
22067,45.91245939145904
19093,38.784592729310816
3152,62.75983632680533
77025,48.56088284894202
94142,75.24107697928113
23532,87.96546983510285
39100,33.73363474650078
34878,78.7986590427609
30082,55.03323337909086
72515,59.228038666747565
84386,40.34538551461179
33785,34.73609338449668
31682,75.90890201515728
13909,60.78717335670332
18880,45.097319815086294
47502,6.022710642161375
22589,51.057634049005806
49061,35.54763643841048
62225,23.22513924361366
7420,66.87737059890489
44492,35.882636159985424
9845,48.97643443266423
41801,17.52040835597006
60540,31.92864617054524
4552,39.90522319570959
22601,66.84521561292927
32512,66.94798189506449
92270,35.46642280619915
29788,78.75370631351677
91278,44.09742595240936
25138,33.06829871412733
35642,59.506235707742825
92049,64.82756717992342
65018,76.96508453901205
28698,61.83196904187979
24188,34.9870216827557
46728,27.02183807224143
98741,67.86987256637325
11954,54.70031986081629
91451,58.24937046519232
2273,30.685778030219105
6327,33.3451883857849
56601,54.003041269947886
35073,47.74234673166932
81363,40.52551438885404
31095,57.265753505224104
90917,32.37422464496185
22657,38.76986582443577
90083,79.26483921871005
39057,34.232552124045945
57782,48.96583422229966
80341,32.801302102926456
35130,38.72031297085414
94301,32.766536875781306
37939,66.33550780990416
12051,52.33403551731477
74391,58.056925975069575
11104,67.9086447733371
11856,27.111920807823704
73238,31.011625550616266
89859,61.82120008065195
16423,73.79948737796441
38032,30.667258974752475
25101,45.674171235659244
2589,28.097487204984905
51768,64.63546490800249
10354,31.028503813558242
34516,74.0265792008457
65149,68.89120541943464
101413,43.82054048158315
82513,50.82391748870616
48237,33.121886254174136
16829,74.41235682886938
34291,28.459958606464728
3121,49.051826577793236
49429,50.421366440658296
22187,75.51345206511027
90223,68.52218595714632
33230,46.07597777069974
84576,70.00478492257977
76996,49.78773641216311
18616,64.1225873596317
51117,59.97744973881878
32382,55.53068755275861
48876,70.47334011041386
53490,40.2477109001258
50309,56.18033594011329
94809,70.7157406080858
80362,82.14519607193814
31844,36.91002943421621
6025,73.34501237744797
33817,70.80671148139412
36123,64.86547782818838
89312,64.27498639073157
45757,76.33935842946204
80056,26.189438776211954
48072,18.20344990766351
3056,37.549052877423435
12233,40.15473296210556
90006,63.37306606650467
51280,50.701019154725316
14160,39.44967811308676
33904,33.27672135809797
78650,41.004504245132885
33376,66.89848832210785
29253,78.1440380566028
65821,40.12592567554329
86222,77.30236375575207
31463,72.17532669604631
17686,43.303690303889255
12075,76.4183982264593
7760,35.52331092372634
22580,79.09603733674831
35606,38.85925078968647
84752,70.57649745380317
10664,49.11566093382419
35188,60.06882958101994
10119,18.968972605913407
97328,73.19892838578139
79335,53.28718872225001
99390,49.94194988574408
67482,72.05331820623465
40639,60.954412017505504
82252,61.55610883369029
101342,31.20016022495711
22405,49.443520733168626
95651,39.9606688500186
79342,31.663350196406697
65785,30.37282963352986
43119,32.962616052215004
67885,42.59126583670093
96604,25.647159773634982
10142,60.9086601542984
37708,38.753874047198195
101932,62.734936710724526
74286,50.6177940510886
52543,46.26816796277846
50271,52.94149481764207
15888,33.063478071475146
66675,29.189614767532746
90062,70.91952506405869
47536,31.980677908341107
94487,40.10527192053171
48510,79.32331784165603
34172,60.51811689680616
36645,29.186761980541476
78349,62.5471285818198
81459,39.29487085133866
101577,31.09637942492904
18721,43.45665324936304
77926,73.18076835469662
95958,56.74256262137571
5988,33.683479637045345
33549,48.1470495663973
23213,24.14644352674366
76484,36.80639598819574
7901,71.90553357138822
32930,9.633347974097244
90169,69.11130947967403
79957,92.1013703895845
96048,76.64941410976724
24358,58.90192424320837
91048,74.04550008286482
6176,42.008898694347025
32251,45.262306498801536
27883,37.67240910404729
10656,86.14018295104748
72828,79.5237284005409
25486,36.07049896143865
62297,38.99464462243019
11370,76.21494530664145
70659,44.51528440101494
59995,53.97618839510646
27017,43.34775701293228
79444,61.03607647412116
76653,62.52316442753978
93103,73.93711818104234
30774,38.290170952446005
65780,72.06548929325456
6053,81.09470547842291
67717,40.079666074174185
68135,71.44870535251428
45101,55.89178140732851
100825,76.79625040109849
53829,42.04742361194063
100085,61.99667127330927
51814,79.05538964961563
71499,39.019679562604054
5946,32.4416670227923
43756,71.12663008240219
3350,44.51919854868943
7708,34.83050912996677
3396,43.98440260074726
9923,32.16773028127749
57316,68.94985077026911
26077,32.91082233689034
67290,82.49482571758969
36515,33.44128422454196
82608,61.06757469990772
82863,34.807133676688565
72688,71.92349121805691
36816,38.0255600870879
98640,46.43668175103764
90960,36.646649317825705
16117,40.45102763690151
96348,52.93572828066744
60325,52.13330006293436
73829,74.57258568759171
50786,74.83986931942536
76782,79.29539878465653
74555,63.09788358731441
68757,64.17032855197851
27837,35.436818647410895
36811,70.71477813931465
84684,74.98273610526599
65947,68.8987674008822
11728,71.14295113951059
24562,34.50370623272968
35532,75.98278839623188
17463,38.87831271960141
21233,72.03365158815019
38443,75.131875576802
89672,24.723749256969903
75433,70.04528141276869
40479,71.84307359716644
71934,32.603407934822975
87706,71.45938807722209
64808,56.12850240447411
27256,83.96681914816392
79769,42.81723028736311
46526,80.31460929516291
72086,76.03134931592083
29318,31.829250816320133
8988,44.18031042910707
91758,81.26516646260967
53376,34.03335780042831
55896,38.101135995887674
15395,32.77611686541566
5007,85.09277101501297
33449,48.329400629138625
47011,75.06473974134346
58827,65.16751998151574
36040,69.94060562511027
63975,48.18735100922303
23664,27.093640596142443
42979,82.94684927361928
59472,75.24229220130972
54338,33.02306041964116
97154,45.2856327831695
74370,62.11517345278229
47039,66.95418976881405
98193,55.988237057762916
28438,42.45767101311925
25417,79.7687725020321
73276,39.15240164108746
10176,78.92180191673111
24658,31.496742684548764
9882,79.1213303758638
77845,69.15371799477398
79854,78.19588037334171
102409,66.59693290014926
15115,40.80017317763615
22252,29.459559098987604
80969,71.19144901816054
96960,69.93759946441939
101947,61.6563966932106
82080,33.54840046838074
83374,49.72418725361282
49590,34.88308152297416
64938,36.91204232241572
70848,63.89990886283303
80623,66.12416561755637
70900,24.86572287428651
70552,46.97142617414304
74117,60.20445722222696
101603,68.75396345657619
6893,37.888548119040024
75619,74.96838894713414
101210,8.197279673588671
94277,33.29276201501145
79195,70.27969328688403
57099,70.88232513504786
44461,41.57758375424107
83424,52.22858346728579
29904,45.904253646882424
32026,46.63423464908875
93714,29.764497059793474
74314,79.18469315350248
50750,41.220624752044195
50920,41.597699243578425
37861,71.63184909412692
54503,74.65595988080918
68783,35.222780181838274
17009,67.05198614817218
10849,36.70099745754527
67292,51.63058062499533
44859,61.27209650810796
20019,71.08634966856448
268,79.07682186827239
16234,73.89707397100926
67759,39.60429490753438
19740,57.05385097703207
59398,57.01396653461663
101126,70.37411735535588
48498,15.955526020124893
61978,63.195928871003204
77253,59.70548947868643
95635,67.2132900654282
19072,60.85527394517987
4676,33.288174944672456
72872,83.23234781425072
9879,39.623614336510826
14416,80.22540045590407
77653,42.89249143558091
74780,16.24090326172791
35571,53.419138049182166
8433,33.86586912167059
98311,50.82330974120429
74998,32.67206265177158
67428,41.31699814788474
95273,70.05735679301966
69674,37.656934781302354
41360,62.94473538927302
14178,42.38726144278788
20567,40.94847673118525
71051,62.9254068451518
84934,79.89607356840199
19412,62.0060998494488
102274,38.43867922833071
36546,40.996582331537
80732,21.004945142548415
77838,40.06777183229663
86075,38.69330654908974
75976,36.75248079886554
81027,36.96750765455811
96799,72.9458227916061
94680,32.46817758725803
55067,65.98469042064849
15877,68.14647521054768
23870,54.37395496373405
50853,62.544940538429074
71174,52.072139986412346
77461,73.07448670436287
21362,40.22372867960132
67937,29.976919331012084
94491,65.99127377190868
58379,34.177102204909936
9564,40.27476982649529
44214,77.83699170842151
74491,59.1058081262726
88160,70.0884033830697
83679,68.70402848687718
4360,29.77367277126786
15562,85.99273772695139
28215,73.94374138071319
19154,61.02352994727672
5389,38.990280313834454
74627,78.90714384363469
58357,61.0176850325972
40317,30.547322435807
40161,37.37126962049334
64553,41.59867924556342
4751,69.19240495890966
3279,63.82336000123925
29794,66.20640127264964
3668,45.31924901101095
20783,40.32959712022633
67099,46.08935488488768
78510,31.51257034455414
7761,28.772572659160346
22364,50.1353348112974
96310,69.23613071124889
66956,43.90571185964499
69147,54.95953298868611
18489,74.09447781205316
42607,63.8235496635703
33335,81.56722222839613
99166,28.531949378997517
102161,68.2528422695469
38913,34.089247999169636
62610,32.911077458791354
21895,64.65029364429961
70320,36.64761101725912
35269,67.94726606181075
13523,57.84152535614922
45600,78.3230068789652
43354,77.13597603333854
65559,34.98581121934919
44702,31.948517447096137
9789,71.0448238023867
57880,38.16110016305911
28143,62.03914546496427
31923,32.370478324495544
72625,65.46287352841347
62695,85.95852335048139
20497,32.932987963079796
59838,33.83583059870481
1223,77.78437914000112
29644,31.771744960154223
41983,77.5545456152951
76164,73.77219900467837
7463,32.10307613113176
65063,70.03952121582026
51865,52.91952270503995
34316,33.34039850959074
18189,64.01008201001565
21794,46.35805327250807
7846,46.734706258758905
78316,57.99582693087753
68698,62.98351489747361
3818,36.627965429429544
68388,32.9514217082821
64821,30.750135570280545
29531,53.708922604987
28688,25.939656393402394
20039,67.01244602611557
24760,17.884820927819007
19584,63.19205796972673
66781,57.029735148917595
39804,35.46579796241015
1899,32.469501729831855
85495,32.39925250020309
91289,42.05233452999531
27318,60.89387900982369
98881,33.05288780261714
57994,50.391811871462714
60190,73.31033067080143
36940,40.97905971920911
17972,67.75970436038146
72275,9.178417920063726
48243,76.752349298304
32377,44.4712367595268
32090,67.90834355989895
58600,85.68941337350122
36329,74.58043264193319
59143,72.49026988608966
68243,24.611431551451176
78652,30.151977019665047
2109,87.81572901178926
54978,95.20217836582705
57028,40.47746754850753
30461,17.62832752571465
16773,70.08972452331426
37834,63.123322757432746
19812,41.65344955998752
20435,32.37576592864351
74423,41.404015878322596
17487,63.80136900670085
75850,74.52736217511975
81456,50.2905463019509
56273,33.87765338028124
89266,29.928083025872084
92811,30.345984914244774
26683,58.051662492806244
61097,39.708738301203134
24972,45.48531458185461
79258,34.43661389301922
33559,57.05977071090494
88313,78.26761959029957
99137,69.13970909353374
43369,39.41199022459468
67238,55.89014444102844
9764,40.68627987267864
42788,23.974929515346993
81625,33.10441812540847
95414,72.89191169883765
48051,46.95520232401437
40751,69.39768696165785
34360,31.599195804941772
79130,55.608902253492175
51782,82.73100306431222
84500,53.90208711484962
74559,73.85568754350825
93204,75.03961086688918
53952,49.7966525141545
49713,16.209981954748702
99451,31.354250559475634
68346,26.80490769347422
98448,34.99827269036945
80738,44.91374704651226
12349,82.53870318214263
30045,30.653959247114816
58988,73.89512473315554
85547,68.05528256026855
11775,77.96369146054026
72599,71.8243918013557
1975,38.648042595542066
17145,33.504230747075205
92450,43.30381345115808
11899,40.34889964027025
81622,55.3210496843268
57375,68.29460008156028
47872,68.6800645246899
36732,74.5371153118165
63965,30.86444638616038
100766,32.19620320186547
48100,71.8324903775009
15533,41.59984147566516
75872,34.431591475637404
20425,41.700279040340895
33523,72.71631187610627
70968,41.307197298450035
60631,52.098775699577686
15768,32.63286673348081
35682,77.8506629853091
60521,25.947796801670382
41556,29.27570595053269
12043,76.1336180270779
35643,38.20085450129981
90462,42.77423559567694
25721,33.44860154513407
89631,76.72697724773207
83653,73.85155242287522
47085,32.31659775803041
94557,71.59103289643566
11417,33.220756597407906
91042,33.44881614954704
50027,56.42786407244971
80847,64.37532486072378
73097,68.86508849381592
44264,78.08302277589459
70397,85.69658731072087
65207,82.12424885462592
65117,23.51844910997771
2588,57.173666100421215
57079,50.70986708307566
96745,47.70293290671089
87398,55.224437621932964
35385,44.22766416971933
54042,0.0
82970,31.21199143584235
36764,33.08362050929218
286,71.0889964598735
33869,34.03876857188524
70216,68.58555900853122
20237,56.98420013425843
51938,68.83822333194047
1567,74.14222681705681
28089,68.98978685192981
43699,67.75487173947292
56144,79.2290537558971
54029,63.1297891747051
29614,92.42463966370698
22503,42.414494751328945
33843,41.18154950253436
20483,32.82864428206783
49009,70.26038016783431
64138,69.38123993556071
38237,63.43126228687139
41200,49.229818764994434
11050,76.55773727353227
65684,74.38783986455287
27397,75.07513353726137
71147,65.88193250204989
66390,60.252808239682196
91995,58.09133872572593
9637,63.17221415898213
66363,39.206749550640374
49002,79.9590980870245
32201,58.30781308820799
20554,67.82830214327919
62680,71.92764273431902
90177,54.032238004266404
58976,47.80993806415242
28005,41.491001564234814
67380,27.239440386188246
24338,33.6791262079166
9669,55.185688795001724
101978,81.03484053351409
86792,51.965955222473255
13251,62.63340157773226
86756,54.92924644757011
79538,62.87078029855414
100217,62.058063159192514
57935,68.2265658257084
24233,33.611031475347545
13086,40.30046921187935
39373,32.10140469874589
5710,42.31468040272581
31281,29.76203237502317
43061,60.979290424225184
86006,25.785018663953064
69259,66.16650381873548
93452,42.66249808401412
51454,34.99160684437845
10445,67.11781408375387
19126,63.06283353841846
100230,37.34368638599197
63555,58.445097393375335
68734,40.03576500599442
69319,33.28376669760822
70385,37.21484554338332
63920,73.09962369697772
40418,76.3136064030949
4162,71.12466460902891
6349,73.12728484193053
59279,71.6009730130425
89628,66.70572055585569
78221,42.59831099957768
56252,42.27445362654122
64886,35.649892499192724
67703,80.25690931458278
18928,49.46584864857669
22956,69.9072331018688
75804,84.45159889415581
81678,42.5225975542547
47692,51.89429194900086
26487,34.61174217916808
58233,73.88941330246676
59133,29.42203330023026
62117,77.23798468535112
44365,62.97376847237217
17096,44.14647938876542
47885,40.53248346270484
84542,35.0123178511439
64736,60.03727225311527
85107,77.97609849469228
56610,26.340842859225152
10218,80.98877010274238
69282,65.91834115043264
22176,34.4681824025404
29710,64.23174312034773
84511,80.89538807674816
25150,62.60396627511628
83175,57.76272753726599
20560,67.38131340933762
33687,78.20429482955967
83770,78.1926294199474
18900,58.889227938123106
41428,50.55021736102819
73065,48.93807745425954
7713,67.01989136566584
18871,73.08026215469626
89860,71.94379178101332
53269,81.66201981761103
16427,70.54990956570558
62957,49.976888034434744
65861,51.11506299279843
12701,34.68971541332124
36863,26.92216910890697
40004,80.85740220935355
41213,41.03658980352333
83471,62.926759055655126
35238,48.138667170000865
26829,62.75238593291802
52324,33.515513085841974
31724,73.15899938762323
10506,41.926292676594656
46086,60.12962139948774
37911,82.30696141121203
66242,41.63748837338168
31037,48.06599168730967
37095,64.48804077014591
38386,54.7416517016471
80459,32.22821051034529
90085,37.8137967309211
78933,33.585902388492265
83841,39.02267035332096
26582,39.84221184770823
46294,33.22958549784961
40888,52.648134257324195
19491,31.939321062648666
60620,41.76492455549055
339,74.81589680037678
525,19.762162388260617
43595,35.215570659809075
43191,65.11179625158995
67328,63.753893172145496
9320,50.283227223934325
10015,42.40049734603565
45877,74.31066312902652
8500,33.81210113988385
83085,50.99163979001364
10602,37.16662559936755
93254,74.35521826478428
101111,47.055184406425184
46670,45.88966813635257
100715,32.863181957795256
84223,68.13909939157631
67447,29.558344886401052
74647,63.8106292133065
61596,65.72824008637056
15133,45.50316813755929
91000,64.03397044635139
7770,35.24854687075514
7002,28.82101503032043
37253,63.915121540045845
77439,69.3747722581765
59356,52.16053657699462
90174,69.94344747054978
17809,71.07091785935403
91535,43.40692941191434
60188,85.81465770722082
4320,70.9550339246986
81591,41.60878146418516
79041,77.49087736386574
83158,73.86270817116892
47677,40.46511761142266
85372,63.51745774819123
20454,37.10135025929322
60853,33.88168170350466
72142,60.73784711443096
48971,77.96012137146033
16183,47.07810760250377
63904,72.79257510970902
73851,85.57416376115228
82533,67.24537183422561
73,77.1709236774278
69074,23.360351156075733
76890,59.89866586218846
1439,65.87997950762684
1455,67.81410415199866
85981,46.559162733310025
95070,54.42270248430314
98698,67.44162594037668
36139,73.00254530061619
69539,71.49871829184326
31028,43.05542566948658
54106,41.31080295019427
81794,33.009755530488505
12218,29.886640059078914
89390,33.890316879570655
611,32.8722600692992
69205,32.227326525506754
38692,58.66739484552575
48075,91.9958362180393
6578,31.322017427513742
12160,41.454025339686694
70382,33.0982810789475
66351,82.14963080675557
4454,30.904689491369897
53569,44.092737537946334
96676,71.91963221135543
44507,64.86041921663376
56152,48.16160164051756
4870,59.05564172945482
61761,61.89541876217053
8621,79.06998491046477
71025,32.590616344615796
3233,28.034498017868117
13834,39.932308631565405
102477,41.76629764751988
97721,39.15144664746546
33452,73.97536887962849
6783,36.64410186240373
18626,30.946830943785567
48823,40.21309584762449
27414,33.81863376448949
49599,48.99844683695585
87247,72.25634449798932
688,74.40600901894214
19520,73.6182225560853
11544,38.31751149904403
77411,84.10945859183533
26318,29.532465611229128
34904,40.3802321012337
94248,35.15565315675344
92395,35.56301763954801
67330,68.08759865937579
50282,45.169629594839755
60461,71.35912278941225
80390,77.87838123778917
58703,75.31369911322176
17617,67.32183214172849
6094,74.83780849884903
17090,41.97332190926565
32136,63.14034145343596
84732,69.94468718050716
98946,67.06784242013106
65052,32.823880269230536
34002,73.82148204091064
26052,27.207028797095646
26806,63.22840606883889
81139,68.95048517652158
63900,17.749855256392514
62823,68.68546549951475
78798,35.1088082192359
21911,30.842459726189173
74723,42.547540231696864
69379,75.06037062276454
85330,66.25146891456257
97766,73.93768968190011
60375,34.32337360563234
51944,61.94767733824772
54919,59.72678552949007
91180,49.21886895778074
42119,33.73196449746584
63605,59.17874207459328
44045,71.47143167252936
64744,76.90944629942103
70722,31.322656307351927
80336,64.95455120881985
30625,43.868311884895974
56048,59.396598801362515
76683,83.69264220579892
57157,75.35918534806784
50303,30.498724088195896
2795,64.57008043516963
57649,40.869076230126396
36364,47.05172615227542
19019,66.66106754272815
28957,32.459324724947706
65439,40.23853183436832
8949,33.21784105485992
8045,33.947801777822136
58122,54.15850128495498
62507,65.02206345130287
90032,47.59279347374961
43622,24.771138136105602
15963,45.001961375848886
99714,67.3563766898072
58315,30.745511651318278
43024,67.89833459937503
26245,29.455651745476324
76580,30.948695197786556
68992,40.967056820514735
43314,55.64219085447125
94352,40.763992337205195
40233,42.05124883398902
70007,40.769731901597396
53406,30.74412279193515
23778,67.20284518622464
77189,44.87798861648145
79704,78.3140319690761
41880,82.96933924906513
87459,74.78286843363381
75820,38.84481576020812
15799,32.517337648768574
46529,66.93660026179467
66085,31.074862474672056
53719,76.85665218524545
94347,34.660177845494324
68328,35.07209787443113
75111,63.94178298840197
50842,58.16078384391283
93361,55.27254706835758
32339,79.25038149894786
25324,34.17902827767692
9838,71.10034608237318
50487,91.20863001568304
70569,65.04044194513222
57919,33.81037344733799
12839,22.071332213362776
74036,100.0
85896,31.582266697622373
100002,36.64902283545151
54970,32.45307484889007
5976,34.54782784537493
50322,63.22327755182505
18510,12.661829254411852
32579,43.07255007186046
98890,43.6186562676981
40195,57.72228995800546
32535,51.272492324995234
79288,73.96164165202188
30159,78.99189910277798
9704,70.9305480763095
85963,68.78546468374998
60698,41.25063313946774
98969,84.09631829000028
83289,31.581447940158785
41146,31.29229882026267
73677,74.51486189679925
20297,40.08649440189706
16515,56.21943319584611
32967,40.36718591292798
73613,31.698110461102495
32602,31.00433443925691
43447,44.84144839751223
56660,60.89069859605422
32173,82.47610254724782
31888,75.48718124605162
56830,42.37163693560813
33774,63.09945083029077
7216,26.99179098605017
95373,50.047905286981475
17688,33.977027029268534
44801,54.93782989482252
85079,57.17652211249884
99891,74.32922535822362
1212,37.06340279802024
55541,69.82217143496888
77798,70.23310681032136
45732,32.8596517994587
21253,22.621442914141845
93318,61.5570083611524
16176,34.64476421394236
69206,63.00533969376937
58797,75.20453377067518
56080,73.71540772878632
24247,21.051268270828416
35833,56.61614493151447
71428,41.09030007145406
24630,63.82262112837587
97785,53.98284200836537
98058,49.85949640103695
72050,70.99685393609778
60106,67.59868181997493
98523,34.29149181758688
100921,32.69625336105595
28174,36.847838868524256
86738,63.40600756163224
15172,40.64346373328496
71634,44.26481224975146
27779,68.16497058510109
27928,69.83347419393166
12778,31.357340276919093
58818,42.543326390994
16000,43.82600513178282
938,43.10555639173158
99829,43.21500193486268
23342,29.37836899654946
78008,58.96253507857775
36641,66.86383512623246
101276,69.2226323816696
49284,66.9656655037461
41584,35.49457749070682
29073,17.127748193913657
29657,48.85076280043411
7635,73.9320725613585
1601,44.10563133908008
76432,71.9970953815156
55645,48.62715395881718
355,78.64385656371468
93587,15.174483759525355
7886,41.29734310510648
93368,80.09767776365044
67742,63.24931627908282
91466,61.64108029311555
39380,72.73618673066463
46668,42.502812671176855
31475,78.43559709036079
3438,30.970989862845265
75002,35.67149440148261
24645,49.35615593439179
61647,74.12365020774442
64802,77.9363357020631
1511,52.99170779097752
51954,77.95847359173368
101314,80.09392184099553
88079,33.416620819320656
4536,67.81865882970364
5031,51.318153940140306
80885,31.481117498362057
85733,71.69141516802617
61119,54.863786280099575
79758,40.78160625569122
97376,75.04132689739315
57605,41.52493688670343
24524,38.60390837107926
2974,69.04052489834802
11839,38.846229077353215
42679,77.02362188577044
4903,33.82248577003489
99799,79.0243055376514
40992,71.88883630966103
89724,60.27790862085448
26383,54.65738332050543
34984,27.00194025613514
88569,66.9949030638078
74293,71.7769927620864
40879,71.3742600272839
21416,63.109395770915
101883,42.96810694023525
63844,29.62170853313364
10908,65.23735867323177
22535,36.86238793610727
37628,67.84268654214878
101851,34.85927770524759
65272,76.1077506769991
51121,27.120604790425677
71400,38.43779315501211
55598,75.05969035533491
74995,22.403462242544755
100187,68.03402983320134
46353,48.92379850984911
65251,26.36280194665266
102171,70.91092286416892
17471,45.72986243731431
91838,65.94061567403298
34537,75.44262813218388
71216,33.8170732311954
16126,13.429532556464203
71680,70.65106634682508
44530,28.933254444319765
98266,40.800683788519535
40799,47.96729992823401
77675,37.32353670896618
56581,80.15581726309378
67841,41.05740089895751
54315,69.7257756085466
92713,63.001179408914496
30073,51.110506187313504
36893,66.41554584325868
11184,30.960697527760047
90005,57.11216871262352
64147,0.0
53742,31.138442856789844
11682,52.92681255944417
69283,33.148566193008975
94890,77.71558615218345
98358,72.21491820390415
24285,38.03554592329412
83660,36.83137586457074
65597,76.23287654453887
54446,35.71667738863744
68036,73.39280300572793
56689,68.21104852525403
89532,61.768260655724504
63481,66.10583002323528
20574,71.16826798004669
27620,85.48901641701752
61126,62.946671374057104
88138,57.60588672880241
20248,60.244831578067895
48106,49.96925146117727
81399,65.45921934079735
87933,33.77260968476699
4115,34.13762573063244
23046,71.84817846062131
61244,66.07147278464271
86902,47.637011048300444
24749,82.83278713195853
51044,30.195264013950577
20596,68.07679276635298
60606,61.07934488161502
43747,35.38934887541367
31193,96.48988295515153
85384,53.834799758839665
61896,79.72741189390831
53251,63.828452199113244
79272,61.683829052759265
21218,30.722569410687786
36763,32.07070994437027
74492,30.977980341461585
84571,67.88904050247464
10008,82.58300266997675
87860,73.80939194522513
400,72.96711545147205
81828,68.91893924076265
13432,67.75673683373878
22801,53.732219562323536
3009,32.613923296474454
39695,84.04055677104195
84561,72.79052869321933
69880,49.898028662389436
47714,97.98258301005964
7410,60.93945438432875
71083,66.62048625849258
88361,50.64888310690713
84313,56.97564273582058
65948,26.23066072397084
6060,39.42149463025686
92211,28.438019499590112
21244,75.20786150001743
101988,32.95742866640694
73129,39.646030570400036
85714,52.383649860254906
70595,30.75591343567023
9734,36.12255576162322
59223,51.114000288511576
26082,67.45073964010426
63570,43.01269130211045
81743,59.98006497599023
35709,27.885364089565506
15767,44.300826729594974
91161,44.99121633667531
57736,40.94295343884188
22891,32.51520007285435
49068,14.01843637012741
100862,64.57660652721387
76632,42.14527137009488
47844,64.98915385501186
77713,36.401979100634804
18006,69.28946011006163
99789,32.46237226724443
73178,79.08604740803463
14701,80.06413704411915
101044,74.94218976767603
16738,76.22926396475678
9880,63.67952590842107
64661,42.20618436566302
36013,69.92185639532966
101933,96.60981583119332
72769,76.88448789749205
62308,40.6871896123142
71314,32.57551058927425
96615,32.11554489487508
60915,56.94364053138288
11735,73.14362107156225
71047,61.85769207094195
81112,62.11663856783085
91130,61.03794018699473
39888,91.11605182666779
53610,33.54993358189614
22302,33.7340125146677
71920,66.85809392186934
51747,31.78424381475896
91074,64.99270878615778
44334,54.953104968794335
98443,70.65759101253937
63390,65.97517548722112
15060,71.17465755363645
101178,38.30169373378506
37511,71.92460383904435
81974,34.21627746828842
37983,38.85322952664246
47765,49.118193977068934
89951,33.670310133296354
41520,34.45582692361863
93159,65.78588204751833
27476,70.07965318121944
67169,56.79790654148751
19305,9.078404762400762
39123,36.09613627218691
23745,32.30018027532626
65281,41.18190470787119
13550,58.121101485894265
50318,55.912847841408016
39529,41.38287294283866
21248,63.82165464615913
92011,56.02756876923614
22913,9.007653814940944
64263,29.91040255930129
90209,58.843865975678305
61319,54.11771808034557
19594,71.89906193663347
89573,66.22729077418202
48805,41.98242786067844
1505,50.006897626597976
74449,57.1185208651474
19629,59.46108139072038
32028,69.90462211691579
1524,40.925080184870914
82109,76.22541565635683
95968,67.82901290326782
24309,35.787163139506056
71407,66.15829497350194
65536,80.31850074591816
75649,30.518172382643183
2441,40.68186591243423
75443,44.03143292892788
14418,71.80510459297093
35814,27.93105304841734
80455,31.627438040590377
45541,75.99892924527308
28627,25.739355169783046
96556,66.05408086027408
15460,57.10585575611637
94108,57.04634507912026
23799,42.4422244466906
40450,77.42205370092319
18157,58.81566170054127
74552,75.07780900802568
95494,55.08831958895454
54577,34.1883195453513
90648,63.367702688693846
94069,81.31255917948513
51955,71.10272985682393
48201,40.444910094072256
55038,65.93966716382451
35869,61.3931846066734
95949,57.63548745415863
53913,31.047073575528955
80364,49.5988706112202
90478,39.56691291922624
3078,64.33448664824083
76815,32.922252485945435
32411,41.32949309960837
39790,57.89953195121414
8022,60.933421614489006
35691,61.385173770520495
71731,33.53971291981678
100176,59.01148897358679
86182,63.88466309937609
81961,59.618635100796794
74156,70.3640161980818
21168,60.31582861312416
58506,53.60197063612814
87695,75.07358852707137
29760,66.00891074385993
98708,66.06317659048612
71559,68.95103069181602
31477,67.81237502071986
45446,82.11601854025444
50638,72.13278080341958
9697,58.07642603443884
31519,34.35785679360482
81815,72.80731310114689
85467,71.46247251579629
23828,47.39353866901888
28246,71.78096730380787
17662,39.20407563258766
87140,33.83300659249215
99024,55.7709389482867
57974,58.96238588110644
95815,70.9923134109487
83979,72.79731086466136
56936,48.97502587712121
86194,41.44960597182988
87321,59.37785367447992
38558,53.384177909206784
48117,20.061057337401067
79518,53.947768390795744
24212,82.71947274393746
40876,45.699244461871956
53760,35.01293545471896
40353,67.93832911494215
68053,39.61059069260314
54898,62.859673910364776
84261,61.084085131427116
85606,33.84794420217918
21593,79.98449964022264
21155,56.03361141921087
8562,63.96241605670119
50769,63.377797778291665
12898,31.45844830412654
2271,68.95357907206058
9779,56.975537873228575
55659,80.10626972184356
87127,41.34724125828268
12279,57.692365718132955
21975,28.586158571858135
1095,33.27371071974468
2021,40.93186689582788
37893,50.64858159286801
34820,78.0581360496422
97096,40.15930778536277
93621,72.80073207799553
100328,61.11284921154564
78616,41.879490056864896
19624,77.7752526822922
56200,31.378560301445873
28404,62.833837691175766
84123,32.950956927872376
42882,32.790672524015164
81970,30.740483731243568
74389,45.91653463618307
35582,33.47664305403441
21949,34.2854230292317
62340,39.64271314331658
21496,62.68324258072819
25925,53.45302333820509
87750,81.40697739632958
86561,33.89272656712482
3739,63.327119920619936
43743,47.98527256562888
87214,80.95074223231065
61042,29.161600937369442
19809,72.6785502107768
70436,67.87476496241356
66846,78.02216907623384
19515,69.88222761249267
57520,43.182707897296865
37813,59.87932836141651
41759,71.31575044601443
46523,39.49067352309769
16345,77.1769073724588
66430,54.047132099826406
57450,34.42854508312348
20461,64.14236806665821
95261,44.80726745726885
59058,71.77471942362888
55270,55.6599250632497
97936,64.23928568895684
66153,39.2289816980841
47134,48.349860110935225
45041,64.70031450055089
51341,31.94956985732458
78113,30.21300756906352
77820,38.32256708025643
3573,65.20727756504331
46084,68.86527598991762
88637,59.38759776792949
41387,50.35754218873342
36659,75.68221594211121
70263,65.49544471456653
11091,77.41000029881718
9374,73.80380466540143
94455,47.556628640167645
54143,67.8848596662539
98132,77.11444510193445
63162,58.80734731490837
58060,40.88759942569268
63530,43.31923706894884
81977,45.97412846727816
19180,33.56626122593457
92585,55.10679464232319
46918,31.520324570195303
68706,85.05669044712596
1160,29.442955763232145
63393,16.656261115387228
74332,65.05988391391226
76128,21.924556215236194
71495,67.7679726763552
55233,33.355921133672695
22081,38.06294158604129
62595,44.254254939879694
55788,34.78641738319913
55304,43.68091075750246
79396,78.93615979973049
26710,44.96576161970247
71359,60.6368453822368
31842,68.14353710582799
36654,46.62107383704899
42657,48.08070155173513
12326,64.6286425164983
81035,68.2866979027046
94064,49.25699029206772
34533,77.11678061584007
83536,83.14293411605419
29914,28.245756135312185
89129,44.83890982886797
56265,50.772879082963335
64045,77.00459921930718
16863,31.153655539286582
90805,41.028328103267256
83859,68.98485822787457
70084,75.52948985458752
74800,51.87749427415727
27532,27.428194785237096
56376,43.99224805806631
32472,65.18188846352112
28417,73.99308789140957
78721,55.86473468665604
189,39.72074312098001
26989,40.93820796688338
18709,55.007152286844075
48780,33.75659304453857
8859,68.98977346400176
18242,71.91684562413644
20652,34.304814789117785
71716,49.12007015217068
18760,51.70837317170772
40532,72.55376403963308
52963,33.9041277060863
92891,81.0772327274884
65857,30.810147381313502
54084,31.761889583739723
27398,40.72881977454058
30265,84.13053717024451
8907,81.11593705447785
9088,81.99107551861071
41571,48.06400116843987
36737,79.14098765870722
96071,82.02769560526468
6855,64.55740551265237
25050,38.62312089661832
88332,34.20758649445802
33236,67.12719845239471
66177,20.043474989767446
57124,56.78354838269817
29684,65.83511651201277
27781,34.951467417188375
94289,69.0544343267213
51678,33.35996969593134
28871,8.958759061464793
66653,43.74120263908287
59176,61.202870917759554
86393,47.64475200194745
32146,71.10906507815096
50106,76.89326719102158
96398,68.10738858738182
59111,68.87690406947291
25723,29.0518579178503
93601,70.91511961211427
50394,62.28785242703191
18815,73.57394935794959
62991,79.39637916124312
102079,39.627989859544705
75541,33.85443355918214
70746,70.10776260456359
39109,68.0715460601031
39948,63.347165959875916
22222,41.85272066936445
19264,79.27579750224498
45396,32.410046815777314
5105,31.92210337380649
49850,63.73353944005799
42450,50.08122597507095
91844,71.10723280402462
69590,48.71277392241691
40669,62.69410666905275
75645,49.77395338457208
59608,25.907211559623963
4716,62.51292442398554
62704,30.106449591472472
99458,43.97875619917773
66562,84.10061299665885
13006,69.97252965532257
44071,26.258433320720105
18298,69.96794387918214
3076,34.36187706898039
60206,65.18589883875565
12021,30.755934716158798
40935,73.8014303827778
44377,44.23257226915807
68523,66.04528086315909
82295,72.79359806015532
25764,62.83385476236502
17385,59.87132345899269
70606,72.54896614419711
58352,40.37705169321428
21757,68.0965270812774
26190,30.193705314494892
28308,80.38368863526372
96838,56.32221692497799
64172,45.1978192511475
30434,27.006826483310775
61307,38.514904311869515
28821,73.63016059884907
81867,30.370633821166663
32586,74.21674551128353
53811,31.938373232908862
50115,76.98287495120984
55223,54.66661390662726
14583,40.924365229595885
74044,61.84177376597771
95754,28.414269552419192
95422,73.17213354843453
62990,30.33097950276562
43590,42.86394301573653
55593,34.52323205261851
88645,62.287427118722775
50954,40.583550392815965
36783,55.40246718267639
61953,66.01433980772683
42187,43.13032844717668
21038,55.62590181546986
4515,74.97808026302344
1430,72.86492480627842
100333,55.92204948374332
82466,50.19199039447486
54382,30.640792047570184
65762,74.60437155151527
74826,47.86074376568257
41936,43.04803160567609
48304,32.62013668498718
19129,39.03056461462909
18332,80.47794437552807
25660,67.71673966538827
12195,27.949324309151017
3765,32.91314845993245
1459,41.592979585374074
59228,56.74672678263461
76850,77.00562488213816
57655,50.97668093832714
31641,39.930083839272335
74057,47.60574908232171
100507,64.08078564192775
1928,61.471466954012726
54030,50.97908827165301
46604,9.460721833086978
83444,79.09589835503745
25648,41.14407441525778
54377,38.08792219762264
30340,72.50457347872714
12957,43.600018004587064
56673,53.38450021421184
36690,41.249327826201636
92396,46.945948604865464
99285,30.607296969856677
26496,66.93211019641501
83367,32.52291840233401
73273,62.06338069418415
20082,40.74163306903853
93704,40.84199584653294
67260,23.44296548320287
87205,67.35919655437758
72689,36.7362734619623
68459,47.168866063908965
72321,62.23514235544279
17660,41.563946189013585
98317,64.08375153473455
83780,43.27731560156215
54107,31.667859421085716
73175,35.50429275254344
45045,41.47550724424194
73577,72.3237101733828
64408,36.12602082646042
49683,63.26722449487022
43376,72.8908064342011
60038,40.81512967205241
35359,80.98046377778843
79532,57.07040225684766
70816,51.84865924325646
24649,53.985594374941
8084,41.87248945333068
102364,54.189203141106205
94023,32.29630138818578
95390,57.84736180685262
21613,40.45461254573519
66599,33.16210434069678
5540,28.65295028776822
34423,29.864705734240882
77056,67.13220225852109
2707,59.83384219302593
102659,32.909686182993724
65037,33.48379574116985
57796,38.12599604701321
59689,62.90158850562227
24690,34.86838258103645
21115,67.18195891252606
36173,79.33934024890732
4652,71.94900664994434
32407,68.4038965107348
32861,76.88199344940415
89179,52.07329485088977
92167,84.1793536650109
5423,56.630752696515245
97395,81.49557969752072
22118,63.0462711539978
40809,59.04918354636866
48299,40.06384894632123
32304,38.50155603119677
66553,51.50276474210313
42161,68.2649189616942
46126,63.648169503240666
68156,58.52210870040609
80394,44.798872440796934
83543,60.984943957151
42093,62.96643922025864
86210,34.23009181547851
22289,66.62022522842582
36992,22.6214357580262
67854,33.57137903757769
33737,42.90906288974081
27207,34.17052795999201
92805,73.1705077296503
23989,68.00176594026361
92482,42.949929622489556
52676,60.5523112857809
64580,67.92766669899771
49343,78.07526687711115
58855,56.573260670828276
66443,58.014839287243106
94656,59.91053819336084
73822,52.88459869615308
44358,34.5852394976515
86786,45.49273268407327
76481,59.18256431700378
15188,45.9494959386317
38559,72.16751591927449
22812,75.89531404136676
73017,63.96059925954225
76167,41.89736090526529
39061,56.949233555571425
18656,45.15076951036081
23427,33.19974276744988
94742,40.539734965879944
4989,57.00451001300671
97063,29.102589330270668
72587,32.85065333489905
62037,71.11359089917372
74893,39.02476150385985
71722,37.62303826643417
31586,73.73388293781468
93086,49.75904627710092
52631,32.0909671694244
29106,59.66762929854748
20655,64.10137466235417
48437,33.393857269064725
93903,50.21725020636224
81457,66.15522429228793
38375,45.32546596748196
15471,68.98064971144622
12623,54.89668186287652
24059,42.60560626308545
69014,51.29536142898953
51390,29.36756909615746
97667,72.97071029858071
26725,57.44192160694799
56230,70.2712008451491
12302,38.53213536578779
88554,41.12215634662263
4380,66.25396504514801
2598,61.94811543238843
99076,42.76550063772473
50753,89.08124307921341
77877,25.900125715031535
69497,41.6918906416102
13882,70.8132250084659
74288,53.583206068025866
89708,42.819778768240624
6844,30.930113952143458
31882,34.13241435775324
59550,63.373041391148774
65373,53.60883956065018
90068,71.07883347477095
70175,35.89996169455278
93682,67.18728412628545
72717,41.33143201769741
58438,70.9716738981479
80653,38.83745937174586
22785,37.81697019865038
97419,57.762323896678176
97608,45.11710028472165
72177,29.084059670625162
80612,41.92895860335069
42297,45.14127993881776
50096,75.67627679130129
92250,63.23950757108931
43502,47.6431444073889
75143,39.27552345989854
2747,61.076452117298885
80839,47.952120429458816
44139,71.1769795490361
49352,85.27845573649626
23316,69.88923948274629
20925,46.98295035967492
44498,77.98683650764488
23211,40.44181653178468
82179,70.09352272167772
42062,32.12519842836643
9014,36.61793854169741
53485,71.4711208459318
150,73.81195439187199
44804,38.131992433521994
47364,40.244358354045865
11571,44.11689710183843
85892,33.69178195614244
61889,31.33588892123635
52705,46.663636741039966
476,43.61967318239289
67692,61.19357524631855
62912,52.80775983377251
29570,28.840578925088927
87156,54.191235123802784
27445,43.586336551047886
1738,53.63537670648602
80052,83.33033427916753
92094,47.965694014864134
42038,75.07170004537514
92677,35.30657075213219
75492,64.90311401777652
85171,43.6355597836262
52274,68.87943111056495
48538,57.09868981714755
80307,75.95674801244334
102026,62.223357678090196
34454,39.0450072180464
66861,51.22708989043051
30,41.04881073077881
38169,9.139036502318461
889,43.21683164373214
25480,55.84941183420153
80078,54.3630265486568
86439,71.43568984996134
6735,67.20452159930096
61612,50.04430888268048
69448,33.24608925283422
98414,80.92219469018221
52343,50.281120996295336
14129,48.12535074830407
35950,66.89983441436237
41056,35.134360719821856
80464,35.105168667077145
56875,38.35770282610447
17571,64.17018158282191
7535,50.71192229958643
43890,82.57600978196716
40415,78.88872676069255
97743,41.44587766078878
19595,33.963559594407144
19881,66.22077357010633
98872,71.84818176124311
84553,81.55449137804689
93977,78.00188977329717
73793,28.03921599464128
56861,63.72949240995605
28532,59.916227720902334
70128,40.0799932157596
57815,32.18378357998863
76133,81.29908883647667
64099,46.86789903924975
99628,70.03311599327182
778,51.417674104867416
57219,75.89948350621445
99014,28.94683909672847
88729,45.73407586751502
88659,60.19087932794923
101043,37.24038122010126
90847,34.41112393757678
83139,20.96862128679203
77258,45.149374338674605
53614,81.80099042884014
37311,29.238927305212037
49258,28.735360801556265
35957,33.25737103191575
47179,48.642507154619466
95509,64.12674881105801
79102,51.02342686093252
44660,33.054953958511
68197,80.42669032374599
44137,77.90879599368026
35753,43.68157136108408
63914,73.21735183267964
20460,64.79393893173278
23923,49.612519220756695
63097,38.0831370709113
46820,68.95093378893274
69524,16.788778851731415
42794,39.28018959239228
15059,32.33535210345229
17742,80.81055575528453
88703,37.083066209148605
40515,34.743324505755226
39266,59.95953244986913
82599,42.374661023848006
95742,71.9791784235133
89776,66.10176148410824
40267,89.02274049718642
77923,34.27615345245087
85427,70.27333468353405
880,29.110116802437275
8060,63.5672809735318
43238,29.603760977970424
18550,73.90348721000834
54894,31.800097522274992
100157,71.45646859067737
5804,62.04542923605031
76629,59.0315670322114
90088,75.26500348861371
29236,60.990075756133926
13224,46.7421833577948
84270,41.59521817031012
31466,33.973500117451565
68788,82.77681011617997
96420,32.43492392243722
59255,24.883904797901238
55827,32.40797449612878
24029,96.52152865276054
100956,41.6710561822673
54427,75.04807927503282
53909,50.31069706762312
42891,65.75059607813812
72170,51.899806918611716
47638,78.75933884607451
8877,67.53277815248515
97489,43.1319414083786
49355,65.22976756610157
54592,72.10163171390826
5318,54.866546338726025
15391,38.73011650989512
2717,33.1806329439932
6869,48.5443776956988
5912,49.577651075685885
25428,48.75857646787845
80190,40.26930684045945
67017,43.31917089031157
42631,64.20107583340659
61163,48.537304268570125
80111,68.092698880218
91385,53.03770438986747
20772,32.93883515737284
58498,76.00620816545168
30544,75.31308272568796
76788,46.91529248681143
92338,71.02855197710477
21175,49.545963467574865
53343,70.7429008986482
97270,43.012534543762
97227,63.71349212963948
101411,29.827464444442935
30431,80.90239488856858
43062,57.76581590851716
14449,31.45812484456707
85824,28.526884116175403
56334,75.53517531068701
58213,37.95886518266085
19976,61.74330884802318
87135,45.948217580843064
85897,82.2868020578351
59711,68.98078794775968
70265,33.546027141945736
88007,41.10748216278195
51805,34.98636057824446
28252,67.81099519794512
26686,72.06680598555607
39121,38.961262943849064
14728,43.71521709959691
125,31.41325127701049
80327,67.15884779135948
63428,63.86253097014154
60302,35.248329129462746
18170,33.05134839236614
39389,82.44182577048348
85716,55.029630950696045
9984,68.93595516582496
68769,39.17981108597054
50982,19.12552114152125
33094,53.04820499078494
77837,70.90946589007481
11107,82.12868573960114
53882,26.544825558980662
69512,33.464650175222225
37619,58.56859962357728
70479,63.784706278658454
1739,32.02392433460459
100303,49.47508253194103
47812,74.54376961654839
10657,66.7804570787421
101515,60.70611094185461
81687,58.41331607452256
60637,55.07129469066007
31846,37.54042650443698
20747,24.32820286471539
16249,42.13881716386501
95377,89.32617125767067
940,32.15641828165225
69302,56.38017761531333
85793,31.99070249205762
7247,71.86243690209888
36958,44.66883873417128
44967,57.05699484448254
37007,71.80876339979892
18635,66.59726206341848
36322,19.348813890197697
100134,38.826027516589264
29430,51.08613262489993
42879,35.30947984087006
54202,27.062251852360593
58557,70.0808653641196
41780,56.800434349175546
54626,70.02999090374156
14918,40.84675527979156
76860,71.07385726817927
68201,30.90125683561455
97616,0.0
37071,40.30416047903776
67601,69.94318396454165
59341,68.18846466333233
88120,42.646745933450624
28331,39.92778331958006
86381,59.06433321856493
52290,32.73200327629809
66944,33.92244723703035
77736,50.499349555624704
75609,68.6131156046122
7035,29.360334348913906
25105,30.820548323831794
91122,78.09266333272987
97053,36.635963447665695
64986,73.4012086363396
49832,54.19068604255788
38339,41.70711316029176
92956,37.25553362639512
76778,34.678224569225634
100934,44.23324190400419
41113,51.78362139587141
669,73.99172882284111
94979,35.58431534064031
4492,72.21781863247719
82779,51.302924527930095
4034,14.900163150846598
46072,63.34103729451767
76011,39.224549285725
12978,42.932366393664154
98224,85.70235186216968
57875,34.16276294922287
68982,34.506867799858504
91543,56.74084652483062
53804,44.59752886144687
9066,32.900302244019294
70453,51.607010084787674
36907,35.6508397480022
45197,61.84882621585728
45587,97.91876536006748
91356,63.98250533115805
92198,51.898191086302646
29759,68.26192829072089
43113,20.341359470396732
56762,58.686049250156444
39147,86.55310449307144
5613,43.218664302037574
59980,40.9224753128155
61157,33.50387944011133
34444,48.93819038309698
84754,32.06297979070059
43448,65.92225319119876
100621,58.48260675606505
48790,34.49559142409798
102323,42.81166468544208
71543,38.820816770625406
19912,71.84301036895788
21283,32.897925160491326
96115,67.0093553298092
66872,34.15141119205849
27668,85.37147899336728
87480,53.74202871738538
89686,29.974192963563844
54850,50.73386890062734
44490,57.99660047757695
68082,63.68577949002109
65871,71.76253106619279
89116,33.03287955876617
62166,38.341000639125205
62967,42.158050242902235
59193,30.763881395582573
97890,67.96190752013598
71681,67.74521867162979
74876,0.0
62213,44.31119394918579
78818,42.10530880258631
70934,48.28302638521774
69704,68.49377768769489
71715,34.583376485668126
87806,52.20750898755509
44540,79.03258463238538
56360,33.487511687478516
36047,83.6425454514629
49543,62.00324501704875
89318,61.71470982396155
38746,71.78835617582772
14119,30.80764924157857
30744,58.95039715879716
44178,45.49334093433304
70509,33.56452024621504
34568,65.06177159317144
37604,21.960018246450296
15076,43.097687980528754
244,61.35725062034275
16931,41.537465121006335
90241,63.92989155880833
19277,30.10308307201548
29485,32.57900468806178
66083,92.34325873283251
2515,79.0111735060433
81376,51.96830139017505
57668,34.516665319705055
66786,68.58588836331162
39498,54.037671277741666
7305,75.11978308328572
58335,38.30926956231306
76,54.09625254204569
93313,75.07668005191647
55397,35.5489822242269
35174,28.533218345203075
58536,25.81057446837473
10442,41.55007292362991
10551,69.68652108080688
69726,49.811066858486406
90341,55.97509066814531
74882,32.65773681442931
80332,33.48267250335162
88365,49.73785880114934
68458,70.07928691030304
54844,41.41274024801592
90736,29.96405472956889
25998,40.42692346833335
33610,46.9852993625938
3041,59.02706685385681
9192,82.02324549063097
68120,47.114785167613206
45842,31.880769613025503
66853,73.22450184752336
43840,42.434799230015926
54983,53.77845153585152
88852,40.645013356225974
34058,65.81995214303637
65728,67.73624193568327
48845,58.051115349661956
46414,61.322127093463706
50474,32.32727724902913
13980,61.81080713439834
23883,57.883899336744484
26865,75.50944007703511
2228,51.9665638547623
85101,67.08710975191937
44830,44.0814295426092
24992,42.471598662763945
2688,63.786879987091595
100868,75.99640078112563
2433,56.00786767595878
29633,74.90086016428191
50386,80.13443338089843
9617,71.73462357560683
31560,12.930080288197182
39961,86.17460932858657
79485,60.86776395739659
28897,46.077314567444176
80463,29.66300651589641
32604,33.08347135387481
62078,70.07747013354813
11466,32.791560167317336
63473,27.447753689365406
42270,51.23815919061409
73809,41.40465003067153
91917,32.213177056219926
28613,34.7539779033434
28299,57.6921374488697
10734,63.675164216765836
55486,62.16461260921685
39632,40.400311997682465
69106,39.186855138307486
22247,50.936657996752785
88200,68.06030964709615
31305,58.86947188963371
102470,30.684718153977997
88408,60.96132206746241
63712,47.07294599962039
3066,61.95960654666112
29131,74.95967559894478
44132,68.95142483232226
13245,19.62136587103803
73842,33.14989666516619
25493,60.48659388688211
87949,67.05932275076249
86009,60.18059641301082
85787,65.65491537332113
68366,42.6349968439594
469,77.2381123065349
27583,15.202769492572852
20494,40.529271355557995
44436,44.01331002806198
89870,50.30471071012616
12970,63.765872706617856
84187,41.88859083767577
66115,61.91929511339859
65749,82.3073991003259
53046,38.99102180623569
75584,57.975995963593576
49460,54.06738484331243
91711,52.8432992749688
83766,72.9710135567482
6871,66.72122179607415
55683,78.9246365727739
64678,65.04583113655204
38076,49.847163937581186
346,39.670288890054785
32678,55.23119632808934
73578,43.173749004887156
73332,50.332215531552066
44525,25.30736815043005
22462,84.07622695590439
5917,58.704996186520034
49626,47.55005244939428
93978,80.30119119370256
95990,40.16863249163933
6540,58.61419479781744
19433,34.60404178290507
80544,36.04155956959645
79960,35.63440664482894
49954,67.86563411127786
18319,39.92118362036981
12942,71.20918594215664
31496,22.854591414943883
40116,82.4845908472621
6210,32.52926639367349
64969,33.55242617383975
4248,63.6923905779346
1273,42.77408361761259
3324,55.82487964073141
5731,43.999553369014684
67934,78.01280856136697
61410,70.60696298487105
98122,69.0197471348755
25416,33.58060349531504
31264,31.2846120259446
77362,48.79150266956361
88331,36.691048812801775
25473,82.04504737605328
8326,60.66373001815692
13530,54.002913066905826
60322,72.09168129000577
2926,42.520094834000744
26202,36.17830582514738
56214,76.3222563046113
58363,54.87849637875564
76678,62.13099268285026
49839,28.77267900018321
33178,60.07452820932772
77149,33.784567350028546
71834,65.78020094381282
6939,34.31227965191055
75562,32.22319108405065
5297,70.25439079930716
17299,80.97692886743361
38367,67.81910642232509
97170,9.48744062659928
31250,49.067704979156076
76943,13.176841532274949
99791,44.055354514495185
100626,55.049837805656686
37654,73.09993846139287
87130,80.01132203576886
90441,53.64935079487472
24469,77.38423547688001
86876,73.7415616157692
38969,35.68569338873547
98547,32.020592773894236
57356,61.043831487879885
76052,56.04596282528151
11760,59.009210457565956
70555,70.59497423471979
52636,40.70707298078111
65557,52.401624578419224
100650,49.195020171342705
37269,31.796117681847882
55581,76.0007358793458
86855,39.24050684462033
30080,33.40822448027408
20562,41.33489608027987
24255,32.065414456750496
19941,34.28175467696459
92519,42.70501893901019
77120,32.42727698695511
11833,47.07995767950571
75544,60.74468285118691
29561,70.73354250870088
52816,66.00755458196036
6873,42.84538501494269
53419,97.07287070992848
27454,60.113694324951894
76500,78.17957439104102
19035,40.27608224955461
84034,57.37348132157874
68252,63.89138335372522
6227,29.528232450761195
4484,33.715785985613785
80183,51.18460317360581
79001,72.34002391698169
92905,45.07625964503227
18687,60.97831517653136
31664,34.06899343170515
6993,32.677048470401054
56052,54.58075949406597
100703,43.0489993873192
41245,23.82160623657014
16941,69.00772503472682
67226,73.84591726319134
43458,80.0228554836871
84578,66.9486349805041
89049,51.72022734766452
13947,45.49320716363984
60021,47.16407335600645
8753,34.586580784822694
83448,47.01799155406546
45686,55.17769701580652
7683,48.89889741665314
8182,62.41105141372214
78043,36.56637736604499
37109,73.9941260190298
93407,74.63491354188355
7227,13.829056062530608
33961,50.292455515467566
64976,53.15009533946323
57376,30.746336896889648
85241,32.9492391812678
71899,41.958586932851276
44359,54.91048123087218
47860,39.426096054331765
89404,68.86628751036461
31750,52.05454566678506
74076,37.16973520302656
35178,77.71103837262902
55137,33.17685622549808
86829,33.72531494471892
3687,34.47999411704252
85538,40.79713664797238
87043,37.0756929398994
19706,32.30252515279985
66945,33.88239745443892
51849,67.08251663665541
22827,73.0282903423332
96578,55.992496166311945
93604,33.58947913889207
40074,53.18852901999914
75096,35.62541442491712
46737,63.97111936250931
67303,43.25213547667007
9639,56.64721411941723
55367,40.371970828924695
6070,40.94477142405008
93933,30.467125435886157
33732,60.76433369188611
41564,34.34636032002322
34027,40.86219292243625
11218,72.1734824251088
1763,78.8619065747668
98913,49.530035755528544
33907,52.73218638764424
85179,77.87558175764508
52378,71.98502700279025
86694,58.81149108744184
45936,56.6478264627397
68986,85.77853511198771
38038,79.53081002414706
91644,52.78439254052792
39338,32.94811634775356
64539,67.06292257340962
80089,76.94659802148963
50555,40.44125681743266
19090,71.2725975655953
99020,47.14535567754435
22182,65.00690671163176
85130,0.20422595944642552
73528,41.714836199097896
98352,58.288989860801316
4442,39.654250613650646
96649,72.00158200136613
90518,47.16654071393326
23264,51.63699051820147
44714,40.027502622477535
18978,74.66756017730789
27677,82.03986623416253
39469,66.7123603779932
33257,35.166674089589904
17860,79.076743434017
9644,29.993869138363564
20556,71.95372653033647
65520,77.12345185281895
53673,71.21334560363647
42293,63.572981029273095
10411,60.004881117608804
33543,56.17910267768211
58869,38.07323930278844
78644,72.35608553755691
29103,73.97362913468316
67949,30.98951105272113
11286,31.95241454476014
82616,52.05743930508291
63171,66.88540984989088
57280,41.44449040502881
55348,32.69698844328615
41709,28.34816484626959
20085,63.050739109393476
18190,74.87380475543668
80315,46.177210852417346
4409,72.25605391611157
92177,59.55333064915113
28489,45.32357834800035
69250,33.61297412657185
66805,38.78058111890189
102289,66.94037766686455
15680,22.937707704276235
43475,78.90440501805938
66023,65.9640800511109
1058,41.43846293128974
61993,61.04826394339242
56859,69.76969208326233
99499,68.13193916715592
23657,70.12034804980416
66921,65.91868102321531
16900,32.59712518753734
98102,57.03344498814985
29647,29.244066859729188
15010,28.89615473844779
91800,66.74814893295361
46578,56.93529749209384
70728,32.64909123859444
97213,40.87613552512019
95567,38.23755710466398
3385,85.6225627049642
59073,30.202278373434304
96042,66.26963060384517
14985,47.90231732512427
16512,46.29468821125006
1659,29.61086640567477
43925,73.93624106652906
70696,34.08759430600078
23916,39.743200165329235
21662,64.9961782120836
4630,49.898518120749046
23348,73.80183187692543
7722,67.9892012376634
95950,38.99720044806885
90283,79.05664564438005
23100,65.07857998790408
100608,48.04610611448135
41210,57.008351200484796
75864,39.99317718125899
14705,29.89857201071374
65664,30.236406755418713
9048,29.12755099158152
23323,73.19728570437701
26281,32.8420214873897
28678,74.97596810253293
19425,56.86363782078986
73612,85.72866584231483
88014,26.82897427649082
90204,52.2498105031613
50820,59.04755348217184
92023,61.901337691361846
40972,74.89607020907916
47770,29.264229189075138
21265,48.537438301382835
56590,59.16269572041931
14579,33.95143701029065
8580,72.75252103398418
84866,70.17836837421797
24007,33.35754650715242
95724,69.00395160010311
67551,36.15627965023858
39364,51.99762728745724
37897,28.535772845189054
19498,37.006978668240876
54259,63.88856280860439
32338,64.95625054583044
85128,64.98528797987561
66350,63.91715261032341
93257,83.83373618895679
35051,34.838042324011674
101414,27.782450256100056
69276,69.02129844991191
14068,81.85649037223202
70676,28.139153391614293
72616,33.98436482721591
38234,62.02369896314235
6929,49.21407574332011
36000,39.06687514029773
77310,66.59506830326977
29409,31.806818403857473
76204,58.10023411756079
93121,34.08982320918477
46346,55.11987255054085
76348,10.914636658257887
36243,32.98671803864346
83302,66.7493021147567
19220,33.376832713452345
55490,52.83356053363529
67811,66.34130166080786
26639,77.31594734613975
65094,67.83282878647474
10343,44.058017121310385
67723,40.577923952888
11223,72.45917396461154
78596,46.56677905650318
13209,77.26912712122393
102463,33.554087679115916
23594,57.21624428399309
50434,33.768765107476575
42115,19.8640988783149
78045,32.24782863225309
90788,70.24089750501719
86261,63.04329727446903
32887,42.6441796346757
20013,66.19364968987196
96333,71.52605340853746
87353,29.515821868767432
84741,70.83446298319853
65287,39.1529605500925
8590,42.98238440869665
78664,73.11829155567928
23307,82.05170454721093
34186,53.33777860316529
74137,79.88270040000931
52391,64.98861854046953
46809,60.373313785538755
96158,48.44078277856612
15215,65.77177097552607
62775,62.1238593886471
82671,30.75101550709458
25858,82.28518103549612
96360,70.68438172230654
39196,36.23198736726964
51787,35.05882557342756
47612,48.090131411113234
10906,25.757609226591946
97989,43.02609857993746
90757,60.46087279842851
63889,29.208324141241306
100763,32.9005661693154
99252,40.33316571794259
14180,57.79996066106703
45972,41.319499427076565
20398,76.02542207998356
50208,75.25800275048633
19049,71.88984895750679
25110,35.82906689065169
72928,71.3078829081433
37595,32.625532062941396
47353,83.81864881647667
34604,7.234386708209854
43091,61.264717054974376
63954,42.064472053296335
59122,24.747447564745823
41081,34.34392538755219
23679,59.80390906644893
49140,71.30508161029019
24953,41.92109378837698
24332,54.17117200697441
89451,82.43279041066799
36854,31.708800513269612
69234,69.52315597854506
83920,43.66405275136829
69977,40.49361411513159
56983,54.02880363723212
85380,68.41011776836186
54131,74.03597859343813
49718,81.7769167023178
73085,64.65823763081696
63319,34.31262660950299
81729,28.653935300559333
7532,77.80041239637518
31058,58.95540550362051
50002,66.57859888742027
64502,39.13519734413759
15707,69.54731498376955
78362,59.571967808243514
42475,62.34506661669369
80506,33.88796276933987
85641,57.08038987287247
97472,30.060616734818986
97039,53.114652289143194
84985,57.883275622488085
78426,63.728492957709186
89766,32.90908776569219
30036,57.0309521720367
14530,29.063517949334724
66328,30.608576365307265
38655,55.314928660528636
23415,64.7014985840203
53986,62.97704062384241
80149,65.16137644421002
85794,43.816533377480596
46385,40.87652585617801
26418,72.01285889633262
69806,34.37987488568019
55617,49.79506133841615
40601,31.957142137946317
81932,54.80225301136943
51577,33.35998424926673
44730,49.16052295542765
100267,40.33793384204931
4646,54.45143080449339
45999,67.16614866173626
62642,82.87230346003552
17438,39.21260114211941
97205,45.173625330101274
40355,35.83454307722207
16429,76.71889177304537
85696,59.064329684836615
8126,45.95014734790297
2759,85.41127158289112
19969,73.91841689912292
80792,64.81916310361618
22166,67.93550388659155
14839,74.57385038247517
98325,65.55231205812575
57799,56.1157131936816
33857,59.00464849854575
63132,15.106246685082802
41582,58.024260585011035
19795,68.92380284474442
45037,67.66487300887916
27997,65.34759737667193
44138,26.030381047483957
82106,82.44894554585741
13626,69.12885152376523
13806,48.003699074574655
80718,77.4207146270364
76825,20.91609061811515
1504,68.94619993058666
75420,33.060421922305004
55686,50.79274745969031
35444,61.995400897815486
98442,72.65041894435697
83049,54.20253058922988
73409,25.97311911867318
36929,61.93573929309689
3212,70.55396902397834
16638,65.1129115964182
100115,33.16351237429946
31484,47.07277984452784
5774,38.79372207074307
35099,49.37849457222133
94855,45.614257627149534
327,64.99031230361655
100988,59.87492985425523
21432,47.82969479502997
53386,68.82927961282223
48605,33.37454327742965
13259,53.849384506869846
73673,47.72499558596423
72105,24.622507220325524
74032,59.99171490376992
62057,74.09635223349366
66190,71.29623692368503
59321,16.33377922672819
28914,49.20378584322795
7838,40.75812467603261
87608,43.709790309386264
44075,54.025869482674736
24667,69.01673890802678
90584,43.00390547100531
78773,64.06469995785741
70885,45.884150452439876
100113,33.40018385919283
29372,63.15088062783846
22631,64.82546342337758
1472,74.99460702951356
84278,33.27755934822495
100848,41.15465936432039
97294,77.96473764334698
83333,43.169934325095966
1829,82.47789439099164
78654,70.86317325691107
11499,37.49738576598992
43038,66.63233230312643
78299,82.98844089006589
97747,55.13522800106508
12816,35.62915910247465
32821,37.767423977191456
75781,80.60874662499216
21076,64.93734466396926
10621,42.27092306976687
50696,29.882942987613095
68103,74.16290835750169
34616,70.77195935090103
36809,60.49480425252583
38160,72.64907171551462
68552,68.85822029107268
64157,60.84706667367259
95327,80.45863196655355
46534,76.93067871085074
95053,32.80343382339865
17041,55.449606054643056
47599,41.635054974849304
43788,58.00591201891282
76458,55.16935704558931
44339,54.34976182642829
90646,77.28407271635149
8434,66.22120880443433
60014,25.2154211109508
89922,65.85830738582007
89653,82.89498432895829
89606,13.897330948265733
11522,67.89190415760496
71518,23.45230532263587
80359,65.77223435074421
77600,34.927386014531415
96269,40.11359549908132
41469,36.05511320931034
68389,19.7701680681676
90393,59.3215087854968
32949,76.2122384038233
83334,36.782177759508194
26682,39.569369421930894
87888,32.288462595936316
31036,75.47896851183037
55288,83.206820730076
31815,62.417643060753946
23965,63.018764338381814
48693,61.18818780245228
87091,22.18644185014322
69847,49.21691787342982
74736,34.119765783769374
47234,69.23809876198547
87513,44.76061854896506
88449,48.54284140869588
34887,40.267050105632464
67843,80.34732221901899
65540,72.47637820571049
31900,65.61470727969039
16398,79.86883341382114
33450,31.439262130605222
73729,63.095534834989074
88011,69.00067325667013
32852,60.69035163953762
246,78.86624439274144
16029,30.633464212230525
21343,74.67305504761461
20528,68.9167470483171
64760,67.01164124866868
92770,74.92644808474148
46198,74.85720910850361
97818,31.945588162991733
58238,74.32346546909022
99915,60.88754743493055
89002,49.609348870051626
41962,33.39121816046698
19445,36.91553512666755
31478,51.79932009789118
73641,30.57472045177876
76975,75.1471113742564
70401,64.68702543642009
89622,65.32758223969364
28106,72.83813353917435
70333,74.93292706379071
60295,55.09230720042392
84296,37.40352611607551
14646,47.41384344151268
53147,38.72282691302848
94044,71.88622731111533
22623,68.18566046897521
39112,46.886653853538455
2294,45.13580668643089
4929,42.5048474059664
3786,69.99214867407036
21180,61.285113306592585
101782,75.94942945580253
66398,73.77675601574929
90014,38.37836217183889
40461,80.05966737093202
91034,67.19677198348131
59134,67.43530682957791
35961,31.362161067306616
18184,34.14568342330316
51823,36.05511744348664
79457,43.29265478191403
37582,23.03259397772665
93381,33.639925055624765
54948,43.04791376862397
35097,43.17572772182854
70328,71.95275560597676
101123,35.883201480973916
34416,59.75124946172548
40839,79.34662352084513
3014,44.8734054766048
91218,41.73270340883565
77314,63.01081232904676
82027,63.99460431069865
48134,44.462331840265534
100757,57.147537635270965
1484,44.244591609516974
48231,36.65180067008529
40538,73.1506911055024
78526,68.04942882700416
45564,83.33856865564297
94153,31.05592099900654
3452,75.00747968066722
38522,63.090649190481415
39517,34.5953451220132
42526,66.00868648680925
46395,35.11717673750402
58781,53.780870113861106
85410,76.7611363821267
29498,34.329988466458644
50826,40.12991022505296
47562,46.31502055798671
27517,47.68358811804126
50867,47.94916625646822
17588,75.89177129430132
19200,33.142852998375844
82163,65.76352400172925
63731,81.8147246686832
6668,71.06524039144051
23139,57.471938301733395
47679,71.19258168306021
95844,67.23586780682956
94717,25.550421007936983
99780,67.40492544833549
61441,73.83450146370437
96425,50.09137031000832
64749,41.663874728096864
40300,62.92261534975346
77936,64.48671874586938
3995,46.305377366052845
45412,30.82235654140186
36418,40.96641034090761
3403,46.825421850853395
98183,36.84847955121843
95063,24.357916689118866
87883,84.3374147951917
55343,31.126044000134588
58113,65.35538061558827
97200,75.01870857769651
70556,40.3386460947049
19811,39.61431574612475
94332,36.89403902752645
8178,52.05973731121125
96497,64.02711190407697
71103,38.767016476332245
76066,59.051141874528525
28591,74.9603942334056
24545,74.62948706180131
39304,34.24261305909046
71913,31.905967496232133
40620,34.698527550073585
77429,40.82876730192416
64004,45.0374163556241
60798,57.00717032614884
57282,41.322757930794594
70122,67.42011297643168
88956,68.77093265742641
41212,33.73221320696644
9589,68.20589121423367
101251,40.805065445914714
23937,53.960871912041654
49403,51.031521528361544
55027,40.13809717736822
85232,69.23065112951389
55240,40.361546145967054
62311,19.234393639417824
82990,64.11561935743431
31207,69.3520235277766
16,78.03013037840611
92016,75.03074203311928
30029,80.00018789184296
95263,61.80154265720463
94473,43.41381874886376
57153,40.566533489584316
85500,71.03031025828429
95279,24.87605421811955
31131,69.07626342424857
81911,39.03041854128911
102548,74.8963139600657
70504,68.03786374483497
62104,27.87223351743253
67190,64.11267048043428
6709,67.83814799297198
6350,33.344010340146475
61491,41.21708104205944
9297,42.278252379004854
38804,33.72262652400754
50460,34.78644486604028
37855,69.89557285645606
92671,51.90636853765115
22460,57.17185389145525
47324,72.20704472171724
58290,82.39688886797333
36310,61.548550616116614
49873,67.97700278759748
78657,38.85761093290521
48788,63.50832247330507
84177,60.44162457503798
67746,27.091765172460164
9155,69.96422410342751
5060,41.21614839681176
20126,53.81625747317779
19135,32.53481501603585
22528,69.81709811276556
90192,33.279415060561966
15189,39.56519283099381
88938,54.19184173436884
32889,80.56207462741204
76121,69.03630806411797
40328,57.03857159152405
78051,41.39378076148665
27471,56.392260833743656
25492,61.97094615702201
21329,68.06313212770974
20501,46.99208222718389
81527,41.87561919791197
27682,69.84801588062203
100794,68.04189752953701
48672,33.824651165856885
52261,28.920669132859782
90067,40.29053307052006
49240,27.656206019770657
67106,31.687863417568405
73080,60.20870592951243
26580,59.62014268012889
38337,70.96809070119252
87191,53.03808460306806
23684,66.1181508363673
40546,67.95106772743787
72123,35.436853721531065
85922,57.95437825828963
34439,29.19179921413764
30936,69.9174764949505
99837,67.92909320602831
47778,69.98607137008493
95497,62.0053449146876
95942,60.65913862970922
15546,53.71069772119327
75978,32.01808557760662
89627,47.92560569370498
32050,65.38810360053506
52126,40.293323955398506
25715,55.396436840557605
56513,60.62117351859692
14741,33.18112688588768
80742,80.43947947959623
97780,66.91119135655013
101665,53.87719495882804
75244,40.84135887520026
1123,57.89166750213333
1514,29.510381961326157
26557,51.13559309965153
68561,73.17009721022609
16840,34.281682053568815
87131,45.344065575749
59791,63.00010483410719
73950,65.98961757280122
6547,63.12527942855287
79961,39.476552827306875
59914,72.2024567492715
46372,28.29125000040642
10262,42.2894758876798
39035,38.19532613849337
41688,31.870390228523867
42594,40.29845815252244
9189,29.6898278698314
14468,67.95469456909046
67641,59.96548011756802
31925,65.55229891208651
263,33.32348562000778
4247,36.246283325762974
79761,62.8161779941335
7371,32.31148463113143
5839,65.4833715762654
68913,66.19713593684405
28447,71.85125358102906
1889,38.19574032180083
4142,73.20079326489736
15012,65.8892051607969
47114,79.01221776652855
4152,45.034186879622965
74458,59.90452245729699
9512,30.114639058514197
37606,29.86358841246951
64121,65.07758393830767
74485,61.96519145838489
16272,78.98066884931164
16344,69.69971889511808
49184,54.1255819237235
1710,34.047877504527825
2627,46.382363388501865
37310,62.895120102715396
66626,40.8230723887256
37864,18.55310840011092
70541,36.41667242672873
23725,32.26164664547817
65595,59.99185583659055
55375,50.44046089702185
46564,31.892059052329593
31465,39.706889069196336
79355,40.676596309832796
62649,67.8194139489771
34077,65.72999249312491
76930,66.89385112535689
94599,51.676703477336794
13175,52.979252381745155
65418,52.73061559932328
38838,80.68911721243123
24103,54.963545336211844
44687,28.28208350023371
26919,74.56410249827522
32236,53.750691493892184
9141,72.9401042552009
4981,66.04197368056896
78545,34.44052316638089
99179,67.91932253508986
49870,82.85172909267723
44098,77.49235411165138
52735,41.414601844904695
58738,80.27465476277231
92386,35.263604388722904
95691,65.14946572188694
8906,80.29435582740649
51338,53.90361464783551
23045,59.03704437862055
67402,29.803736704841917
50293,33.07382517425455
9054,51.68082621744574
54233,80.74958591925395
16960,62.76681520392573
93607,61.70856359836383
67972,78.96088816610148
43259,32.408831112863496
38068,63.889220904426814
69808,61.796166715687846
61632,32.16111532004412
11804,41.98569345336226
93306,55.90655578224927
47291,72.07923581167483
32284,55.64428650230849
98079,61.094824436440746
3150,39.549160178269986
5524,47.76932956680084
28859,65.93468212409769
65354,36.95070173511645
68602,42.92145456739158
27898,33.44401100165999
68365,60.538662248745865
23633,70.03434839243977
100963,68.55742734077839
8425,24.341341605253888
60893,64.0334776988042
95789,59.23397449835602
97,62.91873699597028
86928,73.92291171965945
72613,64.69240424948661
10776,50.48813888843401
32388,63.669505175463186
24025,52.06477776194911
99521,56.993251384882846
5099,42.69610595422065
64583,70.84930849702431
26909,39.037706320830296
40360,85.01251285042363
13929,79.86720989984025
48858,35.359594575956514
7123,68.00649683243206
30234,41.43835581207466
86399,54.934917764910615
52643,33.76340239662099
74138,61.619573366667034
99224,54.24417510228117
56967,42.7243099312591
52269,65.05222432570974
53836,64.81171235187969
34867,33.99395413577744
24359,61.98532815560661
50871,44.93188347863068
98922,62.96130173251981
13261,31.406812455301424
18750,22.95326836860548
36003,30.02933782389836
1563,60.73969991978225
22451,50.95019603236241
51351,57.07401284507392
16324,76.82649174099774
1615,54.508470648762994
89604,42.55815332842276
4810,32.69673743601608
11742,57.02741031563666
63179,54.91156840075596
37345,44.00985407509944
86067,31.25971149143769
52492,56.44776173952718
87730,48.03338825102565
27988,68.63355455990168
89700,26.061721396409023
59337,54.58499771180935
88305,32.61224589742037
11585,53.717771804641686
25228,35.37088306458305
47150,72.17918938086656
14982,64.87965417285145
43126,56.65269471731963
35684,27.95482552268819
18031,72.92076663359236
88547,83.4611231795896
23714,34.471415630973276
15342,65.98988055706684
17781,40.61826176377525
52220,31.073250148808913
67639,34.604335173248934
1822,68.91694768718011
14966,73.37378690953241
39046,42.12463406308106
22256,72.98674579715714
69823,75.13493096954824
57255,61.81945856437875
47880,32.10609840738741
28125,47.89220474029722
2264,33.826455552476936
12063,56.83756135571885
34165,41.56359958866099
4719,33.777039705001435
69978,31.64244323886464
14548,63.17586652565656
65226,34.960539910528794
91261,39.81059142467917
64302,78.02034084503029
29557,73.9197180322411
16157,68.23846664906469
20377,72.98177300521942
27655,20.736810000872346
44136,63.63939882564815
86763,44.834003689430126
8321,26.948973035359955
98566,67.19317813163785
96825,32.73338851025727
91132,72.27297460151249
59035,64.45149255150837
70376,56.97137960370412
101025,69.01520153194303
101201,75.97614131817878
7503,48.15701531415246
78576,77.54188232204845
78611,63.290015566012684
15006,39.995529220909965
61934,32.147527683368914
99590,44.94517830030821
38147,69.42772226068132
82392,61.09013044911103
35281,64.75404481334918
46201,38.730271194111445
48345,33.71937558054683
18540,57.761632050587856
77899,67.19421729249177
14124,81.60968902568956
31171,62.01555158049614
35165,34.87852496996469
21918,71.0961127746769
11481,68.19549898302847
38486,39.238509354895065
72624,77.99623298938745
38100,32.91696177121276
49323,61.016987140869475
54319,39.433217986907565
44884,56.97299076831082
65916,55.97164538554341
7498,34.61505693397471
5027,92.04951434585078
2596,30.891219992866784
86003,41.754203389561404
80818,72.6962856110359
24409,55.17989460239261
82607,32.83453314586278
75534,47.64059264582016
77749,48.12352196891941
66029,95.5403458214606
63919,87.8072699447049
70851,54.18689951808523
58121,32.921594097426606
2605,38.93713323626187
76837,63.12427382226247
98552,32.191078493153334
22633,42.91517186989193
65880,41.44660294041663
34970,29.656546412976013
66462,79.55489758584685
8128,69.79158705676335
67203,57.050915460485236
37222,36.0098557076667
83360,29.147736095236095
25462,35.78353903026748
64774,46.011799167905394
78641,32.176331360397995
17508,33.03679636401603
8990,21.556951670721062
72138,41.12633928779181
41001,40.790424450796976
17367,50.51213540943954
2998,73.1872879865279
72564,65.1217958635543
38349,29.914971634947893
53335,57.08758791289132
18488,82.42382959534339
67586,77.7540235679331
44332,45.32934785500787
48836,81.36142668029824
91576,32.016380690831646
93797,33.33534812366448
1013,42.601418244919
90891,43.775824541327324
96791,37.64460485445154
72004,54.46611520300654
55064,63.11597506415004
50408,57.92316210272021
30495,45.67532401622901
9474,64.94987008168629
64314,45.163041207124095
9454,32.83802832465394
62494,62.08628565870145
27541,40.11941771308402
90486,48.79957661315245
88147,28.987326763159754
3761,45.089337569565856
44180,30.850234021650014
44014,38.97979561986576
99511,32.25133692317639
8785,38.95897047716331
65594,77.7126213756884
47062,62.031787405728224
89866,78.19556524363998
17988,73.22373920670734
49292,44.45987384079233
32006,30.15941882455348
79606,71.23538294541467
1920,62.669964395906064
98757,69.06599614515036
91162,44.55035027510202
15902,48.39003772780499
84070,46.13409037842939
72389,44.0980700515605
48142,30.266854709612527
80698,71.92171920177671
4211,34.51258407623571
62328,60.42155173171906
83137,82.14913794939194
73447,70.78975132874174
22730,77.00513759009254
87009,57.79956657651064
31537,53.10529484813178
4246,31.44172883599498
38347,67.11845720636663
60865,32.95790655333737
30459,66.18371562353677
45897,28.077551058809668
42625,64.06489903387205
74801,32.190306901607386
56029,31.119581931294615
78499,40.231633822092356
19207,34.3272882560184
25171,76.15679042434789
46392,53.95433228651143
9509,33.55260665084165
50334,43.12957931831221
80422,79.99173072331841
11582,67.64587172883299
29650,42.40428832940559
1151,67.92045331761719
12052,40.09519762591015
89457,55.497143017162834
76577,37.30669636809341
46585,82.05446721991015
22331,76.72711988109464
93581,34.52154335252516
101032,69.82073343508972
80329,74.6488027304402
87661,23.89359688130789
66045,78.99949899421944
65203,75.15634656580835
94306,41.22383287589875
62332,62.001552042515875
51439,60.94238163048901
91885,65.92445075244106
65176,36.04096700288888
87364,40.84291893070034
84965,30.92060092382314
57821,33.448590688164316
97355,32.3185368027783
59224,83.3428706381782
8441,70.65909677913632
28839,39.64351571317439
11182,70.78423275578139
41995,33.136696190719626
92542,66.00680763406214
29639,47.15948736377995
61659,39.55819355063204
80386,33.85368338207891
94467,58.02151726169507
30046,74.596256539926
32047,34.131250752017735
62827,59.15448865473155
46205,45.36471893545241
43152,78.9301736803636
12655,74.8894961853205
76084,33.815287396074616
42933,49.05084002529756
77974,49.17916028203348
98105,63.37974102125351
25778,34.11547043772186
20517,29.23348642530418
75907,51.67911387281289
43582,72.06809798111574
61536,70.03744143335646
19002,70.95964762742628
99196,71.98316724654447
28729,34.283171860647414
67424,75.75825415120536
93744,21.553194700430975
28311,34.06749460010809
55711,70.16634112189513
47574,47.508011245011346
56367,59.98260209060618
58667,45.02696610987021
28814,32.13190863571776
55478,34.08526831219466
62617,37.20430026666646
76263,68.10922265855484
47321,47.538017865222514
78280,33.69992073686401
91152,73.10313234009277
30573,82.8212227456631
61176,28.378482594451718
42395,70.90336660516874
19922,61.85406065646018
72263,69.98737475203797
27357,62.99366882212754
68147,32.59754170321189
5561,69.93020927341254
59132,78.93630214673023
49993,55.807355917797516
97642,32.203352993292874
91561,48.15321477062466
8884,30.928993084851818
79925,69.83819380284174
13925,64.91848136057823
17452,60.09367653075152
51810,45.20009926142236
21701,41.450015627327595
50999,80.58469219974948
59336,54.14962958933238
89097,64.98278252805352
76000,67.59276093623245
7433,39.637695785842155
5514,46.46918432794198
79599,68.0088256193931
47887,55.79046338431677
29009,80.94725105364283
57844,72.17865597528089
25801,56.35055115915202
50341,68.95486093549184
13170,75.37140454872872
68683,76.84092430221176
4874,68.0233571061913
22690,63.02175318605747
34562,91.14109971659921
63346,71.04803509930645
3181,70.9104730618606
32950,56.30572827711683
83842,45.14400348659427
63335,75.0040469379809
41560,68.6261823604658
48573,61.52653868044171
74649,40.671238389380235
102306,35.35461029147513
83714,62.021655719896444
70905,55.83429025023056
67408,36.05053201597815
42053,78.25047323294972
98957,64.30626065235973
35783,68.66868678246773
51795,42.780885570721516
22635,67.96850385563023
87280,71.00922372902554
71762,47.24041022248494
35233,40.76483820861956
12594,31.70674382451693
85027,30.89008857580069
58871,56.04907733280096
74756,71.03617496263095
41712,33.85872263097937
28955,31.93621950542377
100377,32.999079246918306
92310,68.26900653389876
57014,63.968767652397034
19932,45.2716810833742
27482,46.124024339993305
60953,81.28628639348054
47787,59.55523467671504
92727,70.09819663852535
99327,61.00447230619471
71225,37.24791183611622
5605,60.006300359506774
86532,41.829408396519966
77614,35.55623688552516
19819,42.44280000306425
18929,48.70847960323016
7051,73.33759940811052
100479,62.923230943398345
19622,40.68932944530836
46176,67.18833593832821
29950,56.02391712093778
12749,36.069106021332225
70969,33.40891574530101
74268,78.2723440027726
23263,23.513632606084347
93710,74.8696451897551
17283,65.43497717557139
23744,78.64927187003576
31801,85.90731228315397
95179,63.83691376123571
53724,42.83975462704664
21826,53.06124556420109
87151,35.065177641813804
25970,52.144461552094555
79919,31.9920053632319
85809,82.47960103638626
64127,8.824964043429798
65452,46.5840214665443
73516,44.103359272734565
56113,25.5943131341747
25216,69.9183855077481
92878,62.76246709295236
35084,38.618585938329524
90609,47.065194403593445
69877,51.17716001954031
16200,76.88583725113357
26811,71.10342517851771
72293,50.37604441049531
12026,68.02972148094901
22052,61.98377229302923
2304,29.950948962113312
93163,37.99973280988606
85985,65.89262905035584
4970,75.08280202909931
5586,65.15145989315015
57166,31.797293722279274
30145,70.28450468102292
56456,33.82673894263824
86849,31.916177134013697
25086,79.0736127032948
16173,56.251770209431044
92803,78.34386710563626
82263,59.8676226873543
37414,34.97325588073956
93252,79.68123243518869
48725,33.66934854965589
17183,60.98343233998851
84850,51.230914093940804
15917,55.67178705515811
36578,59.97636490218873
68998,36.26914083426841
100049,29.551805429901126
29781,33.618856153821056
7795,81.59257092039975
72157,33.000013494962445
82337,33.72558586065009
35299,70.21292307595039
89501,71.00995973141903
61871,40.39172296963609
96815,71.19837810536868
82800,69.13470031747904
63905,79.00903836547513
5950,72.91584706169638
9391,54.025931324384004
48711,69.88941623304476
20225,51.757636614253684
38927,69.85611420630921
94746,81.9938617325652
91313,69.92575509111373
70502,48.207708047052456
92591,39.436234986438876
38225,37.87590537103811
453,39.90101740845936
58866,37.4286842716909
101041,76.99163946194301
93898,32.14162581723351
79374,69.78888708179858
75210,30.249753479007584
27222,40.2319080930047
87565,66.02883709006854
10389,36.7456119260568
80096,79.27500356128309
60387,78.94695171209162
79320,34.556572578378855
19543,34.94374594218418
46154,74.19182212890469
9655,52.874068753659216
45680,77.00760917881598
21490,42.899857967719306
49614,70.00568882019492
32591,40.91165012519085
4990,57.06531453711507
67995,29.28680413549622
48795,36.0635764047182
74129,52.81889454726868
94012,40.52275638606119
16364,56.886793194792325
19534,75.18934223547211
102392,64.89758184827943
71660,34.08734706472304
16937,54.708506629435945
83135,60.80644109299206
93426,43.0819702426601
95586,30.090494647295454
10386,32.841018436984065
69029,28.444679605107222
69383,48.52284437312584
55108,57.38206130003556
67913,95.52959487590402
82884,62.798127681141096
4860,69.32412261315477
81795,33.12466370454081
91909,58.974150730390676
91907,79.20129626532864
17,58.131067805935245
100054,32.703377888385084
8570,54.89183432961819
23680,79.76989207641327
7561,31.73895017423923
98535,41.718258932144906
33044,72.22671186761846
57046,62.93300210371493
30262,55.1606607796903
31695,41.63820820691348
73619,38.251365010709215
52287,63.013443700747594
26679,33.31425282584026
31472,28.656857853250873
63039,31.37927994395806
18992,36.62922417062304
81153,31.47248108973895
44639,66.1325765781358
38744,44.09071498334771
11393,55.99311102157667
80032,82.52026070658046
18557,67.94187674466417
21686,72.38338656032303
7688,35.37435334009989
21796,52.28333506636185
7627,72.14022767115463
59817,33.91035672344284
82644,42.03037982321716
31274,38.40391977148745
77693,63.79772381717804
15054,74.97072029942467
64224,54.14582162680358
48924,82.3915864249577
66265,42.9534383953312
53064,56.517569267324504
25435,79.99728747485949
99771,68.0790809056199
60312,50.499384659852126
5397,40.90196265640212
70796,33.215933286115536
6296,32.62472070753595
15143,40.65756630386483
98629,39.40034190420124
71326,49.307712373108835
23324,30.47343278659453
49285,68.02112242500434
49326,63.84652595198756
28064,60.53940202137717
53623,64.20714888901838
12456,74.00391916390781
30052,40.90543556571647
83080,81.00605046709393
21641,83.72833911044236
27859,50.92588765121721
41763,70.05771805050884
10934,78.01430807397693
50571,68.11590991127929
75921,33.83916798069097
50583,71.7138323521045
90682,45.39321993005228
96881,47.877680197313715
66260,70.06687384091605
90905,81.97519644401005
17436,30.341834463483494
18716,67.30888015531735
99698,38.812824137552276
9006,77.68061717338787
2783,67.13980632593339
83157,43.24844854916793
49475,35.42681113793718
3532,69.31656324562202
48637,83.18841940109743
3541,42.218142821503285
33531,35.95126185280474
13310,75.40971986633636
47091,33.22618833269246
29082,78.15984978811755
15700,70.0726913236239
30942,71.48257465132644
92553,58.83092131227932
76087,48.38189665339477
87511,37.32544995320633
82074,59.156506578015254
82883,33.834873438768945
36923,34.391587118724914
98790,50.54366935149369
37231,83.54339724861767
38875,71.1637943016772
28963,63.910940117509504
10504,45.12435665468122
45047,79.38757662250603
58575,42.48217242710034
58962,40.97687657294092
10917,37.214794324151846
59346,49.04639033556451
29348,38.20879881871832
9280,67.7537004996245
28616,78.40523275233113
92863,40.73225228898454
8015,41.217273724404336
42488,41.847957162563056
11150,14.07259022569226
48019,61.02774724528657
46393,47.1580600960589
12386,55.77668220857567
1451,75.92681176083647
92111,43.47595348230684
95813,63.88902826041104
41211,54.024676954373994
64595,37.96416075204753
11197,77.80700539960324
83430,39.08820259872853
90884,12.031825500652019
93641,36.14354357266008
21298,52.90651504265219
23852,34.1994680345059
84654,29.885829502443396
36538,81.73559826084613
54969,41.28179020539331
4400,41.909011265549495
80796,34.043194951993556
55349,66.10062069840673
79982,55.021576853139656
50349,50.932018519117996
60704,44.72293183895099
88634,32.09156511883857
18275,80.16051587841856
89349,33.125848318695496
60715,49.40020663880891
26547,42.6954975262499
23166,66.78536539352669
7042,54.38432762926156
22637,63.15043781877805
2091,39.072273452559614
41485,63.44087242961152
7904,71.02598886759625
17148,32.1759125989858
44066,79.32274435442926
69438,32.647935252257675
35454,68.65971947685246
34976,67.94688968081348
7282,76.05184658660805
27615,34.03250436401516
67005,78.19592593748123
14930,77.71314805461904
39126,31.43415585897732
34552,73.19071065842797
50128,74.11037781235419
86955,53.96455944948112
40991,80.39640593845328
11296,48.925346222770756
91107,37.51310969471251
95752,50.04986470335284
8146,61.9532771740468
75078,35.50092781700135
25328,63.947482419368
27608,35.379025141329315
58921,60.01864492089418
60501,26.470658319778877
82463,33.62230422138472
91837,75.20788837741384
35122,28.042682165454792
23881,77.90887168943098
13108,77.90492212372186
38161,71.53084610729562
21814,60.92091112221771
34399,41.05670751527944
15823,41.873576118491115
64933,71.92339734978667
40969,31.65472538833078
63807,63.8871024323125
43958,28.856512509235326
36305,68.45639579155778
32794,62.16863844967125
82398,63.068602957614964
444,65.20469273924346
48867,80.47013400313566
37935,61.97387873268698
28038,76.02842901904506
36897,65.87377355312356
34918,33.50787580264459
87746,43.3617230814073
48962,64.9203804825741
78951,38.859182103227454
8737,64.84339915846897
87971,63.84010773582088
57253,12.948537446764576
34594,35.17045183629506
61249,48.47113344908361
95911,36.50083713361487
36213,60.32100249935959
31863,69.77395020359893
38728,32.27311205786287
72792,70.1813276453592
55873,42.14050211271564
28756,31.373219071712654
49033,97.67881462358355
62451,97.88464278751533
18910,71.82842347537502
48859,81.90205983295067
99519,67.17295769210992
102236,36.03180221823215
38429,30.356295464686013
101418,72.7086595870984
25488,58.372562065664155
14038,62.623347392584456
48061,80.55488213247087
70119,48.45485896555633
64273,64.84710419969471
11917,81.02061221409345
78212,39.485298789629496
63922,16.7969650605024
65592,67.58393443400914
41065,33.132345344892904
87256,64.02590930611257
52190,81.77616285528177
77681,33.28697057895104
41761,78.96859451981425
2116,43.63253851493133
75903,73.42026185023818
28170,67.86546378831298
43833,75.23807724526424
41329,66.95245390935378
46380,83.68304859671875
61466,61.960537100685244
45487,35.36629814908297
82840,32.03765176747253
56995,54.86504232054728
4493,35.381642270602775
93315,48.879866631655574
34348,41.72437252982793
51831,75.73415878833151
91665,59.02075525259418
19562,46.14564594283133
97351,53.62337981633618
82710,61.22006506524383
88924,48.49716222451108
61034,31.81236195344101
8484,33.216783718141535
30821,21.462989331961065
12364,42.92638864422273
5303,31.48837122812667
25458,46.98531217210059
12974,32.78371643075502
48452,68.70749245857866
50528,33.397482156054394
91975,42.36783248512539
44603,23.37769695270628
60408,70.86695568634988
82448,72.03949444241636
45288,38.18904143892784
9373,61.0606216654604
101847,69.88303189353834
39694,52.52385218724943
35176,44.43673590500915
50237,76.68571798539895
84448,59.64818090062101
16058,53.096168765220845
60274,66.00846330079324
51507,55.87687049734181
22933,34.56045320432449
41515,58.71356969384307
88501,62.004337983409116
19084,29.116606371985213
81908,30.706350973970327
82130,46.7651213123593
84680,76.9840370242561
31129,59.88650482745953
89083,31.01295320989344
25809,76.79665314383678
88418,33.04364010176227
9422,63.88756623539902
17973,56.26012875261282
43978,73.01136329761371
36422,28.354519126735504
14599,32.777165853931365
97727,74.28140111276124
84423,33.845074783702366
25638,39.13266327489397
66951,48.95082252506253
48686,64.9194912317179
22007,76.33784618784597
2799,78.00557068717347
82774,47.992894320379364
80353,71.62626173225891
7445,73.34247338655732
45476,34.1607945387459
16580,78.8126644138415
30925,38.050821334652994
99907,73.90302533696372
51623,38.297056263294515
86470,32.347449469317525
39610,31.198592001749226
14275,41.798661642135144
102655,27.38914925061515
45555,71.9538801512349
73119,69.08861166507666
9011,51.04581740988955
89496,32.59818175989274
88481,83.85336085737836
49908,53.19641313882057
27562,67.90513950446987
79438,66.11543952861544
31527,47.41635704784902
28234,47.22240160033063
64506,62.8758664576375
95259,78.83102043406122
94365,72.88467329446863
45556,71.16121592581129
3517,80.4404996820281
65351,60.994374660118574
38432,53.98831391355632
95505,83.13783345130776
78156,70.37535513662117
77105,26.942375758559155
41266,46.94603845814501
46840,28.60672231596444
57910,41.718633464197026
41809,75.00606539368387
94533,64.28108174587683
49568,63.23232853361549
50910,72.0296488489505
30253,43.021634299058746
22158,66.8867116579139
41731,70.86891636636469
78269,28.255945392503065
75670,66.67720244942211
92816,82.00188673243969
60004,54.02556209963092
62167,75.17291803230958
73727,67.78328931196971
61954,74.10411460616876
38148,36.93227086200655
82854,44.88787119813083
62665,72.44172226003718
72875,69.13373852957022
26143,72.42137588359137
71717,58.25858667876419
76753,63.38713888167984
42182,61.76105758119827
55006,78.91308943353118
21673,30.759149513014904
87664,79.2062567571664
49244,25.024268933017623
6192,17.58366527164614
45550,34.73258057566008
42986,56.73449551806466
69886,38.740898388970166
88373,44.157097090755315
99456,84.98176757350481
14890,30.1231043702698
42054,50.87143434872377
74656,35.43508892020153
92516,33.32430727490068
42025,39.56280803705582
43557,76.52567508001842
73284,29.15368436173527
66268,79.57564605868805
9967,53.42253582368112
26105,68.78560426640433
13802,54.77652164983235
92734,45.05723147495534
88999,71.05176839532112
66461,77.68180993404864
30696,36.112736612073356
38109,65.4665429932796
64008,74.94372066345457
98686,63.9755584130112
100867,67.73703323088267
79552,37.4204136276101
92875,63.50540408204198
24952,54.93475258754712
10578,53.98221081499431
3118,16.67005046964053
75482,33.68117298588421
63589,74.70198719926756
7876,35.53260878346599
45916,32.003982826432186
78979,70.99339220432928
7486,28.441863692347887
3729,72.08683289809106
61690,50.81156571408614
21276,69.0759007783575
32053,80.44752735191445
17792,56.71821910414102
54267,61.62863922151345
27952,54.059656486080456
82810,28.659378711629063
42104,71.36749225246277
29224,30.260602933593226
29153,35.67321377372071
3963,41.792116929570795
64356,44.22903683516785
75134,70.30896672066947
82985,32.15554440165123
68786,54.348955190285
88911,34.189168468345166
79267,69.45782711427765
1214,68.92179103981886
1025,65.9839919703305
19375,33.40741981895574
48548,82.25659127281111
58267,59.41128258666299
51293,72.98528795637088
8910,78.01270877283235
72526,73.79465995911332
12070,55.10287678558561
18746,33.479603407027774
46749,55.07189355775532
16889,63.46472484980664
70581,72.77740515478675
27344,73.87516122225401
36411,78.01828736325304
70199,81.97753193074959
17971,34.87765638639248
21578,63.23546504943574
9944,36.11494623430404
26148,57.99551490852992
97326,76.74430733325897
42061,43.173727496709176
83091,47.49384626645577
6518,69.08843421618703
5418,41.05305909897712
19656,36.73933456212947
3888,69.91995713199249
5102,14.806979625118078
44219,43.41453071977734
85746,37.74099919623052
80399,32.449897136799045
14925,14.963603150530599
61099,29.972170324464475
17832,63.20556483210281
73917,63.23642226305503
46253,57.00444888377406
31486,79.09526577944186
36623,49.898795084534974
32350,75.18134035090458
101904,32.009586096449404
24055,60.74639557108851
53053,37.816758653989396
21953,29.946530005322927
80474,76.03086580755081
27141,80.15347351447573
88435,66.58408891228709
83348,74.68654708205806
87926,53.921802410895296
93274,30.678643856858653
86013,59.53867200713463
66710,70.92951944725652
39480,48.10760563676773
54961,27.68946916430478
10062,56.9953723649887
77215,22.606838877579484
24078,48.76485841401889
62640,65.69661271836773
74923,42.057648663626324
97770,63.93617428364823
8686,45.993207261269305
29897,63.55570809629799
3832,34.35044547102345
53889,34.87793428124274
79153,79.9529224642447
28908,28.727570403086368
19597,38.063478327317355
89970,41.37015127914902
69692,54.06416196359537
88970,66.97230889141429
4203,41.93277367222916
34629,57.8471657257437
78766,73.0234890018632
26499,79.19633747455205
96223,57.80152642736576
12887,53.985987604493516
86625,78.2806531903133
96498,54.92072944458178
101186,70.03666612925824
59128,60.44271614242143
19096,82.58712655224943
37390,50.570288876650274
18265,81.75141352050196
20479,75.7564294994104
27942,69.83488527441855
39562,35.29869168368561
57440,49.12939884298687
88747,77.76985249661695
39651,79.06813090704588
11545,71.91642564092251
30353,40.96146281494812
24051,40.12382039447183
54758,59.84232999593515
11056,79.36101213958442
96072,77.0728426637065
90824,73.91844360205545
28186,60.47643947627988
1682,43.47598316179742
92945,63.53739153791883
49928,32.32782398637007
51245,70.23638332271523
18762,67.74974144608751
60518,74.53810386677637
22849,50.43436920113037
91279,46.29248983347976
80874,32.886255935819825
64855,50.323433579689805
36844,74.94640123262624
50624,71.68861186564473
90318,72.50542331702876
22892,29.977000036412445
14957,46.46944214461868
67856,65.92958998925265
92041,30.076296794618063
95891,33.53110124939978
24430,72.96263319888234
78692,26.25011643301959
43184,41.19695495646227
49708,39.96018348931835
31585,43.91637069042871
5560,79.35352434352752
30926,34.62670067623679
35355,73.89679038155091
20448,42.43841692216316
61637,57.722508037769536
16581,59.036734822575326
21728,60.58260212049487
96641,80.11637452406168
33242,73.85927652303134
14214,34.65655056732057
19966,53.075582949607465
70229,32.11307653167692
5783,58.9360833781262
83944,33.12078322007034
4304,79.76119016304784
101526,66.20739243957168
33413,57.4228423907759
98540,46.15248628289038
24965,21.290677441329805
10961,33.40479697338223
75640,73.9780594959615
21085,73.14115337583937
59697,34.21986532296166
59807,34.93420153947256
33416,80.20783929288997
101895,49.67555197440343
45511,70.85075785918406
42559,41.87194066505151
23625,33.25718300551321
97966,63.95162765990389
79295,30.62205471404882
94008,80.17295497243462
62769,62.95233458794368
14820,64.40629790556292
77277,41.39827195792677
6377,42.167403372280894
13189,32.24973767711096
63288,64.99090599959933
34957,70.00081447134306
71168,59.92336905477844
34814,67.79530584078822
24521,41.649744943040716
98074,74.04743113813123
98926,38.89534783593249
22605,55.086723990488935
80687,79.06854444182983
52132,33.340881413762524
2152,43.0306448038947
93398,77.8600446732022
61162,31.61006906893763
35764,66.82280517602872
14719,69.88068048995052
99251,73.94324375530454
7303,33.721974276344014
41610,71.08528192071438
67973,32.746529292904775
46767,79.97023278093619
10494,36.5759557596485
56726,61.61628436535967
36001,28.82539788898504
37076,31.443917526796945
85994,53.67454023713202
91016,38.77732025817337
16634,48.43301634565009
70870,33.19561685463755
31972,46.40939600026553
4672,57.28691461702729
69729,34.05326606981685
88496,64.96295838087829
52206,34.55444498244665
33986,61.486497367961924
18646,44.89767984422765
86428,53.09204356007257
38614,69.99694847516014
96226,70.0219141719304
19707,69.77711478754544
51012,25.66846640932128
52601,71.0170725902793
79836,28.93964575375127
78726,39.904175744201424
22210,62.53546747054821
71208,46.98371030406986
54075,66.07412676913718
70627,50.81205100119851
32213,52.462526855087305
90460,60.9169079611202
24090,40.202906750656915
92130,58.28794712939892
43580,71.95590778539278
26848,47.65874694636913
85966,76.99800405699872
81830,78.86068852563795
60565,61.87999952911958
45841,68.86915433855708
7621,43.39379728449336
98425,52.292104964425846
69740,68.78264509548134
31262,61.46227504047502
39080,57.07308646761847
66018,28.95624959461624
25187,75.09282602602147
12298,58.722405335859044
44727,35.87338785841013
94381,78.02874362977235
1869,68.20870443564588
11437,32.46868779204813
100992,75.8897264789419
78730,69.08907913457077
10319,76.8390920190703
22958,34.18345764012987
102680,43.96503019917654
9515,73.29213326153697
78705,33.89032983167927
22030,34.497170410407676
6878,77.99571990146512
91841,68.78168088513002
49342,72.98333390140726
92131,26.997765963349472
32989,65.71337505907482
74925,46.208447347361755
57740,69.78015870584703
98621,56.54829739128694
6767,25.945474949610425
72059,39.9263501758242
65634,32.19923727787702
62352,32.99825852913343
7529,66.68346223169166
62602,30.85678796808434
68411,75.11737302994555
82285,57.413072688713484
35675,38.002362708438824
14356,71.67793217100476
10194,43.891155206815526
31114,30.304778963398206
51122,29.330922173242257
97860,81.70478989601497
2889,69.98919691330522
52136,71.00659135486437
18372,65.18207094457262
56473,64.898285777728
8409,72.70414706683698
78446,27.699181816003346
101202,30.47108506702683
26152,55.19182735159885
49690,48.975777610669724
62264,67.99915185041394
15297,39.3151084610896
50107,58.15471455384029
24384,71.89544974751016
98133,64.92848747643562
63840,59.176933720085785
78407,40.42141498705759
100449,61.66874374140432
38035,71.65162162083537
66819,65.17226337221166
12309,78.00794250590548
29536,75.73888946285851
64834,53.03804271658073
47327,65.93808788926466
90063,71.68755670748396
52382,67.11054413569934
63228,67.73724950174395
59631,26.81172185072579
29984,82.16709033881415
20031,49.93617361503483
100258,65.69633744918598
59558,44.531822093396315
5184,72.4433149349106
77353,65.25021471563923
16503,27.78789566659647
57652,44.05253324991318
51924,62.86380955070054
42761,42.406704809816254
83532,42.03408950498336
32561,49.338263489924145
20896,63.96961733807049
15875,33.03056046212594
97554,54.90512352582754
101568,55.81404111454284
70743,40.30096212776953
55602,55.605544345848195
82842,64.19263823593786
32453,54.0528930714909
93981,63.95947004999431
77000,40.899134764936456
100526,81.03198698667597
81355,34.154623412486025
1338,79.00574222946321
57732,34.26751645245531
8659,61.13367347544937
58817,31.35617238261529
27938,44.579434903380815
68607,61.11290673439686
35497,73.8704993592388
102412,60.830135204786714
60458,46.638892672010826
100762,34.051970342170115
86553,29.548100960769716
2842,67.9373503507561
49519,61.8899157283862
94774,26.819516312064152
92445,66.55837321266014
7185,76.99195666832702
36888,71.93072747081908
53877,74.09106938812786
69530,46.33818420037241
95969,71.20882578994171
8571,63.98528147908576
71602,74.99581729978124
64777,38.42104165032236
15015,50.25689474597768
21914,59.659230319977056
85291,35.83366278416087
77705,70.16236080131648
100737,79.4343162610591
86602,31.860869029669736
64051,63.007562422828784
81413,25.031743913886963
50588,51.04021437181302
84740,29.97745690433933
88512,37.83989935933994
75718,80.47941366097695
65330,33.17953978326276
76463,52.03794191403165
74187,54.25607636802046
9486,74.32375625302598
63771,61.75139318125223
81244,48.212668749974654
30784,69.1150510807378
36703,63.021167048098505
30662,32.31476697702523
83748,66.98919401710916
99242,68.1947990737871
84333,33.33086458441381
10263,65.05681272643923
582,74.85320356482492
84681,47.335344677281874
16057,36.91052616644755
47458,71.93272323157919
87708,66.01937467624194
88981,64.70985559417677
29612,40.9555552740744
20632,62.94638695101064
44678,51.72040429410337
94284,77.7882732440517
40699,40.063171798153135
56903,67.91124739557901
37849,70.07425082162345
97192,41.09552680073662
2616,34.032642918463964
10512,53.955867631791776
14555,53.50461539474762
31580,28.02519497787785
92420,54.91396090506224
16699,59.17467541523755
62191,74.1813565309754
63224,54.527385361717364
76514,83.16863789609114
95508,74.29814089718498
96281,70.13834697629918
54402,75.35727038421298
62929,53.9940704877438
21507,49.98501242323529
60019,58.96381631675846
77952,57.989002005596994
70935,54.14198022575251
40689,67.76318773195842
16020,56.96140643404651
91691,38.51043823634968
3331,69.05977903166769
98158,71.22675667236948
70791,23.964377930096553
213,67.95831003908407
77491,65.13993461679252
29164,77.90677710979159
97934,44.86202381302611
25039,50.92424369173354
61217,60.88639006461929
99750,25.166577374867614
50687,28.901782087288858
33667,39.56559310548904
35001,68.80030396685196
91006,53.00419559688074
57583,39.2211147987155
10474,36.98008611779184
100158,30.24781983035441
94308,65.82785079057902
62326,73.22287137316789
55505,77.67338121312179
46435,79.5684199489358
39912,60.98623687755668
98393,60.890712337832255
35398,36.08043361946677
299,47.259703302742736
44181,25.981479841463408
45901,65.73837307509247
18606,77.89296528416378
35241,71.99104199098477
22040,68.41553745213915
82127,40.88565086521098
68758,38.08392690214022
57538,37.97434659453799
68650,65.60059619855272
34827,83.9319574268194
101854,53.69394836960751
29386,74.291381097527
34947,32.774744367469715
47367,91.00299217843532
54557,73.17756478108144
96699,95.53210765129592
16369,45.12473436044788
42318,73.12329065540027
14945,64.96437693252376
33612,50.36555557497312
52330,65.87209936507648
67708,34.51260068495039
89345,35.040679649557184
56010,59.0718217379373
68973,19.260339919807826
73474,32.835257140151434
68963,73.80378788943358
53142,66.82244617984855
65655,47.28183238244945
24535,43.52219510534041
38242,37.446741359208126
20492,32.12001722825669
43423,13.142565066760866
42236,67.58149476751335
56127,80.06720625012164
22662,60.006311311331345
45536,69.87384161689224
83425,69.29378601039218
69623,33.43826550502895
70273,28.363184551737916
48234,63.791808246781514
74994,31.92410369673983
13223,51.86101335184304
62761,51.993031050887566
3222,65.6775361373089
23949,81.94783204539117
78240,32.12138919031997
20392,62.14669767086558
27905,71.63812883314708
26689,68.79422952487852
78443,33.096755741544136
6103,50.29272289004504
21562,42.22379686160311
4316,74.59077744191066
96404,73.90901454917977
1759,39.592366123247906
102321,33.709585786460835
9339,51.30478575524474
34451,71.73138089988032
96338,45.46104922967696
51801,27.439747405282873
99925,32.820018097910456
47709,28.988403463558964
45522,69.9331630619638
40331,53.84955466008206
96088,36.89102523186281
33022,69.76277388542118
63263,31.552127648209076
11480,83.25158173841318
51197,62.599871773198196
60860,18.32123027075965
53744,52.85349539823349
63601,40.54567102717259
33851,78.94609180858919
73227,31.623618949357457
41246,67.26187261225684
82747,59.917720484788376
18658,19.354910219810844
62845,71.00952820261986
94526,63.762043811058234
43095,71.73714960491685
80837,73.54065024086154
57402,46.93942398249922
87200,37.75689390314722
101466,72.29761842387202
79399,73.22287137316789
3905,70.02122081851411
97811,70.38910399312297
13518,40.932303251255696
93822,40.64823458182846
84701,61.448831058524405
29342,67.42467841926113
26777,25.107241115539153
86947,52.27362727229472
745,58.24389749371239
48733,75.07321629373382
25422,74.14197327303022
31566,36.58053118376263
8118,54.92403718440554
50392,59.4321173430135
100488,27.008257999329942
82678,29.50220209048505
78756,62.91503382853806
30161,48.77611145329007
28394,68.95319859959051
70723,58.2831688741508
67623,66.93491345664738
61700,81.88529330039137
44809,60.904037945865504
86485,72.14827978620043
90850,68.74219200433569
95652,33.605707026374276
35886,39.08639587470407
716,68.73312859399454
34149,67.83525563426647
64836,67.39202768318967
22804,74.32751915991219
51368,41.34674494529815
84943,80.63328298740586
62777,41.572680434616956
42466,78.60647321342094
56272,35.36415446317738
2361,81.8338727361145
73312,49.381197947316814
34824,46.059038448173396
80803,29.35226535700252
40912,65.58041535466184
34109,56.72413548595436
4925,31.62848252930645
16264,41.739113508750066
16893,78.70164884018624
30851,77.9333716459594
29838,55.52286458889104
34849,29.524197219564492
21575,29.150126563192224
30920,49.5879776887872
100408,65.10995513994195
22436,34.26691264384654
6584,70.85265933214477
94453,57.22830243795747
84771,75.13776043308579
47342,27.208343304917584
54359,76.29216250183285
19773,83.37097502192523
11287,81.66291227818635
80960,42.9414762386908
21819,30.540526341667686
89601,40.041114555706514
31741,59.837208517473314
86616,71.42079110470375
96294,42.08333926693858
68352,36.55175478447413
83288,66.01795833694294
94261,54.75996013328284
83849,58.166953473091255
94062,66.99215848485443
74816,49.29787137267827
38291,43.04903831344761
27019,46.75821480990646
17226,67.92353989985139
48492,81.52110981502237
4644,30.877570709945477
84864,72.69934682443576
8199,66.00134021440826
97686,59.88158239759237
18478,33.5530891790246
82363,42.09353111325155
35734,60.135531680460865
58571,68.0433749921004
10968,68.61052929295062
43010,35.24456280806321
20749,32.055787962104674
66549,83.6746014073162
1028,31.465979121526413
94532,50.88879899410236
66990,36.02906060847868
41921,62.010871983771516
17404,61.40077729736186
75182,65.8910306684692
92489,62.952243026034644
31452,78.96774146389535
93849,44.02266702565222
45176,68.96593044976831
22015,39.6969886049086
81024,70.76132933275667
99600,55.76524805827639
71454,66.99606660676415
58064,66.5759967324232
29043,73.97160928705964
77065,53.91396418424766
49596,38.822362032047884
84022,60.73483431753435
54048,61.810653007834816
89370,18.792065979805493
44446,26.78511199976766
64541,53.58492566869771
97405,59.990677653952936
61412,67.89434440705037
80343,41.32331891246267
56025,65.17643326785978
60369,53.93796286457473
81134,75.83002439152517
64507,31.92934641739849
62976,76.60149938937141
24751,55.81536110684989
58194,33.20643423576409
52002,85.39894378992452
25530,66.91730453644642
61221,34.496730153718644
22846,75.72509911386831
55633,78.03430561710937
55094,77.53127524677555
87169,33.10463215434384
71340,78.11152488545767
96218,80.85633709243393
66664,68.90126858604219
84738,57.14951140868514
101747,72.45397137483911
7938,47.743687420727255
42124,32.92766507720013
31045,66.00964952638404
16240,31.419962148707683
65645,34.799543332998645
21923,78.01054587068518
38518,53.52795932291245
21705,76.0087630151859
41413,65.82681080727775
85801,74.95605189980378
96731,62.82417387581094
58220,47.07190081191116
30112,66.76072932852358
32074,39.65770571658724
94506,33.66804218847202
12714,75.00436085536376
4416,69.09162378005189
74786,40.80621419729696
36677,42.51374673677287
28994,40.89488006354952
90077,69.03103085950096
58331,36.321856881359416
45393,64.94116525326457
48080,64.96178569743051
1695,44.046828757517865
11457,99.73044028995844
96579,62.10724930498198
6560,21.75864768603462
66337,64.06969641464036
91081,44.839562263744355
26061,33.10628902070436
29804,42.259389519928504
78769,36.94152293224552
60454,36.80463110731314
25440,42.986656193479604
62031,58.63105664676891
72489,33.431661657038426
94290,79.99593168595845
35504,42.997961899086214
2680,31.319657019794445
1665,63.4956628894453
73022,75.19707431292258
32941,71.91767255812118
30476,37.54067902638122
84938,50.61690592811988
95631,57.0036643360379
95532,58.167832173265225
90919,46.697843112619765
52561,68.10418593975157
50257,47.18320872150654
59190,45.30611066503222
90210,35.681227921543154
84081,33.57611610159654
41023,40.06709927579564
95280,40.967733785324086
18615,52.4291507622047
61671,40.957045848835094
12312,72.74046167074107
28387,40.211526071325494
70485,71.8895279768497
98302,60.749514441101056
97392,63.00971330982635
74154,27.809612599035763
57836,31.815477356168778
10396,50.83392889010476
7721,68.88327688672581
31912,50.99294468044365
45911,64.93657318034349
69812,64.08774129340878
65406,61.94566194124548
75129,61.79939843515067
36568,74.91166075500821
82436,32.62463961432249
74012,72.12324709778562
66171,40.82217102825231
55763,40.86582264373053
77466,73.49409088962973
196,77.96421523053561
68449,57.05186608885841
8429,59.93737759862688
81458,67.9754196872838
7235,33.83480274431551
14475,68.82975419053273
73246,49.63618673309831
48227,34.06132944024975
87164,43.107103421809356
50346,53.34737124324745
39572,70.92019569238572
68063,31.778949329892356
26101,77.99285485197353
58006,78.04728989307586
19593,37.60066348926049
9828,24.80955111447421
11110,68.75600337111774
64544,33.141607462252956
13119,70.01521685469447
31598,41.54866401372447
51591,50.05825425125912
73955,82.1704171420718
51858,39.10187162174767
33204,50.226719417201366
55443,32.53471728274428
74861,68.86734446128366
77382,31.97775600981567
43467,34.8369519034974
37767,44.39597636258618
58351,39.49370909551507
41479,62.151595443709084
26550,30.173993393828333
16726,40.513981843805894
9109,34.67856998589412
90870,41.797150606040404
93392,74.12100989988139
55432,34.770253872523504
42566,64.06234333810715
699,65.86239559124513
67412,76.81166826831272
12722,41.51083339862204
81878,29.861839711203114
94431,33.726101045950536
22835,51.931779374221364
5970,78.59869007869966
65647,31.786636244434785
61127,33.63228960307874
20424,49.777913917955345
13005,71.04078426354481
59294,58.83821181215521
24888,47.98361272486575
75449,33.9797997994868
2897,62.11665832469458
76407,72.30258075518941
43531,54.52152576142515
11512,97.79566526025903
78149,74.71093727056618
19711,53.08871592189769
12645,37.75660891790928
82558,61.09425033534909
42031,68.58862115655788
6449,65.74927819726645
58720,76.64848211814109
37094,31.66069314142821
3352,81.71280561265229
70936,22.389742257430672
4214,28.685141730727892
73487,83.90889000481656
32539,34.24568943477596
27165,45.14838076526756
54932,30.929661340227412
9108,79.93020057555664
74940,72.14783093132824
8789,74.43276750629553
58095,32.30042652826842
96044,71.49300043900104
11485,51.01399357643302
70260,41.43552654114162
98176,41.71620848786878
87646,59.779098830226445
19592,33.40976606712004
57599,43.36880335597678
91812,29.479022105526553
5787,43.00342512283459
18571,62.2002431559023
56772,67.35073155344656
12044,70.02484588307473
42209,74.6328413571627
95487,26.500761367668957
35011,38.91085771589725
102326,39.56806449252285
56204,34.62035892469285
65683,55.00762898010795
67489,71.5422290480279
74794,31.223719228605297
34303,34.659993902949665
50207,66.82336154711678
3260,32.74759777829741
61701,69.02390983932767
75894,35.387324266221626
83465,35.39050942507903
44440,74.99963450424588
89950,41.531158003344586
36687,69.96615904899481
90052,46.234385552072204
76786,31.422767954591972
44808,77.77094337831282
84875,31.18372620658747
30257,33.031351221214784
78821,65.00357731617207
44505,78.32928274959995
60809,69.9521431665207
8364,41.33922959128672
64221,29.151295333866184
30063,30.88744879964741
11738,49.45674473428322
64440,49.040839794571255
56643,79.87590887428554
26454,47.0923621516147
53693,39.955539909153835
16289,66.9925341478421
92846,31.162387295220874
85266,21.034897953154456
1877,76.28831299424397
8779,51.43693946394119
67890,41.888140476536435
22952,81.98291404201748
106,35.27605059510965
13705,72.64396855896754
84492,67.00955692130253
62455,25.06056763473008
59898,72.90183965953297
57320,50.156246752883945
31358,63.18109033304884
2713,97.99404306528385
14222,67.84187895073231
12703,62.62314639520196
35401,65.35033377938068
54135,66.57648807771724
58518,32.77313692379856
9260,70.28846691846766
12322,30.78939922533762
43030,45.850658610456215
81197,46.01680345884961
56594,60.00685215238825
98088,42.82615590115975
97413,68.03513659158068
51060,34.407008437667294
35524,47.78491034277578
14433,69.79190075192895
45852,75.4980684655826
53171,67.95495815883325
87090,52.25500079150098
63325,76.87270133594606
21646,68.0797901228687
48039,62.20622836709903
13939,61.64290541151897
91442,69.43465155125045
54194,70.36296054472359
6438,69.07559674288231
44516,64.1581009100756
19120,71.27172586601209
41398,40.45808228841268
40470,67.22189971258571
98874,74.20990929053761
89665,66.00040888130991
96375,41.10926876013682
60370,73.1177691601472
48700,50.873181185711736
72884,55.1130456602552
76936,19.216220655276718
71999,58.93174251615959
49639,56.0233685992615
85317,84.17965338781495
62246,54.055456687187714
8946,33.825528062980716
56134,54.07734430554527
30398,70.24171184992917
59901,82.94656452934
12822,35.62594736972887
61841,33.51508652724748
80009,70.88920748340735
45209,60.97341686821905
61387,41.71432860228859
32334,40.313592450524354
47350,68.18108432331218
797,68.91169432822521
44352,32.375532262015106
63959,86.07522152975568
87124,62.08220668295031
47127,34.209445419040925
28441,71.08073578609839
83857,54.29538232602957
83372,43.9517393981456
79155,56.198957192214515
50937,26.084435451141868
89516,41.3181595387532
46491,70.95508671245989
29095,59.66909387511306
40544,60.15920154652838
24775,55.06160005559005
74037,78.07671380352642
29345,34.990895977670725
100497,33.596370315980074
27591,76.96102187185599
96268,73.99523732304806
84420,38.750513139716276
88986,66.8131582560078
12886,31.138114142551334
8860,40.2187270073914
4385,41.93414376566523
35548,80.99922464751417
17583,63.85886626601767
13419,34.845020119150114
43628,70.8975728719193
30150,32.17625406540403
31115,42.33765464685921
57814,58.477445518303334
75938,58.81518061765266
27974,63.85701782745544
5048,62.87421238620901
23894,46.22710299821425
14941,40.92516161421424
79123,96.3146559897535
76874,74.65708526101994
319,75.94035393281689
93105,73.23619693836424
30713,32.583231681372446
19105,62.966935358871154
88972,44.635473667374164
9491,13.865276220177254
99010,33.24367105019561
68008,73.86480140769896
38456,37.13369647826054
85437,73.86222540163976
90264,26.86884643894826
52617,80.21467749756545
22357,67.84630790317425
39594,73.31805715718156
43351,47.36629456619207
22162,32.77456837907073
41214,77.29410025089547
99238,73.06319175737168
96898,28.02828317906937
6611,65.15753568862351
63354,30.05729476175173
56408,67.77914693542263
13573,79.4268341362662
1550,55.140128579845474
47304,67.81414686261334
57442,33.4961438712762
2335,47.21996899748993
3191,39.671127740833754
65925,76.99704497780462
63485,62.393756214640526
23959,31.79206362031775
88364,47.82566076590486
27249,70.95711691030957
81736,33.88335760512673
37315,46.91601211961227
26874,59.4485581202794
72851,33.734090003609346
23601,64.62827859573497
88271,29.574577311833355
3246,31.704497732828955
77750,78.98242352869457
50578,26.965017166414384
11727,40.56748234085653
93298,49.4374717161829
43449,68.72697873181338
71179,62.03103692552884
10265,40.099398682367834
70637,77.864771411764
85341,33.28036604020347
68700,73.12924083065826
15164,73.27544572377798
44798,67.92427231809896
68151,21.417190128408507
63120,74.55201256093405
91832,32.13533998198059
2414,46.31975700646177
31956,14.034360054775156
81930,68.05171868497041
13761,27.062650868672076
45658,29.812788395415836
42752,50.02459950833716
53703,61.872970748016186
3006,34.39745214419554
35158,40.916922211623515
51981,40.403194518569826
68657,40.12438532623637
85850,66.90823243711615
102656,73.70635297748561
67767,66.58203943727605
98073,34.117528437377885
90339,32.074887801136825
44304,39.93161156624714
100907,53.56158557067485
100501,72.58982419999865
63149,36.40630409707999
92400,37.76839683156935
94312,33.16990165098754
65525,40.855283804732345
49444,68.05692248474779
7447,57.05759307738997
73804,33.41628432116981
56453,65.04647922564261
41601,57.561009796203706
35210,71.70235550211538
61357,41.582260717393446
26404,67.24619180426672
83615,35.346420667800956
27760,63.13529307941652
20340,29.514568379553282
62409,33.885422611600674
31934,70.06756986565463
34029,65.00148739239577
2046,47.24826242756882
20105,60.05632852653356
18343,72.08185821314498
12679,55.06821965433111
3151,63.90540880442414
88428,53.07211262711718
79831,40.17381009902483
20265,51.810973512049394
54629,72.71940307310747
92218,18.020124705722793
54945,46.02275879749505
99537,45.8163527221534
25499,38.99558834942996
15692,42.842604492656434
48391,66.97446947040741
48785,71.19952843117797
24779,51.13115803992102
41439,31.87401187815802
34028,41.36292874062346
34765,63.78381947010158
70999,22.110416373699337
101534,69.20274674588788
17222,33.33412361769285
60227,32.60993672671712
17639,44.614638034089026
87517,41.33383034464028
56216,29.827407731193432
28182,32.218978706787155
102432,79.12516265233809
60241,65.87990730165555
70391,50.68303702012068
30154,68.17952408252387
69101,75.0082999644801
21433,38.60962416086775
56158,54.79991314067229
90101,47.941699814756994
101076,32.05344482061668
88709,77.97303310361085
10032,61.9826824756614
47497,82.54027497371432
3833,78.5118879350332
32363,47.225957455052644
9428,74.89696185744818
22652,39.84815586034323
21073,40.19060578545982
15440,65.99920883132353
57791,74.99934463895937
37895,60.10051663817645
69570,58.805191875552325
62080,62.927549507427294
14218,70.33855035544374
24333,80.0547277341345
64139,44.00289644626753
60005,31.356306579641696
62821,74.10734756806448
63352,67.06995289189169
91481,65.89432970190893
49189,30.7157503016636
77649,42.265573474640696
24074,69.35684499601167
49797,70.2170532964839
6261,67.7275239521744
68632,32.96889170725396
29239,58.591931024515006
47077,69.87959483750544
14848,61.1218045747938
75644,65.66733056722342
11113,73.62289814221305
85086,43.126772295087655
61614,34.1944880024295
30269,75.427285956503
25310,35.75995857047888
48411,70.47028563536432
94640,69.02283455884086
83779,29.970273937814046
8892,48.31914785247364
74829,68.2244764806521
70616,40.240477016062115
40959,15.960448771667416
2967,74.23118153684806
83667,32.74787533817145
14429,67.13216548020978
50590,73.94635633802467
44383,57.009585702447374
49227,64.73659022963713
87676,76.20808118118799
73690,31.1901484905085
14491,40.74622268628289
16525,50.33036381804953
67352,48.25841056487671
41176,79.85771289375162
66295,32.34975961697329
87000,38.04940956125489
10092,39.47753182150343
31052,61.69811129329225
45039,82.8098951021253
40474,69.24375439386691
13529,41.22973898081389
7518,64.91693966390304
8158,79.95640498946634
61076,78.02266706749151
73011,69.87793661886207
56599,29.538117150484958
100657,55.247049229798606
83036,39.71572802192149
30685,26.460799866753682
3991,65.69208329495282
45554,8.894594011475846
28646,24.888009419822303
15665,67.55155970868964
58998,65.92189810031545
99809,67.00832268777611
44053,65.26944402326399
45372,33.63587444777901
26328,60.97341166580058
41579,57.96153872369488
35609,56.050619275943845
29367,79.05479310449144
81851,70.04692278011808
91446,23.04156091044644
48010,71.7357172943895
32648,35.36018450513599
65357,30.333376238586183
9701,39.86082777853118
4778,72.79582759836326
47694,33.28419766922078
32655,53.977746364678865
12263,41.66860194810489
10335,37.66240321719305
75734,73.02527877132319
40025,73.27507725167715
2915,78.08639722581492
26680,57.19503597383844
93618,26.733188206026746
27213,68.56045405310618
74028,20.76192384865111
24406,46.99661349307734
58030,75.1373271202053
91206,52.64887161978649
77507,43.977824060616825
56842,34.442263719630944
42624,38.72977549656097
54142,40.398605398914654
78098,26.68495497167613
92321,42.01671202987602
86551,32.20559777725751
43129,59.09667723590907
61737,68.60514991160917
18759,66.2415523513645
11015,50.25081789025438
84928,38.080770689500454
58173,30.601532418228782
67053,33.829476586472715
11904,71.14127220003724
66841,68.87883631089977
59652,53.25294535985941
18737,41.82879132762404
61514,65.88641533347575
54039,43.02050981498596
39091,18.92999245623603
8257,56.03327375513373
64584,42.12947510708389
57096,52.13065914619084
100491,95.89424373934432
4922,67.01561697677673
84692,40.58149215941752
84427,65.06731171098895
42689,80.06549312162724
92821,38.0031349773916
99123,57.79181678753622
11177,62.83638542300186
7774,34.93981670382943
91274,70.51388462779514
24252,41.04544633018199
90654,40.38933818888435
33541,73.1154514349335
34521,32.85756138791408
93371,61.05150437663704
87463,56.487045349849986
55514,41.638405577348394
41637,49.94160367722596
5172,53.04569920630105
14733,66.8221362757971
75254,63.85905729894832
16228,73.92451034430937
33943,31.983669091771432
74538,58.02731461305853
45335,48.6098788074348
16225,47.537821460536776
7752,27.248776300648757
39305,35.06252025734316
21262,69.59200742163725
82189,37.25304568566081
61411,70.8946294604639
4006,3.2660558515390647
91357,55.92543545866003
101437,54.855377508341846
43904,50.927243490242645
67381,39.63575177066683
6932,59.45582064970408
80008,44.72937351852518
9920,82.17279678367643
70288,38.87055599274125
71838,41.85594182133937
36200,77.30153102143885
80458,76.020070858975
43406,32.26378967231605
50754,79.14229276197332
97789,17.997175507349265
49415,37.09145343434611
31947,86.891230880638
89594,56.232401263102616
21986,56.58823101578756
13869,40.73846281374544
42818,67.64282889988809
81669,41.44888689134137
97781,40.09077048765804
42242,68.70982424622596
63834,71.91917708985486
94223,41.38595930520068
47495,59.31098923602535
101213,57.98699239812093
10542,49.42999724840155
47036,75.06124415268033
42942,69.77723134976375
2781,63.81208433484933
71496,73.90607049048862
51644,65.05840599151006
91120,63.43920020954446
81223,32.34670285223151
39182,39.87153097885326
83725,52.09953271007774
40819,31.852331283791116
59062,55.84348181746068
75876,54.85420288976512
64260,59.98721165178495
14657,31.46937232752066
102262,47.82931625114931
12198,67.7908974763574
48034,36.504721961820884
28070,37.050262774898535
43221,57.39231856820437
52942,39.458298301148105
94977,60.01924327046302
8163,40.348382473444566
41225,81.05668926287697
83365,58.9542928582551
24015,63.828727589815564
96172,53.11630799540268
81121,62.93523802271912
40199,64.14932416412904
73581,71.06788727749108
52031,43.37393086105001
36424,75.55278939833352
55289,57.063935961739645
34479,21.68076508312101
89712,68.81138432671244
83852,81.78490112028902
69495,46.056753596433126
66393,34.297609550828895
6036,73.2361190655525
47374,74.79956588798495
931,46.00208490463967
60243,65.85217565142105
48161,82.73922532025188
64270,72.11107268944221
78468,50.23121442868752
3232,29.587037436681644
14207,76.73819136041806
34770,29.052201685850406
252,50.422512305514275
13219,78.13467800934257
13017,75.39203452232638
84370,71.04526823725523
90720,23.66064658806069
69852,55.19410462093285
5632,41.07483286241644
80508,84.18713751780996
24814,46.91897410449242
89842,61.43029468533804
43559,77.6240850575146
21621,40.322968600596866
101177,61.297712168034984
56401,68.95524365494701
88965,70.85612632816017
84745,74.5676266760116
72203,39.88752229940544
29722,67.02924996102576
39909,81.75711709549833
33459,71.12140416954614
101885,76.37079165695445
80767,22.314041907399883
12661,78.72637405405814
87942,72.57099945618154
92587,39.19234869219341
16811,33.013449582648235
63606,31.726386199992657
54842,31.887110296540612
60428,56.02365972353343
63660,53.095600864826906
41614,55.48750952834371
10020,64.61975690776006
67442,40.054408354862645
25285,69.99198618522936
21097,64.65977328215277
26603,75.14498235200631
71769,72.04005844245361
64640,52.792232063785946
53047,59.26873036650757
77346,54.09693662179078
28046,80.00383964480051
73801,50.158585266452704
24516,73.06707133400346
19005,51.879089985175256
78230,41.65520044950753
52023,79.99864072951559
101423,42.5343939755661
76534,33.59857450740105
4202,68.20542346697476
69309,47.430114698977206
2997,32.101937445197194
99597,36.670103887672894
13682,39.993898936628
29389,29.43880929396997
24113,54.11857286744613
99072,59.91432360028189
47124,42.03729380314731
87577,44.826692597288854
72849,35.321933638559244
8286,45.35498515901939
101886,58.89676872738804
14391,72.06372145295296
13531,49.191829202311325
41392,31.1994843693712
93614,23.22922804118857
69944,37.52174703871142
88471,38.55529093843572
91636,56.99961560033913
94502,47.95633448223006
96569,35.46186955217062
67853,70.75055734223571
9116,42.70372917064191
55548,34.90565522832437
17717,36.15590975661319
75655,34.09779095691544
92279,31.080966919709127
12448,34.487917950354884
30560,47.077211666559265
69787,42.86203194758795
3792,49.16101346040678
94034,73.63101044934791
57294,37.72272516398419
83794,31.07976575227167
98653,41.08026518647843
98986,32.93375151082508
17589,24.892080368583883
30018,80.41017554042476
34440,49.290174327592716
42562,45.46001655611506
17285,55.770058413632555
102185,63.031770692579805
57598,59.98135559568559
25444,32.13312448767816
84898,33.12150070649914
6612,67.69939522407647
39153,68.42493020107844
37244,97.10764419270552
99856,68.9449391432735
74579,33.72777300027879
78555,39.98224594289772
50120,63.95520269704336
24171,70.005511574845
33076,31.89925853864525
77259,44.34520477703952
99650,36.046707956905365
33225,59.450183700475336
57186,38.59808710384199
69784,42.02201661324115
95638,35.12225345241851
55407,72.6635605216162
50631,78.97002331394012
25763,61.72586487860513
206,68.98335377575145
43013,51.16459634551468
52739,86.03902024131615
26485,29.89973244708326
19057,68.58361479645342
24299,73.159284067008
5551,81.94806960469933
101934,34.522408789246455
59426,39.72227126694029
25470,33.655405482748414
16045,33.59069189778524
94376,71.56075330643277
14969,55.313403293857
9250,62.96111003056157
26611,67.25840655036745
59731,84.82203561886757
69971,62.64807908523366
53250,31.109815710739525
85899,75.42960069758108
34754,47.0149629634636
42718,35.50617393944091
34925,33.86528884840166
7399,52.036547252103176
90273,60.99946531332573
17059,60.28243756153985
74181,72.90041933867157
35751,54.152162227032804
66856,42.76770171802125
9272,76.3304593288351
48426,18.010873557492687
35846,74.8919906584657
14785,70.78177956003954
69295,53.666124690647074
68467,77.79549948827622
29357,78.90239531445272
78820,48.98740661242999
63118,58.07536225090955
31994,44.98934710428373
54343,31.077333835308213
22553,43.33653807530807
11826,46.567602215260614
82118,28.15854623570268
14517,67.34428767356927
83537,55.24692753384242
9985,34.863649937963295
53842,65.6320921015211
79512,36.00127804684739
4444,71.91223855455812
97553,28.938956193115946
87201,81.0140792383335
83509,33.663185169309
95685,21.714177112679756
92964,63.51771761889288
99401,59.017505095718974
47822,28.651622945178765
47331,70.0806284803239
67970,31.39070755289143
29680,43.78372886455644
102147,30.966278986539688
94539,61.2202656083917
32415,49.65380055808358
82442,34.463289792390476
6947,61.922152157698086
14349,61.89598875284175
64294,71.06704237348282
24893,67.77664422167732
60744,68.15125075242167
51548,69.60834301942246
13332,67.14530156363294
44662,41.5126334962296
4865,40.257522913031345
69314,51.03689987526703
50556,73.15217930439081
44915,71.03957750933702
93329,72.08523086193844
67668,67.1772557277356
12376,36.938499036469004
53065,60.734048016800514
5239,38.9752662909655
4784,21.661114886535625
55971,80.00317464045699
20511,68.78982485571723
94764,34.62761578013754
44354,73.12613428449905
90652,39.78157517499537
87636,72.37134610696262
37139,68.94146202178209
34565,34.88486503311291
10758,40.057676487288134
56665,46.88118962365415
65415,33.56513123521853
6164,73.86173310556768
97654,39.67125018770379
52375,72.07616053809463
19745,59.22832658878181
25385,72.06310166500037
36045,68.40737365907904
88193,30.679903742130467
2149,70.83640979442333
56131,49.19943887567482
59030,29.59885972237121
49210,36.62311326446116
1960,49.944899859080515
95433,40.682117595140824
57391,57.79608649273652
44457,54.501326426794954
39815,39.40658900184346
98955,60.7888894975511
61881,35.854223048346434
48595,29.01353769407825
22754,72.07563823189595
19512,47.25591445632382
69450,79.31741753164528
13216,34.26759675962675
20926,34.60305832250168
24257,69.2149057483773
13970,72.06454904718623
61508,45.043088475419786
62371,57.03079019595113
47270,52.85329457312383
74935,33.85664672405312
48984,53.93006483797318
76835,53.436772354764436
64321,53.91192669402805
9666,66.74099355079301
55792,82.36150963938135
7992,74.01096225809349
16887,62.1944856599637
80679,62.93338602710077
61339,41.58701430545482
75852,68.16074979338293
46141,32.9689385108474
18634,47.12546044680026
66449,55.942602108350926
7067,66.58480695720323
19414,22.20284423090639
63267,60.95347671332646
12301,66.97523298658982
11225,57.96567462780604
10785,74.98867768637592
27126,37.34805428956799
53664,33.763757236773245
88439,32.997344724452674
21216,39.57676330428512
67967,31.004776402014933
10451,77.98554518554641
31271,39.44876805591998
12479,31.940146967578496
47308,32.94123959956432
54739,68.81546754903033
35662,44.885141554914306
33936,61.04993987856004
26986,79.95553478270135
32032,61.78314343263902
14454,45.578111546668815
63367,47.44427985827862
916,42.91392759312078
911,50.728258525567696
73519,75.31071535769124
64819,38.46112306766089
35043,79.9692214638711
8905,48.77455146473091
62888,42.920761186439975
29766,34.26441920399968
8373,42.492915180967
63996,65.73999414502248
49789,36.869785900075115
63373,57.830155871915586
59730,74.86117394642494
83222,47.88754323489743
41874,7.976243677292725
83259,54.28829710601185
36326,35.056120778370335
73026,72.42780916999374
92775,64.64400083425456
17643,56.320148993937266
62470,13.53616531379329
37589,68.4328870627215
33725,36.08568000572643
57766,37.535029056151764
39346,73.10950475106594
70400,69.7501647403136
27671,76.63602957525285
40697,55.811723950688936
90551,77.76116390841685
45904,69.97435916564561
43469,34.76613486780475
5772,32.971366192029535
83390,58.006241142548646
54256,30.78881373182219
47928,46.22919033299637
66750,33.05943720427155
87940,55.34186518996134
43223,63.91224771408912
91240,32.217997245659944
81078,31.017209837724902
56667,38.886423097079515
9016,69.0625257907895
49265,66.08299766305237
5111,71.84877391942865
80754,33.16996696927058
27356,68.41743765709693
47217,62.09709605400711
78751,33.80228587525492
96073,80.96589161062516
6724,65.01513443772441
53624,44.74141625861595
11773,59.91105499434435
4593,72.97845982321809
32274,82.51012033426937
72525,30.884420657548976
31080,66.71857889027342
85499,43.00382989094297
84190,39.16788403957409
30768,67.9127059350419
83584,30.832930516299083
59242,69.04136619536379
70351,69.11756472845855
92847,38.50046537339388
57150,54.422126344688394
12776,35.79472875031471
65013,46.67086728134029
72889,39.13373008647058
87825,47.719907677928305
93557,39.58206565659593
23302,71.9173176898145
63366,41.805466885612205
73994,39.978377562348314
90170,35.71564493123268
32977,36.71856452567033
26095,64.98775934169808
34269,69.62252657465507
39343,54.925281738160564
34527,42.68119952910938
18609,50.97778419731851
95999,70.9699931929066
65206,58.676577351645946
12210,50.945351356233715
99380,50.233623718098286
18442,66.05526287328934
66696,47.447909982261976
37092,50.76524623579047
78329,78.11815242634674
5880,33.662650610749814
81415,33.05967689550735
7959,78.80566787573045
98717,29.580330840979503
1622,91.21385067777473
46766,75.25520624929696
60717,69.86272500345714
66321,42.08169816564608
79082,41.04923328798188
56982,39.34966179563685
27727,60.440205851272424
73253,40.23872277689918
102225,73.05683112919345
80795,71.36282887583354
88565,76.05544790255834
63489,44.9868514900078
5463,68.77721506907838
100062,73.98623760565509
35590,32.71696138206472
13977,54.06911671098456
608,54.98602688510825
44067,71.9843665867223
19673,37.99062489827835
4494,31.410972142670804
64367,69.63839794766122
30933,62.467636448104
83369,63.500726874011804
65593,29.43853030080273
73456,79.1444666024174
53668,73.89515434438971
57733,81.76365618635518
93678,33.45314568869763
709,38.92681385554748
15730,82.02946284701744
54686,58.73777474751968
8762,47.58343492547012
60630,64.64638682801717
78861,31.39704951912414
91049,28.849084214412873
77664,30.067067620159026
41818,72.55603100758083
96001,75.71577838579833
75575,73.24868517660686
75253,40.70464216037348
80481,69.86901438306677
59313,65.738270049282
265,68.97041700254849
60069,79.05329545463809
55209,67.97056917369734
64227,48.01119871727895
87566,36.686575812044104
55430,81.0492518660387
40922,79.36003584512773
29895,71.17072262373443
31810,64.03970250505648
19017,72.1996800332152
52697,52.627486637431794
24114,31.054379749916695
18611,33.80039337509951
58521,65.94961922327593
35487,33.074369038353595
49648,35.855135959445896
23896,83.67316584941855
5150,33.614109234251615
47616,42.589070134946354
100920,69.05162526182627
8203,51.0405370225901
32076,28.86310325766601
48050,35.21130105064213
7382,33.10207995475467
17536,33.88334403357066
34617,61.18334938383539
96262,19.050814952098754
11270,66.86511488489722
33286,76.45311482882923
49359,35.23112841039746
69285,45.99107202311072
6442,17.574343497541527
93011,48.361047684990595
19121,41.275137919153124
43742,38.769935154554744
85655,33.93900824893804
101406,32.607258266594485
95282,75.81463196217678
95848,86.38261105176473
69196,74.98269317858532
98851,38.48297515437685
68367,61.713810686964834
43684,53.53041570639054
21795,35.212446832583566
77550,27.859280257836364
5022,35.53932470012671
96690,73.80306996155474
23692,73.78891421887639
50979,41.037317903635646
18502,48.747172310593555
13312,72.11378193542768
100248,31.19971049267731
99932,78.80846938759865
95183,46.46493869156076
8701,67.04686911688239
31503,76.01348543700877
6604,46.95797378825846
45949,56.598964328688524
40984,29.330434062858572
49565,74.79617598703345
89764,59.994469782950425
57336,80.24206215797656
54444,53.5700809023503
67478,40.20020905693405
60589,73.41817688933736
76579,71.95781669256712
31087,31.441429741753787
30702,64.13380906337053
100975,65.12937939036478
70299,30.38272894440471
92584,31.292091595718937
52853,77.95515818559069
82116,58.72473020411172
4518,67.94019094732248
39270,42.00073805536182
92153,40.8835850362894
59951,71.18798277150096
56787,75.13201870154356
66273,31.692372805165537
9947,36.67561614075515
51965,52.69639209064053
58750,47.647495613184034
10596,47.03644909676489
68364,29.336694775677916
31928,44.16279727869549
73327,40.6050833243231
87236,57.47445308095472
20934,47.94721566672057
47225,21.6732655062089
14503,62.94746637015294
55272,27.225137741559678
4174,64.03807242103618
18390,33.08206977399849
7179,35.06912748736373
35160,73.27539553161341
22365,42.455517040651216
51234,39.88799755566511
46826,72.02577807028979
32927,33.945407244416145
61516,31.981454472079427
25426,32.83384974743194
18649,41.82792955636018
71777,63.126390601664326
62112,9.51579326060343
70185,63.27843454698869
33832,64.90279670318364
63049,62.14323105414066
75247,67.9137331424312
20938,62.66009431075821
72388,69.91107163026615
25738,46.48861210573436
23955,41.07268565771687
52787,71.25615608468686
71990,31.18551297798492
40264,53.775780014597885
8290,71.46548073144092
49536,41.742203842484365
47721,43.41994515121022
7595,39.1386465559247
92551,33.52883186297809
82556,32.99462658035924
31601,36.8668477287531
66681,57.6395035015855
28807,35.338241207846664
33988,38.12055331623744
57778,82.3383623587529
40405,32.27443491766788
71780,75.07117970942636
49623,37.88444292730431
43671,52.14716954287031
30539,71.15468250970511
44676,35.58547469649821
32303,33.273262895859716
5412,68.01080068894763
26711,47.742766406487696
28420,65.87252946485556
100770,73.07245674242394
16791,55.78319664205625
8106,82.54617157119063
75875,42.34494483225851
84917,46.763639158275325
61989,82.52811776231502
44888,69.79530403280688
5729,67.16134561213354
696,72.08334519397184
29019,41.19169882226647
80016,75.68905359077482
40980,40.76852415104636
101663,42.6262488958012
101170,30.798051126724534
16843,56.655626912967215
20148,77.23131674914205
77597,65.18262073501425
67979,29.445822691052406
44867,62.96087793241814
100803,78.58323950987273
83160,62.95773850728425
77301,63.934349287237936
29077,60.40945492689253
9198,76.83499841020088
88434,26.085681472649632
16049,32.934867261795354
90587,80.27203010967557
89765,66.75952105438901
12268,41.80605686858755
37961,0.0
2727,71.98135991174294
4086,41.58332798087504
90579,52.98981845391624
57199,31.524784638097906
16405,69.44155112543018
53114,32.37956811887936
24205,65.07771010733171
97948,45.016630077470815
3840,26.754649216687184
97189,67.63206690042921
27956,41.57693211833562
48233,71.09546237761927
29156,59.676892033756936
23951,59.24368559786306
10368,77.59144428660787
46025,70.96223780744758
85548,55.0516639701009
36850,58.242324139419964
55203,25.782801303950144
73089,46.91293492282587
94761,42.8169934210528
48335,77.7570058747425
8805,58.9748800257188
33218,72.06154561071875
17357,69.08221788620739
9741,51.20594858241751
91964,80.01927575793195
90675,42.930153560848524
58174,28.798556172723163
38483,55.76273035791799
32551,80.95382776204684
72068,83.55797273116355
39570,33.915742948204304
73466,69.24765456701007
6896,39.01222528060714
101159,64.06612869349769
8916,57.98390364025583
53281,41.41984780737735
64067,72.13590150489897
30902,68.6721258118196
46953,41.34010672412795
88039,71.9777610395433
29801,40.18013939984685
28254,36.61055125802161
81856,57.25555405145642
92106,78.31036742717691
73899,52.11392205235087
27850,75.98320377418989
19665,31.80741587077423
99712,31.318104515260966
24685,76.09703987670747
73831,33.644197463132464
37468,46.58265575523648
49646,45.68862462757999
61120,54.38791709724192
98645,82.09285847696533
90771,58.17954919006286
22168,36.62946061217516
3834,29.323108766622273
81420,79.030405527211
19684,66.99661468809137
45567,33.92448100166485
84006,42.2353463671456
17545,52.718589270696285
2499,33.00361247518961
51306,28.102288293813523
92087,33.4865876527312
69012,28.094109497600677
16145,72.73383813436297
96874,64.94866746064723
68929,34.98183499258021
56753,69.15006956325311
22949,64.8129521928829
33759,56.96678869504479
25414,67.5814856885404
47979,31.5466617956685
85742,81.05078790465463
10184,74.73103721651546
68250,42.78767101555726
99969,41.910804665795595
40058,67.03554516276171
40885,66.96818466115008
23319,40.99575529259748
95674,78.09027371018627
98205,70.78083195038593
34099,33.95531639676054
39386,67.01861669315625
28514,45.00084196623553
36612,33.19049525698114
49530,35.414139842858134
7272,76.35620051117075
30541,34.000984799115955
99536,41.832146921245005
45316,32.92233294837526
46442,48.93996083790451
102221,35.65242873150935
16991,77.9683024120045
74082,51.64900753453032
16469,61.034437109926046
28499,69.80728354448135
6925,73.56631064606694
40113,58.988281345912924
79755,81.43941109813801
34764,32.58743626416348
32741,40.96164050858728
71322,35.200515597086984
5609,27.75371615023832
6425,32.980614937273344
90815,43.977073618424726
41705,69.01510649695103
46293,48.96383217054263
18449,41.0542891840699
70567,69.9578023673145
74823,78.07743225921732
95629,37.38428851492013
92548,42.01979223726113
55232,55.924155168700096
56161,41.92447479482697
37120,32.93336584576043
51664,48.37107164617238
37328,8.434794942575326
18379,53.536101029718246
48043,80.78507951991006
60787,60.80575113512576
82749,73.9754383271817
74139,56.090989001628216
45266,68.7988407640274
10182,74.88992263840017
29583,30.938513325318787
1436,32.691488852922944
62228,54.88310827511215
62257,67.2341858641626
50593,32.47284324666694
20221,70.92620903033117
62948,41.286998298511904
36977,33.82153518927809
51,31.92833744648768
38425,42.4207200697863
30950,41.46524412509128
1347,57.79218225555704
98458,27.93692154454211
78326,56.30829330243943
87805,32.36683252826897
45992,34.24730294401459
70319,69.7378939298183
79098,55.863021884538476
14190,57.01347035406946
73938,60.61640921054334
3734,9.048350213691343
60610,71.20383525079566
1653,62.062099040541575
101542,72.17389449709657
26925,61.005592451693815
36367,33.845377908128675
50628,37.306310800696224
90417,63.449939109192464
10394,61.305198184510836
49010,64.37354760332214
2777,60.14501165688647
44224,32.02300660222995
100300,38.57244412273036
58849,54.35708768697302
51505,63.592458771080224
18383,46.00584915828827
74796,42.39883903787636
82645,67.48141877455053
40411,48.21853659464679
69911,71.07233575563549
69304,38.71162234204594
89701,20.957690785519922
72325,32.67831445462153
68748,73.78788740346215
11148,70.56166293739295
57388,65.23977280472984
13808,79.84727600684906
44060,34.43883480720214
14053,44.141578914176506
71343,60.9959701433122
27535,37.94480134810427
21014,61.89445075119933
66957,39.29012150464258
31060,53.543521765040126
10466,77.97443289122175
26502,65.15670634696221
39117,58.11842776255688
60588,70.35193047048756
82105,57.66491939653717
77945,33.936973727051544
14802,46.920486388114
58193,48.87590253893439
17027,47.067789028075765
70133,70.43981366367522
33139,67.59299722441364
95555,37.124350557973905
85949,39.20572487673507
92616,71.86020338753445
66148,73.12916065430502
19218,34.92421057950819
84298,80.20049501150132
17698,30.675548041571417
8103,30.889595171281563
84336,78.7231784678994
28619,58.327936647586796
66799,81.58469211525544
94956,31.80846954636577
5619,40.474305712628485
55475,58.82918633809279
27809,67.38424322537762
68360,67.85178072265893
94214,49.11366221073266
92159,32.235236194713
68961,25.37792710223125
72159,29.33119559118152
84557,65.37148760917214
73558,74.88304838804021
83972,34.13180382346639
18277,78.06230146407842
60797,43.36422428474983
84428,78.06065113649206
64549,50.38677045854504
50295,30.334753478658232
74087,42.6258679453369
42799,50.23619714272583
32619,32.984025199954196
41199,43.04365200140423
33755,37.35864374555638
51509,71.91200117084375
70161,31.21250226589379
1107,91.20854931028268
69505,43.63254242746669
91182,24.952804248403044
54163,67.0294259947038
39447,29.804206688520434
57659,74.99956640242513
84354,38.69739548179785
48899,91.60915495195113
86287,60.80364105472505
1045,64.96628155004373
39356,24.572071695785866
52530,30.630488770024257
4683,72.27462125482862
82957,32.165015150564535
99586,71.86532296814737
48599,38.83625702705839
17007,64.16754858093051
96784,47.39620187409978
30521,45.96856357828608
40917,66.65499372983041
26216,52.69431866445178
55096,61.00315660054564
40,41.34151115556109
52969,34.92686104571137
19053,31.31607621875647
48537,69.19852983082194
41060,39.9027153885791
50963,51.40141620323322
1187,53.98764508093816
3756,60.66906036002951
45279,34.882436407221896
16594,49.30558915460478
92477,30.09468450927379
81337,33.63143456058153
93900,70.9177035760986
80895,38.966751030067776
37974,35.08276565581217
88608,36.861398643387666
80295,42.82151206530505
48066,71.44983794035801
82653,79.0561476623346
73724,79.97640103901531
44745,30.475614308056347
101042,74.63781492871378
2055,27.9336253489871
27918,74.92194054865966
15862,30.546331572564174
64372,19.171928119893984
53030,42.255867786156415
6774,64.11507534946594
192,62.058500681133594
7278,59.01415659049985
87087,65.88781557625892
12855,79.36390536302196
75946,71.13021729432295
49554,60.85062862543685
92531,84.08869243409666
25129,37.02419400061501
17937,68.16084282621782
9605,46.9122803675411
30252,41.76386533293643
6740,42.89069064642396
67792,33.60202494343848
4447,34.53497396320175
62686,30.32856757117291
75725,65.88663972860884
10052,33.978821291307895
60653,75.99638403197869
18651,41.63128442672038
54403,68.9756820960537
52159,31.885248984175917
43810,42.05570595840351
81768,58.81291797419875
18657,53.57837485670788
57559,26.00017092656382
101839,65.71912248704032
75017,64.87303035596466
12492,47.95587696248735
39352,52.85993969925253
3077,36.59525082082763
85590,68.94769064953425
40487,48.05660903278407
80381,3.7017108554316707
88478,62.879927701606206
53106,39.77365902419238
42092,84.01124873384875
41454,63.653926852230896
48543,70.96047989164032
53488,32.99309197975038
16380,73.45030041338484
76557,77.420587174654
99794,63.055188073031154
22687,47.98391871291564
87326,36.416989900842204
18765,42.18568341709722
2575,9.35379449209254
60459,79.3412281826206
89784,34.321860695604016
45590,43.152320336370344
67810,32.70890413193232
658,42.14154561581337
6994,56.008022129133415
49060,60.043241576111996
14964,49.477200861751214
3168,41.78998990155567
15780,71.72404450465584
49550,42.003242663580004
96127,58.32298324949208
44069,36.02268762140766
99053,29.549219425214325
74988,26.892779158230105
72791,57.64005838179928
102650,31.579415379669353
1312,32.114995134539974
102211,68.938051988208
75667,63.129337680569535
94262,63.014361713758696
22495,44.82043413843498
69789,61.04900122466869
85296,36.04088402741663
92814,57.30218090757068
13851,68.05753697347181
100511,74.46277959517715
72598,42.04129407083737
26591,33.0474330571146
28734,83.57921700953304
40410,70.05552315829024
13256,38.24504547341872
269,58.094230105210215
85134,72.07553639509482
81573,74.79742367950263
48442,60.296335176120316
6005,35.484111453986245
83172,71.83238355542187
90932,45.52122843320596
93926,65.66841094925147
85887,58.97668899381088
36185,0.0
13135,59.38747387543201
76684,74.95666263790089
70303,70.8780385487891
11206,55.82628441957591
77721,33.636424900466764
11913,82.37311009683424
34485,73.20441337645616
79453,67.81177797367967
36699,31.911876098411014
3185,41.41401644700924
47424,39.256272728695244
72540,54.23351639623781
76048,39.823556438591496
90355,63.85223555027662
83380,68.16566019248538
97445,60.62566208341087
69526,70.17450849230377
95749,52.61097892102874
92343,32.33690398880638
14167,66.93359940904963
66065,70.98206863459285
11070,65.72760580681438
18569,45.01472817722002
81377,57.04863601017939
100959,62.1164731135875
89678,50.31425342009302
96388,65.12313787134727
55175,38.99478373867667
85029,32.363581496086105
59755,66.88975679143249
85734,64.32887368495189
4406,41.19416089179486
48017,28.087006293335477
2015,60.604628584235286
3645,79.87774630907087
11266,59.01146794297128
50452,29.875229377795314
31438,54.348952349801145
34126,32.6245414622019
87911,57.099522911294954
73517,39.33858080548062
52336,64.96498130585536
92398,40.12519115948415
60567,56.144300910903425
58879,72.31723729359376
65227,64.37721356136619
57771,33.58663123360251
87242,64.20526657774842
69633,55.003657394804776
33965,24.59630934300378
6680,60.897659140741716
101827,65.85226749117479
55497,79.12104546879067
76810,77.48194967501604
50603,88.09593668939297
75389,46.83425871707847
13192,38.68781545518647
35809,38.85995410034568
1171,64.70163496728556
78047,28.583674745119065
25708,95.41468515539617
30993,40.561641621109175
66098,42.93761964653907
33268,41.864227129324775
40302,61.56250627719916
25663,66.98666163386333
45666,32.67356456146002
20592,70.85537247257732
12777,63.86127977571698
32932,66.84342911354459
57578,60.578208860990166
71242,77.47491117535252
28322,70.09360224452789
50529,26.31079588150538
72969,68.05521498508442
80405,71.90782501673309
82186,71.55920285878771
76320,40.51609328757846
65607,42.93201770208928
41381,79.93760880820489
51700,32.82731416231009
75402,64.00053280549676
52863,73.07507010055467
47068,32.78738870180355
41812,12.223338334322108
84163,48.148212556282346
46007,56.40274177821182
18186,53.512949644385586
22214,73.97228692334622
95818,5.8163365450939
68163,45.12364404762466
54179,35.05026416160384
44822,59.081193746698005
73007,34.035802700654465
100053,33.0101792824586
12108,73.64826210568609
42507,77.97707233952606
20093,34.12390300450737
42614,72.91852851438082
16258,71.94163213701795
47975,50.653782644755196
42423,21.600463585869893
67697,74.06267838759447
52927,68.96825450020413
1034,12.064716189616327
13139,44.079983411245045
31817,62.94108704056123
98833,33.244071135175325
29638,78.05500467454222
55377,73.99548191457754
15755,33.568701557613295
81480,48.176405139946716
81897,31.885939156061255
4102,70.09316479149192
55084,42.073654382018695
33917,73.53322469186787
89920,63.30374747219055
57247,70.29733817695615
4352,54.68767568320644
63568,17.70868716467066
58779,56.00797014518591
72371,69.88153029760154
2907,33.202704728012186
36393,66.02053645968996
31109,43.87023306946727
61384,82.36696227693926
87448,36.74046496779153
18684,63.429336041767215
94256,39.63205947770826
51847,29.083581503823254
91223,28.2506453883176
7881,65.11905162836794
84405,36.66644641799184
83215,42.893396306999456
35399,59.18321429521471
86403,70.96836752854776
83438,40.19467281915367
83353,50.90178292857585
86411,34.65172733892318
17138,60.784667309405535
88829,57.886663600102935
53038,30.13025743116413
31409,32.899599277414445
101552,8.983291206580589
41157,47.05253587101454
71978,62.00253254274661
24031,47.254220501902566
67063,67.62524445159815
32369,52.01307327461689
75418,59.323122439022654
88768,69.38394317874918
41242,32.075658017123516
27731,80.3783938241247
36430,39.870283148343155
5553,38.796068420075756
87831,63.095752150699546
55850,34.52672202952867
49081,58.768881048600676
670,50.160444656676496
59591,63.37800266440384
65711,75.20943664292584
92953,67.53792439642794
26512,33.07328351636567
53604,39.896005993398546
96024,38.07442113462029
57923,13.222180970094115
66370,71.01774677954481
95831,71.88833175389821
97391,54.80988050046379
76601,32.52861185624581
13062,40.179014417085014
96018,77.2625997598555
23170,45.0672347420485
88506,74.79854041423096
32555,97.81444264452168
86505,32.52364051574557
26999,53.21028872179636
55924,40.37827225017026
17291,81.62879981733734
45184,61.55286922603964
36380,70.02162488965811
34463,58.10901855438684
25599,36.86862034327403
99814,78.96668553466517
52615,72.88042857643251
7667,65.2556333311001
51289,74.71114112199038
88041,71.93227544318516
81845,53.1219793772216
75704,64.12813533353219
13309,40.93724164197215
44166,68.86938698186364
20824,52.90269237039557
38025,33.50435172985421
102475,80.13677633260511
73005,63.980277280340644
44960,78.05599782193195
34696,35.92273804087701
11304,59.06633781678107
102117,63.934707100923056
70683,74.96911274426739
32286,48.45317445131585
76229,70.05408635153105
53741,47.759755142558895
10938,28.051187599320464
9823,47.09363711286264
10190,64.92444408483789
7404,30.89649501931338
86245,34.095330560757034
91839,32.54460538010355
58211,72.00527977858188
3822,70.59839709081444
69387,62.161149879003545
84073,27.868920285303066
93449,28.885618090048453
51890,28.81469838348055
57906,51.58021515918743
63562,73.64873474644463
85875,75.02248875147458
69086,26.833710529909503
82876,74.95494494796807
16205,25.128202630593904
18399,26.717161701528745
100042,69.0954811555419
65364,61.96812174738046
98408,42.386539819174516
30825,30.206880588926044
59119,70.75708996775961
44380,39.88228049974022
47044,82.7809298636555
13270,69.1075977994098
94007,74.45175833986163
79566,40.46814052834078
78688,37.77269188771238
57427,40.51138238680474
88815,52.5934889997386
91597,76.09446706433602
21840,33.330029325611406
49399,44.47022064612708
88866,38.12418435470651
5531,57.7610048275134
101257,52.786567082208755
85882,42.96175617743801
53987,37.24336277900694
97680,24.78736395127629
4927,37.776072004146606
98524,41.38304930676753
6537,73.93647997575407
26934,32.88693996153047
65129,71.84442628638018
30290,57.5782195494593
8768,41.274562834420706
72546,34.63286818961748
75045,78.20169544348784
3397,35.420088771095415
49893,43.93920738243401
81059,64.9982799219786
53770,82.99245966471597
3955,33.40441740155041
49250,68.75771128112966
12666,70.7500934397716
11459,65.8684298557047
98386,54.02611115268036
10570,47.56605341259342
32790,66.87747319656026
93852,72.91349200710889
74222,41.85523533199742
72830,26.991478348018404
56879,33.02588985649061
79451,69.90861341416326
82986,33.88396411996955
65275,54.90573083593932
58483,41.35359872923918
81574,44.835505928845805
70990,30.228248229350243
29877,74.0524233273463
23446,39.61413773099045
371,85.07338677886467
65505,73.7292580406777
85238,51.77108258664714
91448,42.256596773914055
24173,31.871287401055195
92535,63.8391003546751
63446,55.00999207309923
66520,52.619519164634056
15139,22.647195363966492
35979,77.28239490000689
32002,32.881989039866504
34999,55.44588242511476
51651,31.065657736261848
25096,55.56714074256012
31644,63.74202808628402
61875,17.761968655828408
57000,70.20626382227421
18324,32.79346718712997
28074,52.00179698458428
33250,76.51390088622529
47132,32.062474272937145
12504,45.234085706804834
44631,77.04656224084201
17091,66.91746092055243
76705,30.05420091818188
8239,33.18381024025056
82304,41.69950479630936
28091,67.92616841164971
50783,71.84352833260797
27761,68.95797875464949
49644,30.054084824304063
3667,72.94874057014707
96133,29.914692938457357
46428,33.61971557265496
49559,64.30328959114576
7218,56.86073066199272
76668,59.61769505326364
82344,36.55914472203958
30760,62.493692938079064
20257,79.20591869511912
38341,59.8457394984846
70669,48.249553562181994
51406,70.01192762821123
34608,67.90509168428983
68033,44.67550862099867
97601,34.306093396240165
76628,38.07103096651156
64576,51.06013131321339
5790,64.91249119192364
84364,64.72128718301434
61419,70.83559143759
6466,47.236541417076054
68546,75.97606962871092
41677,33.82672824834193
18640,57.99364637515744
99977,59.93016332254405
95570,34.57364303179173
74273,53.76722875801239
27806,74.99509712061652
77123,70.01458485558582
89207,73.27634989415152
48307,31.07824526757419
50443,78.12517637506193
24783,77.26764966342131
26614,63.986000830462174
56862,67.56357428199009
95610,38.0166290316604
74091,66.54173560759781
35363,70.7981864145263
84883,33.28771500094586
56592,63.37824508127456
9466,39.353255528735104
54924,35.309935560627636
78922,31.337324208493524
24150,39.3660793598697
54248,31.79442561831155
24943,32.118655740954594
26804,84.97310070530261
87921,79.08277608432164
24903,73.0140261941737
49208,70.0514943768018
55915,82.17807456168192
12926,62.0077214452706
58240,74.09613748875714
4923,32.184339183290724
6197,32.960470844541454
69449,62.331343563341036
101421,37.98033633709862
97632,65.97065535051081
79089,25.855096692537312
293,34.010600910065484
52054,33.73892733725017
58697,60.520253196823035
82597,68.94216182375474
79036,69.70230798422853
25547,78.72418042743502
79994,49.8734309163418
63258,62.77042202205622
18467,47.80714132368621
138,41.228700446421875
64927,32.41954210016364
38613,64.59941295049231
26610,40.99662256989541
50045,70.13370655129326
30814,51.941624251917716
326,40.638047587955334
13253,52.955975951913416
57571,42.046566278167006
91519,48.272494302839945
44876,41.87693459870964
98009,30.11737469408055
40050,71.35713172649382
101875,68.18286320230405
25851,86.04104350531802
42961,50.13025483881389
89109,41.74386724336975
97446,46.79327466844458
24666,78.50430708669379
92300,52.03905453136166
94959,42.57511195908618
54206,37.91249814224717
88059,44.747234965273535
56794,36.23303016004307
59232,62.185435952989195
13637,77.99812116730703
15873,49.88730757915535
68416,39.303433241551275
76158,51.96494065989829
56775,66.97023638086026
8212,60.910339125642665
65638,27.36453889341397
60701,73.25672183936248
9796,61.08860324022956
89999,53.01934877508748
36129,62.01123582751292
66118,42.06907361616674
101741,34.691651725484505
17394,56.74680618373593
63064,68.02392278635915
2074,9.450754464864048
47214,32.61794393742338
96012,35.21023382476244
102311,58.76211596340534
2059,42.45726412085161
38517,20.911945222842615
78460,68.8800240557474
77412,41.61137473108877
20260,67.71161900969805
45724,57.67075018296985
96264,53.506737709531734
11325,75.25944111951662
92346,79.21549369605751
21084,63.991147024710145
95126,35.15391723165764
66152,24.7532300576872
30957,69.9661062628931
86371,31.698630224531495
82096,50.09553131182119
32114,83.86205806350083
26613,53.035046636114096
14577,28.860621415266515
52168,39.88475082119937
30571,54.97195360293125
39910,82.6597388965157
51734,39.47489684352327
78195,68.04275625806295
86247,41.53553959544587
33748,41.37796141275541
60015,31.117872505598534
23501,56.42008807117498
35664,33.48115480003671
43149,59.683009428265905
85182,26.058346374781912
54938,60.974034762915934
10694,33.304992564323605
8190,76.71005864769496
44646,39.88874481131563
100906,48.949746843115065
51237,39.125154934733644
50103,67.31658326310784
28916,52.04464737020169
22506,71.90545128004547
70620,46.94798932174696
63023,29.86495735786624
8096,35.77885546104199
48180,62.93749084393699
2928,41.18715060173059
9575,82.2309575144225
34623,65.8934764851585
77092,67.85067534584074
61626,84.15703964587905
24996,27.556631778241872
71525,38.0220396731875
9855,29.667466252375732
91863,54.990584523511785
7706,74.9917967857358
47866,51.31946536091698
33802,34.46839433202756
11710,74.55393160982045
15469,40.8545515047759
59137,49.77893513095795
53274,32.83061965880522
86142,62.93224132192207
88518,38.414131063563495
75504,75.48171107991658
80618,33.55898115755988
78257,25.56043595433029
100214,85.93548031989909
5823,53.87402450177032
64947,42.35422407545582
23168,48.77668256144749
54771,68.9680467693597
59935,66.89668733885702
25181,8.662581228590696
68833,71.98678697539165
33205,70.73875416154542
50467,58.38150869435136
31106,64.21039913969862
22781,73.83747747071482
75318,64.1105177473441
27022,43.173745675374434
84608,34.577190898478975
28019,71.96012745801902
81068,39.9260292964306
27107,43.818384647343706
16069,54.89441595301081
56443,80.93923586959008
72901,49.4872745331405
74745,50.998811755238975
8625,34.97883823304978
49100,68.84415219201777
64750,78.22051951817409
52472,68.73238522866822
29467,34.028305955111115
93346,47.570298708264986
84739,97.5018783105393
42257,30.118762274700792
11319,32.60460134137581
78065,41.76186647749785
41158,44.915181978262
15449,33.675301535603985
57477,30.715653205313906
87333,61.53872738347109
80404,55.78273208234529
91616,29.39702160412347
91881,66.9474344494599
50092,42.37017367761058
77913,74.07712225693325
55700,33.14544180097838
1004,28.908270805026785
45919,69.35644614337558
77808,75.76865200539984
13779,73.87647492207415
33966,61.14612563665006
94139,73.83480253045553
28427,78.66882905142023
65043,55.90294372963935
11549,79.97066008415626
71072,27.823098800265257
95467,39.902041402190534
42300,62.97002280416911
79984,71.0261566631493
62009,45.93889055449469
21847,49.88313110321049
76648,46.88073311681942
42851,73.84233629628102
13355,62.26988650612116
47710,64.49390676073794
28366,63.533283133405156
43292,75.18946493708002
10564,58.65188475288923
70300,82.33700054139021
9760,32.02358218676346
85290,69.63059783296228
65005,54.26367462524394
574,32.10165032585649
16771,62.98949315411451
93345,69.05905702084732
13933,55.07638159794337
82568,74.16536521185652
27652,41.95743032638946
43322,75.91168121612526
3135,63.11620282615301
55249,54.037124460819314
65556,67.86339288744912
85857,71.46002381387518
86789,44.04950728975872
68448,50.92165793022343
96866,40.001664552832786
5770,76.99678788305694
55614,78.9419662330732
77677,79.00122592063602
31636,34.09246325516142
70916,45.759033011255795
42139,41.96001696986712
2261,75.01607105813646
63449,34.53745084178412
10733,41.19886811493409
26158,59.84403073809889
15540,20.82024071555557
76056,62.11110832527895
94877,49.41995229289517
54768,32.845506595853955
84923,44.699501721319734
68396,63.21793119786149
20098,49.3889214748459
38527,80.92206942427259
98526,35.33124313011708
7639,43.464496228089104
75391,46.40915707797026
60248,62.08521672939319
41639,40.444382278081086
45471,46.99797950930849
5567,49.93825089596275
71635,39.419198763260006
17354,72.27260011892423
41257,64.9882158059564
36125,31.806901860755637
18757,42.99478020862517
24559,32.40399851418473
58995,71.10473461954854
6513,81.58513868804256
46863,81.97950706007737
73776,40.76630941719272
49423,75.98662604360453
66620,64.95180613779252
98175,37.5365083399882
85968,64.0452557251163
27033,60.86486815673304
77896,35.03344696876763
21632,65.94817163041417
67652,31.754161241529946
5252,61.27607614818423
70004,57.113534462631016
53072,69.50521039993131
70251,40.40684433241504
54514,30.68806054053563
5356,38.876853077317875
51381,31.967076474308225
7557,30.838741664576517
98555,70.9111271821302
80779,41.84827562964148
83947,46.117361097444174
45874,70.8917707641354
99865,23.960120376176093
39042,47.543912465035774
42100,32.57614975268476
65740,78.8671595786781
49653,72.54053092067262
11630,45.58880406839694
59186,38.412622812176814
19894,34.512588552968424
68112,69.300486580761
8294,34.314370360780245
49320,41.935260401508984
31588,72.96458393397594
14809,42.60124124895425
51754,81.0349187772986
32318,59.61824763144688
28997,32.55059772905008
26386,65.50608764785756
25160,52.66772512347663
62453,60.44164471154788
49467,57.88867428706323
33973,51.07435024551002
22663,31.487476244324768
37520,49.31355894746579
45800,57.824391618568086
97715,60.030674701230794
56768,74.08864742470685
35088,38.586710471059
47387,32.73908779863957
18061,37.69746267410378
6606,72.46201902707415
989,64.00653969987604
39680,81.04446081986109
28763,30.49398136150993
97306,60.934596514920266
80626,61.82328226240179
82796,81.7513541466394
31540,50.07156384247178
94357,52.53494177629864
34159,73.89302358335075
17770,67.25185881698383
66202,59.10427304874135
3583,49.516843989699154
39135,58.93559312428646
19371,34.37974821934877
77183,40.297974042417565
94752,34.09700913656805
37528,67.06164664995472
74440,73.02664478807526
55823,73.15645745278945
20389,66.96931654629012
63004,41.428977096606076
69639,56.93171174514876
49225,71.88325034026309
32402,73.2100782537322
7572,35.3429136920774
43760,63.69546656969492
100643,63.96165859196741
38735,55.789107104005964
98932,58.93800330915403
11065,57.84896769975982
64480,42.047915092605336
52045,36.05446011873832
76211,40.31396644264182
35044,36.12768614727848
55980,52.07559901034365
3544,77.00671509383491
13776,62.93855315590625
12912,67.03118559168198
53133,28.13653577179397
39448,33.91472016937679
88503,50.01616342925689
73084,40.01370019776321
94707,60.41972347783612
82016,66.0717687277564
22374,70.08596776127138
44591,68.95886425522158
16484,73.05452373567915
65977,64.9821314921439
2833,67.47344536164846
14357,66.31551649140397
25611,35.752475345704596
57136,37.59146558091631
75262,62.81793458996184
86289,69.33619023789757
89855,44.41728761320913
17843,34.46242049020059
34378,43.040127717871776
99772,87.93957034299758
93965,47.162459203965525
65603,32.382918384973294
97113,28.314964356481184
85545,35.015340879784965
89160,40.09729442530041
91615,36.54857745581055
44558,63.91320390056103
56895,80.96150952289659
61308,72.79504899210428
60105,36.459338090957594
30822,53.065750293284445
31615,54.73649350678237
2937,37.703792663510214
17345,35.04490203320509
60623,33.90988447852862
24263,33.73607144633807
46672,55.03045305337622
22424,64.7822045006429
26822,49.59915319100445
81536,78.98690318887117
8835,73.0181750675523
58104,72.09939945328773
85423,34.6185685866264
94440,82.76443421137748
3412,53.75000095203815
80613,51.92748892793465
27576,62.906150069864964
78718,46.99250476154013
15150,67.20416949984954
61698,39.191743496611906
39616,75.04416591306743
88632,74.04468636824568
67457,72.05131800814952
8680,43.55759674174098
14383,39.90136716196783
73841,71.88862446543061
43042,66.98472680094082
2253,68.37907772631385
91760,57.82965711480651
36308,80.96619121147859
2944,33.547912948648175
11851,75.16824521345845
99926,41.84880267423345
1531,57.812667873021525
90799,51.05286704003706
78001,47.98791908396555
59778,66.99730195987819
84813,76.74214384420313
14541,59.996551440381225
23592,87.9282477695624
98374,33.66567562243259
32862,59.041000576522514
88811,43.45332551584903
57464,31.68426482329855
21672,74.43303081630293
72364,63.62206332605716
63999,25.923193396911877
100351,87.87361958578853
61549,66.09133342959149
14592,71.17734140108331
12751,47.053606859991774
94206,77.67077497197911
11747,31.237259207657488
5515,41.2895073254137
84216,82.38335357976351
32260,31.662679833507397
77729,49.98948977997296
78792,72.8775611278468
92716,66.97385347571011
54292,62.85359392691747
62061,41.30275233624701
49904,42.98462100807295
22106,80.4966250184432
90303,41.880079618467995
79979,47.08155712199786
759,79.00238778355691
45898,55.38983552990139
47826,35.15873709241914
19068,54.223146726285854
59904,81.26580403526404
39249,77.18983865117542
96490,41.5703641130237
1656,54.19492253162518
55615,40.035507710635834
45074,39.32621300663007
43047,35.133372936804236
70512,31.735020103058325
57161,47.781381489545566
42902,36.03801334431858
79517,74.77986980379299
97469,31.40678633191286
73730,63.960415910630296
18693,27.978793361717397
86609,60.29232830926911
88311,52.15750066384503
6859,40.5845039406622
28842,44.900236539091395
15129,40.06124933349465
13578,71.9619026982856
31897,33.845340224120925
37536,53.1073850890948
52398,89.05986012158061
35881,69.27673926053583
100142,28.450906490917877
42373,30.182510012687555
22396,48.273142129829665
26697,64.36903190368582
98387,62.06893985172474
15824,46.570986972654
17085,32.600713146417085
2610,40.685076556134575
3115,37.05335384235395
503,61.73302518823459
95695,61.93750463317072
29294,70.89029144120116
67765,63.52593650646128
66412,37.61425935012922
58729,34.87394267874217
22793,39.38874792535033
16231,65.37638958754567
42785,37.14255232091546
3021,81.0138155033173
32706,42.907866622696034
79920,78.07570237517842
8999,31.55599756831668
80177,35.03716467456647
32195,78.94095827963498
64411,81.28461080276958
86573,61.394619481096925
29322,22.48656117754849
66888,74.35866648672943
22844,35.14181050775332
27834,41.118551683725656
33266,81.42680280214353
19153,66.79039782690683
31667,53.82562584787574
30440,73.16434135132084
2346,67.74371802479462
75708,66.53127513861872
45018,70.59459047868728
65726,85.83269883123592
38122,70.23011574876864
82241,63.99049258821215
1296,77.25381928049924
101197,57.940678671010744
55154,69.89078363736523
6587,77.65829988087995
71124,72.02765363908313
82909,46.96820628421091
62636,38.94450294255002
100254,41.021259906374965
46872,74.8798680551501
5610,56.03150064422862
95223,8.935024093965232
78372,73.63826022985867
6152,71.35155532977407
53875,35.67511126710412
14871,39.30354312655471
26685,69.89619449763026
45736,78.25662665550809
21570,25.808769513516467
92359,70.89178440506248
262,54.204635826214755
30971,32.757033792462956
86977,30.287938173444203
33613,33.148542336553675
81470,65.0453404795745
83525,40.76302442017711
51579,42.06010321802853
86716,65.93285971384412
61311,69.01944532152324
30240,39.43449862112312
64110,30.82352608571261
90154,45.19530716270612
77516,67.32196219168934
73554,62.847337471608455
4394,32.13722368631627
55427,65.94112892768445
93322,50.31784366637118
34129,41.329236021821394
32361,63.66989992665127
98093,27.876529694875984
48101,15.955526020124893
60319,30.075123941344675
30373,20.58353905526763
2611,76.64911949750395
90999,77.7406026767608
5373,32.92950130764206
97092,54.86185126321237
66088,60.847648690461725
24164,80.51144481043454
60996,68.78141589430834
75771,71.28713428907201
84233,70.10074437303876
24195,26.19410257633035
7558,65.74026660323597
73256,35.931408592181185
58399,40.89240288291328
73169,74.93096926640249
32143,48.20612433402414
32831,58.96830455300921
30423,27.74378003860876
70837,74.47891554334157
97758,74.95934536022597
10560,32.11751800461624
23048,29.455238136832552
48183,24.729829983377925
65211,61.82128550815173
63812,39.701710997185934
39208,33.366806177329515
61986,20.1838661248819
37053,74.99193432975287
78068,73.09011294955138
52868,55.954409899011864
36745,47.92709086032605
25246,35.71334969420194
96472,67.99337436882746
51996,40.164928682228826
43272,30.394910060346984
70847,42.83583082002486
37559,58.23960595733851
95758,49.945336277908865
94120,19.56988530804571
10274,30.445891592057748
93516,54.29890111458196
36991,65.82915689891534
97845,22.409806526334695
22391,63.24108184486805
71724,58.73204868762984
91349,70.28960079426324
44563,65.99484918288249
33313,66.19691706068407
79470,44.92467123902753
101103,68.58520887844202
73462,43.2019341983724
99627,45.950089247282534
60829,52.060000379336174
23770,30.074116410368113
54735,40.96488638576807
9040,67.93463037363364
38938,81.6663060710579
59192,63.992662759278545
36107,41.723553199778834
69915,69.59862895539206
74804,78.06018944137196
616,17.955763584714163
23304,40.94655676452056
18098,35.444724552323436
102486,74.66708130519098
18216,40.069458088961824
9421,44.74909659719458
88524,74.99370103941166
21211,66.11033810885203
41925,31.684517935539052
73927,49.41906406047151
50549,77.15905156892366
3806,56.24432621842759
100478,61.94904721474819
64296,72.3492095213561
39983,66.98967276342498
42375,74.9888487204988
32541,72.72032914206466
22336,73.04982775303671
16375,26.82229654257402
29518,34.27996141826653
33979,34.70037551033465
33477,36.98155038256284
19436,38.63155242726717
44215,35.071959474827416
63280,54.007747217954645
18764,38.347264798785346
64881,31.278354342822354
7190,33.26386350297609
21832,59.950559204503065
61501,28.770318560001726
53370,71.96404541276173
59289,72.18509498489591
96322,24.142613248670656
52471,48.78108814396104
47034,59.476576107673694
11315,78.53583624164321
17069,14.522618967770523
11921,65.79771650941672
69884,77.9804838860891
52001,48.80213103099981
97768,68.858941577243
52093,45.05903346721365
13160,69.9008591193745
61697,73.79764782838402
14336,83.60845608188015
61234,24.997888452274854
67894,71.0532389581551
49674,80.85894935638797
50613,69.89448322328633
50913,57.79009470209535
88817,34.284239691429114
29745,72.42354061425874
54061,25.656673594998615
4093,34.06171694233775
7755,70.72369174276926
3417,66.38159065731072
102024,53.32583375906333
38209,59.98276602714003
72707,78.9954247827269
52352,47.829425785144025
11281,48.064221687425686
53236,76.40771460393697
90726,41.673351782090734
36464,53.27869569404341
72989,82.5766416334607
66216,40.38358368454374
51231,86.12812436703243
14509,80.05703785617675
20401,51.102144120130724
101183,47.022308665448236
96110,85.72014176027758
32013,71.13009487613209
4695,41.18259706050248
24314,33.84117043027633
97726,42.77506365833846
17989,31.338514496600116
87023,73.22473046714424
81928,30.69792809847053
96103,26.996528846361652
77730,69.92219924890861
10034,59.0035744247608
42994,86.12775172960716
36192,49.22473329975256
9138,54.560014576767045
10110,38.846469337924276
21539,56.979295132863996
96982,39.72526250439648
80749,80.33516276609956
21202,41.234927465242684
73236,33.10502669445943
96572,69.26175537142781
62274,41.77370987560619
82524,46.988836740740176
91769,30.992576045148997
44416,64.82796717703096
27921,33.197807920511664
15106,65.97452464157777
45024,32.37417332619562
131,57.47587669917903
86664,40.882301748459305
63519,31.50080473078665
29509,52.13351464881937
21487,51.18587934772086
23459,70.8494361892711
79127,70.71747910610273
91426,34.979876244319534
7569,46.5907986848941
50881,48.3329668968075
57437,59.95636015149681
2217,79.35337502073631
101557,41.03388400501463
77659,31.842355947646276
24311,48.41358557332702
1287,33.84732459766341
59789,50.2293619342499
39239,67.87496026057477
2882,60.06584651641245
76675,66.21876413629818
95265,69.49557584312885
92406,81.43106276969414
20079,42.09146921704017
48755,73.096102200854
71458,54.3884265948707
30099,34.392902428281886
33676,78.93628833730844
3725,65.27763752066507
10446,79.80906537898741
77138,79.26701198633499
17582,52.916706085020664
31508,32.99196195018733
72490,51.20303324233975
51036,74.94264900324868
59788,67.04261003883988
14887,38.08276353022565
80662,33.95496398017104
47577,32.646450643199884
43585,32.87711404131452
34863,36.259145233453715
785,38.285612702611125
61627,44.90242183240287
48512,60.207228805301966
14305,78.92929306562102
100061,53.28676690079517
74984,59.75711020446093
1096,58.10514365625528
46358,65.85639290685214
97477,64.86725741980274
60121,62.861374721285614
100677,75.959676822012
39297,36.39822157875915
6040,66.96800742680801
23218,79.39537845842207
58793,68.9676805391266
6689,77.99132245039436
2577,51.95276029387486
15798,65.35564662341568
34182,68.94037841904742
6065,87.98050104116685
78786,35.876599121241085
48269,69.20071853110511
47483,37.83296046518979
33510,77.14906367564473
16036,34.247325111978896
32154,52.128658431135534
34826,40.26618241129402
98996,41.806251526828305
71369,41.32041039063114
65917,33.671385736785815
53810,69.92990456415083
86360,32.175607422390804
79314,60.318626788099905
90231,74.98262118427203
20179,43.1681047045895
96146,70.25227774110911
55832,41.98373374067873
23912,34.417770168033485
51108,70.08722585031782
83261,83.1030117030111
19374,13.151854543106658
48850,70.99292649651917
56964,78.96342734491748
76101,31.023765632028855
24392,54.56056299691666
66866,41.424967626732155
64829,31.823583282433173
52141,32.39229960460617
100997,32.91935398488806
29066,34.67619042561938
626,30.17996336025133
71095,43.8748729590398
30679,27.537772689576574
98166,48.040073360908096
54372,44.66608422638209
101843,41.740899405462045
38441,55.442387293172615
77997,40.56242815253322
78109,71.84665579449839
80077,32.98309415367049
65752,40.219381147336776
43549,74.67503771875123
87610,69.62487284775946
92367,36.84537509541693
77195,68.83140823022033
89563,69.03581658035014
2450,49.927254296471915
11591,66.92742544573176
82332,51.03342597049356
3484,35.75883132823152
18718,28.54777456291705
70880,78.27120254859793
92843,75.04391492828347
100178,32.825041871734214
3318,68.05090495050356
23185,78.54448237017772
23869,39.92317796466098
40647,59.13430537933114
101806,48.51148273856864
11602,57.314884193809206
6251,56.341120689593254
40878,63.97409882943339
46967,39.61000006837156
20026,44.05058190419332
43797,51.072482979719794
42527,26.303303909502645
93561,61.03794862475597
46701,33.654962975672376
81658,70.51780471980337
51337,30.04104459958203
44005,30.3937592880344
24435,64.74679878916041
88198,74.18955309015209
75801,41.60687444469412
31458,43.35202438298465
65874,42.64957089135261
40518,66.30787679998905
43708,67.9118496904792
2312,33.24685280915388
34253,77.38443427448604
3717,33.307119479708746
11320,73.48769466155571
98880,22.074226512293905
68527,31.20926398767957
65533,70.73329631050666
67229,72.86919725597019
16246,35.401869360912954
70753,40.19853295548324
4090,76.08492546437078
12444,44.26346624967237
15341,38.75737186540733
1783,73.20995806806579
82518,69.98125355960829
23560,47.756623697231454
971,65.87950586444151
74895,74.903889165634
16813,43.07831390856175
16814,69.16048238753069
62860,75.88862802821814
9031,49.050059418196184
89206,49.74547407066649
901,67.57920053155345
6354,42.71998581404549
74956,57.11487169166474
16223,72.9221023805632
99288,32.67152030271511
47569,45.37324750722157
65688,41.34313508523958
4983,39.97260067122263
14313,43.51550035894897
53044,34.88556468725392
62690,63.877022932191444
89044,64.86274771910882
73047,69.27516912555654
86319,74.99724063310734
82894,66.99248761752668
53150,30.411893901796468
11488,45.12193070711999
25190,69.87771879428598
82335,37.87451003618415
77175,58.54794589174644
78695,86.0257163250715
5167,50.445259385446704
54155,29.823445799619268
64021,52.91475231111026
2764,50.87149907349609
48730,63.93210053307698
99700,82.54076281718736
25870,64.99420930957685
21078,31.7390561887203
84532,43.04757222644472
79496,42.46321553702576
3386,25.311631972727845
84774,56.81021150278558
27093,69.86248560888995
102581,44.087443398208066
91737,70.40609438090452
24987,47.13193128336498
49601,39.93342859387873
97906,32.48143778780109
90875,73.9056054066966
98504,76.46599695566161
17097,81.39964579887572
19810,79.40752579266342
18860,45.22182561316099
53309,63.68640255322492
46762,29.957983313481197
99681,51.129941627078026
77631,73.05793022263676
43443,65.7545444339217
88397,67.94517515538766
27979,33.90077765417612
13334,35.10247008519686
38051,75.58959278676808
52590,70.14242184111646
63184,69.50710747576183
82756,32.3177156046589
7612,81.8159990628809
61414,71.23542550684715
53906,70.33400467370018
20227,33.73088386824547
62664,63.09141092943119
30726,35.60606323619867
60270,60.99573550807353
93608,68.69054492763146
39287,40.89028175504319
3898,40.76056401081786
94438,46.82311935824172
7464,72.62454957422702
38712,89.147139569055
69642,72.03751024679644
70819,89.16416066036379
74436,53.35650986085156
101249,73.0049447343677
86375,83.8623168864705
60500,31.307272733736788
75788,32.978964480572905
84321,46.119851633213784
78277,72.13554742335826
1238,52.834869376665814
71812,39.43746199723315
43758,44.96352950109732
10173,42.999338371852595
86095,27.654848908380252
69109,65.73405186629509
61023,29.547638059048694
93478,20.807543770914975
54927,60.12228901164103
17900,51.82608226991679
96717,63.97367692508169
32138,61.07715510983216
90769,34.83896363122158
22586,34.830919853792324
27392,33.65946526633871
48153,44.05580373042099
48787,68.91205729261965
65143,60.13575851624775
39923,70.18194934461872
64299,60.15507327702322
75912,60.81732691330224
10344,73.93324579785994
96249,68.96862605987499
53667,15.131230558566848
2571,73.7334579564968
9877,68.59168185452245
47897,27.98751117706811
95440,74.94037552130777
94449,61.7324898110863
50010,62.96835416382004
60560,41.61197930014988
78163,57.07654001375356
12204,63.08128083293737
24379,41.40294338591733
80936,27.362582752972994
19256,50.856878724023204
55998,68.97001106029367
25983,81.08985267165082
71292,30.472504392836424
74463,73.91573304190666
14154,61.83988767401152
100461,31.979407887837
90073,74.78370983903861
29227,49.3752505031369
80441,67.95418681285403
95491,34.2399873101902
89323,77.93193783451963
43816,74.6109292678729
91971,72.87388125723876
5286,54.922853234392846
15318,44.57394028923318
66334,41.40082241593837
11980,39.924378918453165
83198,41.15772804963535
51389,74.87775015123387
27512,51.12240012553923
61418,38.61631299555933
88983,61.03816922613149
33962,30.77996102441458
23871,70.05010815080738
7430,47.11682936052621
101371,72.2870097464951
69334,60.931757783330184
30053,63.34750159067876
16004,82.76291305052135
16563,39.75231697398286
46241,40.531755678369194
26478,65.55150029846612
4414,63.15920201302222
69557,74.30052350963638
28184,62.00767752840505
71561,28.89999889810347
70272,64.9150633981944
48808,61.15496589698649
102110,51.49696772378087
89275,66.1459460480421
97646,66.08586608783003
59444,96.5158273960015
101666,33.15301659505849
37513,47.506072309490456
100297,48.668440198645705
42768,48.72233693686195
76713,33.656054924681015
46102,40.05198517028923
14096,71.89058765976836
72051,40.66445258784347
72891,47.25713105184725
62452,52.8159447523771
73766,41.48834454637555
55523,33.78580824717237
23711,63.03947555413552
43710,34.56011716787731
3316,41.90107239346679
56564,77.95820239539242
12014,75.25816510732446
56780,41.459263076113785
58268,31.836995227721577
88861,70.8717636747877
98312,35.86096376596
45077,68.60264465209347
64444,75.12108240181087
62303,37.32998123108273
93321,64.91945159664255
9220,62.07649666463441
81219,71.64546759932006
64185,33.83760619405067
32228,57.34524607837386
85537,54.93574275157219
90266,83.52679324652729
68500,64.67213335721478
9255,30.592172803998015
59883,64.69647291331435
69375,68.05091025576294
64707,50.755914317688735
28891,41.65802626364078
49446,45.979882734006694
28377,31.712782402857478
96640,58.09762563138861
52329,62.74370030823485
98069,41.19427287927549
85378,70.03467417174915
84764,62.022471082526366
38928,37.2540199808656
36614,47.34012716904657
101279,47.03034590443935
62955,49.41454246720621
44787,62.99479498826448
54424,67.95690571377045
66252,66.17002039911216
10911,32.28233234319788
66772,76.25844904384897
37127,53.501424790165906
19280,63.56735381638318
32605,56.813438978927735
33318,42.46948429320598
64984,53.63163892644716
54031,33.11417338965756
5234,70.941905301692
34264,30.299953558675256
54432,76.01040644523093
16788,83.40979870476752
75654,34.03951788294897
26939,62.59750818645408
64590,36.088685173794296
96318,58.5036340483163
86409,86.04119796043803
86316,63.795242329871336
31876,64.41416104985336
57858,67.9264175091524
53477,79.90609322382423
4456,38.41748233119671
14250,63.28128372938701
18474,32.31944371517918
8939,73.9746621817082
9763,33.30805094688224
16776,57.093308515761095
59123,79.35996403104826
86940,62.634691076036006
33978,62.33102861182812
60473,72.90896802497483
67384,31.171215235522574
96897,35.043338532116216
19981,33.5301373177861
45743,71.88426724779268
50897,59.9940571915251
85498,18.561068519999615
100278,39.86623398442305
9375,83.07839217547136
77493,32.669257160842925
78011,42.82134686985566
23276,63.03768072100539
30011,33.75099502983533
59542,50.85962056525783
84575,39.137001806639205
78910,57.99978885240053
102547,62.97582416416281
90278,27.3898135318847
79782,35.67645678239092
85984,72.08191839747613
20847,51.95630474817875
39244,65.91469522558336
16620,25.94747375688096
75050,59.902645320508476
28587,32.70437226867329
10732,83.18533515773626
69436,65.38712961199296
37122,20.936381961579325
68814,61.205333880019424
88422,71.98921200301507
44759,41.322072005995786
42239,80.02041103800977
44340,65.00793893217235
86005,42.8039088482573
89499,40.51286250511812
14196,70.18665908221962
28098,32.61978598821704
56799,65.70794212695151
66946,60.22363016541296
98411,66.91726400906921
42904,68.89281993836211
34338,57.23336713378879
95341,38.02474489852187
69046,75.93991166341006
29448,37.02318756036686
28664,40.3390569572353
78150,65.75193990902395
76722,29.782292459246538
53740,45.43363053102439
18057,30.654240432849654
11949,36.50625337882587
27220,32.34061823680813
23663,25.14478266553261
53720,66.11002607505932
73790,65.42148520154322
22664,66.07245402334222
12363,61.42527235086872
64269,75.04929004178663
79833,71.91378908546943
12016,34.4667393403979
62945,63.94745265475473
61846,47.28157170141304
99269,65.23050964946029
11676,55.02982339328309
61838,31.15897516178031
72356,40.72876266297119
27618,54.301237315518776
16585,44.17379887019615
82898,35.596913084873776
97440,20.500020348563922
62920,65.88146081323046
51460,28.607669302661744
60207,33.37540375906467
72951,47.00450937257045
18417,57.83017607985306
37699,33.22027364327663
62898,80.05462845629435
29892,30.925740018159196
85942,79.3370733530766
55566,66.46146323828675
76652,57.88743200504414
69743,32.170128833877826
92765,41.891505912032436
64191,62.97506789532591
120,50.43759429841821
5580,74.17113945353611
78739,59.97939284605046
88127,70.02481419357214
27096,85.66843525182892
11634,59.96696667489621
73479,55.07893903448644
69765,38.0802508322554
99479,69.35076343240357
4945,36.012101137778885
54856,54.95966864423827
95894,41.83918649880713
95233,67.9727677472866
58505,32.3614406935989
31782,19.91366666558568
65130,58.907957810931926
27371,74.86491173268885
70645,52.34678076574363
73607,68.01298979313381
102251,60.80478300237181
34971,81.4515747575359
62265,39.410346334299994
35578,40.768477698601934
11883,73.94047948739845
89384,50.706216402730135
12471,48.68753430727094
65448,67.10907745847729
82527,73.6141710604906
58305,33.29631388825897
31579,64.82787808475084
52475,27.793133908036005
88941,61.24751142987406
7676,68.12663561266653
70426,39.54842265774316
69270,78.89067031700131
9746,74.92558862256158
54731,52.52962559926992
68612,65.98090601958066
9292,50.27203129155825
77813,61.019222602429565
102207,41.22785204970076
8054,33.65273355713182
95578,31.716956020743723
74903,33.94305547878486
48852,49.900630442600246
1751,42.82816280791793
69869,68.42548232051898
49787,69.12350576819199
36285,63.01220689932284
7412,40.53794809330547
78120,74.78047176818808
75830,26.20281386984545
49695,64.29134804901818
10330,32.53880219935223
90998,37.414069992909184
99060,78.99617179054735
62938,26.2994213504145
59514,77.06027546691212
97516,76.37135807545953
8803,75.89445982139688
8733,37.40912605486498
33328,49.913840852484114
27922,30.926414154408814
23610,15.71477377000825
94888,73.01526481586384
29242,59.061214615700706
11890,69.21234417064873
98507,33.763088243076105
314,33.875410366286
75597,71.75447808807701
98125,55.65417001821662
20138,33.6048125298722
92735,68.14255140175543
16401,10.864854660067884
55736,41.89102402813678
41482,95.49067608538884
47475,71.88413134138744
19310,17.896352871968364
42676,40.75795468068907
47746,42.73745847909545
59024,43.21483749807494
68857,42.62618901977194
99603,33.27162825964573
66368,80.82918086428975
16935,40.00254366882026
49256,71.06687804312293
71397,75.01860033746186
59704,80.4035663789019
68232,69.39300058444607
62281,55.94404444737601
62450,77.32265466765156
18087,42.081844044010914
10377,34.65252969973066
748,73.03609104802877
181,60.75233728875709
24375,64.02590930611257
93212,64.54259703139057
89290,29.389899613031588
35123,83.14876871852454
14613,34.19012461247824
20769,33.86698697756862
51834,61.685717840573474
100816,61.81192368313817
40357,31.672763464317153
57963,39.861937339068916
15218,62.96288207658138
69459,54.53443426969995
63987,48.495514507113
12378,62.356095713148434
20502,12.629921818383231
47385,84.48216634744733
58812,36.575471297161876
78714,75.90595338986529
24467,26.122469651185504
45907,51.93366256795189
61078,41.154075370827
60292,69.8109429443469
88576,73.11912192369792
58999,62.94366670098173
77647,31.56392022664263
51092,82.84403878845026
26337,33.08544981994084
81076,71.8502050168577
58532,75.04193102415503
39817,40.80579318024909
834,66.77610545744741
79052,62.901858846148066
49894,50.620473516086484
73877,76.34078904459572
72617,77.7864693736812
20861,78.3209319458813
97398,32.80298600387254
79265,76.00920960711929
39900,64.83614483842751
73925,24.257054423554784
56324,69.22521381295182
22420,32.009671926564
77538,60.92144724996379
82955,45.73186886246935
68518,52.990586458044575
39165,32.42642781836779
61774,52.01007251899384
19393,72.06904289076536
33819,57.97820512589968
64156,62.959004204357036
76591,75.03833529341654
11415,79.17305652632673
57371,39.57787262364142
61869,65.12968402396552
62441,78.56352271645432
9548,29.831745291851526
75000,33.526867237850965
64700,49.894936586377234
98382,67.19759264891903
5577,51.00379191988689
60739,37.75020017699283
18005,48.37518965975967
58752,78.9197109762044
9085,82.81300720364743
85639,46.03217201107856
72060,72.35728010039118
32569,41.98647495892343
72942,62.9943290412572
26377,61.4531612415059
27793,59.01566347824744
72447,61.077606788634796
11271,80.85967027985723
24810,71.86283847300172
80892,33.44097556441889
39339,32.95323970082003
70735,77.92679205662684
91185,74.98555726921198
82379,32.031801369769006
36170,43.04572750265001
74920,38.4343724880813
50880,64.0089016509848
101422,65.01114212245474
70803,29.988363934381454
10832,60.84684677528213
47444,53.98906218387222
95365,58.629385678735744
16807,28.839352859859865
91851,45.0302091114896
79888,74.96696509696278
69047,83.66062689564706
2700,64.53073798874394
63677,76.97327827103103
44556,32.787582111958116
57245,41.36597253851229
51210,63.014108686634906
70795,32.843890319407265
86836,42.28734971998877
3012,50.453307842349716
62983,46.02138357756658
53042,40.903045658811074
83723,33.03626651218038
55101,73.00785603714479
56670,40.44636326021612
93145,67.6687330805967
68220,70.99903386683556
82947,58.13477182185504
60419,34.32790962874687
78284,37.29323842951718
99963,80.57732489668365
68742,64.78772175453261
14639,48.0868836032098
26784,71.5029985830459
43664,58.188309772660865
8870,75.3682134584787
27885,59.19512627924361
8467,35.613838381491654
25094,59.488418055784706
26340,54.01059391053276
74568,41.53049698349477
17187,74.22125706221621
157,63.803483749482844
84664,41.77912205140835
60401,51.80154224407291
86200,66.18397597944843
19243,32.41302266205625
15467,70.69224800284206
21071,59.00745317445525
84788,83.26246815673579
53204,46.97910042245849
38709,57.02649713270551
51077,58.171888329759014
61206,28.753706428345534
91699,33.40230311358622
61389,32.59115389499519
45325,80.18421782708907
38706,47.01913026758428
49822,75.31934434741956
34063,40.024166362930416
876,29.85216137932514
51208,55.57054572238122
72259,58.967537638089524
44606,31.657526004545968
59017,57.52943554326694
71266,41.15909480207346
83810,63.633653546826075
87102,42.296567582744444
26918,33.86265172571147
43046,50.923312318961464
69084,47.184336846162346
59963,32.27972099872312
41025,69.8257981932685
4359,36.37425932500366
61619,76.99487834827077
67580,65.1929704775958
32681,84.34689584215025
49176,12.777006610961827
90143,78.26831498309431
96219,67.98511978783603
78899,65.18614056540297
97690,40.13560227407827
68299,42.247904735812725
10729,69.77143516958552
77980,68.0294305479073
60420,28.92483780326954
17412,9.01774411573006
15670,70.9278972549379
47432,41.704981904575945
57670,74.9758304714419
53113,54.193611633458424
28694,33.24948828191076
29605,36.870481625243
59743,68.87059787465157
58019,66.64912115359974
1947,76.90035177484165
24175,79.001411273885
55777,76.15123205626944
53169,77.57509600314077
99347,54.62375362602692
2976,73.21392833660518
14389,75.35251269903046
86152,67.85045992548973
14638,33.71538445579923
89796,39.32617304350448
77191,59.303687541482844
101024,55.62445801207496
54003,29.37621370382916
43716,70.93552664548403
96990,33.834629970922045
73464,45.26710000111343
53007,63.10536653964604
22376,34.1755680861883
69753,67.0031621258051
32509,35.04624718029356
56791,32.33158759070726
16882,56.3640518262488
15849,62.192622070644234
44708,58.882044073887634
17929,71.45126437608798
89409,47.84778251481762
23759,77.08082293214568
21130,75.94640314382697
7032,65.15728775476722
83185,15.373476203977027
72619,83.55391471898562
49918,53.23560657031322
5237,31.337344933021715
12929,75.56792508283607
76309,31.894831989025114
7670,34.569840191186856
51960,63.94275594850974
45744,40.82410495736474
47259,30.17618383710826
32606,54.46585699443529
36705,59.918978324352715
22887,72.553537379131
64467,64.19738150061978
66992,42.217460595366944
35992,66.85357116739999
74884,72.99966653561958
100124,41.955725905266455
67264,48.17394755625358
54466,29.703065516917434
44720,87.09878995389494
42989,41.91946268469664
29451,65.16253153803882
9640,81.99497030507467
76985,32.06950439529881
58037,73.74662015226164
63621,35.31447968201233
62752,56.28074131357011
52783,33.87710246468484
97394,33.25163972765986
17864,35.89068969624121
23014,78.71775774358946
20547,71.68744830709086
76034,71.96055338948746
60340,51.10962672721982
42846,38.10517170057609
10000,46.59933425103195
98798,61.77724656471674
35247,27.442031421812423
97018,74.98022263049677
32646,22.05750744614852
39313,33.17476805218507
69131,75.33545575654699
95676,21.887104118877282
42173,42.089237370491176
40906,50.97346285060574
74461,32.814998952083535
55433,40.764719456785016
95788,51.125311102841955
32144,55.109440231689014
38421,38.85974211405981
15594,42.269319626202815
13394,34.129234811537586
38600,74.84530683154088
12323,63.858735619287856
36239,29.96752055078587
85149,34.963660418651294
39053,33.41671394250031
35351,66.88675776512383
39600,50.9723293252341
41318,34.33179603326484
69957,58.94616908663415
92142,47.809604170865946
70051,40.77006854597871
45257,61.96321847497882
91372,37.88412420459664
72058,79.78892184304178
90616,47.819109759794515
27024,49.04625463986065
11577,31.997805417262203
14358,66.88469008993249
9600,37.59433112350959
82534,67.13168146913779
2259,51.93605481216982
91634,48.438999856331534
89465,74.98448138090242
38329,55.86998976331223
1099,50.61425838178653
50940,79.9675655413433
73442,61.09532249338726
89789,62.50377018367698
21197,42.09034943426366
29762,58.92733852855049
65719,68.13843216876646
78750,81.68676647918286
79182,58.08709791998681
28661,65.6617341076782
52308,60.05584302543067
20255,71.77331466910141
55219,39.200595208563534
42362,63.80937765474991
89991,75.95990796640811
3634,62.00559118321104
95441,38.901452887247
27217,33.73618318157451
34391,57.71903530002485
12667,57.81003416286373
57286,65.78554480518878
86406,35.384351730724234
41314,78.49141650034429
39222,56.32308468446919
40272,56.36095640280017
49095,96.84881599561942
5364,54.248150333965626
55083,40.03166649290455
86450,64.01416229591182
80369,48.665816178737884
50015,56.079195146935724
79560,57.309368503094376
67845,77.16669824090071
63355,68.93425147856415
25682,36.721445105631844
68291,24.11218742198664
34817,66.32024238280572
6007,48.47780995397625
44002,64.0011166869376
26042,60.53399640413009
62968,66.79748114069162
4122,44.65013821042777
90761,58.089085542697035
57051,14.893157485707569
87050,64.7278968671057
91495,51.02937821964354
15069,69.70825907945553
99478,33.435302022298316
38438,71.94558378650123
60663,59.67173194783168
7826,33.33977758589637
39094,52.1736080841692
36868,64.00268550690534
28337,42.14787339464229
91892,69.95588955865489
62508,42.33794076762112
13772,25.890520470908434
60854,47.0421016912869
9599,39.927436544396514
30827,55.057451985244164
76188,51.3035201599082
98065,54.909276430378476
97542,77.18858719261996
20673,53.633762412737326
39120,74.10582851584977
12812,74.89297934980334
55124,63.59085152521388
70275,88.34708648293167
58365,36.8747047733076
33706,63.05782706491311
85412,87.93769047951108
7889,61.254521359228264
74797,34.7542872836121
28939,33.43092206391902
64940,56.57586209117108
102200,32.232808987609744
26107,31.37553481887263
55995,56.97448376809498
52588,62.077324282773176
46312,36.29647620859775
39658,42.44911014279481
72685,42.3570084502357
39768,88.83535061564652
80967,80.4926564748522
11730,40.987984513343406
48344,34.072683635921116
98681,82.79072594858008
81694,41.50544115618359
21236,65.26732175432312
101777,68.97316556886295
6293,74.02757984617789
24525,40.07871068355708
81271,39.93081899281859
77177,80.48112842012912
84708,39.028608697595544
74892,68.04813737357604
12294,33.4236835730677
27858,29.128377635482227
24651,31.81006494931327
89158,38.07747315447149
77854,75.57562894050224
30233,73.95361277948433
68189,97.8366171797922
50306,42.55589492809182
3031,43.52268319841741
90661,49.554434939719876
71249,31.962758902676896
71696,70.76566913704991
91780,54.930275955406714
57940,32.603399666211445
6526,46.663347546207866
58896,64.61513978590696
91905,31.735381580864907
26750,50.48393843169261
35935,77.93745962013581
70257,51.072638870544985
93391,56.11227933535258
84879,48.55419618899636
81863,73.96156094662152
76953,33.45543084247783
75641,30.062663893019817
98298,55.99488665309792
74761,41.7513436039325
85962,40.860092254273454
51413,56.87904199241363
99678,41.99970957529335
70559,75.18970915618041
28737,38.47687938453197
77074,50.011578432947175
48393,70.78440811406276
12467,68.89929893799047
91915,82.48597515147242
88072,47.8127897870177
95975,64.95208962163203
72181,60.91518939679496
85396,82.26682668537038
85591,83.64026952196966
29340,75.10291964359755
3427,32.457883620666394
57386,74.13867916785884
10595,68.96845690280547
36041,33.625672054746595
77605,56.04507295525099
77293,33.24498376551399
28875,49.42486566067312
75627,50.032859878628486
92475,33.71138788190272
26457,70.9910664331504
90345,36.38479917296799
72451,76.50904562331641
75729,61.05272103723126
75842,29.166577564218112
28907,25.61790568548991
72376,35.046196717859075
57641,41.37854048422378
90969,64.08959677141496
42210,31.793265820959313
13638,60.96694374916978
40039,37.59717623837809
81290,67.96636608236881
38216,62.01284504078065
20850,42.195620334171814
62336,34.50434936490755
24671,68.0788241951958
5497,53.52243099191275
54714,31.10995790320705
73074,56.59370744728736
10085,48.408740198869346
45578,57.381136999090906
27242,71.87691456129372
62927,69.08332908850468
88877,41.25781388947434
15148,47.61059056230463
46470,88.03284377320793
9171,70.16292779202956
25463,31.742267951646355
43631,33.54901032331085
101815,31.633216447015286
55701,72.26114569884545
98226,34.027147733601744
62131,71.5121623635863
53093,72.84986109184946
47311,64.9624383308882
94791,28.498046667997365
69353,43.01494226257605
12202,33.68662208209353
93929,81.01087734037058
23479,29.681987689994937
36438,81.58533695152147
95821,69.97247331120629
8973,67.77903967540222
25133,58.900310881064556
50515,75.21184969696029
8718,45.755024667258596
51821,67.01067914830178
31971,54.51816273349407
37011,70.01663989222604
50792,48.08376951484885
36616,26.858503180490402
76630,68.12005051327384
22266,12.871438956762521
61760,32.61496385162139
45230,35.709659477580466
22560,33.25135233429123
75007,48.29632976336515
77404,71.18824540573146
51663,42.00804408818085
78352,30.944501959918572
32744,31.22270062553538
60378,32.41494895767719
80493,19.818655100444467
66534,41.60924176357794
27683,33.47988296136665
36666,64.03274046906304
30977,65.92175060475192
40695,74.01447688626234
72165,41.128745014524156
7987,81.08951925762096
26415,45.97269492960197
93713,57.295120035380556
101477,23.61333249909503
34913,70.9118317418068
41306,63.97917175653818
71097,41.214271468825686
14321,54.039223958272245
12055,48.30336112358779
56706,71.36658586782045
22082,32.59119772697768
53410,32.269415872529336
11763,28.27076442933413
5530,72.02621346082816
85002,68.08272509609336
58011,32.831239030572036
50286,46.12935352641949
65695,45.10569266208398
32270,71.5682583680713
36463,23.987785155117955
47851,46.984918659081245
90748,70.55195051056467
23189,28.248520161515568
158,70.9043910625595
61043,59.14556719341766
3358,20.753816217704674
78138,64.85694558858319
81194,61.07585603416833
93917,27.708010752819114
42731,34.8523438972429
18450,37.88676236176586
81169,41.388980240908836
80721,41.39963902451163
64568,70.93153241929645
58088,50.08403117590516
56600,54.17109597986365
85759,48.99376902618285
4361,62.774194095597394
45126,67.84793439561906
99961,73.17183669906363
101486,34.004040004984894
93925,65.19573920414783
64634,78.74689367728922
45069,41.39119390030774
32240,39.43272047820486
75698,60.11112755880107
59773,78.78860809842413
76148,54.73366150831973
79924,68.55747217556181
94885,34.872890601649075
87951,39.90391106071003
46661,43.480220922332435
10151,51.719852530230284
2984,68.85962401328156
55527,45.0947570983741
74107,41.42225852174239
10622,73.2175690003883
29556,68.10723391850206
10795,64.36210481815971
37680,35.154637606307425
60571,51.95137588297409
17830,42.55756547405313
13227,87.91678483201179
10233,39.3619245489289
16636,54.94236035062066
47466,32.868378250219266
57233,40.71247618221918
71507,31.338845048523385
80319,66.48813876005923
69192,65.95176866362573
22737,38.3589992341337
32315,47.41153486167204
38054,38.39846937434635
25067,44.0580623474503
2831,33.070880339093186
97731,81.75149422590232
66348,40.36260096977859
15975,78.99470949547647
36789,56.92717228984417
54158,38.443726393037466
20730,63.835957857699334
94183,55.03738208322906
21622,53.54052758564382
14270,75.84951747526276
16827,67.03667998745621
101811,46.94044343442923
52743,60.55343490873265
5168,41.72006286928084
46127,70.98697036120438
55561,50.97018721003971
41132,71.14861737456636
47773,66.06795668337932
13568,34.12635175952682
23542,42.58046769937789
18080,69.20150373016197
83638,36.074706702892236
49330,83.12260660199644
13451,63.78058918504291
7115,63.30858274659938
34093,40.27404283232159
3007,29.01311739370273
23543,64.66961748071992
99459,39.881920034027075
81295,77.92396392124729
100505,40.64639610643826
75793,41.252748669359576
41619,30.692640027817337
69076,66.88975236462841
4366,57.17499631458277
50654,41.686015575551465
68937,78.42455088113007
7033,43.40963735686232
100325,70.26523197036613
99946,55.949235295282776
59254,69.95779715520659
98101,74.06775572073178
4435,72.0407885296269
85305,43.89133011611759
39929,32.75489269836462
6113,66.88933369190542
91212,73.07583704680968
63912,56.203289538426034
10381,22.408922267735967
61786,69.01075798334378
88718,83.17459534318823
88683,31.044322859914974
76237,72.62421238848005
70959,31.189770305852047
83595,46.87636078209484
83943,57.3421234084298
59973,73.90435634729911
42111,60.998881009557685
91314,67.4187007507455
47218,41.379300967074336
87552,44.18389267289622
28855,55.21504849874407
39401,73.85569264724
84237,28.393138861263775
69278,40.84627888350782
23977,54.204179874186934
75104,71.58377856848213
45547,77.51449831040159
62800,76.54461797226777
13220,68.99145831470923
99463,36.60008508653788
15420,74.36596070512874
60217,39.435388846566255
54234,43.409514437143415
72612,31.9427239203278
59164,69.42348177011488
56155,47.36057138594277
28618,63.92815134182885
97591,38.59648829509131
25918,38.70873237840367
71118,34.979283370133885
68916,62.046692625522816
46378,52.84450395212581
91232,45.994480332186114
59367,68.88453190914146
24281,61.14088702875499
62122,68.34529465513748
45604,34.32479530693642
19763,29.985680958849258
47500,23.63989232504632
94831,81.49410154542839
17046,75.99913970301373
22394,65.45435957545214
87801,41.2345812530907
54187,47.609353010686455
53972,77.53708049380032
79740,51.297924130281274
35287,72.09971313866677
53977,86.02319222234655
61545,65.89693578030207
89418,81.60695135235362
18973,39.58057507879429
7000,51.805129411829284
26463,59.923432412744354
55145,41.83835788126194
93337,69.77411461124956
24091,64.42618688360125
4991,33.12040500043666
96521,70.57018893733292
55653,35.025126547577074
77800,76.2048438287743
34357,74.88820459530044
8087,49.09264753730633
55245,75.38775936620493
17807,80.48793935070512
91138,51.1456802958306
38233,45.30816152867024
26924,24.93955410203323
605,31.606448057550175
55498,45.24669920442616
48064,30.023871099051412
26604,68.95773331295482
30653,35.27810842218681
11713,34.048467157149645
69420,18.828654465602128
22389,74.42360104941844
59225,34.22675940981961
36835,59.13018543330232
60255,69.0887724468862
79883,72.82186881478151
65648,35.005846353968565
32157,42.16177262246366
10485,67.30493097567197
40713,71.19416587773227
95017,52.15222800491491
36544,69.26177894692881
13435,63.96602574013375
21792,69.10430526119417
40388,40.66446507065248
21385,30.465724956634418
29250,39.74120428035291
101876,38.80698299832363
75913,66.93486562482786
51598,24.588110656009093
62833,40.57082717216127
72472,75.33686018060544
75513,31.68110675380944
46305,41.17192105241462
93842,16.610006362163787
39201,79.06634892530394
77510,67.58323705405402
35447,79.06579565582807
53384,39.33454973451721
51105,41.79671765339341
88734,36.79859388331962
9070,65.90823666704114
79423,46.3247173288014
25273,78.44250965704106
1197,31.38926480416842
101848,63.65836416915895
18480,26.14408957574774
37443,51.124380206507595
45918,82.29354340386202
60286,65.08475140079557
51665,60.7878667074651
69115,43.05601296790664
10160,35.20858696584949
100373,43.10576169301675
6888,79.06596289170099
97043,33.63533252916208
91076,38.116113484237815
31943,69.06738458714116
44979,79.98843605358746
23866,32.08422208147778
27145,49.72642209065403
93302,69.10017508536788
93165,71.05423051248968
67410,40.61451583810013
28436,78.2502053888741
61982,55.88733396852167
17878,79.08165251086251
51721,57.80706085011033
79178,30.79838662645587
35910,32.85138877931015
26390,49.67962116959219
66499,41.34916487496268
97550,59.795693851393594
85531,33.617732671691556
4073,40.76674687137279
34785,64.87532966556765
81328,32.29432778973191
20215,32.97103643092856
22098,31.943003926304204
15222,31.481934710117784
70271,38.22632439830251
82004,37.545812338325256
86133,66.74906010797466
61202,69.88459230779492
639,85.49673116045857
39098,39.37303488451103
33233,48.51320292999953
83860,67.15430280261234
101703,41.930985208798276
97360,39.004927232159275
40229,91.43427054866976
39982,27.809746611263204
8950,32.34319136283614
59750,82.19000446056529
9628,28.8477820157789
71637,56.23767910737218
20231,56.23130200190567
74551,80.08733511811572
87654,59.83874850999369
99818,36.4888108871589
2682,73.88628568779043
67709,33.984360392035676
51818,55.77547289392869
11987,48.16549948270627
90691,25.615186222304295
35325,28.093935600960982
54257,29.301880236889552
35706,67.90880076280575
78563,45.523508398539235
91924,91.20414493393722
24475,88.41143146036198
63255,36.103373787807136
31611,68.19033615623056
50915,33.914875351555104
75315,70.85480690336988
98844,71.8739559857109
31899,74.10600786965065
26055,75.7182710534297
53261,51.89418684005075
73901,26.640778299085945
10321,27.003079383417614
19884,73.72815775414693
2446,64.89229660618875
95163,46.47650828507509
30609,42.12800773322387
43837,69.13336480701578
61150,37.06292981704916
5199,80.01332049153703
11633,42.207827022583615
58808,67.05843331740266
91323,68.35932695482049
80035,68.1789888136255
16573,62.90074650483442
97117,61.511908918604405
48975,39.57533495400698
12224,47.704568199879105
17178,63.860464059840446
28379,65.80840809752021
8386,73.14484047582427
41546,60.96696797643239
64845,34.546619523751914
47222,75.91832539862031
54015,29.151142181027257
90394,48.027102437390596
59987,42.02705080248773
91109,31.852585708711274
34510,44.633820791307464
31023,34.28769312853793
9555,54.137361813932706
98775,49.05927449440493
40269,64.4462758545836
53846,32.92931276035108
97348,39.10484643255578
81116,62.96174402972398
11337,49.88093389884934
96080,34.73183007765313
83564,70.84154546968028
31732,61.95858480392046
36446,62.79213685754584
25063,38.110034864765275
89753,39.977088780622644
49770,65.70980392575878
21217,36.344033086311114
67073,69.60914661135845
2538,37.247846108262
44612,31.41155948338294
74349,26.007491690623258
68408,75.29338830253278
52223,32.38603428096811
96888,33.672915527886715
79230,33.695021092230164
90583,69.90092563763766
72609,23.417748870411323
89901,42.92336621096224
3421,67.82928263850067
59061,66.0618699363099
19082,50.22664484299767
29328,57.406912691786225
5093,66.80897520189316
18047,35.457215504266955
55028,33.89668042914977
58448,81.60220032367167
37828,67.87099301194513
2184,30.369709835814213
15928,35.12500869598382
26644,46.05127418331254
84312,42.58093558645633
43744,71.68067581057022
80488,62.69622722424059
33251,50.60817373856209
64143,33.927375696430744
17524,34.69318989514334
46356,42.5038285062876
65026,48.05340934571913
6964,69.33389489265161
37580,43.25192628456633
11517,64.47329729596169
59486,62.807330426614385
18809,34.51506554357295
85615,49.95001630780425
18020,69.14036905333265
81779,60.94199563899119
87215,68.17573588166343
14920,61.6491120364754
31449,36.60329207025148
77828,60.27127219292859
94807,71.82148432734142
66183,82.03376412797343
17644,66.09384218620329
38660,46.14772970548913
52473,62.74876832631162
48375,33.00277683562665
38972,43.14250360555763
75678,71.82139272241558
36022,53.96653296610569
239,67.97542545690771
68790,73.25953756703404
80851,27.48594520000188
90977,38.682945700290624
47317,62.13604763307401
15813,45.535845202103374
65033,70.09495774426674
98192,32.895705241266434
80131,31.735680497968172
93941,69.98178458385627
44086,57.155070282112945
88902,68.24824190573047
13482,65.76324448060574
30908,69.90232754647093
102283,32.94741947826924
10283,67.04633016353881
28549,63.01365771813687
50785,79.9877566209895
80091,42.94338678739723
86288,81.95987859479146
50431,33.70409735668657
41143,37.54549514199862
95295,22.092920025888027
45166,50.64317463981439
48932,68.85225397730818
17389,39.26540649809755
31969,67.85250525177105
11165,40.464110603051715
48092,46.68250463029649
8512,47.47672774459197
58987,43.042327722839175
42254,63.01847831612118
89738,37.95915961956328
69056,70.49733078555167
46516,65.83534012451713
65499,60.78871672102767
18167,60.12151112806923
78748,42.99883861574409
59187,40.383792284163846
70650,64.58279591155838
1902,91.21401006595724
73988,67.96403145180204
53980,31.93905096053002
27599,63.22298639181898
19031,47.20730886134994
58911,34.46319265832523
17614,51.67945038099479
70304,70.20295461272421
71230,33.5563345864353
89446,54.82138266864196
79858,50.68650851418208
27106,47.87842236527881
70706,31.088318209808268
25622,40.183272315132754
42996,43.07190388458417
48665,58.585474676131014
53120,33.43484146233159
35515,40.9184299698713
87233,67.48792139824496
4655,50.089418988606546
75768,78.5524478387395
1193,76.80329035063374
79898,80.13179763210587
49803,37.72260501781738
41106,29.992447940091488
88179,42.84028327086193
948,41.39093075738464
63845,63.010059466792754
63165,68.73486610909487
771,29.136302799061536
17551,64.50078348064986
78036,33.88959426557638
66208,29.98411559905525
40013,52.87431460763982
99704,66.89066838466759
27199,41.9326882894478
32559,54.094468561754454
80304,88.05292238737027
15758,60.578846108102525
2141,58.20108950523772
57528,56.00227354999837
74939,51.844009781796046
13886,57.912479927195804
59509,82.17204428808955
61579,72.20913705686814
22661,54.39767593135471
44483,42.44400460271708
95411,73.97501253211277
78279,65.73200852444617
70653,35.601774767355195
3967,67.7388996548365
2071,82.80782408860237
89241,55.79878177591373
32670,74.94808484918033
102234,34.05866660167198
81865,42.416937233096746
10965,34.01176890654314
50511,52.96832941395621
90137,40.924765920279114
34760,76.7838899852257
25923,46.62383816880738
53124,64.32880170471147
102084,33.719060473543145
100749,37.10407512473866
98750,74.0172322189004
90657,67.85358093898034
100271,75.8169700020118
76735,58.820705303856116
52286,18.868045352091144
74390,60.228710401020116
81906,42.01321374880678
49693,29.500411350480178
65393,69.08559699326267
100654,82.89495870264102
51018,34.94979712612706
33910,79.39475953185428
6651,58.89247382583629
60049,60.97366968740556
75870,40.31549035662858
65155,59.81445175660488
70028,9.867044130698265
28667,35.09935779472042
53616,70.97486039630132
53792,47.78726403750031
78456,31.59563784761722
77357,65.79589621808626
18504,46.612007402465416
45833,65.78970834901153
43463,57.24946283131368
99439,40.67093424194107
69688,79.32934171261141
84183,72.00737653808868
62331,73.2051414314402
15974,78.9957617655325
41191,68.75844757771662
79407,73.68982165432183
47451,71.28938657548522
29911,63.97478690239129
53422,49.556631759124706
279,41.39967602892875
90915,59.96231958468216
73679,79.93115705526341
3280,61.99819179309489
97387,70.02274683264574
81285,43.92452949318684
39686,41.92224206334602
33929,68.92140443159545
90888,73.31378668287529
62818,76.30772207470125
96711,71.20046657394133
56839,71.01172254914721
10783,66.21449203833927
48694,44.007282046891234
17575,78.98598294171614
51096,33.14381772174476
32822,69.99077211738596
28039,45.484596141069794
83895,32.349306189366516
13758,32.96274175193342
21049,83.16216979691623
64650,30.323170069045254
4286,25.407560586865916
72063,31.48206042786233
25241,45.818802508073105
51878,42.86786934932308
44961,31.830677026760377
52521,57.58561982787035
94986,34.756425476372534
69514,39.480099222025316
35884,37.042616908457724
51437,32.546593965888576
31752,75.84853676248926
17373,34.58765664353576
40736,28.98276134543749
97097,34.7606200522511
84356,70.67595059692454
52321,64.96488149360238
80590,50.423358738372684
96694,72.42824350719391
26513,64.12461841158543
74565,69.14847686707847
31238,35.01818855440038
40988,79.65158963297634
64563,66.66743627458497
68097,40.18030406441268
14422,73.54686571780029
61601,33.04432084630462
97886,69.97325338298486
77731,65.01889105999626
95539,13.445926096588046
66413,75.54676472071384
61007,77.88699736322002
25017,57.95020898442033
18420,33.22149420164703
3289,42.296337332704645
15441,70.55448212689478
20564,74.80990246547016
83065,47.46265186001321
47779,25.23822425599456
32215,68.47437838542413
87248,73.3586104131918
36726,55.92452804059392
2122,33.46762746652035
41524,29.100542331387885
23337,70.11646849673156
28340,71.45445049915546
36199,43.747013792267126
63465,32.929243303174474
49192,45.7638079596624
7045,72.9031904738404
31762,66.94684472990375
89445,77.14454490530917
14166,68.82339868107505
32496,72.01465234735235
85871,62.26974694736738
47366,24.520557036529404
76777,54.18133194766992
38772,62.00175828167825
51383,22.559370048146693
9325,96.62874051098305
5197,55.35448568115116
45875,60.80929536220245
4976,47.49628304238652
86646,86.06965113806102
22190,37.245878158143015
79983,34.203022384996515
26141,40.8895253117622
58695,28.16846568784586
45618,40.42150045483867
61352,74.69914250468933
30031,49.47709360946669
100890,49.61560161753516
33970,74.89061255990111
30333,74.90335152745863
80680,76.09066554243199
37329,66.76334742844747
65838,71.9075451288083
100711,56.0421686023043
76467,40.24126821450792
92680,62.04036462635817
52489,78.05160604851193
62153,64.63876863493618
21129,41.15848996336085
49685,61.01324428278669
64533,82.03294116526902
7322,67.0891568260136
22797,72.11742684727804
71282,34.80132468498797
93428,72.78968437030136
75498,35.20367530541754
14856,41.26820626314036
86900,42.14921561123659
63590,47.90318622228956
65804,33.35342839139903
41071,57.87922121268923
25087,79.3327962316875
96353,40.27147283747354
61225,32.99990646289404
48290,41.30330008349412
63156,24.620036719071713
64772,68.27727676867104
39783,71.38613948433431
54214,64.06613407829639
83147,70.57189720748318
40915,61.0071660470482
79638,34.17524770430649
7378,39.0984246937593
61748,71.28980699564525
16996,50.05808961397096
77743,72.82854089356675
52908,64.11451820841438
74408,39.667258888715
60545,41.779672858102494
64666,36.10569734115708
17855,46.855881568880505
91669,73.89128820514549
85549,96.81166438342021
83346,54.19188126863289
53641,31.28349275110598
89055,56.941189854472995
46051,71.90434000400381
38015,50.39381271777171
72327,75.86799433781873
97622,42.68028924019699
29003,31.89429037053353
9513,52.744024031098874
61335,55.153759058397014
1855,77.9242120530885
18909,35.22992781139306
66189,34.25973454871583
70649,81.01056239422044
6997,28.647451490179254
66932,33.39506908772053
45161,72.78558952916151
19292,77.02737482503748
37156,71.20440707190737
18097,34.05470173891628
89908,59.095881120485885
68155,82.73467678153759
6393,80.67097098296716
75769,78.24081015291242
1414,49.64442336772305
3828,55.042986207280364
69136,69.07309361901564
47743,42.09729010510607
13210,64.09259931499065
68325,68.9261628776945
82395,39.869628497022966
37460,77.91236461733448
93654,56.524210234971434
102367,47.03230324823995
89140,52.40619436749762
35731,49.736945348645676
5484,68.68572107330547
17298,33.68885535887637
87075,40.82882691739891
101533,53.43506408217648
54845,61.90122355012862
5923,70.0227389841656
37300,66.74983042216311
2879,45.01142254974933
78323,66.04962890210984
78936,63.360925871681076
4698,40.76480769970742
37785,29.37851084676353
38890,75.88900131025389
63093,47.997464345638775
76543,65.66969598000324
17055,66.91935101138387
97088,57.82444744865086
80220,79.00377224633631
98011,32.8390025279605
84158,64.9363276745679
93848,53.90695946013129
80321,42.21901332876455
16956,65.08306651072195
1021,34.18205632045413
4710,32.28483591922455
24034,38.18478436032529
96053,37.488127313165435
69749,48.99681369785388
14736,70.99757305546133
27227,72.03856866343648
60247,54.34563756112704
89824,41.46623787059082
94554,41.27993621956274
57211,72.45376450630421
85825,69.15238700738423
17378,35.85098887076256
40036,76.24550920475284
31077,36.12736374220917
74737,31.893522235691712
8464,69.04094968647377
35208,39.917457208549195
24689,78.14697670911295
77142,67.91703449997951
44845,78.11048109212973
63405,68.94292216341151
60061,30.980931738562585
55972,42.11153995270661
7862,66.3100107021366
4752,39.58517119427701
60414,69.87961450647998
16614,41.14172799723512
93962,70.8059027701564
69774,42.417272577493804
99335,69.3612479585571
52467,54.38452286304823
46973,67.64902980511582
101297,31.09239984497363
93847,68.0158209957541
82435,70.73451250444518
94932,46.17361989522497
57300,40.66172473879456
3758,64.98079445932797
37192,66.56216801846897
29436,32.19942963222027
45975,47.08610618620568
86668,40.94508577553438
98899,34.47682554274325
37660,70.08039005009402
90610,58.02469651393167
35725,61.503050977622664
44865,69.00922686920832
83263,8.521032504154583
93642,51.95243350494468
27211,30.940573969994677
55970,58.483944496052764
2742,61.062604511668745
90957,51.02058571773008
70405,82.1797068826177
28362,40.03640186790744
73028,35.012476803100974
68691,57.94673983367902
6121,32.42482929147064
35147,59.95111211490092
20390,53.03575431983724
49230,75.08994867095278
19036,36.16869624304383
21413,66.94561109569113
84318,39.73957137283219
62147,29.738758717105803
8135,67.00641865936274
77470,60.32749346770953
100050,60.59476580014437
55558,61.87398248193797
44501,38.14999791773031
16306,52.2933714029039
53198,57.32852817813992
69689,32.338665199762914
81400,79.09103695336549
62436,32.295324218482186
52625,41.87075898537108
12358,68.91390199231948
14018,79.04422139057964
17456,31.362758385569972
60083,70.71961346153932
78915,41.54189065745999
13489,56.31014012958194
17810,29.90693658210063
65305,70.4571732389197
95469,60.11628399444857
96151,75.07936485554
71683,38.42618693807929
83311,69.7067651042585
40142,76.72742126776319
27545,80.95756339586453
84263,74.90628098179943
71500,21.812746593135522
102495,58.994191619969804
16784,72.72605049303702
85835,74.22974610920622
42433,34.00650893995911
37919,28.35898442822746
92136,61.76070062005316
100617,58.0084915488063
12916,73.92564533184537
27154,70.28108634531381
73459,71.95246735562353
43533,48.574635212640075
5494,67.13875532422271
5873,65.35690265174796
42414,32.92516602626605
60394,52.7547820573721
37424,32.840202425595876
84969,61.53778234890972
8902,77.15534718366533
61456,84.39152545380709
17098,34.26637913931867
78351,53.936805643946514
12205,57.86238299898457
26123,78.95924488836457
24022,42.46230411451657
48527,64.27283951540355
50458,64.32106119973687
46924,68.9316096394067
32511,67.95139324446203
95971,47.801805213351294
70110,55.11639199812099
786,64.93962336408129
39324,41.78076288659902
13744,74.3346812434863
64958,30.672688361835327
77739,41.94202182389675
78124,72.11069217419077
6319,44.897289748654444
4005,71.8758151759545
82668,37.839276594098955
76525,27.435571279908338
28224,26.8599658723957
35470,61.625749023521635
15488,38.33497689404268
53405,72.33511164012305
3610,29.580706729659866
59468,68.95474333812659
73587,48.483314596114525
69347,74.86919525206065
90071,44.864740296957876
26766,42.053353688231574
81751,41.44742405397812
24460,39.168818303332245
4457,53.234611303954516
26315,43.04197203363282
7859,41.34261194048065
44303,51.35709744479085
51943,34.820019229147526
86293,33.51455340557179
94515,34.38949225129822
79846,34.37066314989876
54356,69.00153178240166
40035,37.532741651974376
50752,23.713938549834168
101329,46.94702439811395
90265,54.99768819846724
46399,46.090582161253366
8655,53.04011163956144
100543,35.25448840526632
8011,69.78985996632656
86329,43.973050133873684
80750,34.46735003426982
68613,34.238922857104505
75568,54.351066725737226
48001,56.99637667141737
72784,69.9528166568566
8035,41.24672201198104
28307,36.21549079831362
25982,39.939721173492444
18415,34.431913033619374
37227,32.44885456869458
52483,40.158135369207855
38996,73.81012398621542
30619,32.511671910232344
99677,61.70591556240401
84937,60.04197817056744
33282,65.72245072001294
46391,35.39843745201184
85115,38.18531632734853
63749,64.19294745175178
20122,78.00909223443105
24900,31.050161551523395
30455,41.542347872031996
60535,41.06365653569598
46556,29.606787088422774
92363,32.36515046155684
44966,72.49514227177255
33276,55.38350681718101
19559,31.460253552143893
78092,46.11193814826048
87088,61.58412324910971
45332,55.87614779369339
50003,60.23588857050338
51838,39.605658199013256
81387,67.89771908393969
95203,43.23245514464081
65736,34.80291950730326
37164,67.93103603089072
82813,41.25525480215542
12691,70.9263832068186
28869,74.27306116172443
84077,69.58081448752047
89354,33.73864423894633
98907,48.58466026168607
60027,56.02309537291453
1718,71.00616677931689
39058,9.06573469319817
12786,33.93906786004711
47146,65.08685737496204
41401,67.94831130124527
19042,46.70945058012213
95951,65.88028950040592
62986,26.00915769436487
12864,78.17895544411056
6510,47.79046852399986
88805,70.92154823334039
94327,42.901928236164004
49783,41.328833288499254
20204,41.244587132152816
6077,56.054253378457965
52053,62.53555777128947
2124,85.0625346063247
90458,81.27872213648183
3325,49.894904856943946
25002,66.05196887215493
11997,81.59444253334166
1115,37.09833027051971
98767,69.1274158562842
53208,35.99437594828489
83965,69.10242680499738
80170,77.6595936679621
14223,34.386065972942056
50008,58.226040229133
92926,58.01312056876037
67262,77.43287972361645
58690,38.931901832861996
85708,80.05147300048628
4398,21.74047703217913
68131,61.38631318293086
59075,54.34103594124135
1830,8.793697212807306
44042,40.02129340604861
55882,35.45867675833362
16778,43.85312053042098
67670,38.80382131391077
62193,32.54208730713686
85736,78.78284465779473
31299,60.21617607168362
52253,70.5510265571808
32675,63.21149823806034
38138,60.93332543995217
6821,34.72704792251018
92299,41.05443704713897
14175,56.98127879518715
51304,27.71796231980698
86950,56.22333911869349
21213,80.42468988108809
63751,76.1129678628575
42886,51.498736731357134
88443,67.21547852244419
13076,54.28211756769825
67337,35.115168360668555
69804,73.41550782052701
2675,62.295744631299684
39048,39.49018996170059
49270,60.18261265284243
68932,58.60932786523169
84505,75.94058031288748
84281,60.33498300758721
43435,62.134843532160076
59534,34.21963709106037
69556,47.169424524743675
51761,68.95564242885476
1220,48.70970917936711
32987,63.94338997063004
39994,19.819422980283253
6677,39.183651830568714
9361,65.95846502752573
26425,47.63954171054512
43768,31.15007847568632
40933,65.16133736964483
56094,54.73540647769674
16723,66.03395265593016
706,58.87788917852062
12308,67.53272678707305
86660,37.04633470933192
93767,53.10097205846287
79563,40.48213379399789
79647,58.99755962731303
68976,66.10440899470609
54669,68.13618225257213
67334,60.4334478015856
50806,44.274093687570094
13549,39.33803170756133
102518,74.70248842238237
2405,33.93984351623441
2422,50.4038940430503
101191,72.46191187094284
11444,29.225896952408533
12927,64.88042369872696
2758,41.433432099265836
95409,33.67546704274027
32171,65.91171493750406
45192,35.861922586605175
85008,41.95398700674431
61662,59.69435426435261
71028,32.084817461814936
88797,34.09234306674791
22977,10.56541644873656
67022,70.90678456643658
77623,69.5604391253478
82731,30.29489161096434
94699,34.81263253581977
96510,73.91573304190666
32601,37.59417842011176
97641,81.03342874015476
40735,33.808449270459455
61756,71.03788973141764
19687,67.27406199398882
15284,77.53607727228987
8412,72.41661627217891
52646,82.41358020984865
83429,34.542551756272886
67422,33.859704677967564
33239,52.02846738226138
48935,26.280448484652158
19526,78.4874590611756
64620,29.437087576720895
17814,38.574581672358434
99996,24.94490691740729
10336,52.66640004464501
91583,74.34960357118104
89077,53.792975289649036
10637,34.819606992042424
28253,29.7321195567701
17284,63.72854364350184
92205,44.104930316725344
92720,40.39797901600659
69626,53.86392812365983
75873,66.95874290069571
29005,75.75088487982768
92174,40.44880573747072
82238,74.04269717912628
47010,0.0
95396,76.02625866992597
81238,31.40903537568942
70035,68.01012102665692
20279,79.65072882019044
13747,30.655798165898343
16107,42.85337721075646
65955,68.11195568133763
38520,32.90456734551321
66205,69.7760597676644
10109,62.28193216005539
99119,85.68738412140979
36618,80.99621300906242
83524,68.01928311671008
75071,81.02157096834392
6780,50.22016166768029
41470,55.58678509672798
27435,48.94461688943332
83488,73.94206633837317
48015,28.273878310910582
39752,36.45710319778494
65651,42.36922843462743
80686,28.600582738293014
76743,23.880456464927697
46473,57.14084693256224
94421,70.11304143542033
102247,70.65219415231184
7050,73.8153515076012
8448,68.81382973642931
23706,50.101741314205185
72331,32.05385039017686
69199,46.93230943467858
36204,55.63274829228746
58239,79.28002479210656
40168,38.6283131303817
6268,64.02762978900472
42740,78.07227616268631
443,21.990104637287725
2854,72.14873498978679
58024,68.87589617272694
67536,18.94167813289445
15132,31.404980905781535
66969,34.854631666667466
83623,74.55119509392517
19269,56.14380867051935
34861,63.98426022265236
56966,73.04612841988484
75169,47.76018569588519
32937,45.24056685532204
62579,60.60315096740308
53606,78.70518316824175
28952,34.50738992413354
63471,66.17925506063827
80005,79.04504053550691
32447,28.89467343182085
87275,96.60908015964606
67848,42.02233079506494
38042,79.98853257088018
38174,62.76058277104835
70754,97.82395894540844
27399,35.67255306521392
81612,60.879834042432876
32359,53.963388951783266
71790,36.662760862676066
95936,52.91622111672072
14369,80.08498933487473
102626,78.74037544388227
43131,57.095668350017974
92124,74.18980698724783
69705,30.837721161242406
22450,31.31698033437713
59124,77.99957393629276
95354,70.95364816847794
41879,75.80894082921955
101266,34.11599278367212
97957,48.06396055739138
2339,32.14689039261413
34243,22.34299943456371
8581,71.75395171330952
5322,49.52870207645119
87763,80.66486247530158
71488,82.14316695734296
47952,31.68938957024527
85888,75.30494949776332
83024,70.59758520210264
54726,53.92502576782571
11818,70.95488689466421
102182,44.30634652948465
91326,35.205397767205326
28931,52.09040656274776
46055,57.90168172118001
71110,55.30485710186298
91443,40.207912260406886
12089,63.57423190467019
28383,75.04725526809472
101484,70.55733714159464
49150,70.67028665987914
23187,23.675771292835996
52069,32.903658898667196
65140,51.919619683559745
54441,36.518852579334414
42733,62.349746399633986
35113,32.254884304206925
95348,34.47572098438117
2349,53.97424532289669
67247,61.721457744971886
69273,62.02286809411336
23088,34.83488322497597
29953,34.03087077539462
30297,78.01211814122357
99471,60.651385498093184
29070,38.13325462685341
38951,70.91763877963325
79993,69.85339637541571
40439,77.1172733085672
36947,61.42806126940117
96439,32.085116719525885
51378,40.396613150420905
80553,42.092132487329
71053,75.50350139212847
51127,59.65150624515224
67109,71.76516114923777
52414,78.02709972647932
97259,86.04638658123972
25676,34.678526278494274
69401,39.715042862262614
81209,31.976696319150815
24144,58.93326168911614
67192,9.572560785933568
68541,48.63532771235615
35311,47.76144047831487
51986,24.854404144462123
30645,27.86488646166318
49751,32.90335789237379
71107,65.02714088797589
83819,75.89395728160615
55562,31.505761486525167
14273,70.87609456850693
19205,45.954498998232225
8397,59.060500393783386
38604,37.942424051275246
12253,65.3103517755402
67371,40.939023287672185
56085,42.067167582129485
8233,75.25263470636054
37470,62.216435940316565
7194,33.63324454951766
6115,34.7005665509227
98024,48.34035391842774
41163,71.8604488435465
32649,78.83452213623524
68450,43.937216154361636
78174,32.69254851890742
90650,73.1399202058951
31217,76.75405396995708
805,60.235452316135735
56239,63.234014171755604
78813,69.91874447896726
89481,48.998798301622244
15468,73.11681625891944
45921,59.60704759357036
82406,63.209280938947956
53735,35.03507061785462
92318,15.947517592664191
49379,73.3161189124283
3491,76.04502072269483
27003,62.79772083982026
58425,33.419727720125444
8932,67.83890651129772
29284,40.496149162920176
96014,54.94533826567178
84832,38.95335594272093
34711,42.42041769337352
87584,34.398662449801876
100424,49.32042504550974
75475,32.0992648745895
101105,26.38298664272876
481,40.82316277990323
19438,53.61899377459933
88516,67.6479068453911
47467,41.19683570118953
9547,80.70134236505416
17791,75.0697918379692
1018,77.08448994981168
89163,65.64023168010843
30491,76.03514017685649
95816,49.226015227725476
76172,79.06464903997914
2656,62.03971413356628
11151,82.8291771016313
71401,52.9037394558767
101087,74.55636503349314
53586,63.94359770975764
49960,62.159965911502034
51788,66.90912997430374
14624,72.0649694342097
6344,50.86270785115691
42707,60.39931396412378
13600,34.1412747188101
53521,32.881792896613106
42966,32.33375023302088
35752,72.96263319888234
48267,34.72498595748809
25249,39.19827538916504
61636,59.609768205906484
25497,54.361406585136514
78482,25.658397152329382
78604,77.84968800857419
49920,41.062493843913785
59768,52.93226980351713
79385,59.02506405402383
24612,65.78622046044043
78130,77.5269561505873
31015,68.87819978819493
69233,59.615943813259335
94429,77.94362757047062
61483,77.0689132996751
49110,31.020500002449847
24165,78.95125540977631
90533,54.77468785088764
70184,63.89587479249563
62074,28.868914799713178
57945,37.84080614281636
77088,76.718910240155
54922,33.86162784528879
8488,60.6557548274246
48359,59.866552397863316
97363,29.245978032432166
81510,60.78696423644603
35309,54.9750934931359
802,70.83043909092606
87742,62.965447232473835
39765,68.95598452717653
1993,27.357101543224115
91113,32.005494392653425
40648,81.95231651153355
67421,77.11512306293892
25188,31.62431445070608
42599,61.711254988599165
85177,35.02150875845205
97676,27.537035245386193
101372,42.2860878552988
102464,66.76412818297138
44277,61.26610170346687
45854,34.12735542125371
15123,74.15306064939355
45253,63.208869866150344
20474,74.05542023346919
9816,30.214851079203758
49933,61.04209334830705
24465,40.21399298236421
87711,32.87903993501101
96600,56.908294872744136
47306,52.26677906708319
84435,62.82310504080681
35987,58.933491832583115
5579,39.96880889635368
95095,33.19930482045655
70730,70.00140647997
41611,58.12605817971068
64292,67.96232020878526
45548,75.38787399855204
74567,33.79000299883725
56215,32.70440533943711
40914,73.61418258487868
87346,70.80190681939709
98990,33.608960911974954
93135,50.35979769354044
25589,32.86780866478942
51655,63.79610635620391
93957,32.25322167376155
81001,32.763698767686975
6326,74.39170074541403
44008,54.36386791515453
82311,71.96410569664457
57214,38.913949996097976
94912,64.19958182954515
68848,55.201714237661115
85854,17.437303031309096
7095,32.530868504073155
95700,85.84851921824924
16047,66.62977411253513
79044,75.55400765343
34667,65.06938976000382
32261,64.04366614449629
86593,33.081382337701555
67280,40.31043207739721
14779,63.58540282691906
43088,31.121497787899134
25449,54.433707981647636
100499,33.75128625509062
25761,69.73444520178148
11226,33.40432581721288
102605,74.11355902102316
95589,74.15393716686822
31451,64.1343131288481
30083,58.210639411594485
45677,72.0186243119077
63443,33.87126756697203
10493,71.17876526429365
56409,54.768135965808895
40040,36.870867135076296
30146,78.74143277720074
93070,63.08960457931581
23850,29.00433547433134
22430,52.64523999118299
94018,58.03762429288031
12418,79.09373639744666
96207,47.114398496126775
76655,40.896312427979986
82949,65.99132905405042
55282,63.09906968622818
66993,65.9453607016554
87150,34.982850819297326
62389,73.2018695672158
32254,36.71651355361432
92047,81.43969762435991
93153,34.256181693478105
41153,41.03617008140533
101204,66.97626617370912
99844,55.34962458357171
38619,31.961587809346383
7775,59.92865781658075
54329,32.04815721041231
56528,28.19812647721494
13823,47.954806060991174
71086,68.9330626280688
82638,79.1994607240082
74753,26.393928216678944
2978,41.0226009784092
54367,78.27167309537307
43822,53.10912159092696
49969,64.90350751655362
97125,68.94119473522903
42128,64.2226245150423
65890,74.42029655857809
31735,68.37208167334285
3360,29.07429034534531
7843,63.883970802558174
35942,44.0956714121992
576,67.59432342504387
25574,81.46771444504452
87332,59.97271224660902
63927,65.68402120268559
68381,74.14651531449675
60098,55.950844742531665
60596,30.306399852045757
27283,66.83437483005348
50836,32.58874454616587
24656,61.0023790132202
37502,75.9192164259131
18013,37.830608797454715
4660,70.06932599402663
68744,40.58319311383481
104,56.08390478546181
4867,74.994257270493
19094,37.8599716873144
43720,77.94308079827294
94763,78.8995739308657
74720,67.78821764693356
95483,34.745907421978586
10558,59.30002850935662
50514,73.11413386014749
39580,39.888316991702936
6158,41.604516017354044
39538,35.04802371557651
5462,59.23119592409192
53968,68.03959065823025
95278,31.312699612262982
55919,40.62089857993819
80980,11.539590544503575
93287,77.00265040726542
93418,73.58166345052169
46864,59.96182912309955
62070,70.66834711093051
79029,47.75070307495399
39351,82.42940521831244
90376,38.58794092720646
26716,72.81098181388275
99582,63.41730529823714
61706,62.9745283810433
24138,67.36880308323998
52016,66.89182576016495
11783,72.18423959856366
57692,81.04406021518483
30661,87.89133766935943
56520,59.0134938733656
30360,77.36104239969022
68775,64.01462180876055
53073,48.510891768558594
51662,33.488761575916186
28291,56.988810842026766
44353,29.002519755420018
70749,67.92733505216884
79183,64.28701782069791
22279,43.348123202658
62100,32.44891071818736
90523,34.357870626095604
90431,33.96417768418877
27403,34.178312174840954
84922,65.1071691871748
86672,30.8383248575644
24921,35.14740539398931
63691,96.37561150850681
14944,50.76149910941528
52999,76.74362160316153
39590,69.04848287638625
97513,69.37219558828625
24413,61.02629304971693
44021,71.0446052208624
69734,59.02999590307709
3736,78.09707816355058
90936,57.62106912762502
17741,73.84650203527842
26855,76.16766722508831
1480,83.11577992629205
37239,79.0315085421878
15949,62.91446582424271
41625,39.034613906519674
9060,28.28816059523797
32954,78.81618438295061
90307,51.041793166854475
79238,78.98276143164642
21818,77.98898408142512
71131,72.9705445336931
99902,34.655891000866475
77578,56.16284140498172
24730,76.78981909539033
62211,32.326932683706595
100515,60.14347098815581
40895,37.76444722403476
58322,32.65465444933188
6818,76.3264053309465
101157,63.82628286882792
19824,46.335599427631465
54268,43.79505551917494
18619,61.84310061613292
46486,60.07777124303999
34304,33.495548801084084
45427,35.57959903420571
39186,75.14289344038741
14345,69.9877660397992
98868,46.00579648259934
91932,32.536899147213575
13002,79.70320169528117
64895,69.28088136761174
48315,31.61052190803327
52452,55.013431540606945
99206,56.854508432396926
54363,67.69857462442869
16197,37.554234299577296
3419,76.79043511916845
72141,57.6750378936978
45134,42.34437246585567
17030,71.89685384051015
101424,73.89068588976525
48609,41.56852930359612
65302,68.5576754145861
100386,71.17882839389969
67147,38.815691033352614
73543,74.94848302365745
14949,32.16031973553522
99761,74.00508827389538
55517,80.4441253422712
72957,65.1463792781712
42604,68.25130919419931
92954,69.99744503867389
78760,40.049781834616404
69475,31.067459464711085
58470,65.11232930597872
24911,35.46348104517914
2143,45.032427389447385
27055,69.23540600343077
92959,49.32876113628688
39845,64.21553129871384
6986,32.20581449111941
55387,81.31272491499158
79564,59.096018131418916
65112,39.43096719978786
76170,34.60823212436892
13642,49.75780075077299
4106,74.35944309895893
45827,74.29103754739793
23162,76.15549377144464
23199,59.791562238551364
48747,34.99723393829782
2129,78.11731517097712
2229,69.07257275145315
80725,31.627543320867456
93440,48.218325397824714
80864,34.62387436331956
33284,63.93180167447748
98204,70.11808334179425
78473,41.81360850676197
58378,78.08376489470822
92644,65.90437338362881
41466,40.18709453169519
28414,67.98452281971271
5643,67.6637647704849
33516,69.06140019235926
78872,46.581490366387854
85797,28.591491715415604
6451,82.16022620461504
85106,33.64262343982658
96021,74.9228900331405
21762,39.99930453329059
48089,73.99277987065456
24099,74.97559070970257
101236,62.97575298876927
7453,71.11189855252937
8206,73.55178556777875
76057,79.16888220706171
11666,58.93912984284184
28258,33.116337243412666
45334,41.15684803787545
68321,21.652046113188952
41104,32.9315433957951
76302,75.7724287234785
14415,71.92401093514314
78084,64.84244388388133
95793,65.89182388190619
89211,0.4598500095557725
16248,34.49346836251239
66437,67.02389810932462
82624,74.09535887624247
65257,70.62286544897043
9653,70.46845886035115
8471,34.42561372710033
27494,74.12248355374078
95549,46.954393107474786
18528,32.82140028090753
20117,40.73484025847067
37191,65.0204724148296
91684,65.61356053767864
62645,52.71352690786296
18491,33.86387046844633
26974,71.48634328062826
1411,49.13597256237501
30677,33.40646646022459
78464,66.04780275497846
63141,41.03012952853749
52997,49.4857686176403
49658,71.82666080568154
47517,70.07967735845773
2219,31.46485445803672
44193,32.70478021972724
95964,51.11454734662221
74263,74.56550736857568
65235,81.90106754460662
2658,42.11315357596593
42043,69.04176294292787
100680,31.916466653210172
73127,75.9374178104631
52086,33.6903163551157
43874,61.914125561623436
19349,31.02474421116997
15174,54.95171073336478
55842,74.96555269212948
40469,76.15240730716376
19957,43.61440630629595
5488,74.13030166078357
58031,72.8096515283109
65194,50.8821009424803
7659,77.74688675072738
8952,46.7044070456586
57162,50.55187945599747
61141,45.49787326703378
28945,56.12383647339476
12865,37.915896673416434
15552,50.54041846873089
61962,78.98894304497554
58134,31.21636031423844
71555,32.35570462205165
29354,84.60076677251018
22131,73.02442033977552
48941,69.189228281933
29931,34.69152119752947
29010,33.44110710655229
77252,69.20956804376863
34088,98.00740047405873
69896,46.40355231682333
73450,34.45051523748826
78815,66.54754107373469
71042,71.15062667571054
24809,58.845255194152934
86793,74.42728669785626
6706,33.59023454848359
5064,33.040129475627495
48067,39.90319533877731
78091,30.7349125485721
68494,58.033006131214904
95630,34.13518381386558
17590,71.05703777112527
33155,77.18529595465272
20089,56.16442216225268
54775,77.93814109258892
50424,60.951710254763256
76346,37.3585621551689
5935,70.78566838524083
26228,50.338807889995046
37735,26.973614091476378
57755,74.1320771464133
91017,71.0744914826521
33159,42.049437907904334
39038,69.8367495198184
66061,78.85723386729018
93166,69.05539834493382
45048,32.68796546804505
83150,97.98117103339706
31806,42.17012455005374
84637,35.37496773776003
85308,66.14241195236605
50551,28.18505764414433
94048,47.944792705175104
83238,32.41708818824717
46993,56.88891420896391
96967,47.27839325182761
6957,75.00805957276836
31455,66.04620530470643
66114,56.101086991793956
66649,73.27095428674721
98407,68.23867421294486
64005,55.637366724380925
50768,33.52394269628179
11781,65.00145040919286
61644,34.25861509438976
92845,36.461916898644205
97510,61.363745360715626
71129,33.92032394868014
42558,49.81960270317311
4368,58.93199981012513
47635,65.9814927209868
41237,63.23628035951448
31958,52.803256304847345
99661,71.66042167827902
96326,77.0170790360321
7432,37.86149256454037
50225,19.155595470459367
18976,36.45800147448303
28815,67.78071640587721
27863,36.53116623946811
99756,69.89533447286126
58932,96.48020252039268
77206,43.22363478703913
92464,40.08983292183544
17455,42.019727008535824
9781,75.73566157433262
86737,71.83581145872981
95557,44.235795408551624
48255,64.83506234143596
56757,32.62127735488318
48851,68.93576920808482
25092,32.84488383880305
40603,79.40929168379228
101262,59.93807548026699
34923,70.57452274508913
98124,71.0908856858585
45585,41.354385470797546
4707,49.56378020346244
95513,35.02687796296252
8098,64.8747097275112
29754,65.49855337538384
102233,60.49175211806346
38826,40.495195639211744
11620,16.42469636956942
90882,55.033274029460465
74971,50.12671394761185
94654,79.99755827589742
96546,77.86217342291488
73497,36.248205034254354
97026,49.78940879243602
14559,33.55874724129047
97009,61.03857933830545
49438,63.62111910477518
17312,32.33568906936549
35864,67.71099400782265
55805,65.28348105373958
18075,59.06496122377618
98291,57.92077004972324
93473,61.62839694431567
77543,82.52028000232406
93297,70.04200402952571
63101,77.88873798344852
16340,37.85378215198776
73019,39.78311037966915
7570,33.052868744228896
2413,75.97777884965714
84421,72.36713429819079
88308,35.059290329095035
23779,40.95951021892156
26186,68.86460282555244
64423,31.98188165116014
92146,43.17705536828216
63724,30.097644883829794
37325,70.80356512007731
55840,29.437189411704445
23932,33.570592144810625
74834,66.29582152593301
14800,71.3754893257758
98975,42.023884787497614
35324,47.96124286586435
1471,73.27041875268905
56380,33.43634373195259
2181,45.415355418345236
38072,34.145348764911425
94076,65.43432253557154
81708,69.3374525098184
7905,58.528226062884684
102047,71.9360897649567
86858,69.06910668366795
25912,65.97634226991839
55660,32.24968750223939
60169,84.18295634263448
39777,62.780662956540766
33141,48.879819018741564
62346,48.105817316158706
61606,79.99302102787993
83781,30.09353021164658
63177,66.0275827163714
8755,67.29998835971486
22638,31.598989577447515
85190,48.033580365455876
38974,52.84570597085099
596,34.34355238329461
63960,30.805059286443925
97605,72.08242117825283
40716,43.73074170541524
57155,31.951834831521946
98451,60.99602923242847
86218,61.898265989080286
92983,65.9978480197679
57329,56.90546317436372
98398,34.49069036948305
35440,33.05449507101009
4374,74.44195047033173
23402,63.98462785858961
44762,70.99881351680031
53294,66.01044360179586
78573,44.041898509875246
15286,53.8321568653421
19219,30.077816816106697
47108,79.26676075330128
16848,40.632397236937436
50181,67.89211807916098
71678,37.73060632325446
22941,32.471099163629674
101050,28.85110792404963
62538,62.98146582171636
39583,85.00762523747144
47742,75.12662311292377
100734,30.93802988595107
31509,31.3688917624411
15827,66.37283235288353
41453,40.392887082136795
1850,34.58327739411092
68190,47.342751212640636
60794,33.12542864551267
54293,59.9257757475269
11025,68.87926989092688
84326,56.22034769163835
74612,33.26459211128334
9869,59.52995591372263
78891,31.017276678328642
55034,12.197258817308843
47803,37.004881888296296
78030,68.00849630367452
7990,36.65696614138343
22768,60.00217838819704
65070,33.40867997970004
20763,64.76064830048404
12464,79.04468095731963
17634,45.533619309450195
47921,68.05762733210604
71010,39.05200992712615
61146,33.00781514088935
37686,73.12694853085927
9287,62.05642222371124
47818,85.7764256662819
27983,68.95629178762024
44650,30.1703471126366
66895,76.97749217138417
96365,66.71860117785542
82031,28.991038380167577
51052,74.07199567297515
102664,42.54644858368425
7587,39.40029358285801
51102,65.0154252827349
74060,73.08137723998928
34842,72.98567884858586
92638,68.94737518565563
18964,64.58338501029323
8855,73.95979401882701
92693,71.10000229671525
4823,40.75604697223696
57717,62.95000828550509
6670,48.03224990799757
89498,40.756466842260224
30591,74.9988006618909
92819,67.6727197191569
61033,73.38252817080877
11759,81.09985365738984
11445,62.963700526552415
65185,60.06388224163405
45252,33.97572657507956
63493,75.94075054093818
50636,34.140538273066966
53519,68.28759334248252
40094,48.16558701209853
45642,62.9070124916621
13505,55.15135618171838
5329,31.586250622607537
7411,39.41486239676074
2173,34.86855131057461
822,71.81735824573934
39443,52.83244796586415
82528,69.80984423971114
99378,45.04239105044181
38888,62.794172567783974
25420,43.37996434629669
101657,34.871182838401296
15749,68.6019552350844
32558,59.89560286722971
66465,12.919933395903726
9963,48.4798225230717
14678,34.33670997840614
10437,34.85320308988987
69288,64.65971672031995
26446,55.94401472143525
47725,40.753150422171544
97552,41.42870240846289
96907,34.84148098080073
60767,49.108499026423246
29468,73.89991594844352
59147,69.31632874767283
96357,39.8834196177972
92061,19.58990904148263
6347,73.7605415483483
84109,76.01468922202567
71184,60.62330263526103
92992,73.9843117363499
66779,31.27346666983217
20111,81.38829267685372
17237,44.39491201776441
89415,79.05897681047301
36990,34.08726180485861
22981,61.82127917302077
63827,36.82669496294489
31950,60.20638030153775
22278,33.691611675790575
34176,71.16402688171038
27143,60.002375306126496
56540,74.34958180982545
34688,39.297757736168585
28746,32.56552642872885
39396,75.46139616733373
85109,63.04717845272551
8705,72.19098042869821
84989,74.1248998082583
12018,67.86265729110694
47835,73.12487774092207
72879,40.20402014197461
33734,72.14569680883729
21549,32.867216013982166
62220,47.084131726226964
98950,65.87224645349107
21446,62.99145750244826
75533,75.12952859045583
68939,36.80558208597287
95632,69.22806865751545
54942,53.91942513122595
35471,77.19945391093772
4545,71.17894408987704
28251,64.03577034148034
50378,78.89646831695799
14398,71.02900614706142
34261,56.80153771971378
67795,42.30803238623372
94611,34.248400923032555
68919,64.09455029008782
96315,52.88576887569851
51079,72.24516354917512
3961,34.402893699424574
64658,72.03025224065387
61879,66.91814498922895
21568,31.871544557462368
66673,60.55169210777079
96380,39.996224929333245
42436,42.09386716472346
25193,32.92310157577732
99542,74.04269717912628
23022,34.77202123460238
40488,73.01402841530935
24480,76.79156730048044
66740,68.77159224898676
41195,71.2560151264028
56286,59.21285878995636
41898,81.15251900752145
79786,81.37104109400468
70762,89.04029822778452
63502,76.33721038614222
21745,77.3905557072269
4973,33.952330296030645
99338,57.05941572583133
101743,65.13189676785873
99156,39.41420219590254
22321,68.4303873777218
50589,74.98735481162636
29885,72.08179229957744
89778,35.53510050011615
68011,58.818683048601514
31748,65.06793468269751
97716,67.76772704949926
31204,34.47644052040579
47911,48.60555153721367
43366,77.27876664542742
79278,70.80222623170451
76964,65.31062683217806
34456,74.60483030418743
57003,43.671761257050264
90405,33.65058668001283
18732,26.985117384177375
33815,79.65696498880394
28689,54.138274821958554
18257,66.97043314632307
98612,68.36968032994037
68061,57.165011399413316
32907,78.65839490459679
68489,42.001156405838444
95838,69.58571923547763
79030,29.193082319279245
94334,56.15611930656118
28589,61.91159864798745
72777,58.949052026870234
33807,66.95216588068325
23242,30.58582926481758
19184,31.472378574160032
65083,33.64752984435187
56724,53.522155528868026
72040,39.40205366504379
41654,55.1380387327051
47659,73.95022356740091
1652,64.76009555533432
35525,48.37022672327593
13762,44.104597573818666
33680,40.55876016884002
53427,75.11486441315499
2603,43.984843200181174
61406,28.5901395879278
52072,40.20292297635475
65044,41.939860191576464
101211,30.97112113008604
31154,41.666282523284146
28550,69.14756538090771
32592,50.786785282026365
9033,67.80391810692811
57530,60.918007683996095
78700,55.32025740396895
85404,42.92394161118692
34450,71.91966726552226
1022,70.13709525561015
85129,32.653031993443335
46562,25.665998721904337
47534,71.26408156620401
52758,80.16122897396858
39703,77.19187184862213
36016,74.03575457802481
64874,74.92361673858258
8699,70.46984219750955
664,70.28943698013549
68471,55.06978103404953
31550,34.29954038485864
81689,44.700063374293784
18309,49.532553344684835
4933,36.16557729455944
61400,41.28733961163793
43827,63.92525458128266
28784,41.18216163312022
76746,72.25411909835955
60746,51.435240681448654
24958,68.0203795072326
75757,44.45454507196049
79523,34.07928643376377
23030,78.38045722351745
5117,38.60331563532965
33490,62.164520661279205
75586,77.58756727794956
85157,33.98210780875143
77029,60.02675363796813
73174,34.30211381447087
102435,34.131943381082344
83929,48.114708989217434
32141,31.60209088973717
39595,64.29345185214694
37681,54.582997052274415
6659,26.573148018256433
63142,70.97648824735263
84630,54.94584983982426
29881,55.862257915514355
59194,31.45840411069494
94456,70.09287551709726
65905,34.79757128578066
29944,70.87767033395184
33955,33.98158105380835
66057,34.0130240299555
19317,54.95594249975587
21677,93.29876152575837
8588,61.29589417386437
64341,71.23166478929656
26211,32.40465082963878
48561,16.778097654086622
42063,91.30577480990034
40046,67.87779296466496
40083,67.65164121209166
77324,68.67577590156655
5599,56.6905610632803
27573,35.28244233206287
71923,43.225310843982726
23252,66.9256641129265
91416,38.52530788574118
77849,29.819698248925512
18739,53.880449908409744
92224,78.05848532285373
73943,59.05882636987788
16394,32.85163067038636
32088,32.594927903634876
28625,28.536701899378784
65269,33.63998555772731
92998,71.92802963388814
100972,86.09772389903284
45191,46.414994605785495
97237,12.026373943442245
19558,74.96160420849881
85019,56.102499682162374
73594,48.50820464440779
80175,40.724498768797986
60018,49.837030249737154
57029,34.35512514763242
31101,50.60127235500444
2960,74.0085357160686
2158,70.37449396777365
42032,78.88944440171875
34210,30.5361035507037
4766,32.209567542985134
13507,67.57574683728583
39772,62.80193344802984
28439,59.09008136977887
61449,33.12513304033494
98385,62.70888944466736
30870,59.956998502550405
57289,78.97254065979328
77533,34.030404246352965
29917,30.990440399141054
74870,49.85053566413433
98126,42.91408026325463
7977,33.60750061248439
10361,57.11412588107541
42331,35.74574375354695
2547,51.444196791701316
96170,71.63752988581257
99853,37.03068042426668
50580,44.890116625370624
36336,41.17476757474694
92268,34.11559417788913
90461,32.038719253853905
80211,34.61202461243725
45374,40.87147562127739
55809,63.78864222845368
8987,36.89750768327718
66186,30.852884748141296
55414,40.478131081392576
19971,46.79382052578369
89403,70.17462360462414
39518,52.7862596032099
4680,40.0162688022982
6488,66.96518432677442
24440,69.17993967675625
88623,69.91455446270038
31423,34.3335655509804
29308,64.99237660187953
46513,74.24604378673428
70196,59.94548837413396
24030,66.88740963735975
62314,62.71583895614553
80968,43.779020828111825
47571,41.157723974881705
40564,31.816992094554656
14264,34.27989604520795
19348,74.073690010982
84870,35.28442047773522
95493,61.94820547363046
97531,77.96577856232702
102478,64.84721174716165
88922,42.00614547763607
49075,96.50759253052252
22872,53.01252120859179
72328,71.8095219748084
17029,62.24144606522739
44764,72.00099141535794
42870,81.81888354881707
48545,63.545326969158
82538,62.84628012897011
90019,34.0364824343001
67984,75.30323642776611
48046,60.110210792723166
6764,37.39976996409031
12676,59.04156102318167
13252,30.687553584807286
35264,38.11008906883545
55112,41.091983461889285
100946,67.12835000455047
82881,42.05931101592168
94618,54.78102397356274
7266,43.75961163314861
49759,63.945146045628945
97568,73.0789937546536
48592,34.858260341390576
99560,69.5705691660861
92940,32.207318297013636
53,65.09474809126621
69030,68.03753553363981
85814,79.93667059596385
52152,73.81187190870402
101757,47.4781343721594
278,34.829753645740084
89442,32.96648950065168
32311,74.01495021023342
41134,50.87535258520798
75796,38.53923917235985
96065,40.89316746300079
66912,28.28491508567458
16621,40.759753616884886
55945,64.57157717303775
27695,34.010186512434935
19416,48.848418219892466
65904,40.07010056737653
82711,32.81804558282324
41671,73.15163566640139
60878,66.95342832949274
73947,41.98194393968268
52081,32.50656576563205
78780,36.091308566714154
249,73.76296683983277
49579,82.16664893975314
95350,29.669244612285908
30469,48.804831565723404
76502,35.048750535475364
2751,61.51886040941089
28852,71.82228936750235
61585,71.91907545618804
98989,70.93996183070303
50060,49.87535576070326
59092,20.15770285342738
100530,61.875826376164355
100584,66.44089514016248
82649,31.86047106698131
53565,68.24810254993119
18158,69.02129844991191
17342,25.689849955892015
31524,46.00181159364656
6430,21.104986233187752
42811,40.54080858527279
45894,53.708640394852736
89523,73.67181202158635
71851,75.04794439845895
51451,35.54462757291631
6517,31.78846524392419
77839,36.754042829520955
60030,29.896928559206476
63226,48.21333691251954
40572,78.00207986223981
98447,35.639563398101274
55986,39.663819731707655
68642,65.01187533696009
60997,49.37961603227136
37744,69.90980643239962
98323,73.60985870131003
51701,56.79168492588013
76421,40.408719059716695
16165,36.87193233520537
20104,41.89998485021242
96928,80.56401096768164
98571,72.03786321783375
51540,71.83524415582409
22386,21.975990822695803
48151,40.02023223651075
100482,48.06493624270206
34432,70.96518342769548
43056,77.03930136501577
85138,73.18989538908848
41119,63.64737886730194
3704,40.121170103396814
75021,32.92478227750493
4289,72.82709357444051
94780,61.89263546348819
67941,46.456002151355925
58903,85.97914289606263
21486,59.961339961397876
43843,79.53534745551022
10547,9.179679495123214
14549,67.72846158128146
10048,53.47257902230841
74277,49.660297677336175
10669,29.157683529083673
91734,50.98421353788834
73652,65.09838170961146
4931,46.183582034443475
14231,29.010779356327983
43946,41.91560909585654
50793,33.94533709999431
2444,32.904907475061265
39289,36.36619205783726
101068,32.46743450186064
87576,59.686378013199864
56546,41.63213159124661
33924,74.92493301111915
44680,80.24080639654471
28398,32.38771131900133
68256,79.04385701587239
8132,69.12297909643908
93806,42.178861422091515
1781,59.466396737777735
81206,37.9856576621556
13498,59.77307159324329
73400,78.71859543516902
99530,69.01052140771733
59794,81.48177328918231
73219,41.98692360231232
67763,33.504613474648075
35030,45.21080988614735
100954,44.74027792067891
59389,56.29486904390531
60728,59.91875546037943
11282,70.03646416052317
77751,46.92213580055873
90320,32.172004494635736
42849,46.43892519401881
1709,48.117613786657955
48364,54.305527553181555
12361,35.1820024453228
5071,63.086510307048066
13335,32.2600163899249
87110,40.738376149312074
84029,61.124409315343435
32970,73.76530653126633
80745,51.07688388835697
56415,42.742570693930794
18835,33.08901121171507
61040,72.2562702435014
94918,39.44294636325414
74296,67.64563345258492
59091,65.02261503799738
58317,51.082122402019515
71263,64.03738978596827
23514,71.48408022731238
86263,40.85461048584969
57399,77.24064931709049
9615,32.05907617934814
61535,25.234915767972893
52901,33.23080668691783
36254,36.20867975552247
4774,21.256610794871794
28380,33.547270561959074
100931,70.2902480564357
68377,43.352124559888836
66407,53.0043129430195
69462,61.05370434632405
8975,85.01597557080248
7835,82.01194274905986
23142,51.73737747222352
61704,55.30666383936882
57301,39.525623180081446
31144,73.10580543598289
96009,70.0269482185779
98648,33.15606215927759
26510,33.796403043912704
55146,67.7858231867504
5174,68.73423268440789
46703,31.11532604059105
66796,63.78258104055042
1334,31.429230150430833
77590,49.307244866823225
68060,32.29171702877923
86423,34.468926213795186
55086,44.82663030623151
75697,63.95527045065259
76357,28.437409836222287
11435,63.478369641185864
82137,40.32540101238176
73364,40.36051881587951
52313,71.94611910176266
57116,55.99527826079968
64018,40.95047148678396
47535,77.83420985356733
52610,68.13587064973072
75126,67.76576414259907
76274,34.03485508761933
79196,79.09815158386911
102512,32.77361523098905
87645,31.76312284730583
9307,69.96450849112378
25914,74.99987109582376
43037,78.82733514434504
25542,30.911047346179227
26011,82.58117043217126
44252,24.597794321083587
99321,66.00940885839708
79059,20.036822147853034
15277,66.32229290306753
15048,70.40318601837882
27751,31.880521836171855
28778,44.75168682592914
52909,40.69364722228221
86924,68.9391919187839
81803,67.71752362327948
9355,81.65794370269202
10611,31.072351817637532
9093,43.02706858220485
42244,50.867661858090656
3513,38.082886670017366
18513,39.587584536781605
62581,42.34269562198922
90853,71.16701927686992
10339,69.9492171626503
973,72.12932163525588
2681,53.413041392650044
6782,78.13268410575247
45005,48.7896145040921
11764,73.48277106635524
46030,59.11420152435477
65254,39.01468986278751
22879,72.73994875429219
92880,77.11229039320185
31832,28.280921800581748
80982,41.998740264297986
76665,40.16086864156816
75803,64.84456105473976
94323,82.59268385379951
41382,88.94679032159914
68765,81.06148303916893
14861,32.657761790784896
12991,73.55665535262676
81581,73.0519350824279
49719,75.85365258469
7487,46.90361524384198
95082,34.18998481235992
75868,55.557928874809534
83976,29.524766360191016
10399,76.90981353921217
79673,32.73281901415736
18175,65.73827717465389
39825,47.3168732976906
8234,52.3451749498706
100059,65.72301239335587
11654,66.59819755786157
91625,32.5438898237364
28940,56.07828348145409
79572,79.03582504973679
21300,66.12392488665252
7509,69.45140417902292
74965,22.64939143004014
70098,36.898554445505624
96211,85.70773255314921
67916,66.2572247026209
80944,44.22247062738711
15851,37.572774436161176
18603,48.685508785314546
82073,57.40522536625509
49252,30.304950832351068
1913,31.53222015669711
39056,61.56537072951828
33648,73.0370982463726
79294,35.624450634847015
18486,63.714945747890994
95797,40.62539305693208
1799,82.6280573620793
20595,34.416032213267954
31746,66.54607122219406
5913,75.02619648714673
34507,60.552567836743755
48353,69.95306183023587
51431,74.04775588593338
48367,25.006318962104285
27236,21.646999979551076
46258,65.35243137859828
16966,71.92813829021986
37696,70.84451857107004
2757,53.08385097710947
60760,66.24565554174418
95747,31.003348325224806
28539,72.9252916813924
52632,46.04449580210838
24734,62.154293107426895
22791,70.64442927015497
68162,61.039786509274165
56165,59.8412385485287
28727,71.15181690158317
67366,58.04845247816151
2224,63.74057555998095
72320,74.59323055377857
41417,74.8541400589541
27462,31.898455794597805
22304,47.0066582639499
58760,48.056373872345205
21200,34.06111488173252
1106,60.0808375597193
58353,65.40537569394697
83785,41.18598952074161
21326,67.83377084387428
83677,60.94814798615005
59205,72.26133053653899
57208,60.16526069390686
58458,61.86208910051093
57418,40.22191836568432
41483,65.69742259536801
73948,45.62230193314509
28196,76.59854887951234
56231,70.76064657980024
93488,42.6630971104393
25958,13.43745433301362
52017,70.06721776535367
42151,52.96224615939073
34561,56.028949036197304
82871,32.72455487221246
74696,48.13129127585417
74395,47.960683341643424
73062,30.832780571346255
97451,76.959076309858
47462,59.118239899862914
78459,75.87553287991142
49914,54.6308373270806
77022,82.05868692317463
41592,30.503588321551266
28104,47.764740788885796
77063,32.1410686787972
63879,42.30806930347976
72357,56.963470032986066
93126,66.07996219452582
59231,48.821521423893515
57860,77.05934464669494
90780,72.38547232801713
27342,60.44409326976505
4613,34.92055140843636
34241,34.929922217363035
87873,27.759500059458603
41124,44.02049479892436
62212,74.64605051267344
48902,77.29037176294716
79795,73.269405606531
30222,82.9587074902523
51253,57.96636264052306
36092,63.87931429748558
39966,37.512703264473465
4117,76.1220272805869
72774,75.75218810692698
69153,73.94841028558645
59620,20.040575899272433
23008,48.30299673785491
26936,66.72134013395706
96738,46.20002088127866
61293,74.24038523117275
20964,67.00416319922914
94903,66.02411417228484
18091,70.04527592956353
53704,37.313088720839694
64708,64.94464263590945
85599,33.28668183482709
72578,61.28272227060741
85935,55.89520230803149
24256,47.193522671271374
45180,60.471780682071845
25889,80.16182786653346
28511,52.086300619526874
71109,64.76696558394711
86557,34.56573540746136
54925,54.4395025065224
1218,65.8259115478404
32624,59.96174973536783
68042,64.63524624162062
56336,34.26464052089359
25503,37.21022505537116
62010,41.868311530045034
57690,33.75431137947278
77217,62.05935571512809
26464,32.612327639786464
29052,46.90102479530153
48149,74.94636110703294
32828,33.62865142477562
74906,66.9483321309312
75399,47.69692650227411
7199,28.27284948986042
47268,66.79102760848872
53841,40.90490974999713
39530,68.14499177023202
83111,56.060265056348214
24878,81.7633168810367
38825,25.187498951588676
65350,57.963402307422854
12727,70.56533720709206
61733,76.02568361469915
69586,56.10295651388753
1507,64.85800194756393
74873,59.771491008444016
68779,67.5616965709242
28508,66.96095697488951
89463,63.90074578112409
82429,34.83120554406889
20910,51.60086681057345
70171,52.025140313294465
64704,51.06777668204852
72069,62.81702482720968
57712,96.75275726903149
15632,32.78350910684275
62831,37.758023735161224
19815,63.255687171917685
87767,72.36038872717796
11983,29.518994649731184
89978,38.67406646629392
59171,42.370349482990164
35248,39.3076767097103
79304,82.16406991418873
5480,69.1916509453707
34942,68.1884513524466
65629,31.646024881392833
63248,86.63048900167963
985,42.77055931733409
847,74.6693334081854
41932,64.19179299044075
76182,27.391262695205825
60668,32.13158491904252
39690,63.91001808757795
60164,27.093353665845523
58027,36.60350034839836
95920,26.578187306365052
100242,29.376802128971107
82506,22.773586954000393
26494,63.70544009333993
16780,29.15704419190421
50713,53.393188650999754
45438,70.03205419493874
61272,46.0703143703071
7220,13.135397258242442
62460,39.299739028863065
68774,68.34299781113856
47375,24.895146972210043
57572,44.42030870985886
46354,56.064155551753394
6960,64.07727249840543
1188,34.98664679526382
38247,39.70524311802838
13278,34.341058183437404
44946,27.85350777112579
52191,54.292414827383396
5052,34.96319868737987
23180,64.16603622213864
48230,82.06166795187289
76326,85.32894109703918
40067,60.142020272541345
30585,74.73813202041448
101712,77.99758711832598
80476,65.56486381010707
35121,66.02896500433862
69871,66.80443564721455
63221,38.25837319377149
85015,56.934178551782146
25204,47.23850395073683
30686,34.0753790818024
63003,68.50467909597856
44601,50.014970190298705
73161,74.97441319836466
8083,47.21413027304511
36655,40.85332718389098
72698,73.97808723766073
102286,52.94776956456383
86992,59.00793554380186
21663,53.63680036635527
51136,44.27665521240704
27205,65.64776755003518
97631,31.542082699739357
102176,54.082434124424374
82390,31.78461613554107
47000,64.98223207840465
59054,53.9713992175858
49798,63.55932220719994
15858,72.44401381265104
25724,31.58679769964833
56537,39.740743100318525
30518,28.21525582300816
44863,74.30886312304429
40925,41.86471335846536
44547,32.172006568901736
35776,40.80079055645143
88672,60.90777784386655
59694,64.11880652669717
81253,34.43478868170915
25269,40.98670949684152
35493,33.249239747641994
18881,64.42788115582374
75109,65.75181930147991
70838,74.14034621170825
37169,52.06906327972641
85366,60.88099801308986
62969,74.03075982504765
52334,43.02151049294197
54262,29.938615025228827
49144,33.69097719384914
24506,79.10253349220469
51742,32.931678327770555
73418,39.2954812534635
31169,32.86419846038286
23667,50.022296804717186
66663,38.56629371012034
62993,59.133918883121616
69517,33.93209934979814
61063,31.109493791859602
96859,65.04041312037987
3649,42.25137119240661
36327,34.48274954847413
57497,32.575218825966225
30331,77.0586502925108
59580,57.934714429768924
90473,43.002228188408765
13704,79.18926724049592
48246,75.53187609178144
20220,72.40980658792864
52685,62.32917575372535
94696,38.99563313301039
33151,20.589596780997642
4033,63.70016237656279
82472,74.95358818597687
59618,63.99480334337616
89895,9.455046050853667
67361,33.175143197163614
66525,36.406240077880206
367,74.29982923877134
66814,58.06930340447296
54732,68.1675590846111
82849,39.4835784360355
52769,51.09024607516645
70267,70.33774467660962
63647,34.1008076955799
28372,62.04324733883649
69238,30.522916780924394
28124,80.03974888118789
87410,64.19647408287499
93009,39.44779248907558
14885,27.181620888102078
79640,71.06347336367327
42443,82.38706174777285
80199,26.477234724469657
40662,33.934287603161444
50353,31.29607173402505
25646,38.901773825939586
84413,30.75483651911096
20880,32.09537172754091
99054,66.98418620858362
28227,29.06284876759289
65363,62.184152421111136
23366,86.18767757141545
4771,41.80161011710818
73593,49.67705792003329
93510,65.2301347385271
1100,32.93000300016948
32440,52.05382216167396
6732,75.37770537236406
25593,61.78078993030912
56364,63.036715031098225
34487,32.294710896295875
11303,77.26412095672191
6312,74.79496306228685
76877,44.701373499369694
68184,61.936214081534146
59552,32.77707672609443
7608,81.65310609524008
67296,54.014540646855224
83743,36.013968924433115
8025,72.7958889616381
16553,61.236131497366245
75281,84.49410923669814
73539,41.604676208572585
85584,34.70615003526683
35847,65.15919726088582
38581,71.24049280809291
13644,57.348432434048966
25333,75.23297162708947
62137,58.98910120909178
6439,86.26833932369485
89017,43.59496485452878
24214,85.93253260200419
97702,32.672940113769506
82522,33.76379961616016
71901,37.46080804946914
54056,41.33745384615187
48024,29.194848331483254
9317,42.88971714540784
90865,60.03282139036729
13408,38.21001693998208
67915,31.44453226710434
81870,74.3701513970471
66077,70.23064438466267
24997,34.41119032709294
39743,59.90626363686228
83362,64.40191115079868
35242,32.67285133337697
37990,60.036856462237196
33471,47.97273296539542
71136,78.28195735174259
46432,36.86765494809329
80239,32.699942701206474
71960,34.334861046343356
99635,58.557567639457055
19353,34.0654136876394
73821,74.04273348389506
90038,13.905985227954162
54082,67.33118824911608
12575,45.27042509363656
25474,75.05389986635183
91641,52.208831530913486
87862,64.09416366135004
22084,74.89243759869146
91605,59.92626985429481
38591,59.27069996093515
19100,31.690982575330956
12359,33.89967253881176
87822,63.73054308019695
98834,34.72166338507055
45286,36.33353423007466
69780,55.16618618071044
82354,80.67168111197944
79151,83.08027394277224
8788,63.962484829868544
94125,31.01669658212332
10457,74.9124784162932
79575,68.01066530959841
31504,33.85913417554654
93880,37.811911883607564
11231,65.7663863783172
80029,58.846151466923516
38004,64.74649568990904
101292,64.04938333577195
97110,35.999977922573684
51438,60.06909060830239
87908,34.3598845093532
91159,65.35561843530706
67700,73.36875407150924
99621,58.10935837416325
37104,66.88873860766802
11573,58.066125296022065
52585,67.0343363981521
60511,40.13949256036106
5565,33.984492810549526
21422,43.97264951464558
10997,53.81631010717095
57055,67.80673721905056
30060,74.64200357975346
96352,41.092351564974
47325,53.617209838426014
77929,67.94100113817593
61098,23.284152431973084
46277,38.726584686311355
38431,79.05407194867641
9237,68.09735257618709
60651,33.338812763912316
17726,58.44200195104122
56150,35.490433434270265
47005,46.58032500574633
90453,44.352221497222324
11855,33.89505682533135
95759,40.46604015350133
13865,57.54259032822928
90622,36.041423718146554
54482,73.66370687572567
19539,56.85929045042601
71106,46.2385729944602
32839,65.5207912856724
18032,78.09104130518166
65008,82.0444894243292
1309,70.91301137305618
31896,49.169105859892994
51326,33.215895536690724
80593,35.74028527581599
84146,53.07893256993407
1431,69.14063251289357
92525,55.980777369771985
68567,40.09610852506182
20661,40.26603892929264
92040,62.577811308995265
10588,40.70582195968473
78300,55.55952498215807
74679,68.20542675190785
96802,35.05975603629804
3504,22.21896192150538
39598,56.33137787660448
46460,78.2806531903133
6112,65.74387635596725
10231,46.97169597936672
550,33.937209700604505
5568,39.956493387335456
32287,72.45935938564165
99141,57.28505265105353
57107,42.97621455212505
70621,57.61023692473564
41259,31.413320109845532
98348,76.70916384447699
80790,59.09720270266551
6160,40.77373286022485
57113,31.320456687548663
94081,53.9895533215316
69345,78.532505108414
62105,67.61149191624875
102617,40.85882564556077
99051,32.37788128318625
58890,30.87170448547825
21249,71.09329274373411
26489,68.41697192709947
74976,61.67788014368631
23457,31.98095547039858
87175,53.960975380081294
59607,77.94995062487516
72811,59.05867114137785
50703,43.82103671605381
91136,54.04767265125858
88290,32.22650375051402
26630,59.4592529591261
47738,39.12406910769861
93090,64.96721473263506
24807,60.52965307848593
35672,40.86698456336101
18234,58.844080010390144
55225,57.98641242457775
49090,69.26535564417486
1204,42.326061019801024
61155,35.38328372778392
80542,74.14036515898624
29818,62.91092909082275
57519,50.570738413196054
19089,73.04888770748164
62984,35.017659353852
3050,68.05168465888491
6202,63.079762872281435
14718,61.940958085062334
24320,83.03574216695587
20465,57.498078815327865
90914,66.8031641397265
92278,32.702319485132875
47824,41.24117282009706
102351,42.983659792265264
60609,65.8474879256768
13173,63.823605871503716
92923,74.32141131693459
86677,57.942877841104284
48868,66.0964538475984
41249,35.4268879248089
99346,32.27686287248652
23687,40.143942620809995
66587,65.81628244152266
61142,66.88702145462379
2856,65.92171967928246
23490,34.176736758356924
24336,37.96352088513138
42514,39.58365369921061
36388,72.70868852096797
53564,77.85122970466392
30575,63.067787270117705
8395,74.67875424797708
6471,57.288573095269896
59907,55.1819028527029
12522,74.23531297035282
79339,52.02587433686017
14576,40.7347824480689
38197,32.05342902153461
52726,57.10051223504594
90581,63.19404358553486
33498,25.317491282735723
41114,44.25451230242621
63253,65.26844489404198
53683,21.055027319227463
48312,61.15277739827951
26732,73.90924495171615
97414,70.9823437765686
21790,73.21717923740268
94872,79.2149874761196
10562,72.23050272521039
77432,59.68801739338311
91242,66.97867391854265
69604,65.5096861387108
15657,74.02615850290238
51262,49.54799408151133
77190,42.95030419154553
100200,41.924049213988674
34054,64.23905575826882
41911,74.38358580073319
60082,72.78920005659845
59107,71.90693106457815
31273,32.811043737754666
54802,43.04269152505396
65714,35.44722257749431
4440,32.872720619745195
97225,48.25933160762238
10244,68.01591986637081
88363,42.07527684485585
47233,69.6898026419226
58344,66.53977799577137
83514,54.21642831626208
67318,49.10027648425267
23909,52.05246799970406
43607,66.47758648800108
9799,79.27923223439336
81732,58.28519298665663
5730,55.380428988242286
61081,81.07931499700891
29727,28.872552002703046
79075,40.81365884323188
47513,67.21551068231832
13526,51.618806136917065
6068,31.744285886062713
36405,78.8871215121242
15977,81.4385519585731
35007,73.86871328917894
49376,9.195466945669963
100102,65.85858703942262
46400,35.05201011010504
30085,26.69520862752415
45969,28.084714352100974
86417,34.02237794102486
72375,66.09559705355767
5054,69.08399175051142
6415,32.68176360464739
98884,77.55888332869229
91032,39.286791649567384
41968,78.05402145410733
42392,63.134816425599354
93969,76.03991998057913
16015,29.010145062051116
13586,42.307729289910554
5262,62.95426846756053
78966,35.022295989018374
40811,57.0243389847425
73878,32.10683265414564
66381,33.61262552401944
18021,63.02514630721029
90922,71.90373430734064
14595,74.78084151596713
63726,65.13733773283988
93225,35.20022098921188
29154,70.03361922865727
42390,80.97619772834045
55368,72.26838607478479
6183,45.81295992154284
17036,79.9461730943396
61923,40.67165773487806
23373,65.74017577453495
5470,32.05719661087631
43029,56.284710292635936
12491,55.88465506164507
28073,53.70940494715952
25047,55.85455027555129
21281,44.69222162490314
13678,42.39011066902054
45886,70.55195051056467
1331,70.99524189445657
91867,59.98925796659384
51968,77.81274314026948
29795,82.48905644285597
38738,74.98108352849154
45612,78.95303488731201
102618,70.43969686861861
38892,28.281698963828028
36119,68.05633767401893
45993,35.2405542417921
97595,33.24447808011635
48311,71.32959025605493
67132,74.43397651367164
82474,34.566184669183656
26222,43.34615288217911
45444,80.09802185845076
8585,51.31637046947161
25255,40.24109958428088
26088,69.07987556786955
30756,37.9851725091623
15308,58.7338976664165
3443,40.87831419246409
48503,67.43999105141377
80197,38.94469327257993
8444,16.863335263732253
41481,81.91400455697848
41495,51.95151688843149
2296,43.30945142487524
13735,64.76190028446389
97634,70.13284317918308
50966,52.414011391838386
66383,64.5723754493713
25294,82.91575351291543
44684,32.33531032664216
10417,39.97427948991832
34852,69.73962094952024
2820,58.65218632807584
101780,98.18259573188624
70628,65.37558767731653
55378,76.268684657265
55147,73.02352150137375
5916,31.852982784587354
85585,46.416976497705775
65177,60.15849392449746
30024,34.1481497076593
90586,32.212651732576916
67491,32.98702271463385
14618,33.14904778886214
27001,66.28852402868455
54558,53.870582960850484
38747,42.69666157588784
56001,31.77458220919486
58394,70.04451025192401
61498,33.16925805915865
62039,76.08165250504128
53060,40.47695326122347
102090,51.002103975718406
55318,71.94610745174671
13201,40.10199709835874
19732,26.35046995314619
45627,33.48905812171128
61640,41.99017990728362
54305,63.73778589675527
75003,84.0709399771738
22859,69.01690375911795
85662,35.068759353351155
83345,32.86693745269198
34890,41.3895270197625
16816,25.068769085866176
4586,35.50356422326646
43566,65.99525691519582
86536,39.59856250680356
71837,50.72980484407816
92547,78.6732919815342
84240,69.8467423902498
85768,27.57869260237428
25489,77.14567653495689
78032,95.31846858796894
8626,54.06783167673149
7500,92.00611543777649
46865,32.20080484407668
86612,42.16287812799655
11969,46.382662769583135
1359,69.83445499882937
90003,77.44141552643089
97772,74.05745139486208
32111,17.982391296131425
5076,74.01390343543997
24708,72.8298958359803
76729,40.646154103826845
39049,53.44334198242496
61415,63.08466815646547
25059,64.10666668141651
57496,61.383172850424515
41341,67.82742243152302
100014,33.32384353554273
1262,44.36501088399983
52604,79.9456498118925
1395,41.17056782680599
48529,38.89719701528662
6598,34.892434206753876
87571,71.96777619605888
2162,42.02039211985209
13439,57.740677192023526
74248,68.23659369794473
28415,48.91887497596194
74578,69.69565953714016
46427,80.41299883576465
32615,41.983788875594804
90374,58.95283766297128
53298,34.57056210094399
41178,60.52596640715258
34287,73.99803852389016
74813,40.02900433569771
92636,29.247513540323084
68235,37.01939622353713
94937,89.10378231433972
32122,37.04053454118235
62995,42.018101372892616
87914,34.551884204949005
46546,55.203575935703284
51673,32.79859471434985
57676,56.923712967841524
20877,38.92328800148194
49401,34.026288994870576
31720,60.22235638825457
24778,77.13951136896054
42601,30.31126267016462
9436,41.467575145340625
65491,86.06560082665786
86143,67.10043354732642
55100,42.02519816837655
100429,78.020013672895
74418,76.15023881308409
5911,68.05139688245225
90319,42.06269601035196
38529,71.93225140526567
7625,32.58156385684346
52721,55.72721846175691
5636,47.918156466027426
53460,65.00851428063713
92144,64.19315929330918
50095,33.74119520252925
34692,71.6682172387207
74566,79.00993172406424
54297,42.867649816592696
90046,27.774386222211945
88860,68.3737121330968
63881,12.397865188334926
77434,43.739527769945
18134,30.78376459657955
43856,39.05485688271
44674,37.942681245283524
62272,81.8125911513226
49199,32.54354759224633
17693,60.25750788717038
24192,34.09679423011676
19650,47.96041701919802
42759,59.01653878183656
85682,38.1676558924566
65865,40.90212541229666
10018,69.98860978835117
34277,32.53769919367685
65389,65.06296144552161
30027,55.88216285824604
21971,62.08022931615422
50618,71.98722105916985
97012,48.50795760722244
77973,52.73414806078274
93059,41.87511693081677
259,71.12855485376929
15253,53.701930247261856
88606,31.59593138024109
54208,80.07513437797618
58567,33.087386876074056
24808,86.20096443975255
78795,78.87029249007858
15055,40.77298526713724
28462,84.97586029260214
47345,33.28365642920114
99552,72.70384930958039
98797,45.86189169130414
813,40.6319408910097
31005,67.9543742334223
70510,72.74640078330118
18558,34.33454714204126
66400,72.01036241803561
34810,34.51279429486
84257,74.39170074541403
75125,60.25072262239674
89072,49.98391540764716
46784,62.39484150823034
28501,34.064313760414265
101725,62.58391286039168
94578,42.565490506513804
78440,40.60687516519788
5218,36.011395559400285
10661,34.42066194231092
62848,62.88042145577914
54306,41.34356269301308
86621,30.75123970490699
56666,34.967748428402
87030,68.7274626698091
101110,76.21366107586928
90765,33.74261424465969
34880,34.86466202341533
99525,63.86942505620178
59825,40.83212154249119
97835,59.14102786468196
1456,91.70563545677899
23960,82.40883751801135
92327,26.68896470668841
80020,73.85157860006906
67057,65.95255606615873
77082,36.195223661895945
100369,31.691126605762868
75381,59.92557017118091
78893,66.3232077367854
99565,41.068520157882375
68463,67.0740923291579
25965,34.047516706033896
1521,76.32968630357001
73128,57.50099175438227
23466,78.06907707626988
46565,80.56983934496648
54210,74.09444695570619
68572,86.05910667139435
97439,42.14016974594554
54728,42.54420208623901
8993,41.484832344566854
86452,27.14964895547652
36895,75.64404557597531
64001,36.16382955867459
102458,31.8953297906277
69191,30.573496452711456
12710,65.9733131594788
6985,78.00901328592381
49673,48.0342033741467
16459,67.9817504089323
36343,62.243096641172244
38889,47.70627158185145
54936,56.923376852835844
29628,69.00293065775705
28552,49.576591826156076
65147,43.28262641565924
75602,43.94617444463104
30362,67.10100013650714
82803,42.18471577490046
32271,38.195777014714004
1604,62.952263639385066
19579,58.21335914276651
63798,57.37321818025518
87639,33.35320091073183
20084,31.870617728106573
47703,31.19307938579962
46844,40.20422666373205
54157,58.99054968365526
81272,69.92708803298277
65012,33.70773770659346
61480,24.381283206229014
87549,70.02022329769852
64529,54.54002452527146
36930,22.860174868317266
91059,42.63236818344481
101305,5.913903756832223
11838,30.964343148463144
25381,66.38267552040179
36459,35.252949051062046
21778,31.410658021919737
29750,73.08569046440132
13812,79.16454560735205
96260,79.80408020920935
59775,38.794384463972634
65875,59.669479770867596
54892,43.54635644390188
70043,40.736216816788414
81871,45.87233535421648
18267,42.3606253409835
65602,35.78415863760713
67818,64.93044629695359
14498,68.3508731348947
35837,65.89130653753031
9164,48.31500226403686
85619,36.98047598149927
13438,27.325434977738123
36624,31.63057897793825
28422,61.75561684877189
36574,33.46327323605687
76110,61.386369587621644
8970,48.831389129863865
79200,56.824943933191484
824,63.12029334845218
16255,33.20160591829502
42674,97.82395894540844
59686,50.0765946299023
60203,46.69274965722678
98817,51.033993615619515
13565,42.50851965743096
18409,55.726602088985175
97353,66.01316579673609
15945,25.201532887777663
11791,51.61622189179383
71344,29.187880989125517
39866,73.51775427476198
8709,32.705325275740634
5032,69.36508211248399
10036,38.687818360160094
46651,73.20389846810498
48621,39.56689801215611
90267,64.03437727940809
21592,52.745716359377944
21370,42.83835322511431
63145,67.10675493605075
102297,50.57983681712682
31232,39.99752185951353
72545,54.87676230922903
32562,34.05489558305003
90907,86.03338690791468
52301,39.48875906367567
19147,85.94251319974282
6373,78.96208524691801
8547,64.99558168563925
75164,39.942025114842664
42345,64.92687775702413
58546,69.06461975369263
65073,40.41522440901365
68629,33.49610592668055
65926,64.05439625371952
20101,34.121299613889214
60104,41.08176523794013
79665,42.469456029556135
12521,74.19605623285835
13269,66.89189590622101
80075,45.3874555337308
76453,55.895790742172125
46245,58.366566586741286
78681,66.73714027290502
69572,82.88908263462591
63137,28.63951070268872
91394,31.439570721397402
40112,68.95365392996295
85294,47.06341025785092
72874,41.503947563229175
91234,40.251825923885534
54094,70.11863969438635
62146,57.07734864397835
36719,39.92492201864617
73837,37.79170407894337
52994,38.2061097304174
23054,59.965825320226685
8081,32.72322776166998
80761,32.93069854452526
4351,77.42974803847426
16396,74.27386970540735
73106,31.753269265646242
93720,55.82595917579105
29870,53.541785975744865
89535,71.06722364287306
44651,95.59088048935635
60608,63.515690891677565
45683,95.5200015686138
18726,71.78128919310915
67633,39.266041677109236
19007,45.231875224004185
67430,61.95791326543922
80735,76.65581084420128
95840,74.94989747459603
77153,56.162687106817984
274,41.80115414044703
33245,78.03884660863906
43457,54.14539987416604
13552,77.98707244665536
43476,66.99782373721379
34372,67.41818124972593
78871,35.27162799342611
3070,61.4832343712003
94117,32.11946087482793
33552,49.66594948177039
63406,51.99033135290999
96217,33.60998318513807
82387,66.0661139777392
1052,62.08709553242657
43442,69.83201868586679
4309,62.06659091621161
77689,77.89628542297888
25707,70.63185109395604
363,63.400884788478095
55956,66.73390410847861
9477,31.535009401263906
82869,77.26965318334385
77211,40.006508445798175
31050,46.59870521576359
80752,43.07322292307951
79067,52.133637977886465
5611,75.120589074945
56393,48.35084585351504
52672,41.04604438048425
78592,58.06930202376459
50498,82.05589730743029
94197,47.2092350427258
31231,39.11358287982321
98697,66.8118205149847
63027,25.886677634842503
3598,33.8416340392274
77468,59.980632799704566
49986,34.06753594175097
19858,42.53113884051876
254,64.85966095412428
95041,41.30917767231681
22122,79.01768902883248
7195,66.1875044292861
7942,32.304102683541316
25183,33.908197107102254
3026,75.10032168865456
1872,68.01896774794773
46715,32.32265086204041
7526,63.092550736643666
98038,83.88333690596133
12583,74.91799266648773
10916,43.210802265141
19806,74.6841840217411
64591,47.427119879078475
6225,69.01788670095596
95253,63.02199530583182
2939,29.415494045061315
97004,36.90700872223807
7427,61.11196707390175
94884,59.960530734471746
15600,50.78889003717927
60291,67.93958850868901
12457,52.51257096883773
42723,76.58265938348774
26833,69.79201628493443
37569,70.07157312007004
29517,72.61637223816498
20092,68.89035262176219
94941,50.78804759243932
64264,61.557908373379284
40011,62.23205600999207
102113,71.21371619636727
58437,70.95194182268492
101758,34.501859370956375
23108,59.83941138844571
41198,51.97572456352787
11178,79.37065007703634
50140,30.380930613038704
99496,67.84686090736963
47135,38.81384465671108
51502,67.44807422601548
87689,49.718888264763436
93264,58.058168383492166
66947,62.966669002457316
30211,31.093130474649953
23461,65.56419470685645
67762,71.04612679527916
23080,70.92076625820907
62124,69.0303177626954
10006,79.28747090869483
91363,57.19228163413468
84248,81.90380120021169
22973,89.05572235169825
54219,32.840552954694594
2886,67.21223313366288
78902,23.95841351299493
61321,53.00900663956487
50854,73.41853007570609
4273,72.94122091848836
20266,69.01665193329248
335,46.554620249380875
56278,47.95303437216615
88676,46.04087009641792
77912,62.68900523807133
83245,69.93583925758526
11960,31.866299540400618
27332,46.24412042702132
4607,39.01058532457721
1598,61.53062082891795
76331,57.744045355790476
57686,33.80693754811638
29209,63.64988451622923
29796,72.07230289404879
55099,74.89554193021993
48495,37.03932920298286
99031,68.27332019800238
60575,55.27540477391642
99442,36.40644186867224
90741,34.49936894660218
9868,76.05254092224743
41004,51.02981329939118
77549,72.27423911568798
52245,41.78848413682196
102154,44.35067298455235
91380,31.703711219157036
36744,39.78463777397839
64534,40.768119418518744
67314,96.60348505102453
8122,72.88096429962758
71657,38.23995930030892
91198,32.448056522344274
47670,49.65612250202298
88113,42.46612399863602
14825,65.47965757197589
4541,32.30936610398349
51925,33.27582447538567
54510,60.75066818459041
7201,69.03380771529108
63463,38.47090445124117
83293,72.1785177644577
91551,30.61647706989714
83409,73.01104760912318
37531,73.82275618395174
30628,72.78886018450484
47504,36.40671036262925
49202,38.01605794929614
26470,32.79971819469978
6649,41.649643768013114
49676,29.057571812936864
76426,78.99757483948429
100436,43.67116336673159
85441,45.016849868015036
75301,37.015999934379835
99485,67.90652881737182
65372,73.0620950117794
36672,20.336297240142176
32473,51.8312734803402
27587,62.96558396405194
77612,41.96786950145061
97691,46.12124284730551
21338,33.359186660306385
100585,28.9146321520846
27718,52.87496780360692
69595,31.998897189948167
30183,63.946364010235754
85253,27.514142382553068
71536,80.0070067920974
79057,34.047291484189735
46867,47.22401415871531
66547,56.31786580592529
18164,82.99826446974342
78808,51.093819381208505
74853,64.99215705888656
78181,42.5988044014146
84572,36.00053343823724
68802,50.10002465794892
74383,50.690246446707874
63043,15.999516950159922
91485,29.97041482273671
67255,69.65918610924545
80040,71.24355572741098
76238,34.81457948309171
58565,46.02660221381194
43340,29.60525457126881
3129,24.913270209341597
77349,59.327088685783515
14289,43.9712012204394
24454,67.52118489317095
82895,33.382626334855395
76475,71.36094801052246
33442,50.0603754659464
92971,77.99438141142774
42314,37.08340190941373
81540,81.60945195081689
9395,41.71773688019879
44065,41.59179798932577
30127,29.783548194417904
85092,38.05439928441909
63777,42.69220628530711
96060,62.82741905712947
53523,31.83001084661908
49408,51.9293554273985
79812,69.19645290334441
48996,68.62397229118139
44173,53.762152634798234
72337,44.31116989688418
21715,67.02254006121532
68538,38.41028624873391
33332,54.00346304910668
78968,59.314236152424215
64350,72.4675192245036
40784,32.75619017369206
25679,61.35133385905025
95134,59.91606935898231
51519,83.91442122718885
11346,31.65484568050128
49088,73.03250359189428
37398,56.32951956136554
79175,32.942477696225694
100153,67.78839262776808
74119,32.63785437962521
61907,57.97238956524032
8556,35.21686063592683
43395,33.85234973029439
37461,26.96433452783434
28108,43.704035061540125
81691,41.66544793044285
20478,33.81981898645272
39107,78.99975321136156
88123,41.19657151275537
12656,63.92582136272957
45031,39.251527846112104
60928,28.012330128411698
76198,44.88710240560068
93946,80.04262420067315
77740,73.71000585809503
58584,78.20083905659007
56873,50.62768766840035
66075,67.60918770598684
31581,28.847271001552265
36586,63.733832840735204
88510,29.897774704984972
50799,68.9787651429483
62261,34.536629940262664
85315,35.96347729500339
86750,65.40203430282043
47277,30.626786550977307
57506,39.06855171838553
97871,29.357760671496948
44937,42.938966662976036
16601,31.397665627183716
39055,34.658588666897906
95697,61.354763336084034
91275,62.20910781390877
92191,33.031281820364526
5339,61.01873236262274
87515,64.05941608740164
81726,71.90884033570435
82180,38.54878290635713
35813,72.98184116187308
72943,32.02105380733548
19911,57.773063649974425
35890,75.6897308260703
33876,41.04495221090409
4543,82.8386511546686
58776,14.625772348396712
82091,31.746424040245277
9419,75.0170938153282
20607,54.42218133346162
47951,30.800841815490443
83331,66.00397408568432
63186,30.34728228398053
80335,59.27121355502225
82535,42.671248007527616
79488,37.81926106132924
55808,40.320084915899976
3370,79.99919085086577
92054,69.51972616517578
91911,42.72924291656916
93676,42.315403301568274
27790,73.13069898439142
18604,31.988796433511585
5797,63.79251882248763
20370,64.88908945391256
74593,74.76235390980608
53942,70.02267371442801
102654,47.369365668611465
48287,79.1386261832881
71819,62.14692078243629
63586,74.21152447494967
79011,65.50691842226146
17983,68.9153425343024
45509,67.55974021963718
64786,39.457623126060845
59082,58.03164445371958
24866,80.48611528829659
5450,32.94671990731614
102224,49.04225669791015
80877,78.27374026074148
9804,33.76527089414217
18790,45.474480189806975
19012,68.88771473439343
6045,74.74851962056131
66613,73.17195577070979
11697,33.826529089464216
78546,72.8817604220595
87765,57.13477795671125
88307,68.05230517559201
65380,47.00661815375369
19642,30.52136601168593
56321,63.4539171891535
33064,84.17153069797726
93982,52.735707558246844
53085,34.118288151309194
64903,45.0167058278745
36968,41.35796779104847
93,80.98544625811152
14235,52.123274562997224
59051,39.054472142813744
63831,30.211423098374485
9824,0.0
86303,56.96366267166682
39294,61.42278092054643
5516,66.1374840227057
29443,22.00573799659866
94614,36.00272746181464
92599,33.930395059900775
102218,50.58054571812454
3355,70.49321580917038
78394,33.17885627331444
97034,50.80450463605325
98012,37.49279235229105
14875,63.0342601505009
92081,39.95694122761272
100986,70.81273197936832
31694,63.33162940721657
84967,68.01007272694724
41232,65.98492247387455
82224,21.333276353085743
32563,67.87669513304269
54290,51.28730458552842
85355,65.9996036153432
84116,82.4462032523752
40855,51.551824233172354
84416,73.93231993644595
40015,32.91554022674251
48912,33.645559551653726
84978,32.89004037886309
14097,42.753164240510145
77490,37.29883875470053
43304,56.96570763721929
89437,69.93844568934841
81926,45.575194781357226
3155,49.736883031399216
41602,36.17922671346331
29383,38.218689435632484
101752,63.78452660738583
68726,35.925551934247395
8362,67.8379021793752
27713,40.73413344113922
75060,38.765225578630336
101655,64.89395557185497
24507,47.45419444614173
49792,79.00572844870854
32635,68.67112233135379
83193,62.691987878132565
42993,38.856869918519486
24125,28.32836637673419
34578,66.78619089472718
64732,33.473335008636106
5978,49.7119621325282
61521,32.246221572271054
58956,68.87803908570004
89837,22.29615173740643
21954,32.593976049238435
92176,60.007049821751565
66964,42.35635091661095
55697,40.6486744883968
50439,62.03318816693217
55754,49.97919568951217
11385,33.13226372593982
59523,66.9654960870688
66228,71.09664345549822
77709,58.22003015936174
48753,32.03647684554798
13213,65.88944863095222
51516,81.44567607627226
24763,57.27791576547805
94188,59.858894582938206
53167,48.681934872576456
5472,61.05025252122978
64914,42.39009462537939
55884,41.546194516649024
91993,71.20934058508132
67645,66.95475288869005
15560,82.5742338108115
83950,29.27084780679626
10033,8.400358888677395
18271,34.420974389741644
68236,41.75396342863788
55424,43.135060391964664
75469,41.82076225478444
54531,39.497043986470544
23387,49.80653969227392
40946,78.1537994913514
24208,75.33445612096978
50655,26.610668291974104
69172,21.86575631573141
23281,68.13036460201909
38553,68.10884557575946
99083,61.51742362602423
95004,73.72351275781844
66950,34.006701981136466
49133,49.5503553554917
38057,88.25443023462
41883,58.91936908498674
27864,58.15720471573299
1332,56.92847633325552
78127,65.7741840616294
47455,81.53296648611112
17554,47.77513763633861
13454,41.43259906244659
14056,35.77886437824667
22287,66.55206413819792
93370,47.0954329151869
42008,62.860609317484254
64505,30.004766209068805
84960,63.704097702399174
11472,64.9074886370681
67319,38.0862929356692
36740,64.19943042469978
28622,35.02725201656512
38380,53.516619446965336
16883,64.59699283010846
8900,66.76466530603913
64125,68.4525785332224
32325,32.912394542728975
13350,70.89097144298668
54063,43.619863211453314
47983,42.20310819857636
73188,42.51215951353716
26262,62.232068021303135
15997,35.61130556237934
72522,31.570649221444583
92867,45.4666586334002
4913,72.15902099341278
97663,61.304810244610685
49773,77.5568565445507
64206,31.902746118915
101581,33.07386403891886
14610,56.28691633478947
24018,55.1165165509978
88420,31.017569646449466
82860,83.21581203092171
92549,57.80560638735272
82765,42.6017749890715
86566,52.982523416063984
84112,33.0876307869564
96553,57.02442438500003
72861,63.413384377572825
60078,62.86666062117087
42880,70.22360170271855
30802,47.92877938714618
86237,59.02787329733788
14210,29.089630096979505
40121,45.28184519036903
44470,80.55448511295862
22300,32.848792351623494
57050,66.8163032550315
65386,62.92350126903627
47699,96.48988295515153
59637,53.8217750788567
18868,70.9092071577283
13370,46.987688259077316
4008,72.81330071440763
96603,32.50629454550244
33069,52.94602333717465
54479,63.94415059077258
8569,60.640020739219736
6702,75.00088888997735
79731,40.114807394778
54241,84.07899937744602
21242,43.43049340407961
74592,52.92056789485605
741,26.28287974005956
35225,44.82423427982282
100807,29.51184454388899
24907,66.27835754597552
5660,78.71974461031955
67137,63.79226564538824
57265,50.355834126948864
60460,49.51943757567367
82135,86.02971504586638
30465,68.64647795260524
53513,52.71353010758169
98434,36.7382012761223
17663,69.33393200916049
92389,44.528774456930655
89846,43.978566179951784
14534,51.06085485974609
16241,34.215412253231
89311,71.99033353090614
17473,64.91332110341236
52684,52.099378810236075
78989,39.734181488961624
20526,52.409881967041834
50437,67.30664439633875
85529,47.943354791496844
32515,76.88547206966959
14838,36.14104891728186
26778,61.01222113672142
54886,63.71175890079518
63412,33.55820427512447
11932,82.07391154060174
79897,39.87404671837459
74722,71.03575839275625
4832,67.31419692940376
9902,39.54876373319102
95606,66.71176905518706
95805,42.56289883620163
40521,70.99587819405001
91996,34.6219622351412
49169,57.909008537584484
21015,47.909252207857435
46533,69.23392207565256
23947,79.97791122617474
87679,76.56313441511563
84935,39.69918989460789
36877,46.86352653643748
83545,48.140648295866626
5826,67.16849181930087
44905,67.05300909808705
59738,75.16495187828568
32880,65.79899223499393
66282,74.62446911899849
101460,39.632047195361366
84173,76.30939444328688
90387,34.07717646805032
69318,79.26759193319579
21221,72.91851498910088
26153,75.56049952585036
12567,26.77749721379114
17079,64.29418708164138
29833,77.98147617737709
31775,39.02451501300117
86974,79.97469775932663
44994,29.53786885789555
95394,73.95120593097452
85853,65.01811423274683
32885,75.1028275621529
58796,73.61664679992751
51991,84.02586877508416
51781,42.35758762031827
83803,70.95992802053064
79975,61.24831335043026
90311,73.00737382705975
71049,34.31326550411555
75673,61.57107574614661
51848,82.01481027528271
78665,38.38246724032025
59767,70.6687567878942
9229,54.662518957340495
95391,32.01991617208478
72180,74.46143662011966
72814,64.68184073756902
47876,85.97840063939302
15553,52.56334796380719
44858,50.62725661457799
71603,39.4960710255291
39440,78.13118321855873
17892,25.51178263425315
13891,50.1368334769368
57322,44.08810126167556
86366,40.89572954465136
55207,49.18477906504888
52355,41.66032498109496
28041,65.88222003029033
46477,31.48562575048624
26655,32.517986213086076
43577,34.13131935028781
52760,42.01112008370207
4367,60.92717187269095
22669,63.028074085297135
40505,41.62742234988312
49829,38.92676564237719
91276,41.572414740715104
4761,39.197343335294164
18327,36.33852821718725
50524,25.693479076294373
83777,64.62073884375644
99740,49.92598840339617
37518,83.30199864796704
41607,79.10169647847681
3016,41.23177082065884
46951,62.56312326500545
30241,24.45414585673992
9497,42.70381588530219
11869,34.39034704539782
96126,54.609967268344874
12071,41.78369916920104
102643,41.42605253906164
44514,67.0259571646339
9919,55.96068044321225
60851,49.89342765927369
83300,65.90731457587414
58512,71.1906141868013
9629,49.8029246184251
33792,45.69628791402335
98968,66.06689788920917
21354,68.02818361787331
82171,49.9641419231172
67581,76.0350746831298
52572,81.22418236386642
37727,72.51047670088002
49305,24.501351331532348
99504,88.99941020972908
67991,35.05236825817313
47916,69.0825781290782
53109,45.1123025796842
63079,96.37623441709357
102535,63.35924638840349
41868,33.000366462132135
84900,32.09460022021907
62694,75.83189301163384
92301,64.42513344970702
18233,70.0183011226667
36334,88.96368034255204
39682,45.515850095364186
69455,37.783067794126026
55537,45.807196980492876
19202,57.89122605239551
62016,71.16451020510459
37023,25.916214746425315
92751,75.11420091903378
6913,52.0533844251244
30721,31.844942563947143
55328,33.461561444921884
26964,86.17061522933614
14726,83.23048850696335
86138,25.13842155018242
70526,64.29721253382483
35772,43.47677723927187
58482,58.312600951865235
23257,45.1703977901646
93638,34.85829231542338
76566,67.32565128250225
2676,26.02635848512845
88325,28.70270053361606
25145,34.7283060213303
36528,41.43378242736911
20504,79.49251962997846
30880,35.20180097029651
44133,73.96842599602314
65616,77.25332340683929
5091,59.941406098174326
61877,33.88033791076321
69066,38.57844769297684
8240,54.47488372139304
69035,30.301204211305905
61492,37.965835164961035
7851,28.00760320581364
87622,56.25365023446636
97378,33.74378217055228
93876,68.12028655864242
29324,29.95736697148389
59441,68.4190872883683
5648,32.62632391365252
48959,64.27440680423958
68824,30.358355550856743
92508,34.05401810017405
76636,51.797746508557225
69866,77.04625334194648
46830,68.96812750053688
13662,60.008303389138725
70165,17.869344437177187
73167,34.138524714865426
22894,33.83418306166709
9926,79.97827409756405
72794,62.545908265328265
16531,24.005782601050562
71955,63.97247704229379
60942,64.12826927006483
12507,54.138682911409305
40733,31.468237942911955
91504,46.92242396724702
5652,71.87484209301398
5778,63.14848641076167
38029,33.314793875148794
48598,69.91632441486044
34319,36.08037061727912
37379,51.39615659068655
78865,34.73348478496593
65021,43.93169239222071
64445,37.95517118911816
98999,40.421620304531814
8985,69.57882958523217
30272,56.02189219440372
94583,58.750115668275
12474,67.798598623423
19162,74.49947131226723
66505,69.04233985745961
79384,41.84699979591292
24364,69.92579819430662
78588,42.57744780446767
71949,56.58690022274323
23880,61.39049697264004
25271,54.08737571451615
81042,33.297252529869844
102369,56.01047307849318
6835,55.066517936780066
54168,81.46322722769395
62987,63.82397698575663
26008,33.09749171235299
94698,64.96475516405927
43249,68.42448988996011
17932,55.061933143643955
49348,70.97765417899262
52042,62.16374175421565
91123,71.42349792748989
66598,78.96214256668772
7902,37.364120957948074
72824,42.263012584555895
69454,29.81567901889113
43112,31.921239697623374
96061,59.151617373795474
27223,64.97750156217845
18239,32.886028892430154
85224,35.09482082863633
63414,56.9726049711596
55039,54.86271372002596
36813,34.120742155990776
79835,47.64360265793743
55491,74.58844601255122
66313,56.03107902730652
28659,44.77366898908432
81832,45.87187547049251
36269,80.84561235565661
37349,56.98450590852957
65110,54.47371880269349
21689,77.81686630295289
70857,53.71856606313308
8527,72.9085594983589
63295,65.15101586698756
73662,33.69831425365917
94549,31.427594683459517
44587,46.337904527120045
10531,49.34587927172729
91262,81.30063253574804
98728,62.084569903559576
24027,55.938402396211075
90974,63.260452376870994
48966,31.953956525382566
19069,51.63382848015074
3639,73.04382166529682
53256,73.11299440451893
17182,80.34989763262278
80717,74.8333349529862
71658,63.79920230207311
74637,67.66669548622488
78508,23.75298184227256
70186,34.47053544922759
95845,40.754083699239615
76476,72.1276100161121
87864,34.167255432029656
61331,31.772932537938928
91870,73.40982182459787
90492,39.36633561422889
84323,74.10014366642807
31670,58.81231259997295
52082,42.23691575416022
65842,70.03276177768265
62491,63.94939272459932
37599,68.67939661055686
40385,28.90395641279332
56193,37.183576276973085
75229,72.46532896020665
74539,64.0865783330847
98499,52.001453951796805
79172,69.99630218881586
43553,51.51750588012383
53943,34.13499611103378
49178,52.54975759655187
39052,35.48412107009804
31721,96.65439536384909
79229,76.59188644189214
102114,37.10069043983644
20944,39.330699315208555
45977,60.30420578447316
95472,71.0541732890608
82862,71.85194583145824
91690,63.0292157390638
9912,51.56832143776901
101255,37.337692711529655
65558,44.68831920104631
83731,42.32129940733165
12338,80.83724534457139
69970,52.991308526961866
33247,68.11755142706568
1989,34.74441410032434
97481,75.39555734499427
96868,16.5069954457853
29896,74.41493432007104
33121,71.44519518482488
84848,57.033187548005984
72978,53.527882281166285
90735,65.00784742089613
83122,66.86596091616818
79115,64.00171100475421
61959,84.09800217139104
27877,47.15142881769666
61974,53.73642938207507
44847,70.98808377161373
14933,57.32034249099428
47901,74.43259512083945
88197,36.934526861455964
48907,63.0411154614792
91980,55.44479929158321
13143,73.95238613286708
96728,53.632969186980176
12665,75.20758339669484
40217,57.102967228071506
1769,68.99684934014489
74942,29.96760359076265
55132,33.078697140567016
65879,41.139956517220945
8273,67.98892770853448
77747,47.505737231110565
80411,57.05690255411247
16622,77.92208428740727
60193,62.980569275969316
29930,33.404310081991326
7894,56.9404615797682
39951,68.90053520082692
37543,15.439534162999923
95072,74.76557800974912
20643,78.8744946527784
89392,28.632855104113574
41044,75.1930524318166
14066,32.35588624862214
61377,55.6754144363228
20367,39.30716274376917
21193,63.657134481360316
47999,41.86406988591365
72481,61.18305252099872
14224,77.98362530961798
95865,66.82981405627791
5288,34.839933509985414
73222,40.9101463977959
16247,50.63055382390817
55092,32.09419425944192
74960,61.98586725881252
51545,40.939324865985306
22294,71.66073001698157
50980,30.75620441359598
69376,77.83236266343411
92794,40.45109960518614
9154,70.31760635232311
64942,40.64806324100731
95221,79.63859734892561
58023,35.912542745036454
4782,52.015419510410084
4411,34.63995396886036
85530,59.52723894243033
29410,65.80686845358203
60440,82.53331541610342
37143,22.283510809734857
36512,57.015808538599
41927,43.95739084330497
11147,66.49660928666674
38813,38.935593780940266
78720,58.69841820360689
81039,49.016829744301994
2298,40.207378348730046
92941,71.87691846630318
34051,34.37732575003247
8807,53.01549280124072
32534,86.37536300633118
44278,30.943584854562026
21982,61.04077293839774
38824,60.025597568593035
4404,32.47781207756543
53672,69.9808763027242
68355,32.72118055254481
70841,34.29684721726606
8561,33.682071715703145
38636,33.38940779293562
73053,59.974661636201375
61581,21.05536758647537
43895,32.62259724097506
330,35.189029685801046
50254,56.69155598356184
16687,66.03219685333188
88648,56.01544807209409
54996,56.01112942364451
77296,36.350358710721736
24280,51.01232844848801
85589,30.41757096302422
15708,80.28268303810472
76748,36.7948686691459
30897,67.49452069358512
68809,57.20514715514618
12248,53.17782452819031
20918,70.36991646774709
37262,33.98158779666088
88046,35.22862953180273
53688,56.04262258752448
63270,53.03870134201072
34255,74.93058417519063
5806,31.891043340857255
75334,24.486227129549782
71699,73.10451877890628
52372,63.2080414342111
96979,43.698125925329975
76176,30.351138853519874
77419,41.20135074269013
24895,69.88833416793045
69169,41.331787833439535
36198,57.79403800312573
2829,52.033875665673875
60042,46.94184650098946
62885,84.97660239444991
97427,73.32053015045327
70342,58.02235660281085
100339,54.300634084399675
59818,41.40769016035166
84105,27.99645648670905
79234,61.94898283893329
40358,49.0770640943397
17954,25.518286019885124
74621,69.92954024347895
16899,57.74626975560378
25585,62.725075193141066
92594,61.99811243062727
41757,31.752797298408826
76903,26.922083826051463
98633,30.01621281139987
61886,70.77842312530868
63713,58.78909799617545
39922,61.950392032219064
8432,62.26678017117101
63374,41.34583172813495
85479,82.45110442879863
40899,80.95500993196906
21255,30.81573862684864
79820,34.5429421775338
5815,30.016665240106345
70979,69.0306182280936
88004,34.502755402452756
20821,77.87802684067577
70519,77.74931624940902
68331,32.74276073073142
29075,35.93708925156054
99174,72.01655992176126
47392,95.51815956414767
92598,70.03448551871006
32011,73.16396885376508
96328,79.25844302714034
96191,71.18137669501952
32763,56.50831334936777
80178,69.26643220613374
7341,80.43992871334763
20569,42.488421340969545
69592,68.98387774941995
31964,76.96774470960709
71535,80.43655007613502
20173,77.99249680324374
67986,58.0892932299403
44292,47.482686146739894
35152,61.365592358580415
81074,40.94781573389292
12642,39.50171925866878
23059,76.05091073718563
62175,70.58775845499126
12793,37.6116271290148
21844,42.55152387777178
100728,66.08298581996587
48135,31.989443739741354
69188,23.03010301034021
39066,30.990932272697304
95875,57.60037912328792
87598,69.98933163688787
101718,49.132098183667274
12354,35.0167607537162
79009,67.31114081817734
23363,48.3902490315329
16284,39.2464089035221
85542,33.80470268677779
63041,70.81160011376326
33400,64.67143220029239
52224,51.781800963553806
10766,43.924105389194665
95944,78.60593051766153
64257,19.99325803383196
50751,60.65639508374343
99721,72.53207236180711
45782,56.06124287762164
20688,71.81100869756563
49527,45.43185811874902
89019,62.5524426728489
88944,70.86767880665337
37433,33.825979750893694
73920,65.93500632724431
29827,53.579182769515384
75740,70.93562147191649
20386,65.13065064869858
83403,38.96715091523277
68441,64.8818510743283
92649,33.03658807232928
4156,57.301661235995375
74212,31.852466151315735
86401,83.46193336748436
64624,33.607355769357326
5714,65.33694341015686
74224,54.11395783299838
22600,40.15246806622616
88204,27.946272648848428
58745,73.96515534889144
93673,17.879509547323458
6950,60.21991700810062
91344,61.199658804617734
6825,41.60334096661379
83314,27.69114793112709
42537,43.335787239387294
80943,46.583834447785875
79519,39.659012224560534
3146,64.24975154561892
14929,75.43269673605354
22592,61.3262954270323
101661,34.843390927567995
18680,46.89000409031712
58555,81.29300338560093
71875,54.49910317775043
5857,66.16853030336705
1282,27.441181312744114
89657,68.23444587059636
93817,56.66999359008606
99729,32.949370655512766
34714,21.796415810251155
80798,32.495524280036605
6937,59.91576353451656
4765,72.23555519434373
34286,41.80602847595385
4910,39.74806233737908
76244,77.36160408814446
57090,40.67263255993433
89227,70.3281244642637
37991,48.7359690368884
10862,46.065734042203204
68455,40.16235500958712
98554,41.7027176288918
48967,56.80093636992524
102653,70.06924647887399
64085,60.84235644275874
13100,71.42042985926798
74632,61.89926309128466
87207,74.16772655256277
85780,46.97733100236867
9041,42.69858222459474
26468,71.00694369426107
22769,84.22047651674647
98594,76.76947784391362
21857,42.28005477594229
73137,66.95564245033705
36142,74.03155272695139
63582,61.99468977022344
63699,77.72795222257315
30084,83.33086778427892
4321,32.448810403733056
84241,73.50537381506047
17927,83.60418980173864
70173,72.83595134762074
101760,75.00510545712231
20844,73.83199211697061
63243,54.651383038577094
15237,45.839334121293916
63764,77.0335263061815
19910,33.30880740837824
14036,33.07355596506575
32322,62.976927071531485
12092,39.90283854327768
13366,74.81125029335251
67724,25.40191769712751
12635,55.21163358864094
91226,33.82391244566369
70264,78.07386753327958
88034,74.0121036108255
87069,41.187102516727364
15711,64.34616062225388
78783,70.88105568242989
31170,30.496109981981544
101784,76.8565714798451
15968,32.98217359257995
2205,31.781252616095657
98893,51.30486217347423
48232,61.04815844944897
24112,46.973066660778464
15352,34.31694306721871
64684,66.01488975108882
31949,33.66813389315254
53316,44.74171098123552
87694,78.91820493147429
36786,41.320968825171256
18837,66.1036928126687
30291,20.785760431506937
60299,34.2061747647081
10845,10.202447881830075
85950,62.03794081888008
96679,38.11158756103107
24459,70.87371566458401
67055,82.0595588128964
74973,22.758831567914
37417,36.52300575555719
38460,42.99150299076638
45611,71.73952178866205
54461,67.26915295899965
46878,35.0322571249935
75564,53.22294736960164
46152,72.1117718438233
75805,32.8397848279624
46314,62.94765501254338
60421,31.46701657746505
19163,75.09922386642461
99840,34.522564240306856
7794,42.899116301942094
27405,32.12667601518728
73523,65.90947415670689
13237,81.20909258017494
45835,60.698886396883395
42957,73.95969367162235
70281,59.9287729032652
100056,73.29211815795946
85207,45.98445390325121
39905,35.58803301175342
86105,69.67695164045841
77695,41.52759889838883
96416,36.56496516905261
72765,73.90900356903832
84332,72.98424420647146
57866,64.95107507280764
21410,47.121152410591655
24198,38.93863079910915
85168,55.956093485466326
44455,66.0937566000633
81227,62.01864671100179
102658,75.10422639665833
51321,82.83933983915828
34217,18.124242199376706
34893,37.95964841349044
71467,31.37414800864765
25221,51.018720091833
4951,33.15494292435526
89924,36.76329836301992
74652,41.895550036207005
87722,69.09155503684039
31917,38.12163940064905
1895,36.9677188258044
21634,63.94637518854941
42474,33.90100112469471
78862,77.8626828520346
76088,59.632918997777026
23567,32.57083030827961
86627,56.41575311434897
54588,37.9699254111483
18660,63.33671827779084
25993,32.525673528535
90963,82.05902977843604
86848,59.89062779372488
73069,57.109816282442736
68510,71.46590357858346
70168,43.39999184932521
56906,34.36217688439181
22165,59.956885062338
56947,70.27289215532434
58868,41.47842995062013
66286,39.25035056247658
35566,13.786815411275114
29482,32.068434397528726
44799,47.84522818820501
37642,45.17995140897224
17681,42.04632672402322
85146,78.48436280943815
58191,31.651334090275896
51152,43.32301954225771
35090,63.62358475977166
21978,43.41742906062252
93288,71.72302954574056
99500,63.91593729412243
17241,29.69212399770574
30453,62.346381013800084
69686,64.11892187800788
57603,60.636219773800235
22203,56.14552533511568
99277,81.92925268763074
58652,70.01186779178516
85147,59.71271549632223
72554,70.41545588458905
14263,70.13013240826483
97174,47.985058272668745
82302,32.262299341723796
76464,54.1614419004195
78606,33.19678157483101
97961,36.04755948630963
3317,81.44653169435774
85397,63.76115269012386
18270,49.33218718747395
42807,62.3873538445247
12726,31.181680183397138
79205,63.98978651626271
98159,57.96954929951299
39788,26.495810665866177
39619,29.84915109971026
22161,56.64370271140919
56136,76.29725652671127
31623,51.85601442634635
89536,96.52971782581898
86244,77.2713140892186
84092,29.978784438830356
46471,33.60381948676119
54238,33.570098045900814
48936,73.97533991375269
64648,72.87491401020759
97994,27.86506095703412
92566,45.92636786529162
59401,35.31519995406887
44542,74.72531374722635
1340,48.847889154922925
38108,47.81372123135391
16298,70.94055430708184
12207,80.90529240214309
22777,34.666346605681916
81576,65.78795905177918
89069,46.33712040453533
56111,32.33086247150671
82516,70.81725298593466
83975,82.17538890796281
18777,44.795003311037746
54638,36.01656430141496
44750,41.036566722298176
87119,46.89153630822472
41111,72.01347687532504
28598,79.30568504799952
70018,42.165890126160036
12331,32.75374436012942
27630,35.89898958004698
50184,66.24799735850381
89769,42.88468326923391
45519,81.01211402183253
63553,60.07781500347919
92703,64.67778542364184
61180,38.5115001851287
47117,33.49491489716848
81499,42.676065680497224
87702,45.807617234218704
74186,34.40240733415465
7515,35.99539124864037
8564,67.19193390753276
40545,41.91604690642551
30364,45.02183946199456
1910,56.4946257262436
25335,72.93945383572972
6558,71.80789927231288
47762,33.82563361680407
77805,34.56823761272468
25448,74.41406982002044
83271,80.45018649449409
46275,81.23225676401337
47469,74.10876013249398
15050,78.33392330117991
39648,58.12604303996191
11373,47.05741545481031
57749,33.36780208361154
42366,37.06500670290321
54902,77.778346581672
12989,71.82751771242394
35222,40.78245899754266
50932,33.59158426440237
25879,74.85080309972957
59516,65.92756930863104
30577,32.47356196983735
67571,67.42317839102415
95575,49.08924070893907
98264,41.919561745839246
92761,66.57895812409373
75727,30.692398529059766
78972,65.79910312660598
32066,69.94858947474158
45483,60.93387306022832
10791,73.19155260790095
8776,70.075828412227
85322,33.42506806237868
59399,54.04576683759824
44061,42.2898374604308
9659,41.66781655059906
60808,68.92463374423721
39649,70.10332559530636
97842,49.39613731840525
61825,26.81869810686255
57281,44.67029285394976
68668,40.67485640820082
51312,37.795962572972044
100708,65.49295511086129
17534,75.1025862994681
6657,50.17983517418742
46254,65.010001753267
22490,70.71481669160883
82806,78.64643493717861
27034,50.628986998104196
77536,61.06126460392208
82579,57.14472300672577
58942,39.840373002008334
61426,32.992844838413234
56229,61.73934550529536
57882,34.182925057156964
47464,34.64865199407787
8689,33.883507047350456
22558,38.5619601385222
36400,40.145333204164245
75377,68.8658550498686
7674,61.687619971980695
54645,40.98450991275799
81566,34.457220837151276
88562,42.597208097270425
98831,70.93454201539757
86342,68.96607914950818
40977,55.02428566677539
59160,56.409794312342356
68922,31.48889781206914
19696,55.980942897874186
54408,27.622211020709596
5280,82.94145623768836
78643,39.2127565860121
64705,51.986946510185405
56785,31.1444734716101
83669,55.97489400680771
65906,53.82481472547583
48202,55.70961232331547
70080,63.98780701494565
61358,74.99238220295769
372,33.50969535142943
15063,47.055716673440784
77129,43.47765295636187
64065,30.86829846141786
4262,71.08027077140676
95387,33.983907396509636
6833,47.31602606224934
101056,82.28508776499814
41230,51.59426750781417
75454,68.185013152979
22865,32.28263270706523
77772,59.12296061332778
100821,54.815863493983514
23585,37.707846448202204
30019,70.87751579908642
98512,76.98040278347912
45888,71.89687667278096
17135,64.0246282242756
42122,73.3580957678621
79016,39.32432902989024
34409,31.17031061052805
10638,58.030120209869274
97074,55.19229332817665
59414,40.78478935548616
45150,33.78087530842283
87253,33.16982669132112
74387,40.21154719287982
1000,32.54162269671703
29948,77.94989317877958
69399,75.91523336703497
46087,33.91194567493737
30687,43.09242090255066
56736,26.792490793429323
34983,59.03146446312833
9522,82.51299366171105
76367,53.92205328528608
83214,32.4037585673723
79793,39.32627260334854
80825,88.16459441854079
7286,69.08046881882734
7866,31.464633814128938
142,43.5002250711092
13120,72.65560883048659
67344,7.425552128297532
51458,47.82906643424599
43122,55.98935199437165
81614,73.97657613465944
20020,46.54529689852311
34019,76.78434341427015
80415,27.531559461643496
97030,35.454047291526884
100221,16.088040418867177
41397,76.79822091769003
100276,31.93602409792032
4221,68.5262883429804
53202,56.05118982158184
75212,62.22799463741153
51883,32.093891577063786
65481,39.68940366253444
31362,29.798682022807895
52778,77.12901317916854
68618,49.334384499939574
74784,48.0302620401577
7250,64.95649501265723
3810,67.90117236249753
16314,63.68044455439248
95002,40.006687037469895
8342,31.15530043426589
89540,31.898025488119004
90133,68.15615578048417
16299,63.00774507312165
88583,70.12990010614052
98136,37.080598187932836
12657,54.05406764743329
61529,79.02489940316002
46131,75.19359323304724
85763,34.946979501894496
88257,75.06900056213925
63945,42.03854637089185
55844,72.40142739335482
93629,61.099227456553194
7474,20.29963306126057
21448,73.74099327563258
37720,69.62931692344392
35027,31.261947949553758
87915,58.759492263693886
66339,54.983710402394834
51901,60.017571239462924
86827,41.83130048396952
45674,30.72679182672528
17731,53.468230719247146
75120,54.723209778489185
5525,13.224143634653352
25443,49.21797627004402
43881,28.522764951809137
94783,70.22001986513357
16886,74.9666519868147
38488,74.95384561051777
24427,73.42174151481808
54989,48.71219570374474
81944,74.6093653864379
93060,43.45790994895198
71016,60.10654771533942
47905,34.95149373101065
75797,39.77425825156367
8813,37.52962061985069
80572,65.02542410808925
46401,69.37341094087881
30108,49.22539380115733
20768,53.37080105954308
25517,71.14436503501534
26860,76.96530819675283
55487,45.47005855481846
83608,40.08766408383681
46995,62.82122287804758
65800,67.14370594813973
76737,39.9177785055336
101455,32.60940379916055
14048,79.20262921644964
84251,78.82562777981391
25876,46.05921974882599
9407,35.69702172082343
93173,61.64092521772868
68528,57.18437450314762
22885,71.65779973787083
63974,41.40108368356876
86745,60.92859878406243
99924,9.466949971626143
48893,47.50100802924079
41822,39.835571810046346
16215,66.41506883584367
2017,32.00031325662979
37498,33.51052172171217
98121,33.758320244256
93711,56.948920379867474
79916,77.91967403900713
8972,61.4979369126442
55673,32.731349254011164
3713,56.0713302571086
43453,47.68436041164705
15359,33.693762856021124
100456,35.15564681488786
6512,36.856627728051066
394,74.00460747614167
58223,80.95842443955024
60360,85.5828548177555
80706,45.030555894839
66140,78.16127183422705
66617,63.51699871469427
70565,51.41375930913905
34872,40.6282559423096
43048,83.22957564986683
46202,32.101945038727045
93583,41.43186439725352
22641,76.03797165918166
82488,67.97751410493944
41887,43.61802333390422
39950,70.53239055795292
28129,47.101842123989954
6173,68.0460302173177
52070,45.8468419602319
99215,41.56182300820872
85626,33.55451049379882
12582,45.03095688019289
85454,12.880974011532267
86929,71.08817163102668
51271,34.81921039880241
9423,34.78973709658919
7024,35.955785711804964
35966,32.98798588722881
56061,30.782031578986953
25367,72.6012286455904
91068,33.14526396154246
75676,97.96562549083424
37205,47.92476937043911
22414,35.869888219832724
30967,59.96965577698589
98579,79.62017908334553
46165,67.86250373533377
8311,72.98273931331542
12956,40.151503549592036
72137,74.21102871591006
17228,41.608209435207996
76086,32.667579397356754
5380,66.90676102277008
52971,56.50039579473135
46566,53.92398954584103
65032,55.78793629473533
64954,62.9985194529976
84243,38.02567543030654
84805,41.015325614299705
77591,70.34634024957356
10051,47.653725791313725
55476,27.97146899477637
27861,71.91425166385636
76224,63.9421943470468
50574,36.06710334918176
39105,39.8157134274892
94180,31.673677459718114
38609,31.01776576978748
85764,65.24891304420612
22807,73.13286401061768
48522,81.2661884329072
72091,66.80812362647833
67802,89.09478582342015
90880,62.93943503545396
58294,64.85574472120638
102086,48.701641621802295
27832,15.965538064239219
93188,70.03307249534953
91807,72.02386706832783
36704,42.08675590292351
75970,30.832630264076936
46594,77.80043351966921
63636,58.36635260699382
23037,30.928578974633538
46636,26.843191637089628
55363,68.96088180618855
80167,49.86300723962815
102255,48.04934166989551
79964,57.95518185872231
23053,67.32970729285691
23751,25.25087800654361
11973,59.31542835886403
73572,36.345173465359274
92073,61.445599221152555
79048,41.40324616355851
817,27.894462714627902
54860,68.94266832345014
19970,52.16647909263857
32129,42.1209148543639
57767,59.97055395885494
36761,75.05875570102683
13412,74.16230073718967
45617,70.2231459522699
13341,66.30791050529885
19591,32.959734876192705
49656,57.398907441931556
9249,45.239631006370075
60168,54.032121767323645
75066,79.02518576033012
70144,62.81803428849962
70802,64.30709610439283
36384,41.157896922578374
3592,64.67603175363112
90679,75.0156391939031
66913,50.72229421321598
11672,35.809813003675394
71234,64.79235344640438
53926,64.91966580220208
10864,64.66800115274364
47777,64.09179805976105
5758,61.08832832950223
98369,72.75505559881483
52990,63.95315371226816
11062,62.91499199564488
78005,24.828174054196104
88419,68.12074951155111
9553,55.924487941903365
13721,51.058381329246195
15793,33.02457246961529
40962,41.6940374546689
79118,40.95884662473108
15921,55.471979950193806
62133,67.22656529822822
61356,31.930495236466797
100961,58.02117439797474
91023,31.561189373206528
2732,71.92678132127557
69168,42.21611833036033
42704,77.65252446903642
21710,31.61758564408908
22377,46.96492815050715
85646,31.3699063234295
67097,68.88841170582876
81741,73.89759660963932
21545,44.07065808778914
48068,49.95202206566201
95155,43.894398598865585
8423,63.244538288040445
40527,41.25431052644426
88957,67.6339477758972
11126,50.34211805774471
57257,44.957302895055356
97266,60.99869871303698
79992,22.33138817278797
78855,95.49932729885711
25899,41.072430306454635
95766,64.55756058210966
94833,49.64168886544577
32103,31.51492821678303
61544,56.85015455739358
10168,67.81066394925115
93675,17.829545789818578
101433,65.92284626170294
88693,58.91682653479396
2486,41.87916129721643
41706,33.28620162270452
90901,57.99366264239289
61628,66.36737238689841
81588,61.45456043655614
62356,77.04660353899993
30287,45.22806274560085
20505,44.63294492688172
7852,36.43820616056394
49274,62.05675186343993
98284,23.406028509891435
99,75.7542832256557
28455,75.1756861771975
16025,27.47842078516851
94203,70.43197945847118
26208,63.77591005966818
63278,34.686551590027726
91283,69.4307002246183
58235,70.06628739917639
89479,58.437879728888
83174,72.93396887475069
23757,76.26136335319073
66825,63.24550948434664
33987,50.00383426187166
98921,40.086370938830164
38055,62.87249990773477
27444,60.7136109427318
2810,27.981013245333305
20384,62.74605215852219
642,37.87214234925958
35815,77.47234989214348
38512,75.94668987675024
17943,77.95218124906785
19169,39.5753294552513
63072,78.06732540420543
5571,27.91334111221191
62316,68.0282214662137
47336,73.78515249950297
13898,73.16325866424685
21139,68.12538908051495
53921,68.04111455052524
97951,60.682056972114715
85661,71.42676404721618
24777,32.08385557321553
34069,67.91610298211506
49532,68.22161095408649
53661,58.166132765395176
88736,46.85210798194292
91244,78.13512445827186
81020,79.63310727985137
76264,61.22098674190359
42310,75.32336517001966
53077,64.87991191724788
68671,74.13182342689873
44958,63.972284758246516
74287,52.10536825771047
98138,29.83313855759075
71321,36.022277755641404
46549,37.952596911906596
1055,64.89980078727481
17780,45.11408294352652
47300,15.188411914201108
25817,80.16375191189093
44703,60.129183775964904
86069,64.87548766727454
73915,40.38221841761767
66586,40.95026552109796
38323,18.076760188941126
49454,38.25138637093099
72585,74.93705623962282
91963,34.73428176415569
83588,77.96037673018678
42212,74.10845153131253
30786,33.39451948448141
59519,25.78856539445733
54596,59.793022553858684
89929,73.2622824318738
79776,13.00231910158795
87025,25.056391876373688
92165,76.92444749351003
71430,41.5475017761604
12060,47.97556685105857
36470,32.610116637935384
40853,63.11020888206855
66138,63.96723942427424
83131,36.12331311249816
43945,68.85684242139934
96832,42.121051707295535
86921,56.794762395312596
70006,58.43101211101619
39314,41.648516109706314
99757,33.04716122667037
10553,32.731544722680994
60393,74.7380115475504
61834,33.887531690044234
53597,34.20811800820241
54376,60.58578719263367
84909,40.37325375310283
68850,43.93245566456621
9336,71.98091877464623
61573,31.80861511816579
93833,72.86584511529485
75251,66.95103132906755
24357,73.25725244336508
40138,77.16452260780943
8065,70.29030507161953
25528,51.51640305665553
29666,62.548844998398465
13989,82.35235452167947
36639,46.95813448946412
40224,51.029028791496316
46674,32.498961481674
39399,41.07204077268919
80129,31.889547581856394
87892,41.48037831348549
34953,69.19357689680439
15867,57.203989147332685
91155,45.99759697034399
64738,61.880474684406494
66965,54.781578277985645
19404,42.66991085220242
555,75.8947936258601
48662,52.90112609792392
72235,53.267432598008625
79452,34.15034173128771
93627,74.63283148736437
73791,41.74234492627303
99064,40.067763697545224
33831,32.481117519804705
82580,30.619690992540306
2327,29.4779516707968
93282,28.076270709438624
27715,58.45648035908543
56431,34.29645668960266
4261,65.43301170159347
99359,75.50397126960019
82284,61.48731585583459
78025,47.60339640972502
14797,41.956095592756384
7555,32.52484914765972
2347,40.655001450925965
73993,44.80195459446902
21538,65.10156411726695
87486,22.584261432915156
89431,40.38308625019394
13896,88.03689635977128
72527,71.97320699015287
72720,42.680230569363616
64391,70.88527702921843
45987,39.71311678021134
87647,34.81764156391377
60488,70.10275025347681
79891,42.60471453005896
26162,73.08929307647206
89034,76.07407636469966
16799,68.91162891031718
60840,51.84700200545716
24748,52.74435333259655
12911,57.865751845838375
81205,36.002810215892715
9121,50.07494018332795
26879,33.06777339773203
37736,23.529379553853992
72168,25.95424287366164
8061,74.72325076494593
71972,76.41236094502895
10967,43.78705286976894
1294,29.707790095892555
72250,64.27417856902912
77773,37.62741636580051
67784,61.87926763565382
30978,68.58906126491377
64063,68.86112036580116
101737,36.75959745772404
52657,33.66529745550895
98262,57.294042660738405
58775,29.952384899631177
47157,54.206469901602354
59390,62.884185671011565
96727,41.04481881812076
41368,33.57006811165077
14947,43.37699509091237
86503,70.62794393300646
8827,50.964717220073524
72593,68.27216063596536
99572,37.72722970213687
100751,51.83499654517301
8540,72.04311177023416
29568,41.923038767985815
99424,7.424397475899429
75630,70.08234632133328
60354,33.64151351180345
87334,34.40305267207462
68903,30.001532677045383
44458,39.22035789548618
17331,32.686072744422546
10704,62.07630796092188
25364,26.97005547233843
78570,67.96788530553945
38513,43.34559856948134
8934,32.84320533597371
30812,83.32556876639222
29041,75.05647287428043
87427,32.811530454479005
60338,60.90520944846465
31199,30.675104105480663
86521,46.07007432569209
8384,69.07713938035165
97307,61.58039180770327
74802,71.02705879616684
32708,68.1312208514552
53971,51.21004587849518
89082,60.10236190102873
53934,65.36635872340493
58147,53.038462793692474
43643,21.878743804508474
96198,48.56799979210613
5084,54.73242312346448
42480,69.03139087000787
11133,67.69404860206748
15417,61.02129362221335
28986,67.99748149557564
87574,41.68776757785063
84709,68.34197216542299
9906,65.95477949180216
68844,41.7167077143224
32035,33.415467634354876
21706,40.918650242152495
12608,17.750983862519973
9009,39.69845074748039
53671,34.16702191035384
29646,68.62160381533292
2237,54.888974237781376
59149,62.960314137231705
19190,38.87103707193201
90474,74.26889181482878
6423,57.033113572586096
68862,64.93501951080879
16533,59.90761988745437
23253,34.15081674594406
17640,50.15595394295333
15265,84.09929996870032
78662,41.96718079849099
11854,40.894710667223784
76444,78.87903662262596
77495,34.90838304369842
26189,41.1201056689865
59641,74.96473197117695
12570,64.06186872628565
69120,79.59575326898432
62384,68.94372959835948
64892,80.37808821636352
39898,44.80367240264229
6672,59.199430007103444
83427,29.950853213022754
72737,71.0263084736718
13677,41.960253899953834
90092,59.93070146567798
25461,29.791710104179906
5614,42.06117844614501
100036,39.50446454750701
77996,31.448401111828524
87936,71.50456680609022
57184,80.01223525441304
95687,42.82813474156954
83492,47.145343943453284
65915,49.260060587324475
36778,65.35936450471847
14402,30.683613265270118
42353,56.08113549012015
19110,29.167343417851892
82593,40.69320899012218
75915,40.047482263352215
5887,41.36373418537609
94095,73.5567708381578
100334,45.56403774835955
49841,67.78107267219602
53866,31.03802104237602
38285,69.09995609735832
100083,71.03113836991855
78519,33.98160307710026
48728,63.70296597087217
54400,11.737560840670572
64432,63.06507457459072
34280,32.14345265459694
5505,32.80470741881773
38238,54.52262518549533
56930,66.6161158372266
45957,35.40760660226352
62034,72.07489051528586
30247,58.34605131526999
11180,37.86093456643346
97870,75.04072892731526
91958,82.4734540385453
62747,32.22583820519264
67602,78.5788438268116
22005,32.05519566385205
91630,65.84948871774012
52111,49.764774292837515
68304,43.70111353099018
72935,69.47727938534906
53399,57.50707289995678
28638,43.740106593667775
11800,63.62824636455974
88710,25.274701290831267
3643,66.85780650558735
88298,35.805921212300795
91406,31.275734535388143
25394,41.77613166794124
101791,69.9964297173677
70544,65.8518098122639
72480,39.381281639649586
24682,56.008788338526294
25196,63.93790599254811
60929,64.99256132682595
57870,39.272419598353714
33847,65.12207030792783
25824,34.473357181672434
1826,28.014558933426756
27362,59.91256564616458
96919,72.20068879957066
71595,33.895041813997295
76285,33.174120117514825
71622,68.72072703360377
21100,46.08248430308207
79915,55.79644822649453
18996,40.537220726197745
53697,27.475341622038638
34025,77.2059329521606
53791,66.32501561546349
63025,79.03111913706144
13876,67.0219587511304
49936,48.08620649352332
47406,44.99293964217763
22507,34.16705652858019
38509,29.914915002035478
52260,69.15783882481097
84961,41.80082258349327
44925,46.04377537005615
60941,70.89433533152604
13827,41.352968790863095
74125,65.87939719427337
57230,27.467353824525645
42850,32.13870755197821
98070,69.9534127257555
33428,42.24160432339106
48434,67.36763619909786
48476,84.4251547044743
3571,53.44973830862287
52982,45.72616728787288
29084,42.27506403733044
24429,42.38402823739391
70523,72.12445931995808
65135,41.481223978876486
6817,59.92672505750332
5966,50.81203099679284
12404,61.846814361898424
42348,33.63962617121466
5015,34.0575044133102
56268,54.603677968308375
99507,53.90868624084958
91858,42.652528913839475
96678,32.17236273827615
87607,34.017971190245085
78388,66.94939506066689
44838,66.87841030701722
71057,31.282807483742765
54199,76.8673241423736
20717,48.93243742601352
62353,53.93488090071388
18622,59.34034868830901
67659,71.02726437845902
63614,8.994714461780415
36140,70.39684029625093
30399,72.96402550436173
78367,40.73976539788579
76613,70.75969550340173
68927,64.03846206341751
63154,82.3282409997197
31390,71.22166723363237
68539,40.68176249505253
21303,69.80626628507514
1270,79.28092271316333
20621,64.78149128733284
82055,62.437511820250634
1231,39.24609784406112
41164,69.98554494827049
69904,64.9174557148294
28730,31.82646114842577
77023,48.8210987582319
102506,45.11094252962115
2754,77.88820682013758
30923,56.79240763813847
8297,38.84284579082284
83988,76.9632127248342
18564,69.91303806127186
3218,85.48973508219967
76849,46.6888205236634
62558,34.073865974689774
68383,55.52717360311976
59498,61.045496159825205
20223,73.92413067124173
32520,66.85301780144746
14004,63.237167081888344
18199,64.82556207847665
87589,25.17861898794925
26578,56.4806209753981
75902,48.028681245376106
89108,61.09833081784596
98157,77.96536190334837
18517,72.74549914699418
63413,31.11355990830444
986,68.87469204727668
10310,56.11631660522613
56950,30.852898758823308
30542,66.87784950442526
5447,67.00149872555978
5910,40.785385303362204
53994,47.9806331247831
83097,83.07894848060116
76552,89.06397888012188
35861,33.78129147500842
90400,73.93485519306316
38864,39.22737132740106
3787,32.69033887799825
8018,37.71958339031351
60553,57.955608697235306
95406,60.08877122285655
79779,80.11913608002209
96394,75.07681742551603
16574,38.968872235846575
92008,21.065329292929356
50163,69.80763032217843
84835,69.00371037914171
89065,34.22370547048899
87532,69.94500280872083
92200,49.61993701965897
63451,42.20546600712426
32418,41.135000308225784
96674,59.092157452939716
63092,71.48630307648384
29578,35.16718921826681
52707,46.26717466044768
27782,61.831432919422916
66062,78.8753655514769
72623,29.87731063593983
76779,33.87355642875416
19319,20.112721180360115
95735,58.034599395597525
58008,50.89171216345333
11209,32.95409788523957
65934,66.9981854234988
90618,60.634692547497615
68419,33.80538215079234
95981,32.94200307129039
91982,66.56400332737343
57816,31.840187374666282
29979,34.00944439698451
71337,80.01214917893515
34813,60.666273272894585
36270,59.49990929369117
12660,72.15466784921148
23962,60.073435286924344
50620,33.06910767726447
53342,38.7085882736547
102453,52.33061982906794
96999,68.41920079444972
12004,45.19258405228415
2985,37.027751885990256
83124,7.6807498148343285
50188,42.26084445506065
67879,73.2924985044468
15865,66.01480704167957
743,39.928390798710666
61394,61.06600373683789
23969,69.27142288943097
31371,67.85745845025527
3578,86.31441350304918
46579,33.10023197230069
69050,32.064520558834424
66067,69.97452366779129
67779,69.9469400797133
87449,66.90676704093545
40453,42.25494266494727
29825,31.243275462600835
1970,76.28609931851037
39093,47.452995850878736
82014,49.33508371897657
25689,35.190820115619466
10349,62.668053445343745
96643,49.13554784976805
13664,70.05610720405704
16975,33.81860974100583
81745,32.671277338068755
23309,36.678582832339195
61275,68.84102031143678
51880,42.29445815260631
20739,39.22552216701816
75290,68.1680300774617
78303,85.18956178167406
22765,35.25524196571164
33935,56.09279014407822
48085,52.63965967882619
8026,50.08725781782481
72324,31.46877935847114
54374,56.06876809842798
79316,34.95723568672043
65869,51.10343046117576
94812,68.07436367953581
13969,29.952791642288272
69305,26.35718847589225
53400,39.63324157841301
46260,40.212414531239695
85582,42.44639500258737
59719,74.91671515589638
77901,78.83985027394863
75795,40.72347490007887
89057,62.15144920827912
9278,73.10877635376488
78026,40.77538169376326
63796,66.88120594999815
39587,47.82499894749963
62073,67.1068426950882
99250,32.90686544504048
47795,69.42978340103483
101138,55.65508745764734
75359,77.05718459035512
11418,42.20805222701124
85297,74.45286606887564
88362,58.05152878249795
52776,59.31076671226022
6069,62.09588779746933
8778,82.0828641483613
95215,79.35732118765131
102033,39.37365573878362
97292,48.86172544671902
4564,52.52859374765437
50030,56.97563066429843
75392,49.88141749871386
14917,33.128943502370554
43885,33.78411128827218
12866,70.11154486703934
83699,52.84415150160677
37700,65.85883769204379
34840,59.91463801274265
69854,44.03773732942256
92435,23.53282141713746
20038,31.181013401897435
69543,34.62504202619015
18997,50.70429598107292
25735,33.436992014797234
89949,68.86458505200525
20154,35.60622513110424
66748,30.895976741264374
7175,62.07064225627559
27549,71.88435096525507
27317,37.610732109943875
83847,64.90397465269314
40934,70.51752943809842
76251,32.56548618378827
32737,53.865848035638656
4307,40.593840523529316
18512,66.23662843904333
83213,42.936847873574315
63060,50.36497232013745
7442,60.14518268729138
66486,32.612442461848865
67423,49.731841633298004
6029,60.67990137182072
6581,51.600287629664834
53949,42.5210367136999
16374,63.31138075698086
17100,57.790159024232366
62383,47.09815173073622
47580,34.22302704739061
101499,63.0150274041413
8717,56.286681208412624
7140,33.34672246623739
73135,33.49834771719373
9102,33.1408355844056
102476,66.96035337066613
57511,48.677631082614326
46487,32.698568400101365
66028,35.07258155356694
84411,70.84583306952715
94202,65.83132268368834
74023,77.04597436399806
528,67.24672063103611
45289,66.70983451879006
55800,63.330917624754164
88442,33.3216137271988
21992,42.89632386836089
36261,78.88747538041889
91217,62.0618497698339
66955,71.93007722655219
86367,48.220644587236585
42664,54.97333233451266
66332,72.62670870899373
97460,45.99508776588802
96431,32.524943634553075
17167,75.14892417286904
55383,18.761625203549205
34136,67.20252589312963
80517,75.12781674785502
90821,30.067823333040913
87295,63.94113634852661
15303,37.715217405539086
97697,64.00997134461062
86320,76.26853482049009
18890,71.88217310755311
77271,85.07429501630136
83762,63.01103891758309
51324,42.27975411057134
55713,74.92693398511395
9002,32.74346262058062
46023,74.75653613440983
62403,67.06655648201362
59041,70.09709061706515
98567,63.59536814416373
9933,68.10470744114674
60539,57.79587768191405
16407,81.19949509134179
39225,49.909290576947384
72218,70.43181394232238
85318,47.847325537153125
89365,50.63101249850417
87370,74.86032329406143
58205,77.55221808753208
61534,42.20413301181427
91005,38.71881971077585
88345,34.79897146115249
66297,33.959349051661974
19620,44.459967181464904
88731,50.36049403255722
71165,43.966710203132365
39143,38.844676709391635
16006,53.86382507274559
56793,67.9530678593058
87693,29.1080329106177
79467,79.09613676178408
63913,31.183928063299653
66690,38.07769296049075
6940,23.924975803316705
46733,70.86279643250509
28050,58.10479188410325
6712,60.92565512346066
64548,26.169819716020434
37616,32.76509798978289
100060,32.391721024604855
70906,64.97537923464631
24686,75.63300886889022
87837,56.92584074500283
15382,47.02818635617383
5281,68.25180744953444
35177,51.24243337665352
82589,46.080169232440596
81665,63.85344930174334
2310,22.068813046417468
93943,79.91141587885912
71461,31.937812825403753
75222,53.47602241662229
56076,52.04109575329557
36906,75.00338820248669
85061,51.206069059625555
87623,50.014799581877156
54223,25.778270058931685
20372,59.84377698375442
14272,71.85573531954051
49056,86.09939726218325
57390,80.03866181912781
56844,62.96084622954214
81252,67.08234168932393
27653,33.193090345530756
91989,69.46678418838624
82973,36.87920654892172
82664,16.96004574764768
80789,71.07200266953203
21110,63.79447051468571
43377,68.64916019033758
82582,32.71070212159773
98066,72.46923983628484
3361,80.33748402551205
54345,59.410850647350195
6286,28.02444473327394
46935,45.48387118668259
49502,71.69707001140819
47197,32.961262249813075
19780,49.239011510062674
21877,9.122429392491323
47516,65.01661891313458
79340,74.56906052001595
52737,69.0113232617818
38934,34.05264394151938
30954,74.40586534434117
2388,41.21332809582747
98494,75.9885377447722
54654,68.88411112274227
24288,40.75817995411654
65666,64.25319060315442
63104,40.2545288045166
61485,65.38930423084956
98261,80.08544190844012
13556,42.76411431792332
23703,33.51034196761777
25578,33.06789720279632
46200,35.39688245305235
96426,61.72090234943872
98149,54.06957665153103
18773,35.31324991306354
15843,58.904388552851195
68619,97.72858323448719
50948,33.4527716359159
75500,37.65856640197723
9101,69.97865524324321
31778,72.051371352847
37022,37.06401444806585
67956,34.864442765633775
19391,50.31379167512654
7353,56.893637658472535
82680,70.41586451072547
28636,45.20125073950179
91482,34.18088104272118
26969,67.25398226964715
44187,41.05710790389021
40008,40.8495906375807
87518,25.32120438469487
32580,31.487709325442125
102649,40.50109464433127
27976,71.0819960155228
18499,56.69511351705712
37338,32.713690478121435
7258,65.10220204376978
6119,41.15455263187331
54741,42.33290774204384
63611,67.29747356639925
26005,62.75177756011776
92134,33.870524165761225
26191,59.59114916580617
42313,65.8673031628046
50124,69.02180940921946
50031,54.61776211211452
72398,66.80670896340118
3964,54.184182390277485
45910,48.998095379796894
26704,79.9363381727153
49409,66.11802728745201
86000,73.19751998009991
10159,64.86963440304622
1614,61.87444097859072
96321,40.87623464359804
75719,73.89353482909604
68722,32.33955424890866
70827,76.75481115963882
63261,64.23616369046624
29122,64.06002571814409
41680,63.47617578757274
29980,30.557316351339576
94836,52.83023682892871
18139,80.34075692816178
83747,81.07166370441789
19872,73.98627366965746
6078,60.749954930466906
8683,72.76318482117756
50105,70.00254149639164
11406,65.48954199634694
51393,67.86255034914852
25546,78.86326260018699
38756,67.34453065295578
63583,71.65991943445272
629,24.90327933735369
21406,62.05081959193286
21969,53.891938483672405
14510,56.98403207866879
84663,56.83118257057891
98972,34.146224078640934
50726,73.02490999460005
15637,48.43602571241346
37441,33.44062804461348
44557,47.50651722402857
13738,71.99869511637458
37212,10.9870091374781
62808,50.098818895700965
25230,53.07460237023619
19326,70.96760978803292
72831,64.03563564475228
85014,54.0239111544317
97556,46.966569441187374
86168,51.038801618640406
3434,34.53921562104686
61983,25.165718697796326
19273,32.74900016065126
24390,69.87750203799808
42649,63.5610805183382
21807,58.806745571248356
31242,62.97606576901151
68987,65.57611877369455
92523,68.25161218248914
77416,68.0616242408809
47232,39.65177845146263
56245,68.91816316054175
76089,63.66720426159246
6594,76.51874674082029
43954,60.71202868382163
48749,41.45587999411572
47003,75.09527733359957
24711,61.30471940927255
63233,29.391393442503283
31603,49.02513659082632
71175,51.03198953755883
18767,40.18132758553245
97524,49.72381017485698
35197,40.15826587285992
99465,50.76572940638699
8076,61.888211741011204
5266,57.12480221650178
75035,48.10505220423494
32001,43.00306344696085
15806,96.52059847438045
42898,65.11780141592634
3342,33.347692146167105
44258,60.66939372368881
93117,82.68026711724033
37717,43.6653933591461
75383,77.70824359025303
29846,28.082860955399678
81036,33.33199630468873
13768,40.86419462358057
102349,78.04392003110195
80470,59.27157391643018
98017,74.98605241494391
11515,56.043264565729416
83932,79.73924357851797
93454,36.123512860158954
30850,67.95290282684755
87147,30.45880220403326
98343,30.871434464650424
98493,69.17328782117201
24201,33.39884304259948
89322,74.06628585014026
69289,34.197897826614025
2528,32.321634636379585
4966,38.62350359998888
3836,30.715305437145357
35186,53.62181774185401
19681,27.884310867887045
42105,53.62756958236557
73805,75.14799508439982
9366,67.84565123916121
71825,30.81496552194863
48416,65.95019480489469
35523,72.09431753649099
80410,75.99221533440809
41434,33.92522164846345
16957,58.902538819095625
29359,70.12605101896054
679,68.13182367368933
59006,44.14052417622706
49304,32.57551515080938
6609,71.0644654569455
95928,60.65761575947447
25719,34.06085116384215
28239,74.0003362156452
76976,72.25306628065076
36480,39.68379560391136
36739,47.7675479330627
26001,73.0727976163316
48660,33.268489901198926
70012,42.345510174975715
77337,49.16605153420917
47171,62.02156879476725
45798,32.05514488933877
63597,74.76046881168831
15431,47.77707819288064
26368,41.597277884281155
85665,68.97256950696345
29081,58.49834211307299
36216,38.12495621740395
81129,33.700568149403416
85554,71.19807769457799
80875,54.81597007637478
75618,62.86117411779623
66488,71.40380506185863
49427,74.98508334346084
33329,58.85332396358973
31525,50.001402820527815
61048,56.9367834258273
16458,30.73753919871051
40966,64.47761572730744
2391,75.76934880562513
68610,65.68356640135914
6433,68.53494309377248
3128,32.12984429255985
39413,74.6910506998652
12159,79.38588704814528
94936,57.206315915790995
99928,37.12657909375062
59635,71.91992727862677
87261,58.924051571275456
14421,39.45574374836336
5662,71.05134270700215
17504,34.71983477128405
47879,43.63215801489315
47604,34.0415253195157
47278,57.04417857489767
60708,58.03633457084067
21563,44.68570762586903
24620,32.245155772967976
68195,66.6639204562268
43137,40.923583433915866
45660,72.93445604504672
74502,32.525839482151596
7950,34.97714991857068
57743,74.08633884249221
89668,75.98851842308218
100889,68.831410423969
44462,67.93012729079447
43809,83.01081996344865
37256,61.95167118885265
24860,32.47972321354873
81909,66.9482274828932
70129,41.330700863856634
56261,40.787008081194806
15202,38.75880301061706
88991,70.07043493989622
41617,39.75711842848423
83328,72.68656429385751
56346,64.83365321571345
9686,61.04141289652647
38434,71.18378870074494
26221,41.66340528974146
80173,81.8610056966105
10126,61.767139624049896
53650,56.6610287722085
31938,64.12962974482652
30235,72.02772846183589
6760,62.77122766736146
47943,9.131238818090392
66998,34.99578934646211
65532,64.63590593792114
44344,41.44436349223063
86865,40.26017336266321
40030,35.353476567198285
79406,31.69124493561093
23248,44.11321546706103
69062,57.70673724655373
24119,43.786321569329644
37321,69.13750220263316
75701,56.43428308642419
102006,32.42995125962385
38580,33.017151802920615
13024,60.97495286846816
26266,78.90113950399397
1725,49.62348960088224
86127,63.49330596924876
4996,39.998863468555214
50223,33.410926400649224
82561,63.31404254675836
97397,75.17975340247422
54807,75.00436420831332
68588,25.40519518649668
32876,58.867043980612415
21714,43.66473124863589
54589,41.09599106499809
84520,34.90970268063978
19335,61.49445676780012
84694,58.723377457601416
49694,69.91907057368965
92085,65.79115537988022
420,63.71780423298215
26823,79.23040043421207
65029,39.45470994959722
24567,35.01241511313884
24855,46.15932679679161
16382,30.32451682099422
52732,69.82918623173495
15000,76.0149909426074
95349,70.06305845888042
37929,46.48261973290484
94015,64.94992689068974
22975,63.12695196928131
101658,33.58549213854461
77363,69.91685582544648
40512,30.26676817416692
87653,67.29550499102487
2016,47.53431506802432
101732,61.20015749832911
9025,69.12925858372247
95590,79.15198903397226
56675,75.071532117517
188,15.093023591681895
4871,36.097494552080285
14148,67.60816754212215
49610,52.03283938818998
64287,48.26844647690456
61423,73.03220248191401
88851,38.99166346245032
95843,44.14652095406974
98804,54.18165124967881
18143,41.75111524227811
45251,46.20257022800763
15169,42.4868280528699
27633,67.78407517621096
75053,31.66505149801547
31683,71.83717642432245
100401,37.56326459700881
77950,66.78151279720842
19768,72.26043676919325
76276,32.09382003092441
32499,33.131136822283196
35396,61.830229825424276
30445,35.847454440021835
212,31.178287855741676
31850,62.76792607989567
13593,41.637969607988865
70020,76.95823322775115
53826,69.85257971567398
76833,33.25040120516662
33256,32.35767158720747
82532,18.868080954122277
28285,75.12737233219862
89010,27.072620204141202
2625,38.80407311575104
16261,41.31454222800055
61059,30.66769877771554
1512,64.78097357617246
12938,71.00892984224623
3346,30.615570760702276
19553,69.9058901461229
46909,71.21372809939461
48295,50.20851253818832
39709,48.758270886542384
67927,43.3464204120265
91392,79.58972807234187
72383,43.501683720727335
78398,63.00056446294213
34804,52.04678463864404
11127,75.18891322396624
64216,80.98377627918939
34362,31.073190319596847
2475,50.20444803078203
97499,71.21808632878674
23768,35.88437173935513
2773,61.10195853431323
55758,50.684987964459246
92529,37.70442854498693
33228,47.23237284031029
46582,36.856870433140834
22818,62.405247735722746
20048,66.10562501389091
7910,49.78107043563982
11318,55.11877867380386
51186,72.9441500935267
53752,54.184503502922176
91549,58.53334015067536
46029,77.36975013698573
102093,34.01060275631993
54985,40.66746964210529
12584,32.758369550828206
72344,61.098496559298624
67871,9.446741432624712
19401,62.93419482394195
76834,69.71212708271446
78157,72.07866606542505
62727,74.72760388841887
16450,71.90882412911176
25236,67.697557573061
69482,53.869945535577074
6905,61.030971133111905
99667,29.553995720149164
37851,67.99108453825494
18898,32.98386792918301
97930,60.010871390984036
63891,39.68714660191879
99088,31.780885756306617
82899,33.42889176999942
51735,48.077832567859055
25742,80.41234301549801
33623,67.88483460029971
84348,32.807426677267415
53291,67.73807994169613
54066,78.6766030747604
45783,43.055980615594706
10848,38.825399973362785
16452,59.69321288386375
39113,47.64811186707684
21999,71.75800681755614
8947,39.43707416907716
74324,51.12539174822453
70998,72.30818827982498
49243,41.197291612841035
80242,41.55576149857788
98546,82.67265602155089
71644,59.95753909625555
44015,71.93642182604381
86362,24.72225471235909
24586,65.07833970991018
61251,62.052650493960186
10805,39.98419525658347
30322,63.97649217037576
7609,66.03418960236914
25350,31.787871890608464
97767,76.10543455368276
91295,34.602487999800566
8009,70.15678145804833
43879,43.43773057967449
21771,48.155444760369406
57066,66.74321138710104
74131,61.339191812271224
28524,75.60354282575219
13805,34.25859522215072
10352,57.16822645276443
85077,33.20290255774886
58035,27.60474660037168
49584,62.012219692335194
75889,30.229830583171992
9544,82.03213152228437
14116,62.86011676568522
47734,33.7369688914729
66269,64.77922832281695
26966,73.49116887301346
20175,63.98514592467795
9557,64.1654335985477
77676,85.182660379413
74954,73.88560701583594
94002,44.36251048178902
54447,33.73806413813194
54120,83.96867042783721
52688,68.78287410984663
87986,81.77880353063179
84758,34.57941777078531
33160,32.473329675120105
3948,32.4930331746231
5248,33.89456228536577
20904,74.2342320904657
71275,58.61022859636361
36590,65.33129135745602
100970,30.979304116501996
96422,39.189228716923964
78740,41.66746712937605
460,76.71604137588119
29474,30.991001855579704
41187,80.94699576327177
16472,33.01627732501241
48705,34.939848224877544
19240,40.2411715979714
37021,61.91652264168788
70545,63.81348588442138
4119,77.92194625990766
32905,58.72998034192955
98599,31.589591497426916
14447,63.79749520355371
79901,73.10214010188078
62728,74.1810567327289
83243,79.48073581430322
96107,53.518716639009014
53631,79.81973847018288
50647,21.48720969526517
1088,32.561317071946974
25678,24.444066482019636
51094,73.95783678091735
1366,35.83705409176011
66665,42.54505059697606
30202,41.4437351587799
78403,39.44092468105269
37330,44.1678111913473
65120,38.061974693855184
75838,71.07080872372727
73924,55.04181257590368
12064,68.01955891459686
1181,61.885021464690794
42463,58.495571550669695
9819,58.983525365319466
92330,77.91999970466284
954,33.976901502231655
10801,84.50410741803638
26715,71.81671839368263
90465,33.96183600855177
60507,96.46742021587497
83939,33.32228586698757
32441,76.30771019049635
12829,34.23093566469163
25842,72.50587240543783
81900,11.468004982227999
73960,64.99211020202125
91753,64.00149489114027
70639,55.52535411441531
56106,47.42943636382893
5537,39.66173330219057
82446,58.22059758660804
32336,35.7873627785082
566,34.04869057118455
58065,64.82577650268854
46310,61.88272907510564
14603,88.39989655855645
42014,81.61700186253805
32516,42.42461469380045
36857,55.05563204814715
102043,33.61510075288205
95661,30.895260056207224
71228,33.83025377679042
9313,28.967333466301106
4158,64.37303184544953
6352,31.288079181015814
52078,55.78330558423646
57855,78.03236606215664
88664,67.5820128147938
23110,70.3585603670551
51457,64.60960540415337
96754,54.07949865525863
6367,65.08615119444215
38331,51.25275238350697
52384,41.3776999478326
88716,40.85063354058442
86307,71.02169420634775
81381,52.38100443700614
62794,33.037987493094924
16300,74.58124774025221
18214,49.05941891391855
38966,40.966650400381596
15416,34.21546670265591
30090,32.525000619819465
35959,48.00815780687901
78288,47.76083798744572
27064,55.069471878040176
27432,44.01358027922011
47652,83.0802503684358
67339,67.98515604752677
60209,71.90652107100047
26276,57.04842825658213
26140,58.08413970147644
25384,34.602465806765196
23495,32.64731541229557
71956,43.81851854708554
36725,75.15339722630523
53502,63.176641849823454
77018,48.05922511842082
84849,71.92985509803758
80208,39.86093501516091
24394,67.90136377635253
25323,68.6200122155866
11328,74.20966807955594
49741,75.36101146353508
34675,39.30893644651269
53957,38.839882098304685
62793,47.25942625864647
67265,79.00762711626874
76269,87.89834358239946
13202,73.38819851579754
69832,51.05694544124073
97199,34.615841746074445
74382,63.98364392564293
94513,55.71997209378042
62333,46.16094756066199
41755,60.17642375537113
54662,41.81166967119637
67782,67.43595002464522
49847,78.4696041464469
27969,32.78678268183749
77232,58.46772622398097
62335,33.340495643368875
102242,30.61001400961205
79039,69.08044347127776
101330,64.59168414548968
88455,74.43929411795901
101471,49.55112571627916
14787,26.907106785088686
53246,44.04530525922597
75675,61.82200795992395
94976,33.991781073549575
35591,64.90596562997065
33772,72.13809925920053
30570,33.49308265523271
54953,39.93240235550716
465,34.39207635749515
50710,31.945119944765963
65041,66.87950188286214
41516,56.22302841986493
102623,33.11933359797664
12068,46.726687622632774
36713,45.67479555856519
65168,50.84114203605129
18686,71.01722916982362
63152,73.20337030491768
2352,32.47388061365927
23513,30.836063970554736
67159,59.414552291933155
100107,60.051128304395164
10145,35.94450357037104
35717,20.230433122685852
36635,69.96748647166234
62296,60.93948288646558
92229,30.73017603172575
35198,42.169890349782364
54440,51.16704692225287
38159,64.97227899587173
85684,64.97977451680306
96915,68.41342302647209
44821,71.8308724007606
33894,64.86121444565939
49734,31.384065780257576
37373,72.9992134107919
6695,50.91764181101796
4224,68.80584788007455
11321,58.7889803867828
80719,75.29544349819271
90285,29.599416132834023
41031,42.72044031305698
92323,95.4790821915352
79871,91.9918511439283
41149,42.99807739790523
61613,56.005038341102555
41255,29.98630626086469
42581,29.602848047518624
21184,77.59006416633474
59793,56.09373151315843
91334,31.362942198759658
29453,52.0540325524799
71548,38.839331457577146
13191,37.264717349746405
6945,61.111448924843735
90837,33.566687988729306
41351,69.0757421196594
50533,34.5013225779061
75608,17.68247168474303
79212,71.34597853242386
30404,31.693875747495824
94318,34.216138549570466
20467,33.39946671819334
47686,37.668359475908446
28951,78.96236776152031
5718,32.36576870935208
13463,31.73498804167182
65781,36.680589680488055
19805,73.79725158084281
97858,65.71983567821275
47519,47.60990648077614
38585,32.95189388942029
32652,34.17649812222998
99892,74.54165205487891
33221,63.87100187788971
45326,72.86563122759071
26565,73.77144785884715
41754,45.98649273612858
24750,66.82937241318263
82293,31.27734360305891
57696,67.60504995955537
39349,83.16343215716567
8303,79.81426420133087
86667,47.218924585487024
45706,63.01626041287594
101939,33.40717541238076
64323,40.49686772905203
93061,70.72537433384822
44092,61.046675002638054
43328,82.57364657274653
51452,66.02312642510569
22920,67.77632531170924
18625,67.59727693619934
28655,33.621019603865435
49357,31.94815802280981
90058,73.21402766609705
83250,57.831664383147455
56187,72.8393861324802
37054,38.491692383581295
63090,84.94454510594562
83144,70.10624646570372
38211,30.808203319357347
58017,31.114894063731185
3205,73.15001307891572
99109,78.97043427075587
43145,63.03499795005125
69415,73.18110608984068
82205,61.3488133631039
61289,53.73340861571454
35805,80.19777918731634
98039,40.30083001285578
50818,70.88353874684277
22847,40.75334387955342
77007,72.17122155407094
76431,67.89974212331563
90402,56.145290307667935
869,46.99714372567101
95516,31.777805000821793
47707,34.73011874044144
10705,35.17056824607323
93698,63.56554080716427
85774,73.98173464957242
39457,38.71408895532814
74374,62.46294347338032
90577,19.092702554060104
98318,50.76853216358205
89547,76.77220583253936
12377,67.74619861613041
21504,49.972229236097974
20619,34.658835459824424
61374,44.66225756115777
51455,88.11739682373185
65396,55.72667339920541
67015,39.44247069898383
63210,68.57724818646977
25318,67.30627133734833
5312,45.20202981854314
44189,47.81392835980179
72154,75.04043078017908
40299,33.06740506360188
85702,74.89837846179685
95648,18.352305008255406
41053,73.9792202266862
53121,52.357389276670574
60304,77.97992134179364
46539,79.15197511666489
36680,80.03809050871814
100251,70.97978714273486
101540,77.97208155253232
78027,46.58562381534476
83562,26.109273160559084
96100,72.92570288298322
36005,23.088834808937953
69200,69.88115867104884
68957,74.41551702230856
17647,67.89248229219905
76558,23.9162875978177
15719,61.051737130703465
26106,53.977837006566716
47600,29.118294596629998
34981,32.16758466181405
70733,68.12667505432137
38283,39.05755379900196
35310,25.02832707651429
84393,41.379952747570684
56604,34.135495675837014
36829,77.96653362034493
51296,26.87408845835851
61407,34.83547917640015
44434,33.50381820875666
59270,43.09431549138242
24248,35.211839360754595
9762,56.07396720647305
575,31.168136876029596
19628,40.78892974658927
45947,28.92288600973774
84205,41.875953455491825
70169,66.32021449969562
21358,33.17745604774289
41037,70.02697060784439
20033,41.178550840750844
73234,34.61154843952802
49191,33.60428849756155
5001,71.43750988243153
79093,33.02452480629682
69272,44.13239193719582
37366,82.9448648837589
98022,41.206677243683544
73482,59.6857990186687
8489,62.22640565897855
42706,74.62959282760016
57602,68.62340419913083
9403,83.96894532418403
8976,31.997276498006208
75569,67.02556297202571
20771,77.95032744762796
15075,31.654147813944874
13630,66.77496783683927
51582,38.19817384778392
48196,62.717861427947696
24712,27.959009632979615
58681,38.47562784088204
96744,79.25778952414666
26702,40.35872376024519
42633,83.65171237192504
9580,32.99828071808111
11693,36.751126195952835
581,52.009450690485664
83772,33.98600384458635
16082,46.97981897728937
32005,52.879673869690336
19601,42.05670365348132
75368,63.18814084670578
42064,26.747176223044182
7996,31.694434105981063
24573,39.877723334514805
29097,42.41415844504005
1757,68.0142732900546
93134,74.97594169687983
94492,74.26588762546062
42449,76.53175686833156
11529,37.079649950220826
36085,34.07717902905299
5375,51.090399834783874
70755,42.16614280019341
8271,35.112271010276515
82319,40.48887788617479
10498,54.13211248393123
95325,81.69035170396144
51401,69.02429215099636
21117,39.18676770685807
97041,40.09702783132602
46754,64.34808747667495
64223,29.455103335331565
93802,57.63073064729674
10937,43.47152317548274
22675,41.319438828534956
16128,50.07282278673336
16823,32.231126173837524
67977,73.84254017013163
17363,43.99241827687646
47698,47.373738755052386
98982,70.40099327910568
59540,78.55507527181985
50575,69.94724734060958
95241,64.06839442458872
58229,42.60478923866654
65560,52.33020341801915
15876,44.19186917398231
34254,33.95450182645831
40732,46.49379355224749
1435,69.82994409383844
97471,36.96789816891154
65953,32.33072952531597
37771,52.82332834576042
3543,63.619718464073564
71773,74.98155443373008
95839,33.898763691369304
23857,78.32357952713281
71140,31.2333843111808
2966,42.560269607385955
88572,46.26645778877398
13767,80.48271056467505
60379,73.74176126296848
30597,33.61555289582969
86099,64.1932574823374
57340,60.053490126255355
75724,35.41670766465999
3796,34.22156257028618
79610,66.04618716143676
84072,69.55830769981034
99908,49.45088960237924
23374,68.97882889057664
39735,48.05668499006594
82896,36.08586245760105
96729,47.712101864470945
74944,35.57893271994821
26371,84.17937765660277
17863,61.945819285593934
48115,86.45770872411171
90730,41.90570968356901
45546,41.17602907505422
35868,65.18762140244084
28067,80.11272752834671
57165,65.59213679062593
2396,54.83843537238066
64833,37.791812252745856
7406,48.178376887661756
16844,42.34754045399359
98841,41.34621634572133
42369,64.75970554712538
62548,41.972927167893
42697,27.88541849556514
13129,64.06340656834948
49221,54.68074548454412
90570,35.59606036795734
17424,40.03496601419924
67749,28.79870995641403
74635,41.3552817760337
99972,56.8596748589689
31379,68.61590741758563
5153,86.13605536582921
68835,76.1697760592155
70473,55.8763330156426
35138,40.73375317643123
42487,60.9782872646355
83626,56.960709457170964
80700,60.095017868348826
44257,64.00885653501088
82563,54.29646318587854
36486,32.87748001029706
99591,34.67157608068887
83505,76.76436086565839
14343,24.587467763377077
80552,31.74208257934438
63370,53.07965120462648
5588,56.11997277760571
57773,66.92986329741865
87213,26.83672576769381
66543,32.58995131103792
6681,89.06048236124576
80845,35.35626417088616
74433,43.07710937184017
24836,30.359057238704644
102056,74.64094122887317
63599,67.9724797519961
35631,35.00838040068576
66898,27.8828291952927
81417,32.8949207647405
12316,62.80411771516104
88863,22.105552474827547
18894,40.54649525240885
54050,51.23667704433207
27819,54.42853981692813
50078,42.736970695279965
15834,33.67381038355013
90981,86.30106414250609
70439,75.8040718546395
37030,58.80910371045577
11503,42.81324308492296
80966,62.97748205710731
72773,33.275068460404995
28794,79.44757378919678
43332,62.031283352907124
39604,29.040114635801245
4000,28.586462241911587
91508,41.691511859647754
95361,73.73050074544375
96131,63.914776345838916
77662,47.19241791852083
30368,61.26161341506604
62253,55.734749707436066
74900,71.07113927375553
38009,76.35567094355281
51374,55.8855161655823
23032,71.97176896305366
77294,86.47027554920845
2836,53.710813357289794
325,83.20085690430855
93922,75.89545241974633
62806,73.82979252102317
36437,47.549155405875794
57175,8.843321798074815
65720,92.16046586279455
49073,68.10571924845556
39322,10.419219132592449
95117,76.00916382881948
84328,32.73049190497995
88280,31.46879463042217
63018,47.497948833805374
37277,33.58527367732801
23017,96.21100957000522
52788,33.04285631963932
1874,73.86848894560259
101119,68.83793120711826
15901,57.8789202771232
31148,32.80682794818045
97430,65.66321193100333
32231,40.04478425192743
55337,34.3497198787428
94489,31.61829824037282
49481,67.95721858017941
67653,29.73380915076377
11235,41.2969832008943
72257,43.908343753854346
30773,65.87909371131181
75935,61.98097525462565
13338,70.52794460154183
97119,46.299682318848795
45562,32.76106248618211
15861,64.17894434126748
64972,33.333246257714045
84869,53.75954081161951
75908,70.86168597140514
73486,63.58259757534628
84695,64.97934625191067
71258,70.927941803918
93657,34.16823889798008
6003,45.11513787382212
65986,31.963551848672626
12508,51.91135099568561
90152,54.00330047748177
66533,68.8621801901549
51479,33.35434190251757
63114,62.563995976136354
37159,34.835902590703036
13906,52.00804515780513
28280,72.76221466640084
55813,58.125180319598236
100695,51.92504732968927
35773,72.6712898136079
49606,63.99014538816071
78737,31.439565706291454
50992,72.04390931257619
13132,39.657818125427774
35575,28.687131387502912
40833,47.525909097159186
56130,68.91723389704273
52822,51.03830220396259
81810,69.19120042705921
15936,66.7041065462914
25281,80.08082006958077
28496,40.99932902963133
64429,48.142880390472946
50279,68.23180201969794
44614,53.00670977126626
28272,43.44088077728438
58931,36.204642769258676
9148,33.66722694106298
80656,68.03574285285009
97635,16.019744655773685
23251,32.96798915001297
76935,69.23879500605838
58766,68.99638680373582
57960,73.71870565683872
3565,69.91355523491004
57502,25.912675484985034
90900,70.60020565315875
49508,72.56986207002453
81551,30.974421839834378
861,40.321000318622175
51288,21.78194893118343
29478,73.69750963653328
36833,71.19960779269479
98056,71.51678456869509
70048,71.04379597202296
46514,70.80039368651286
37038,41.61122004303964
45690,66.95473400416628
80501,53.79366922068613
29698,57.39880944994372
37112,34.44947010454731
85036,62.81306046210912
32657,66.983815216515
42312,39.7033281077957
18577,36.370983803166865
76846,34.630046586096846
83764,66.6716352379262
8019,66.63154635490176
16894,35.544804553960844
88212,67.96420378695598
93889,59.608939561962366
4136,33.610860058136154
50330,29.767232755052767
3778,35.22293399213298
52419,31.572303420191844
70491,70.46310415967383
84139,31.020416944807963
83483,48.301800267563166
53226,43.04177552615835
23338,81.88937254903001
41910,26.53667910620227
62712,36.16861971716405
2232,34.06667677123973
78382,78.8832375343743
85791,57.957765399294544
63385,75.07622041663168
17870,71.59906919357408
16653,34.6661024348478
33655,29.772983774807557
13313,30.94542587571172
45807,79.8485953926253
84369,41.27169461830768
68583,61.967146093263864
13022,64.6771531541857
97771,54.44580329762256
25793,65.11600834532331
23057,23.357576852741577
2483,31.954537006934217
65328,65.89149807140373
23220,57.8078795902437
77031,80.03303201841507
55881,28.34540623825859
37272,38.47119596302014
85700,74.34689386732322
9638,75.97539659533447
12069,65.09456404682398
57784,47.01048921890909
45032,33.335624380549625
46383,75.06284188822823
54933,87.05425030810761
78348,46.72824213854592
101128,23.531489404107315
100366,70.8639580077099
64562,40.760687372484696
59466,78.12944511751029
82052,79.64059180105698
59487,67.55833875380276
98838,36.988947132447265
3894,50.16727693476643
4769,49.8376001652285
23350,37.470168019058605
29974,32.68864409589051
101985,64.97699394290859
64889,79.50859632497605
29395,30.82310722004322
26927,57.98250933629188
43696,63.64805330255223
9073,76.2926913233942
7294,40.4220697590741
33181,33.24082265884394
56940,79.05478906358755
12374,40.28676207700195
9200,34.94468889376538
18935,64.10341827331328
60666,49.6418246185906
19182,73.78306983027358
63878,67.92982076368173
57565,63.94827271942106
51319,66.1622989802126
68591,77.98400417720362
32933,32.2357416572914
36667,82.51652950718821
8559,53.173584784231366
89482,27.817351664352103
91129,65.16950036005161
62673,51.33088386005643
72919,38.93254286049931
57433,48.24706590247684
28132,65.4980101508616
18738,48.01959719897229
86804,73.32645424658833
8187,48.997681301892726
11542,44.0821258231029
97134,65.4574764302314
78341,70.98265449618867
33968,67.34830766649088
102561,76.15694279822625
64702,33.48746714096686
67923,77.62747309957298
31105,68.57688027746309
80212,42.78927387796471
17690,63.95318304350059
100207,62.06770912529537
43888,62.94278975919287
39288,33.041701501171225
46694,33.95126457074331
29540,24.222883350596533
26602,32.091090809729785
4362,74.19497169121743
56933,34.285335030472645
39634,73.59674460456523
26387,63.290748574472396
17751,52.00927609493465
89132,61.16988279003131
13027,34.24172102081121
53817,67.82543877446987
88920,30.620357590513123
74595,79.60943627473044
22153,64.4463015390264
44836,50.06153411108907
26265,56.994370902798615
3553,45.29783361032017
25511,70.11079809826494
7976,97.91950503271184
60859,33.68837360540355
88589,37.05144586526614
78080,61.17313807158064
42374,31.09770322275505
22006,70.87196833535583
95576,41.06593634069249
17833,69.25793474659615
62849,74.97758853531761
1378,46.24230890542785
19657,79.02527445421605
89484,41.242275301084476
26332,63.923423990319485
60383,47.865756119733526
58937,42.21630897247344
69738,57.7034401184238
50942,36.36603080960444
67135,56.27073453506889
17081,67.4434083275179
85513,67.53874657850209
75585,73.26137932978556
77250,32.9156966840404
39805,37.567676760973
10549,60.18359316321086
38957,30.821259486217638
26760,72.89106974650153
15383,47.3183465411727
54657,77.95606690515842
32612,41.266784244094254
98651,29.021665990866033
94652,57.388190209249096
20258,39.956059545585326
4042,79.06493597839258
79024,79.69115098680038
90025,33.499484946750925
65180,66.04997932057721
45739,54.100175736246285
84264,62.950742801708216
2553,54.04952436056254
1669,34.209451176783084
5740,66.90780212912344
91453,62.25167547510506
72115,79.27180905850389
4483,37.97349441063166
56739,25.865283773385944
86957,72.15376585654639
101523,60.8533453379569
55546,68.16649823514786
51235,21.342780976424642
71318,42.87734521254072
48059,69.6802340407016
56058,33.17328745324622
77501,35.26522647404743
94442,34.393300501449545
69204,30.208795039798137
24699,86.15119549603824
7924,35.0093209469076
48294,60.94155916709419
98772,58.18069352997813
37899,32.3515365774964
93300,73.50748103177969
5279,40.575545481092085
6650,61.916159473270696
2779,74.94192303333799
29878,35.61450914611538
7358,68.88142371595566
92309,47.981813260218544
82169,58.17016420326577
43171,67.019122222068
51232,72.82984208205252
7012,69.84590937294823
55944,67.14513618619748
94017,33.880316717684316
21087,32.4581488696155
74511,34.947987777518044
101907,83.88467542198694
42306,20.936301414012057
82234,67.58718433665933
64075,64.78351472024903
95807,70.97194751724828
26923,74.82929735876309
8723,68.74430843023552
39963,54.033025269581245
23219,73.11158843148803
33790,67.23118954646068
60625,31.48151417920169
50728,74.89209784876138
18980,43.235075804054546
66441,72.30730422371356
58934,34.60936844033935
39269,39.81987295166232
90300,74.87339345545584
19357,57.79134644192727
91346,53.146823548563994
55607,29.14157956203587
58874,54.60829175492498
29665,70.9146313688111
25036,80.15784398476868
6086,76.08865526275024
42168,40.10262854497337
37174,65.59662818961439
52397,28.968452768862786
35293,70.98001304237013
100869,79.48486924383424
6822,69.73817122967635
102098,64.40596943292935
40623,64.5529350497594
13402,57.11803248740999
52396,78.959746077976
91725,55.64930232038955
25200,58.098035041061024
93584,55.44724425049645
71119,54.28297384223877
66145,35.1495779852792
39258,73.0314181189753
11422,37.92827342669267
38077,24.12065837481139
75956,32.70629483525687
62509,72.08024260463398
102080,65.05310989633412
46280,61.474858819362595
288,63.03271276846988
59905,34.01728291999773
8375,45.97190452898172
2560,32.16302815616992
7084,50.2847347356641
56207,73.01079874265247
91447,52.88007074553893
67790,52.015033602836596
75166,39.56655281557997
99185,25.303094745573656
61675,57.14249903198739
47096,56.047189181095376
87263,72.28465228507494
80132,59.20129146355839
93683,79.27090245914684
79852,54.4842961370508
5647,75.60255436970962
69601,40.03728109812691
28644,67.07079045584115
100382,59.16303656266149
63971,45.94160182043823
88541,80.25565557347154
20263,43.80548025146706
69077,33.780231717812676
75648,38.553109421965395
70371,48.79098136928267
29020,58.21329255019808
77541,42.78493977055818
72650,41.34426367594716
50558,64.99326459278998
27173,46.95762197404163
88534,76.06327008898546
49261,33.58799486924531
77021,55.99240378198577
58842,53.34975082737014
98967,55.34237880891175
4550,23.932174638608522
59655,53.93298898547883
9180,70.27845920244258
2290,69.9296939362878
27092,72.09285461743758
55011,47.61491928785528
90466,32.5470319329847
78231,51.040935807556366
33334,96.32981896552528
8887,65.84475408898402
61458,67.2791104587052
25501,57.742173861374056
14567,47.597527067424735
3052,57.148081337818084
15459,35.1663782083173
17498,39.853100164801944
5388,82.39643958521356
88001,52.76068749266484
12539,72.80073701816374
38127,69.92760479563377
3127,34.06652293152835
59243,66.18387051337106
23156,41.43577287835045
45945,78.92620080462265
2537,46.535962051900306
30334,38.56001907297054
72479,42.2791848638241
58603,71.12546768206198
12639,54.93280910795848
3562,32.33829681904239
1981,70.93743465817033
89250,48.450547752281985
15424,32.37290361272397
7631,67.85993205081678
40282,54.039208750196586
4754,30.090977055112702
63237,33.093682179526965
24959,86.05141840555314
80843,77.73427714048267
80310,66.94727912350112
33470,26.744861347260755
5289,59.32270382940742
13671,39.259238238282805
15451,43.78158169968672
8238,70.97763882722086
34276,31.273577719955473
88107,31.236292673546554
26417,85.93714648892211
62884,48.9812744369117
37922,73.76458477787384
18663,69.75630044322381
94669,59.88626581367917
15685,63.968138058041006
38224,33.4758714108869
31332,36.23715790293237
19840,50.98748213003837
51789,30.675311867397337
52387,32.72907255552185
65863,33.734716336327416
24286,34.65175519854867
89421,62.94809005980638
44185,67.81326316214177
60281,36.43642185469779
87223,60.301080113735814
83578,36.19811623451003
89676,66.03580284819893
15458,41.59019583945765
20408,67.99565414532164
70508,40.76774969582801
55143,62.18007178080411
29725,66.09141913636753
97407,30.019591234799428
1788,33.14235333978931
32097,68.98514203923514
87982,54.136290529775
58786,76.12911167111098
60269,69.19293511591871
7348,85.90863937324298
96719,65.46245811195527
66120,42.683327334516505
66006,38.96767999599669
100477,53.11595178524946
30167,52.32268892349772
35161,63.13611308532861
40492,67.81877133307563
60872,29.61062838785116
75737,75.72571571710567
872,22.711560103215028
88064,78.90635268435433
67705,41.19755806735287
30197,67.62847191177639
99755,68.97009182615157
100830,40.052636645723084
91667,61.6558136294116
52918,48.24000708070616
62459,79.38456789791017
25570,61.59341004119101
53821,42.85126699419359
56460,43.19318952870179
34637,28.246356172045644
73595,24.151678589242607
39216,76.0429773871524
39077,69.96279009892854
36439,41.87921486829783
50527,16.947937935123292
28543,49.31712452551734
78562,49.74145058891683
102001,41.8400395578264
95455,30.844577875339088
38770,24.84256971000431
48049,66.281800769494
30012,58.82843792593631
78758,66.51647180432096
75385,72.97835412452268
39148,62.83373171520392
13533,34.67632155495305
34191,73.63129035445397
14528,70.87012904517138
82075,20.712375766822852
66851,33.34278044750132
4975,46.70190875644654
81198,38.189396535167006
32252,67.97644694261243
37091,39.99086529811804
3293,39.79377083731626
74216,39.09349092225102
87411,38.44270177770947
86807,66.00233106891227
6265,30.87329556206345
87078,49.204662068174144
75481,91.84183481905058
20978,29.774421079730267
89998,55.0346200121777
75280,79.95695601654444
68654,50.097065609621026
79440,29.358958772182287
84285,68.28959545941605
6840,34.424510018045154
49222,63.3918940099671
58683,33.29489496406565
34555,73.35964374163956
96900,31.537275261232402
15886,42.876225032136716
14208,76.15459658635717
102671,69.80578995431993
81455,30.059859782312643
27613,45.49508754962869
7979,25.87418086471201
24484,66.77165746810456
90193,35.9999825802089
61856,67.42409766832685
35106,41.78361215068542
81744,31.78215348227202
44669,41.66183005631773
29314,27.030903840985587
56756,71.57639947106112
6014,70.34356526572837
55949,40.04119874419526
83329,52.82412867667169
34262,46.213449150402255
44640,32.97855195781748
27785,71.61425982840636
11930,58.924672931105505
48530,54.343630485391806
37233,64.2063281133207
41350,42.11733652287643
58372,70.04705250594665
79507,79.02830315386983
49273,70.10356342687709
83741,58.62805870924858
39739,61.91866288568403
46140,57.05384109548464
50169,34.5910419733805
48309,49.03818285270388
85870,67.38957493577641
59604,62.800256244348425
23462,42.9129054335475
76644,61.829234328199654
32724,76.11371040557468
102279,28.930575466640004
65065,72.81574447482112
92662,64.56033306187823
73642,34.503472888850105
89699,60.05222921228729
12085,41.84416471597898
77309,65.16303547936263
89722,40.0287996115365
23603,80.37587166201564
15495,54.48501857354395
63222,42.39853225371978
62560,29.28224296649514
12765,29.16880539342337
80908,56.98057877053098
28450,15.422001843415408
15344,74.3776819971832
82654,32.94491106628183
47991,40.592240316249985
55726,47.336469240435974
36818,46.63029101486443
55073,31.12415912581489
57615,77.9018280104759
48270,50.94072074936874
72855,74.88798942843121
37365,41.4201168527197
68955,32.82464045755815
6264,39.6614895522483
13326,58.98904374309297
25251,60.99370595020737
89742,29.10438625579954
16433,28.864711232013956
3523,38.94917654561593
48037,74.31399393414044
88094,61.35306083506548
34239,72.82941360045012
89821,33.773905154617516
87931,73.78296075040404
21039,76.89797805036065
94211,30.497317161896746
66122,63.9689166247321
57035,50.49842489531255
47954,45.500322492364575
53284,65.2712543377334
70424,59.98936628062951
87134,43.73797851780496
30555,26.02046949416708
26705,44.00844342390428
67827,34.097239147631015
43399,59.90524625214926
18826,33.47657320066317
85491,52.586410006150984
98760,32.794128023474535
43364,58.900598583771284
56708,40.992938316907995
24115,35.01512049472326
38269,33.754289134838025
89052,41.68391025976088
3065,39.88188209577672
22746,37.024360389188
95830,83.80676732840672
76875,40.437824092454136
80376,46.99416845856527
58348,69.0508691753313
16559,35.694738543672216
87976,35.408215911638926
62069,72.99623038067472
56919,75.78429618403987
45769,58.50737760885358
60397,35.91829128714748
18428,40.76688366545723
82791,77.08510731036719
86019,66.05137116618255
61085,70.91292475166429
48680,72.62696657732323
23403,86.55667704027377
12744,74.04603972232962
82991,67.53432277976549
68038,47.17674401718816
99204,31.068574163758647
5046,39.48111486076052
74928,62.68216662393534
55294,67.62144556961381
34553,67.99730925281332
44120,69.88288277409168
36475,40.99043633922219
46848,75.80022237445621
49232,77.97458045106461
19238,57.69735395932021
91776,35.65144092141154
93605,71.74292906721807
54053,74.89741209743792
94659,73.10949548884207
92514,82.01049355875196
42228,61.04629273690897
9259,50.889505963788984
77319,17.947543701594082
58653,53.88749897448171
67411,33.89055505765607
65144,40.82834316533919
44552,74.73365349484845
73168,69.93478830809966
11376,55.12634555991019
53041,80.00248781954198
68558,51.711326421981056
64119,31.964137157384123
35142,79.40411431571104
55947,63.117370394194324
47288,69.80326364942103
36577,40.664469610989386
28835,62.88599011767943
53194,42.798967518599724
89643,83.60563686272047
55335,42.12279853226646
90732,28.698232199598568
59354,83.78629142507543
77635,39.73932086088651
37340,57.81438056859953
78605,32.228381732284696
45646,60.67499602555474
69544,68.25472680388432
101327,35.392071705689325
100381,69.4553038000221
23525,75.86054897019488
24416,24.75091429322942
63705,60.80863770340422
100000,35.8585805142778
14212,36.89989939228835
6988,42.720308753348235
22228,32.99945709088587
30214,73.98119832076131
47761,69.8873045445838
94164,69.5844047724195
100406,74.0868650874742
99133,45.03042968553353
7842,41.7465744538988
93271,48.127141787319665
2780,34.06003334841169
16044,74.09282899069403
58124,77.84678298084617
96861,28.531618724101328
24716,82.28264718562397
13228,79.04595791557934
36417,46.79074558427575
56285,65.48921056677091
63595,75.38335086232955
43891,35.61669607261311
98028,72.04639489215987
76573,32.35686067836677
49156,54.79291955683897
49462,64.39690624531701
6402,35.53257520693529
92170,58.16328153608432
93766,31.943109242581826
42278,61.9240681732053
75370,71.64248113586817
62615,65.50806078750146
3962,42.38017484065118
81180,35.56983211611709
99368,65.797713557171
31973,39.12596236328058
57095,32.5740873447151
59175,28.981480067901867
80264,73.71881063488551
75028,71.02067257377863
59026,48.221020248576764
62150,58.755057504656016
81325,43.74305473833748
81057,39.187105146595755
56474,30.56342996369725
92635,35.77231036926099
50228,23.844594144361153
82866,32.49514682265437
34157,67.18080550256542
87569,37.53639893909645
54027,31.97138243907392
83942,78.00117857790579
65665,74.95071484186829
100777,64.03103953551312
10589,45.03409728211689
14520,67.21045662757993
38083,78.61434858612637
80726,35.91594290070324
27609,56.33701623678556
93634,59.902589292141165
54512,66.82540662772475
57672,66.76357278086692
53186,71.57136226222096
7014,44.236309238134936
98362,63.37158873505017
19580,47.30032965974261
96611,60.79907937238471
59766,55.2608518953457
36798,39.58430346565379
79495,40.72743523749563
23277,33.075288283180164
22041,32.18612205564057
62544,67.82240590519439
10450,73.97136205273698
11259,67.66276924612737
40727,67.85286232041605
16280,35.939191009776096
40230,44.731295462727154
2634,30.719284531744943
78535,49.23455253568426
58364,41.323087252520324
47070,42.30962274145422
7657,49.448548373922
99450,77.84752536877511
86076,77.71680017994578
7824,65.8864202788786
77440,32.39898250234033
77868,72.13687769936706
99660,63.99006349310763
88369,71.9214630148731
93831,41.180205481874665
73292,30.695319409752898
70748,51.0606121973915
87056,39.87543310145562
77033,69.95948415544629
66358,64.66983998003536
19316,80.95083495218455
5766,59.0522598636467
39672,49.113516135677045
16302,61.99063101347319
24780,50.90412604241368
72948,67.97969074636228
94228,72.06383876083851
5928,33.729728314534384
75791,30.75444999137659
2920,85.13945367143174
19472,30.118521620321385
54698,68.62576395132989
37504,69.74316502531306
72012,26.678144756468683
12347,54.018046079487135
26364,68.07068907671717
2708,63.037324324594096
26968,66.91158200546259
1217,55.79416972959383
96683,34.63707754245096
93838,74.848208610965
36596,40.44790606286752
91814,33.89778092773131
40212,41.7316503171655
51774,59.12156696634389
41917,61.99141138975647
69811,37.68260055869251
34909,50.497303445136694
74623,87.15904986870672
58569,41.005023688868874
30439,61.7730334500889
46162,74.00015845531988
37286,32.23511348813416
77558,40.08657641948403
71581,30.325043991812116
22760,41.05505169767716
6381,26.38807795777918
19958,50.060186573883215
5403,54.38451224898418
47137,67.4382862182424
78325,29.70997865979304
56527,61.57279855158977
44089,87.89795180721899
26354,71.84713274067474
73733,33.19489110010223
90191,32.49129488716764
69085,32.59916720510584
35820,40.8507303718286
89292,73.44227225783186
32527,42.82520435199464
82083,69.05191553267363
101416,70.06742602415525
78707,77.02068784069168
26482,54.89582088271958
98904,85.93837469102982
95731,60.512072971283075
58072,40.6563282693655
8786,51.14090370341938
90495,75.99375013401524
85718,41.40268856059408
37958,32.789024749905515
98665,66.53717758566296
36190,74.1402696570153
27464,29.27710156240327
9815,70.78215173824847
95545,40.408268744580255
94568,74.36086853949236
11612,33.74325522610079
93815,63.94304269686962
87841,65.45415203474137
99124,32.92011357655205
101559,74.68098966972116
67897,65.00927338248536
3690,58.80923878993473
81988,62.37006140644779
2471,49.61163123774158
6762,34.59222561068568
47985,46.66185153682181
83351,8.437330292522145
10626,65.3544645568864
31443,71.21724844691278
38630,78.05878602295329
83704,64.93580435299724
70591,54.28928999130544
5095,57.76897463776131
102582,41.90406302142186
77683,64.1370699528323
42666,39.02873199327534
2204,54.30416252454349
33418,63.92653865203218
67965,43.422688396027525
34534,30.990105317121788
54652,44.66695874235009
39899,82.48568435698158
72057,42.5912299150939
47655,61.71330603807887
59893,55.006875456553196
101694,32.952069650105415
42197,59.84722896732187
54606,68.78276728753625
30809,71.09117426839305
51558,86.09281525345094
35408,28.240240566913563
42504,60.31339663457754
27730,58.91940083439573
64035,39.58269294462094
59672,75.12914373493717
2076,81.02840061185503
83387,24.963032896653893
39819,10.327681628254727
41896,68.09451284924364
95008,67.26497371127968
54346,34.074543681975
60290,66.03184415705505
74616,33.0764322497641
13994,81.9695065280736
25362,46.801080192305434
35576,22.127032609314618
28607,60.831173514189494
28488,70.03472723004936
90694,77.85957317288916
90347,61.77173186417063
11923,60.936886970516625
29939,57.938458666965644
42872,37.94532593616023
72118,40.764241541418606
100955,52.172704527793314
37299,41.2964164882059
43784,59.715765296017224
14474,29.318743324049493
77192,78.34479539356276
10313,60.19509886945666
20484,81.8754881299719
29351,72.49435694685712
17798,67.72189008538956
25277,50.99905092052961
97660,34.1114269473375
57995,42.89103604869425
63218,82.41326708324831
96206,70.06038733088317
52514,32.42739614797631
49463,11.017302199111963
82882,67.90591488388625
81639,39.25251353340714
29146,35.74213338852914
54559,30.629080122552256
77924,77.70194121689687
46940,41.555052333964426
60839,82.49784151337047
97256,31.809809310150474
57950,63.508609113560894
60720,34.22919020275046
56423,72.58966656808062
99929,54.562331452767644
71748,31.09118756454845
44621,32.67421834830478
12971,89.16407995496344
28137,72.06915637308472
99369,49.74957757887283
87221,57.10203369087877
34242,27.73067594738529
21748,25.193672259478078
74031,33.70345901536575
83990,73.52223081594343
43218,82.94208933599435
83266,77.12688833814619
31063,34.90854581892092
12574,68.93962024173419
6020,80.0531613960799
1584,67.71219429934737
81953,81.49786003391895
64659,71.81735824573934
52583,21.8515486626632
25935,75.06482812427409
62887,73.23086458916164
80104,44.83444614289614
25034,48.022365348645245
38295,65.92851196566716
64660,66.04804730293725
17924,17.083599745917446
53040,55.2067481871121
5644,67.86283214730088
50866,61.72581579327631
92600,77.98305794683506
76824,40.42684659898519
32096,72.14866771543504
52764,68.01201388169949
69803,89.08602002742747
20572,70.02733811093105
89025,29.87207926689804
68865,36.55333708271155
16518,73.1244763691927
95624,68.88480160068849
18245,69.50291200720481
92251,69.05468048367197
42613,43.34038856652883
74999,56.075335215830634
25872,63.93191422712472
82515,68.90806794372972
12801,37.2011557464908
3069,40.560864538151286
71575,56.23729662309956
18768,83.98940999104639
53935,37.6409582825528
56792,32.14026379188097
21088,82.27874444379103
38475,61.43463635514821
29664,50.65988884721191
5125,40.14496899466535
97655,67.97211054057055
60215,66.16652841657114
95746,84.9991540098161
48150,64.83276487190608
17421,75.45835565562095
23547,78.99722947812184
47452,38.626564398956
78763,41.356781964750816
22672,29.192737709996116
29587,33.743382038777554
38541,32.050917406497206
38727,42.00681929083759
48077,52.65799192584931
47382,59.22439617302171
83299,73.22285886692283
9327,72.90850745831932
75395,64.19533565007711
23580,29.656926422510463
61051,82.21275004082554
14308,21.908822539228876
53698,39.78616028845789
44235,45.28905866740125
20901,60.35616165318347
95707,73.69951173810671
100872,69.28069381033136
25311,64.95456830708983
77126,34.11720502091853
87660,42.803736763550376
81790,34.01420529479459
43994,71.94867827778262
42909,74.67831603174506
63923,32.46750323782551
59447,57.41844015669234
17425,70.89648344486892
84527,33.40329129640384
85064,31.88072362270863
68499,66.03621504806102
24414,13.816498234659406
100981,48.07942427811585
64016,34.646213443785726
45367,35.76155261802519
63727,69.93512447013228
89571,37.66959972847882
22049,28.015432287970437
25287,61.43644185283022
6041,31.290421867448934
91490,45.4987986934107
89829,47.508810282726856
72387,36.27582356934507
80116,81.12397821163106
57549,49.487528669823384
47744,37.27305329957566
13388,59.042173226918365
52644,32.47105730737576
67513,41.529320543766765
27868,68.34747439813788
46431,69.79538136638675
81255,37.41723040383154
21586,98.13882271475532
42083,55.8389864376808
65055,32.24251602959728
74915,68.9001600366641
17202,40.132205632051054
26324,77.93185712911927
68363,35.34734259848008
87743,34.343012460786284
51346,32.96152674744776
62773,31.937520160462388
77388,67.80915216935863
95473,41.056392838656805
76560,61.942005582563326
100388,33.77359912252356
92369,34.17108338672868
43427,21.047461364029196
60898,20.65497168565066
51975,74.21311969640507
25346,33.025923130930444
84202,42.24562408070142
54239,82.3146603141623
21801,78.82795130480412
56847,50.89022159220299
81728,34.27604411146778
99872,63.825599509005244
91649,61.98506835298852
63087,35.6389601997639
21800,81.5850049428993
66471,62.84381967698789
64234,42.23301039696948
2233,34.30569302318465
95515,72.12288084684441
13114,47.860196537192806
98270,62.94226277824114
50127,34.15543031239989
17933,66.90329955041528
72316,73.94812586754426
3404,63.90939962302165
70626,73.01624326184181
91125,71.96626836057993
88489,56.93812441968852
1784,83.49021684510484
15470,41.19431932586866
42854,41.769845036157065
94650,72.20879777638461
55905,71.92523643974522
3405,32.65414224129244
8104,34.303415884396586
101338,74.95503610252692
29756,31.17319941675663
29232,53.724410051299984
97722,60.93259709190602
37357,41.42605855272798
83967,74.18620511192785
74167,71.4427178354729
74192,70.07587882725394
14869,33.06459428477554
44414,51.00584612296289
7606,50.624769647406936
7571,34.79250824362866
33468,62.01733071387883
68531,72.31065821120997
45861,86.57476291282198
52815,82.08967489442432
13457,61.74512278515957
16278,43.18338710316215
5748,47.92577168200053
94118,62.477539719912585
78536,38.89880558578172
14451,42.19204300717796
70435,33.427045052472984
43764,29.143226905195064
11900,35.194907011879536
65960,24.88759865785989
43162,38.95096327488367
90569,77.9830794746036
87530,77.90083243824418
94733,86.30918587527925
87668,43.268673291913345
89634,79.05018331548268
54494,76.24473318221098
83529,71.81428172656602
10920,37.97859465257128
88868,68.98533164222458
90713,72.04323624818474
25526,33.04767217673708
61452,33.32579910181901
75812,78.68032672405832
19564,39.972035476141166
32117,81.26817689976508
28013,39.95029816931994
69778,57.77307630958694
87969,57.7226715142903
26525,33.83841978586774
87643,50.72181779730124
2193,58.91294394842038
100918,77.73302950147546
55623,64.81923624275808
102193,47.409410091953575
52850,55.37710370538636
19602,65.84072230727794
80578,43.16556259696016
94377,40.08397206136693
8511,72.96312723517912
13652,66.4185001021217
35632,77.99490669779172
58215,33.93330454645242
60905,69.30852415566778
21386,75.59087531997898
43578,66.85054993523102
8748,49.89578841731762
22989,71.84099394327441
33403,43.896974019346345
52811,12.184697692502183
77686,52.15511509114801
9533,36.51054886356752
88907,80.78820699782239
25587,57.58212102862181
46914,26.97964737485141
91265,66.91521814279076
28528,81.97323160885541
56567,57.853612799086285
40198,61.18568373097078
30432,41.974313753569064
86249,49.859264859980385
37225,74.86230740241076
57169,84.01189690847835
79049,36.81825237961256
38761,51.05657851199915
2094,63.0177371930525
80214,68.93059866556925
62337,76.86068764982684
35009,28.391204113512295
69964,58.80901766998869
77350,67.41403655314977
55770,80.12286258550732
77452,31.868872876275447
13436,64.0398995907778
31120,80.11551944053673
27614,63.380986545469696
78762,39.83695532081066
44323,68.89205181005929
92182,31.016942772729152
98427,22.154440405039317
63946,33.087925964768516
42709,49.98364139455612
66871,70.47826661098776
99792,71.11620861325036
78094,37.907502253808
1489,32.53384305948546
13508,75.93914976647483
11726,29.83140230151823
84387,42.601482851411845
94463,32.73246784322259
22790,64.0899830732445
8169,73.02113772183995
71204,74.97994031042197
9517,69.88581216853646
78494,70.00146381484598
65131,57.59192930457047
28009,29.616007576013565
65454,32.8229677687878
14312,27.596110710195997
41772,39.53540401479488
20859,69.09736466472182
26449,77.02785454185698
55976,62.93006327361414
47791,63.64144453700633
39214,61.918916627845675
82628,65.08152359602093
96852,72.10895755764128
37111,77.0573067550617
18287,57.220277775556724
68349,34.35148792496307
13462,34.91431650576855
29668,81.4049489301128
79772,59.52321475005344
83435,61.09753413667815
87464,37.96932061261819
102150,43.58665878273267
99720,33.00869787508023
19532,22.18906873892965
43620,64.79725584198732
16722,70.65161157186961
39800,61.798153673863126
19973,78.43134388398227
62202,28.856206906775782
78549,48.33654266731004
38325,50.681021830086095
64048,62.82448814311719
46170,82.50350138792678
827,55.29820335463645
76941,42.103858427530135
48883,56.95550063029516
7562,39.167068508742744
36815,41.28348130949787
47474,66.07515793774783
11105,61.89214103870975
24801,29.828174655077326
84828,69.55288992276415
26733,40.150425459111354
84765,66.60686953392953
40575,32.77578155320043
67323,64.9991074585551
67048,41.0048243135228
97965,44.174965631693624
3798,35.077846220158015
66250,67.93903436824544
93076,46.73665288103487
27692,66.00572003183835
31505,62.13448018539063
30706,29.44337626338629
47113,47.565942434179995
19948,31.69754582401963
16576,40.431953299394635
35983,70.85804851708839
195,71.01998595013276
23370,42.95177840600463
61571,50.99626496592877
93094,63.93886985694303
18834,29.544663687675005
33722,39.93678295188198
35236,30.504141107988353
86334,31.76903066826688
41553,43.09028344533568
77343,69.12021425616166
86207,69.25415147795935
27390,65.09642076419053
95457,65.525490387169
9614,73.95947901932306
24726,54.53112353926262
90140,58.80421908226877
40591,73.95088901593648
9122,55.91704413873481
99171,71.8852769296596
42321,53.89710015985939
8647,70.97642334238992
14761,77.25376898043125
3881,34.92210951971372
93918,33.52842855228942
71695,56.371696323939034
3954,30.26282596180051
58422,55.034688489750486
31802,51.01258319930883
102371,60.05655874017819
13766,34.92862239882571
71002,31.566307789496427
71750,60.11022245694991
28119,34.88451881685212
92235,64.8158352533795
20672,33.361412336898695
56189,39.80949173171782
44288,22.977158877356633
24258,51.225368878944046
91213,68.18903419020418
67901,40.74536916208883
36780,35.17044935004406
9485,77.74161979532153
54134,42.381267114065224
72102,67.8263436961154
21841,33.47077634529658
88477,28.65055469454352
62448,48.795059981830946
43773,78.67652236936003
8461,45.8897618989109
43615,72.45954183558337
4758,53.380735865542064
1720,67.9678675174338
29179,53.52278994874904
61118,41.43876534827884
5198,48.093819327625624
18723,30.622171664812438
81142,77.21841367412085
46259,62.85993062419887
85895,58.09171941207312
30932,75.09796138055907
58828,30.691432055568587
10998,64.55351363386748
51894,57.86234847292735
11510,68.17374895980868
99041,30.72448979508279
71754,60.66283672090024
70527,53.28055912902724
94994,92.27398331345987
75394,61.60322156558653
39317,28.6947250185758
21026,68.05926663401954
75350,68.4275819543164
5961,71.68388190814245
56786,35.18318336552126
33331,74.91326441576996
37793,53.98783354819099
55900,33.2956211422667
46282,55.11884634137349
3189,70.450283861175
91496,73.64836223316146
42482,41.694648532360794
42848,33.30046374695267
92192,77.12851666855613
70778,35.094643448549064
47642,69.36704554277404
86907,37.951737477307006
16461,67.45407425938008
69466,65.49684768012634
65411,40.13183352262384
70253,57.56224358241469
93380,70.08481803428263
42284,76.73975695061557
31759,49.07393720239878
99022,60.99531453300326
5152,51.43568066607015
4700,79.03429967085455
70919,68.86894652971492
68717,74.87419500555518
50137,75.30325325218563
40940,70.99948647855331
17821,68.96698401890302
77843,36.2252912069168
91348,27.570130567440145
39370,55.97958648655175
88030,30.44544345169013
87403,45.8738018664979
46297,26.545758331156588
26041,26.934023532853452
48131,82.89723266210332
86384,29.636284768969222
69451,63.1183450339403
63128,68.18353660836792
92214,42.64285962960285
16543,77.26844862910175
95054,76.02637574639186
79138,35.44912466533194
47980,40.73353638426439
37101,25.04097849422049
28833,64.58259371237175
54840,47.99623973231889
100547,38.9462322257918
36978,69.90329768493393
63188,79.08553641740382
35905,53.88064617224459
43613,59.8830384576099
6256,22.4576326981741
392,67.92458700211627
70980,60.929754871539885
26993,43.96695594502734
86466,35.85598283518781
49220,38.71405695583079
48992,41.64550653302177
97878,70.68297320354657
101274,40.53144485759714
91645,25.98906067588284
48432,86.12455681963579
10107,33.46824072608139
21067,46.91938122006391
20129,62.07623745158375
84799,39.57761369189802
98437,71.99351219087512
40010,53.687238172867104
55959,58.136028243471216
16372,54.69946046168417
46740,71.92712527930013
78004,70.37480594929926
12187,67.94579596908696
29130,51.10715924909989
91656,77.29401633778645
22265,36.47846083012831
78764,47.51348771392031
52376,66.12879728633106
65067,55.027207896235666
28315,32.167041081242694
33795,67.95279563553882
19904,70.9250840771534
79950,64.88399857304368
45620,65.13729900110702
23124,41.03109987042022
61574,34.756991979073945
72336,68.02739893944202
10061,33.99199714784248
46355,77.02086404878098
63195,80.04331575412566
89691,69.03893484082619
75242,50.54057247854292
71312,33.35982957500198
39445,38.060476214916065
98055,66.40583040061472
6527,67.08684467992177
64405,76.9711290135321
15278,65.82277969493084
51053,59.019589354158796
55856,53.05193141180704
53961,76.03102749639788
67600,37.19635844894248
30624,64.87521359800348
70860,64.02858432460091
73233,66.21280990854501
86468,35.66036113393715
98941,33.765595301589784
49593,36.82039006430881
1186,71.91163262605392
69388,43.23215429199987
837,34.94737493481703
39536,67.1309329895121
5100,37.23599560745756
15756,31.364965660457624
67194,63.978148933405414
46207,48.504987076087914
61082,45.11668290308026
28190,64.05848460791685
1670,64.9117764735833
58149,24.11408073690913
38090,44.86410826461538
71938,40.47097644139124
89928,64.98748664306376
46261,54.63694533004078
14026,66.01107200462909
14574,44.87880271596272
98707,40.8765646109319
73379,74.93848793641781
23698,70.74536857091134
26178,61.18825192494209
21352,40.2037838728677
50905,58.96391009289947
42445,42.32892709857976
23422,74.98507587569287
61284,44.353400042798626
92850,42.10814190796859
97357,40.59329412137594
18498,39.10894487190636
27103,74.02845112856113
93334,76.94465551758552
54215,34.972812993172724
20409,72.74429197445235
75881,75.91095563699159
9498,33.52634676643135
53185,37.74804198692833
3285,39.89217384928136
89213,61.91210465770679
92837,53.01919995021863
10566,65.72703437533463
20036,28.906793597241307
52311,30.229174964936476
83123,81.66328779613252
86587,62.84313101575546
49567,51.50692247570227
91612,75.01439298836911
34092,78.94086762530702
97052,37.75440353153616
15275,34.655583546299574
99413,37.34167766994693
73350,48.52146066212218
43301,53.06388211262748
54752,42.119914344256486
71649,73.8866051440681
82154,78.34156062987873
86357,33.657510353212814
4843,70.90373321355884
62550,59.211788917150955
74514,41.99970224761792
42275,78.94304954429978
50099,60.9408891428309
14979,44.462160335893614
55287,33.464414211515674
27365,35.61570281375133
35390,18.823310983779457
41248,69.14989817740397
50326,38.721690053157324
18336,42.40514142671275
736,70.64505633141135
3843,59.31949104518951
22088,77.91516808778027
94567,33.24612295623853
75227,23.97696800568621
2426,43.98375741227629
84668,59.80765349027985
3623,52.31261354513043
72820,84.97643781530908
8421,27.440600747120925
84797,62.92177250807689
85510,67.77918998331072
100523,50.48915280497924
58022,54.023342162625724
34558,21.970792316148575
98357,66.76248164954475
41284,51.01360600939796
59814,58.40116303811185
55128,33.46057158166558
24879,50.996835670392386
15262,77.23511811233502
45792,76.90424235034718
88787,40.05017450492424
23621,71.87475675387708
101773,73.09922547727382
32167,51.8690082003505
14716,72.37960650002249
55127,56.87170989225642
49307,47.99404024286505
15614,46.93803610323028
79393,37.37572503698806
67185,47.97827759576522
87176,34.029842955491425
32432,72.76929273302571
4185,30.16066502562939
20834,66.96418596662201
35748,72.1705406923165
26300,56.892038930762915
54288,68.22885864887748
42834,77.95351131303124
50179,56.418741675951914
15014,80.32223302822567
57929,43.09467220097617
65378,65.02302577287307
22898,28.86982796054938
45579,38.637549668541965
54240,67.65560031121646
86657,65.22637688875773
64685,40.16399726789256
62897,80.43266148242004
70187,78.19163883220227
99493,60.133836004364404
71992,72.98653520645817
73032,44.87378198858398
69937,71.93398126994002
96419,33.01330786158468
102,75.28950445604161
60603,61.732450522705605
35862,69.02539589320494
60263,67.97597876957359
62447,76.74131796607405
59114,40.8159732888613
80617,26.545330419354272
29771,67.46060228139751
63561,31.995611033855237
85893,23.046999658800388
59822,31.310134584819828
76548,41.068461081088216
92275,68.46312981865995
86355,83.24096406121676
31998,66.08087393424665
32878,31.87378377967643
97243,62.35446496721991
92970,31.265644169534912
13631,85.8147686007751
91379,31.753441292273102
2950,71.10746621516725
69161,65.94075279382076
14672,71.05184261574503
2110,71.05610967357859
11810,75.57885199210487
99742,28.3616021363661
35667,75.00515269331575
33835,40.2688633910577
40356,72.7820492438454
7323,32.04508454604205
78003,48.77512217480741
20975,82.25726530476354
34646,62.88255185824711
60074,47.02613869053886
61915,54.21555714156865
13968,66.87188952642254
64217,70.53564086814892
48057,31.65076789654245
31559,68.03283404345785
79613,43.04832895301702
77916,71.8937901938113
63496,40.09197419865926
85828,58.96082368417922
77451,20.87975217255451
74677,74.43977271358145
29903,38.15327137422046
31592,74.1394292190953
92446,35.24750097909301
88399,40.0294911957622
75486,74.64792484506742
57954,30.362817788656777
99830,66.42440647047337
761,63.151743929886834
53859,79.27352397119216
4083,39.97611343801205
34021,86.5585117388978
42675,78.09594641075176
11464,68.00644834548814
20161,43.94600679578019
71317,33.08006695449478
46978,29.002805164163945
6954,59.83120557853079
18453,40.963954444561274
90906,74.13497885317514
80899,62.03019606744337
62438,40.75132146530283
42635,48.886526503124315
83936,38.65784101444051
7083,39.797593913473534
37238,34.151317585986824
86550,34.92150558128005
28596,33.08925288746085
75269,67.27835176954432
20602,40.20474096404412
66270,63.67021365148204
66530,36.52479225796153
94424,70.1914819340754
673,57.515613497944955
58992,68.37262119391156
3270,69.00388599894924
94005,32.887907583201255
85974,49.886786972374814
61904,35.118809324592455
29912,30.978205234831215
72539,70.84149902239463
80684,67.80263552920053
48470,65.5497430097046
12531,29.969055273783376
20359,57.95132091487052
72862,45.86758111094437
39877,35.530178760142476
25360,31.656734425840465
49717,60.34151081458667
17618,69.71645529369354
19855,64.69774862252041
43205,35.23242633290305
94177,56.97845236850331
65445,26.928879586035332
6738,84.99407636731837
82212,82.05560655226267
66880,30.76546313946495
53025,44.52345845496454
75501,65.98898129998412
63436,33.01344969766623
90599,59.28475522069324
54366,32.07083170285805
29726,56.03529991395595
13609,65.94359415265197
1352,33.61333227534861
96274,61.04379224298104
34324,79.08286534977302
7005,32.741979382877176
64335,67.5552073754263
67425,53.92248587489965
67574,39.582184382548434
64810,70.76633538851496
68110,74.24055985588569
10598,62.72342688369191
9826,62.0518315891789
87855,53.84280912215283
68221,71.85568368633994
66667,56.04134812762317
32705,70.52997190007883
92623,34.02004737649643
34939,73.18432979799573
95740,56.907977251914645
18677,25.471510923560736
63976,41.433182173601836
28566,61.93568761028107
28195,48.13529342790224
72088,39.23695357100242
79271,71.71703715138199
78435,28.87727716807906
92248,70.88263061480995
56784,33.579850641083056
50113,40.96769323749528
39227,56.743081359866565
15302,40.57793680197514
21488,70.83245821069653
62554,37.44785085144514
90836,64.9282576664064
27920,44.012924221939365
4126,8.958365648077557
76807,5.93612788817066
89243,64.02368611590947
74519,73.17646268538626
8002,67.6757769446854
37428,30.46891250121417
46524,70.90744966331172
99871,95.3776495066199
59181,41.83067397609746
7277,39.196723054772136
26543,24.20728697670517
6750,34.11387162964211
62696,91.19099118247001
68088,39.99294084108816
60635,60.89314792908182
86585,72.96587742692009
1180,47.04228625254392
42017,80.23905734007883
15725,36.03742297233258
46196,83.99541863237653
79612,60.25205767124146
44106,37.2877165551075
97713,43.895068256929406
101258,50.97767568783926
11513,27.018294227346885
96666,39.867866498189436
54816,33.437720968391766
101566,28.12444459907713
93857,66.82532288523038
73096,51.98705248038469
50056,46.97436818591706
34059,66.8560018181537
79345,76.32636220317156
82829,79.02202146852312
71793,77.44679610643729
94494,37.60807492919929
78672,45.07595489697496
16043,70.69837010623525
6973,32.4629917208385
98223,30.502360677219087
77047,34.58264364594498
39176,69.2089281718505
97452,83.03834583384956
25536,24.850194003670996
72503,64.10904130619707
51510,80.34746936472544
80530,28.339023510886648
5381,71.8663435731224
8325,65.11130916144248
82277,40.599259450723174
69531,79.98813454992091
27842,73.89413001459927
82704,41.3762322947636
70252,30.532600654112137
91019,39.99242831680625
100184,68.93285407948
32294,69.72217222456699
71158,38.78195439801555
12362,32.61343918310462
92393,34.861630512005945
58261,71.96510322445567
32871,26.43098228805289
11824,60.10785370026129
68639,33.32900483698831
71839,66.88245791402395
96764,43.15656046633606
94426,68.11953728331267
41696,10.204228882249328
61608,60.429233998461235
29507,73.09050276850641
82290,34.151121149931974
80751,42.65577689818108
5511,24.95761631503663
10267,30.666377376498836
16842,43.99639409666112
84594,61.61937975107494
72421,83.79180072633673
67619,61.97990480453899
28796,32.80587296061898
57374,32.69231778378506
89436,70.01175055131694
31877,70.08478328370964
67059,68.43157118794679
99090,34.90032362502275
87583,40.04244866349332
3876,49.10997735440374
35880,35.97649417002914
36054,33.66753033706292
41922,69.59765643549443
52325,32.69416277133405
88948,73.14904213923258
100299,66.91974595765149
50213,64.69672874182106
52090,41.89509435288856
11847,72.46040969852993
25699,61.93993683887216
50737,27.720465741692728
26698,91.97239809390712
73091,67.82342730804288
35151,62.928113291943056
101660,23.945289982088056
29757,51.02277342546956
88482,40.88875716946058
24604,72.88522795105874
92271,32.435198660043916
74805,68.86968117575306
24093,53.06334070745944
84059,62.029044207170145
98837,33.11829268276354
29472,47.94735889573823
45572,46.375894099136175
7313,61.909746830510706
16772,31.220514526001534
55458,75.37031510903205
68209,44.921000454008194
41710,78.9530997843724
87927,70.89843171483864
29279,52.73497287887363
1742,68.03752226912627
29821,39.71552273178181
31092,69.00978461656395
36600,60.78484117002484
88662,61.69171285575426
64823,71.19914628663747
92215,50.77504356235636
80941,60.53881676868004
52762,67.07359748794715
20519,57.81488981531151
42145,68.23840255875052
72953,31.981947944916833
73202,71.13477523465072
90975,64.29878907178761
16828,38.763119516896026
31039,72.90581017998989
61892,75.04608903935369
16707,42.61425574710111
8977,30.687507929820427
25366,31.788493248845782
61538,55.94321392509801
42477,45.255984222151724
992,71.13520328665332
67938,53.56520484051826
90908,56.03466407220787
73012,80.62935453946285
98353,48.14113066564042
102007,55.69469441588137
68762,71.30360581968137
66838,61.76404968401324
68663,45.911216527226514
17288,84.50783426968053
73636,33.53422539279206
47281,47.38639298767555
73768,47.36286867540403
67511,47.1811620444298
3436,35.83043676602257
53153,24.37065760597325
39623,34.350059775917465
58501,70.86554753906691
18535,62.91142274334577
15016,30.440464116576315
46485,78.83184466634067
46802,59.076664603407906
94775,28.158045099666502
10617,72.94120544341831
16444,40.44733592595829
28635,59.62897027425997
40837,62.97751170795638
53395,62.97009343572143
65429,36.03175256374229
14690,68.82055613572922
52930,75.04053665213611
26947,64.10817584891305
30727,55.015080532468886
37257,65.16201384981767
91652,69.17071478931315
34997,83.1319113710664
21347,54.82313322606211
37996,37.36983551652718
13096,56.6516771702634
5123,71.84421199218299
63082,43.60232272061041
54976,34.995775774948015
77163,33.02338872674437
11252,71.67535619091862
56542,78.8749294938344
93665,47.72951604789155
101644,62.16488778499837
26029,56.03643914167271
7421,51.839720252760074
60602,40.582515210176396
59397,77.26449768270086
102524,70.97575853225064
61291,39.620849188254354
88353,38.158733401859486
66929,79.01973933604185
16007,76.03663659418899
102301,64.6771147953148
62046,61.006532997220816
65903,70.84428574016601
70701,63.02545816176104
21093,32.36922462134096
32239,42.38126410046094
17881,24.897616984170654
91876,40.68314808050887
94222,72.81871134173684
15987,55.04292329048426
25387,43.46454649157734
43127,70.23757660614886
32277,70.15959198359334
88118,41.6676510035407
79141,33.587543927670175
56343,26.10708063395007
18866,73.17954397778492
28684,51.13071985341384
42019,60.26281011671173
31049,60.06232280640637
3485,49.43314118378635
47589,73.42797578385259
102386,48.386476042495076
93239,44.492066016250945
93435,71.9910764031329
57310,62.88032007919479
47107,41.70454676856924
63430,43.0398628366228
6627,40.558460232244556
73908,65.77114875039442
78186,79.61037512662746
6363,32.81725492156347
17000,18.3222492853639
86753,32.1135231769092
3103,61.05201176862581
48741,45.976694406534804
30846,71.1144063134235
68296,39.1962093407911
59153,33.916125238486124
92990,68.51432697638928
79144,84.86716575058881
96064,59.93615319027641
11399,44.95541397137414
92830,59.16370439375427
4993,30.719273291255
85976,50.21094669002371
68032,46.908399017778834
99410,31.282755722125554
17490,32.60209872781569
8417,57.620702598830874
6665,78.90731577600693
47711,84.12480950567897
101580,42.62727881342151
40157,67.99987046182565
35798,54.89419621162304
22124,73.73404652215189
93251,68.08560045992914
42800,29.686081188495375
38128,54.682615657050455
19851,71.53404491444937
29493,67.18202747241708
51325,31.262512872000368
72711,56.60698037570908
29999,28.017348354766824
84496,65.9347515022504
99262,74.44118063381912
66535,73.78691868101211
353,33.88418639651571
43598,31.950721885552305
85725,71.20266710851766
53733,34.601640941250025
94760,36.95206917144483
47673,86.27701008019659
46135,39.44097139933653
50591,64.08671937770035
101999,40.41080366808961
1247,32.69895877636178
22452,65.97605989031149
47794,77.94501818511031
67460,64.97450856323272
2647,43.77184376968028
57192,75.0300055610256
46553,75.98792171632192
38476,79.0527252291881
38634,56.784274098677514
37133,34.27884982701038
72284,66.94333038390991
63287,51.1105177321523
87488,76.86475530488309
88826,71.39893095552404
7329,51.94033274235323
88992,35.306488255904334
3866,36.6204957586055
96011,41.52254476377399
20306,83.58743049323229
14821,34.024521230941716
59569,49.783368107410844
66022,42.11163927102729
77039,18.048222267694882
90332,47.67951525508596
68173,64.0554200779107
101920,35.566086177011805
75933,69.93972326697732
29208,45.009530068562164
58968,14.65911041194121
43704,73.78418789437987
51473,42.65948002956374
19863,57.122338942008746
22281,74.82623933194327
73094,31.798409170117544
1341,25.525562747476854
46543,51.58164419429038
23456,24.25159334841265
47974,29.62876681798653
92262,19.25568205689615
41073,33.0137422145117
59021,28.781398053383732
66290,73.48383493252734
51170,59.08047797351704
1490,68.95065224187454
42609,37.10049882875629
56489,29.298913077229592
60825,49.799917664312034
71884,53.38829104027766
18455,47.540582983126384
15539,85.04349646780153
93801,59.999992243300355
101522,51.45662529260075
92,43.316242710188966
37137,31.474488259039983
14064,66.02442210760972
42828,35.1275495058127
20683,68.55120330710325
48982,38.60831707134792
59483,40.02880675224571
67911,43.27409971815885
17188,28.340547357062867
88814,33.08007302158933
54659,32.4281989668213
97095,66.07785926534714
75989,73.96774766873344
58662,75.67109161849689
4760,38.583676679104514
71084,41.971928027053124
71880,69.98227138888987
6571,60.731688519244216
48644,62.161019420177716
62373,32.79975737854256
90698,70.88641525093104
79107,40.81265466472899
21520,70.00030636866265
83918,81.38677465648738
82061,78.02622643714815
17129,31.545905607778163
7998,49.642554794534036
37910,60.49286403002759
9929,57.01228152274094
31338,75.92448019416025
63565,66.82875654628211
6479,41.613280773777696
42,70.8446862381853
80912,37.48002403765944
23929,40.95853524819323
56060,33.94949360537252
68630,79.46406239521617
99467,37.642548943671734
7413,72.04651021505539
101323,65.51187008469994
74571,59.10342063878694
84441,68.05548142516503
21647,32.742503945679246
76425,41.78691842801497
77011,61.68409147298889
35681,76.020807747509
57735,46.9756538586641
8513,44.777544322285536
45223,36.91986116845461
25357,77.00828089647555
46901,69.76924740114148
17335,51.8465768498785
90866,66.79944219846519
17928,34.73949340046792
88112,40.20392155092929
86728,59.04825794469335
27179,68.95973195266276
28216,75.82092494644692
16666,66.19724943126727
63638,34.63779348680762
101769,65.85174285936517
76223,77.57601273164394
23803,60.46858160638959
29105,46.61143731864635
14633,61.15929341708517
51478,63.630288571954885
53692,34.07701088140898
74682,51.95411577864802
41275,72.10811766695849
50503,40.53483371037384
102528,74.10697927486248
16489,40.722146985475696
37871,29.928451367695374
72103,44.930490812456426
63301,35.81307592342175
22333,55.15756851007821
31330,35.49727912479856
16193,70.97946134351501
70546,22.31836979974502
10207,52.50721808362124
17502,38.79439741653121
63197,60.08901747563604
34735,76.11320520076828
84307,58.955695741432265
46601,31.18187856054101
71768,68.03600059416729
44998,61.33121541211379
21398,31.198392542132645
96180,33.95835724959977
43207,74.86055656673327
100850,47.22255668316785
99345,75.18709855649163
97526,55.85736118904465
40187,62.83936481500787
44448,35.48964895817707
44754,67.86870198853563
17602,76.47050164969089
68658,40.64558545900508
49636,50.81205250422198
44218,42.220831384211024
30984,37.36967555729932
100170,98.03544042999945
22799,48.223807769909456
93085,75.60758444539049
58119,67.90803506302473
95924,40.02857529754092
101984,41.69232606743899
21254,62.88327701259806
71146,75.1143234565526
69532,41.9065114351532
6626,40.57668418763031
14523,65.99399692520598
1578,41.062389351560086
33517,45.751883753536774
693,64.05080931856372
37068,55.16009800653322
57646,32.56795115611888
96102,58.36552080824889
2366,57.816716087821675
50161,81.4863162827545
67593,64.89217775351497
30276,69.73336677523587
23314,32.4963340485687
98148,71.2117494728313
18477,41.27765841857811
15527,67.88875403385555
62682,33.29445174459723
56755,78.08498019029923
28042,57.89799238247949
1298,30.754252541911264
79433,40.78230763320037
71436,67.03497711372353
98435,73.27465694147617
42484,61.926422430211645
9939,40.880585777614726
11861,23.532510205601838
47190,65.13254647220685
71544,45.88202549115503
96734,39.368165551888374
7792,41.357567844009026
78628,65.02535583731407
89113,72.2718800874629
55889,71.02860587852732
90187,66.96813925004815
65723,58.827393458145536
37196,52.78269363190163
35171,59.97541983217998
39041,79.76856217659787
61106,34.58061709338037
65790,34.035945133098366
93241,64.56302619120913
29129,33.848682900283166
24098,23.7721185265374
66410,69.3389682979901
60006,42.87609622859367
84445,64.6501851608674
24181,74.91026480149348
72428,82.21394275022959
91009,67.2626896040592
89406,33.70721191121496
34346,44.021653380256375
77939,38.05911566968068
2891,79.00547151656686
17984,32.24062219039091
7763,31.908297684236743
47592,58.93800198115575
7917,31.838338547519026
51104,50.00616189240867
79307,40.90401015137881
60858,79.98966865894668
37829,52.9795929158949
80848,33.04359700844716
91723,37.89665397026008
459,49.20692648241674
23084,30.201175394849663
90505,59.92369455711953
63056,27.216626211831326
37555,60.679605668207905
41422,69.09455965067163
91903,51.089306802337184
10029,33.276744394799906
75347,40.00929783918417
93791,33.30628571934758
34447,68.9691335684332
26664,49.75767789847197
55679,41.44367211900755
53493,64.26114831551556
46193,34.19008975110312
81348,51.4757996280682
97733,64.01153333387205
14812,65.11425767558828
31164,58.106000430100025
38849,49.4816636442325
61672,71.98065606651005
22943,64.02735418330849
93856,45.966062101240766
87246,61.04320692354442
52559,71.88476110111347
70617,74.7777017415545
98570,31.453350787085174
87821,39.691648224272924
4029,81.88538200509694
30599,80.97368179349061
24688,56.544897922476494
72064,46.051555548884096
36775,61.33137750764361
44168,73.93065239060519
100802,58.89199012659561
56612,68.88307721406305
78556,66.60807791044124
45869,78.1363037370081
47528,40.85672690742721
77766,55.11384106356806
62072,74.49946021566832
41773,39.4494601371138
45958,69.13520913995458
77573,66.05253651939512
69879,85.26158886319513
64558,66.12899783802135
6066,62.921247804069914
13090,47.93119784406022
10820,39.38301113113679
20525,57.11339104666715
85640,32.49652676665519
91889,47.92281397584633
65708,27.938941058798367
68638,74.96607516506917
65599,82.26032710334695
1198,35.073348723060484
70433,48.56609054614427
96586,41.31518263696239
61710,63.9105941236316
80498,46.970599497157366
86292,36.635821753127594
71345,78.3977049946455
19385,33.67853616556184
47816,37.904753861046586
93116,77.84045881987093
79432,38.45551591336386
42171,72.08566569148036
17964,35.727436617661226
5441,62.79381092868971
41315,53.26467634325316
98036,58.86621434152093
100199,73.95789753768699
89867,37.858294387804136
87649,34.88129349643215
66159,62.021956956782695
45489,32.621924932621795
58984,67.81443316151945
15294,63.943229662722
68721,77.14884497882014
64002,76.4633988235338
34626,45.05473502832736
10471,71.86811602732914
20726,32.51347021767728
81240,54.86433669663682
64872,39.70106270656328
76637,53.36984679244547
10874,77.91019440217359
77313,29.420478253692373
68954,71.47150326285723
4274,69.01517844890309
69123,42.260081738938254
34283,32.10790878820396
50689,80.91621156214751
77850,64.72950931443975
8613,26.324557733616633
60142,47.226099853889394
55228,68.87100506082145
28792,76.5729826926489
86549,48.79161030918369
87185,19.054696342403922
46999,66.33639628950212
99279,85.01606831123769
75823,76.82058884100383
42670,78.26210822454479
20870,31.839973463492672
44038,48.00974134363439
35593,52.47420127537932
93073,32.186104747490944
55934,70.91848685331996
8189,64.6138901676496
46949,29.962761576627166
69675,34.479293866149504
101022,27.93368301998698
24931,40.93416673891163
30742,47.72688781911865
53676,39.918886391666746
4697,75.9935410065736
59520,50.38727630048017
35738,56.554232299047456
27253,42.02591924443699
74221,67.33107061443803
100139,86.04848255874377
67370,68.23404785352304
74254,56.411531289299944
54794,82.29041630548741
99758,33.16322430067941
48632,58.906503715703266
54778,32.4284799888469
74669,66.07745291642537
72795,53.046830265087024
48550,38.715580528538595
47195,33.862576914784896
59991,16.973749400903117
102616,55.45357493529675
16715,40.47828430106311
42720,81.01315115272774
97037,77.01018536248239
48949,23.102032947707333
15709,28.520831824161426
6616,47.23328906380461
62594,54.90838605584066
54478,42.3127318740613
60932,35.91690320624266
24293,64.9973026396427
81442,12.11112084085007
94558,15.773109752576548
50993,69.96036266479992
30857,33.661526579868465
50740,31.931629290033012
25134,61.942066656568656
70379,22.006736925905813
42399,58.912620110178906
49520,55.35347677761254
86192,51.86206987140023
77400,34.890450192813105
86909,79.04904981089267
76415,75.22662963605865
39795,25.453806521173778
84974,33.801999657347785
71100,34.68083187652715
33431,73.95452447139473
94665,78.97122883105422
49269,74.80835736966
31014,26.1205273776936
65624,62.447194408408585
27838,31.585103441596434
57072,57.930724095614394
67368,39.58816386663123
65722,34.016518930397986
97185,31.707090529362446
16869,38.28772075237026
22838,32.348244954950246
43683,35.535844487457524
10870,66.87508057622509
89981,66.13088166230867
79802,69.96990363656658
87469,74.05985986617878
100111,47.693337923754584
40551,39.47940172958939
56616,40.07349446428253
55974,70.11459329730734
27904,56.53327936013737
96940,75.98676225940322
12624,57.065840223970646
93894,51.10198378725089
28370,70.2088209163463
86471,71.1962430596084
71426,34.235837074267344
34120,38.550327124128664
75063,75.07716042888025
94685,30.251171917019352
35561,50.90454930210046
21688,50.09887663180906
18749,43.97339795589235
18936,40.84355662289185
101331,66.01305697530282
3807,76.31652941514668
54420,35.99964147007652
2898,56.890035975258755
89440,39.95637799662718
38900,52.78072957776491
2289,65.3767076921716
86825,40.75246630013694
66727,42.75667523619636
94642,49.362257888947425
70131,55.19559976157659
51953,40.01681241736262
44962,57.41382876388265
39947,64.06508605103036
23452,85.99697158239096
54570,31.289072373953218
3920,55.06024230705811
16079,64.62508230565993
47821,78.08682482528775
43188,64.97385135045239
95220,81.33394209987603
14120,40.14645780878529
56893,83.4148977043956
47594,74.43000499052064
33095,51.34187759071577
72907,33.188592318518815
88358,69.84590937294823
102160,62.58512701864883
64981,40.98065342226127
7379,39.96965926467245
3996,38.7967094411813
59050,77.84955571126648
17303,66.0423472861745
75153,61.73228785926182
31427,47.533220163774345
2684,42.47071843702201
83233,46.28229119548584
13665,33.69660189045897
49712,76.46469269682888
57568,37.77749909890909
80283,33.85234112594879
52145,59.7392478108009
22814,30.02284685246152
62294,55.297867808978914
86475,38.157804194209945
71597,84.17095577526196
65774,32.769656775988665
82199,64.41001464138927
64607,59.866104705192235
15171,31.064383771070336
31595,28.51109592290323
92502,30.98460130510072
72541,38.716225156183334
2687,79.37907764439154
91773,72.03190824606196
49635,26.961333318235123
30716,55.98180984675987
19746,91.97179909586643
16754,76.8679154705018
39198,9.49541937307285
9610,79.00627561001271
9691,34.74418762475925
10223,67.9453810307862
22144,36.0363700783435
61231,34.454709444844426
95801,42.729294984164774
37459,69.12462447884505
11867,64.81256596071805
82983,49.91125462888633
65609,70.44827275349249
69316,73.93169410901658
14400,70.06374700872394
56874,33.076395003435586
76999,30.37125086651247
24738,63.262371407753285
68571,34.93733338592343
95863,39.236727525125154
51010,65.80277210866615
66847,39.134771265575644
17856,69.21649434201186
84171,44.944549136934654
48472,40.968117668763185
16986,29.14534806682923
30968,75.1180155219715
27101,67.22659982974339
14737,33.99155661697258
94425,69.85568632335549
38739,88.04131383553141
54138,55.943665865524906
66989,38.90647690698401
81275,73.70185937183355
17221,71.09364072075132
54990,50.913279593046184
12543,60.69449084186262
37783,21.76330823567391
97036,70.7745889429155
98577,44.21292494922166
90598,65.1363403210801
28800,60.617596907943025
41525,32.79114327006944
42960,78.11910026298102
15103,48.008064223387365
68072,57.94208964860323
44019,54.13488006799025
97626,61.848655684041695
55357,80.55038392256813
97832,32.334205163698144
89351,54.0848888649444
87422,69.91441950696273
98951,43.01588557799572
55608,51.26008559184213
58349,35.14270125035542
12514,63.04333166201896
57114,44.91945380476244
41003,66.04516607582724
48834,85.82765545926028
13919,59.92285410719688
90144,69.89151514893261
62646,43.39631205170021
60519,53.696075880212064
52033,72.70856970765138
94607,42.78420689413242
36112,63.759025382777786
69053,66.54657101944551
13699,34.42218977487766
46590,50.74691355789686
15572,29.38431013635806
40110,74.04795764485567
64828,56.21090506695966
91169,21.187989759435666
56591,55.96115108810554
11873,58.922981357250876
3889,72.30518373094958
56137,61.09044798300782
28232,80.00587133847884
34317,68.05375652961663
73800,29.376809146825565
66756,23.80425842837692
60470,21.03169651463876
15983,77.06911732173207
34573,35.39996158763274
99008,51.987485778011205
37894,68.95651590338994
56556,53.15297700630774
10790,58.935745604425286
102298,32.160007878519906
24425,67.77880202285331
12849,47.19118362222491
42518,31.438095144227717
87036,32.09701093181811
23898,32.70734281509488
12249,42.09743558418505
27797,65.12120997660564
3387,32.327397240226006
88621,56.08224032410915
81789,42.66726972114657
28121,40.815974688774574
37865,66.5743341184924
5920,34.59449415764515
27489,64.80183733815838
14259,40.131692280509746
56773,73.68607836247322
40704,76.74048527315037
40664,33.42094812342313
65799,77.14632947787791
100999,40.977312461019885
21942,68.66210874384419
27477,31.98202515584731
14461,67.84316815409144
65369,61.131343952612596
64848,37.96235497486137
71014,39.67175160639536
13484,47.08055549332861
83120,22.224880710072682
4948,46.974743931139635
21105,67.81741069638187
63895,38.554336772538015
78328,71.18877836134769
73162,39.35712514542588
22700,64.95604432573606
100211,31.114832526837105
81652,40.14996671882347
12711,55.86530250619185
64229,51.08484908288521
51477,41.77759552247253
41804,64.86528037650051
18825,61.354493667047066
68636,68.93283244799153
64894,32.98237159336959
90899,67.1951303787724
57873,31.997878702670267
80515,65.79196185198131
51298,75.10514133845703
36643,32.038339974639044
11657,37.995374683658206
38906,43.70158403790335
84677,69.09845611219272
9726,71.77048790797612
21374,31.921400420671773
32743,26.50223461542851
34897,50.645908010359996
30895,29.10628705799448
77632,54.594285926236765
29333,33.27354225872274
101326,31.753782412593317
59503,49.98225915631941
80514,63.09730223127191
46503,44.789498178266136
78757,40.38448480968149
33445,42.131264129436836
44035,27.899653969123445
4239,33.78313735458093
17341,40.88049101872866
24833,67.69027470486768
5233,50.22724693073197
82011,48.01735899002421
50869,33.91981562716128
66869,25.242814718166517
100048,57.968040861573506
22833,74.44432379879507
76993,41.14199104097593
53380,65.91866962516046
22140,42.062960935749764
41640,65.97477717975994
79937,70.6001401855323
15938,32.74976653062661
73512,39.292027858987154
56008,63.95518767014209
33306,39.09680720031358
4790,81.97510816981817
50766,68.5897500938982
93545,72.04963922136277
34205,76.91633170180813
71945,68.57652300658086
68472,64.04091042146096
100851,47.502041840831566
64192,40.55015169155696
33115,33.00764664571969
96639,35.104895212725
65894,61.70990417959471
17897,31.61974562640897
38152,50.429125045062186
50214,32.689026446555445
77231,76.01565466367722
96374,36.42939745702621
51090,67.9972656027232
89522,69.0783362182237
13038,34.342289817829744
64374,43.25122180015232
18043,40.70034310075035
79765,56.00359490791999
53255,68.26459676491072
83276,31.583626288997674
85344,74.10588273034492
102538,82.39205278583992
72219,28.48192564629333
89660,63.341156596244744
82936,75.25762266727742
51239,74.67447509220838
27550,79.12734229103248
54782,46.61470903746826
61417,47.67489563019896
51035,65.67818225185673
16867,59.00405654939841
55200,79.06860530753485
27267,82.02989862687326
1704,64.7484309016763
49504,71.17459279022259
41095,32.455743227561314
47735,60.82613334589571
48796,29.966305018955225
4171,71.1021258732607
73271,43.898561860850116
71464,95.49920798271907
30206,22.260212137394493
64354,61.24603763396658
45057,78.06768081414737
56680,38.12210294932329
38701,73.70318033598906
49377,36.85441997621323
18096,81.96302816697394
87071,33.09664255454503
38753,55.73927537504574
32929,71.75795610275729
50231,53.86890328409784
93632,64.06592899231853
43532,65.85399319663813
34946,34.68301996076515
76541,67.04411937954188
22237,69.09957183096506
2360,73.13082765787914
51939,35.86963515521344
100384,80.1341012882568
4703,75.04330419578878
78680,85.08331193989969
89728,70.11375078681294
1916,77.16894984127566
24951,27.813744634217734
92823,30.659883689211952
39213,56.79091735322932
49631,65.44236447756356
73179,49.28941950706378
87561,50.02252275854478
18344,40.97710921315683
84087,34.80999231323135
11581,70.94519889768446
54064,46.97203599754732
42015,61.935775804113
22089,39.89065030595904
30501,53.85249559166451
1307,69.34021227408586
77978,68.0618750980767
38188,30.11185492740335
52876,77.374856831029
49875,54.95191967898518
90947,69.02653906626351
21806,65.96984066022722
90404,58.55001710894913
7265,60.962805005441616
68517,76.32802453968853
4699,65.99982270354162
99187,27.132967411823483
43077,70.16210388951566
98508,32.256107923391866
19067,28.624965582665997
2872,62.08698504277191
3027,56.788730409689926
31745,37.72530470959465
90608,69.11420004028022
35139,31.893214686764516
83391,45.84842953052241
82962,37.92815502811174
71953,51.52694886401508
83118,32.942886809862074
68301,77.85722611429907
97163,74.3975932373919
3264,31.484066342240393
46816,95.38134540070209
50715,74.01114060200754
100018,47.43366249295458
7215,57.42258627910139
3759,62.20101084421988
35651,60.215737730470295
45695,56.76857298562791
5344,72.6865017338219
20855,67.06494640589816
4851,41.026588196884774
63688,33.76224659872034
102545,40.65703675134169
60595,60.97676921384258
76681,34.49464485380653
12640,76.92434312462336
94307,29.87939590067348
70284,62.30285081108265
24062,88.14814046939767
102585,38.34902449090143
2519,25.788448577478047
23239,68.40836245847734
101395,73.66783461932468
96755,38.49227089321116
91622,20.53136968873468
95272,36.43289983403222
24839,37.61643729756517
52846,41.65267504051174
81686,58.93284897474146
76598,54.03160885522372
54422,47.99890935065678
59183,67.03804374967972
39278,65.83754403474178
38783,70.76518848598269
12237,41.06118939833101
2384,64.01121221620153
88076,75.19496717522264
8546,47.10190893158329
27998,58.860618457354
43106,68.84695234031562
86252,70.9588532587818
24052,33.31547139025976
64691,65.46367850505544
94231,64.01103420644907
40616,47.58723768966433
93078,58.9412734284501
15134,34.090409700030094
36904,59.328322959936344
54879,38.496050149897506
73388,40.2458558150373
79085,66.11179737540941
64902,33.03483817186893
11090,62.992662413474676
82811,32.601313154520575
23740,31.236248988468034
102062,40.001743343270896
9158,47.203065662917865
39937,30.088901386863235
24588,76.09703382852784
69108,27.076907139221095
79424,69.19924918889346
57327,64.16497873558714
96933,46.6776791349559
77117,28.85657725193662
44781,72.50468235167727
91011,71.83088769201679
6495,24.957153366726395
37214,70.7848539646887
5592,75.84441021287658
54433,27.75949565004025
102073,18.117876616433765
75058,74.99260056895447
4662,71.82941983559161
77537,80.47997828364947
31590,37.53716724648797
50243,33.275526540880804
48338,69.00132483784387
91231,43.55623830982813
19313,76.10336462657493
11138,65.89182863618865
70924,48.93597747734754
98497,67.57906270439457
35468,77.89093862587194
53218,59.10269121069959
39337,72.04533302825982
102469,60.91355354693062
87850,68.9298528066719
12528,42.89034506826642
35206,64.03975054969723
14722,41.256754059373634
44766,77.67624530044165
31421,96.54071744018523
41782,31.99912747604636
80981,40.63938480946203
30289,32.9335488311451
49488,28.58216884787623
19130,38.46947286125805
47110,64.30070076882478
60177,35.10138157418182
29334,72.9629114539518
97046,28.38413894829369
12217,50.79203522428871
96234,46.106297179524155
38089,44.44391280009414
2541,59.377154184705304
44784,53.938280375918026
57185,74.88450437888667
92244,31.966259671973308
90744,47.096829115519064
90946,79.07159236697262
61694,42.16194801972663
82197,32.33265051268061
91395,74.03318612186791
42170,77.55862297799543
30409,31.08744849692616
16187,67.10437338598919
30207,43.07682828846441
44090,63.91138077694286
20578,71.49537698740895
79900,33.63916981200562
27524,35.09110056620392
75082,41.327146310006675
88441,72.03212434117358
44175,68.02203909267706
54848,73.27644978852307
91912,68.83384000274884
11354,77.8065183426711
30374,28.880694788194994
102195,66.1966768804909
92209,71.92428640128065
9980,80.33245304014378
5140,31.585019011284515
53352,64.7622882890116
19304,35.37584460295501
97853,71.71642662315614
57420,31.204873806689754
37521,39.305325229462305
47966,74.05322166764658
37194,76.69413434219013
96896,30.92470832099789
61852,64.66983998003536
12126,66.0612566167986
70457,67.87620924360019
74223,43.57334412863635
53518,32.565668856174405
76926,57.0363395835869
64996,73.20658843615172
26776,80.21364298050639
55004,82.23192678710868
82408,67.94122417643797
101676,39.163188383524
61123,73.97694411691745
37773,33.970237974334545
64460,48.899480155088376
41349,14.948327817027831
54108,78.6577108347199
59968,69.69487287562741
54974,50.00556622016043
66424,69.9795562240194
74346,34.30598369634011
14876,73.03840881832994
60222,40.00821069393931
20368,50.36029413982487
14952,61.93570121389767
23243,31.690886487345566
52115,29.741943561960486
89267,66.98489159083253
37093,66.97593491285159
64268,52.296283486482224
45913,86.04104350531802
25997,80.34640412932293
18358,77.99804276521192
33571,33.65557280890859
36738,49.93378048158204
74179,71.64732168626884
46363,36.990183181027795
97295,74.00038500026105
23993,72.95017602921297
7653,40.67234888361594
52416,66.43873969616556
33197,60.201711245380736
72185,44.51987011124808
17475,41.78308659733939
81505,45.844469003960036
37792,77.094890016477
23634,63.46925992282211
49570,70.86623041155637
3969,67.79628953814631
45863,67.90155159806956
27520,57.736247928053814
42796,67.03339211722323
14086,44.80749804314586
58649,69.9600968513648
86806,69.90421943621396
15574,41.00771579623599
14203,73.03337824175108
73016,67.6359199615207
16598,74.99793211773896
18109,31.5211603951623
58313,34.57649602861568
62822,56.09770338064183
68974,59.9927344850434
80722,31.587928853839987
78331,44.782737155830986
64470,72.58744341271824
29247,53.25537426169981
72233,80.7444128826828
86410,29.79296512409876
49824,69.63022196325032
99159,71.05059544409298
84485,49.28207798169004
45607,74.97708396003574
82142,29.376912304435947
40924,40.78308334151077
41322,33.760023201505234
25292,70.73214667849852
91069,58.90939397346711
93057,42.46079490794521
17032,30.759245938066698
99693,65.606159143828
22594,59.63331252261587
4978,28.858140347847673
75081,81.87106404735832
67914,98.00181615312837
36581,78.2283469004885
25861,57.89823185581446
92724,65.79703411094047
96432,71.40517290706633
41517,33.032328480006164
36126,45.08939472153952
62309,81.55364692495675
17624,50.95794021395808
21116,57.06284512946658
34922,43.90734532839175
12208,60.95895614232464
28832,64.37528727826785
17016,34.20132826483765
7310,40.81476142452497
85082,15.617023774735781
2213,35.877735385516644
87419,24.017480793132922
93151,37.760741972058945
31873,21.398539842536206
358,42.04623086539561
74708,34.09236889984563
8145,81.90142480218657
98075,68.10900888748765
30095,27.69800541553255
52813,49.47760197992834
95131,31.924110617971774
83324,42.75771001905538
100192,72.013922556467
47198,37.056547031698386
28886,40.35255751381642
66560,76.32807287546942
3478,63.18821231750498
100082,30.794287589260065
62136,68.07384587931315
71307,45.219001457869155
71574,43.65720368142488
2145,32.40910632204881
11563,73.12563462677225
82910,52.24812539761419
34034,54.674270690733465
59364,40.2396459103968
70497,34.93375605092001
68746,72.61561260479364
38643,47.61563261736786
64752,32.18318357888891
6921,68.77735858415991
32938,75.01191402265997
58270,39.098923109888524
17938,50.9826683604869
12164,32.64352406452965
87001,42.35465328508977
78782,32.776339435944394
12274,59.31415544702386
81077,39.803652424037296
25393,52.740573086073155
52411,70.33810121966306
16274,40.119279883872004
25630,39.91640911326412
67888,74.82683075422463
80600,66.58435267769714
97265,66.88271308042647
25297,75.01522512340271
60774,44.68067991924631
84673,73.6308873882368
89792,54.38494381050202
62082,57.81902681778814
81428,45.05196185509457
49492,63.56279944609093
33291,74.99823589057492
34992,68.29548234395756
57912,33.42123531824963
61865,37.336126426609944
99804,33.251328205037225
11057,49.20160919075423
47204,61.486621276855715
89885,82.12601396940495
87076,40.941498765183965
943,53.16559271239866
74369,69.94293776775714
15414,32.89225413609305
95404,28.02863092365014
33461,69.98753563810828
63402,43.86675241021025
81723,49.49685249223202
43053,58.64207606282409
55195,76.03921163770605
12746,33.09162495340556
94544,31.622590443035524
85247,60.689987666625285
100220,65.92910685560774
7900,72.6077721803729
32392,40.639489103998315
11169,67.30340980862371
13102,52.20678759123447
52368,31.830897668937894
20064,38.24459752618209
20738,33.74259214965525
90240,39.90234229216023
85051,61.93934575621982
102249,34.09954735254901
59420,62.0550793496636
46548,72.91839165294357
92297,43.11679836445997
48958,53.32411487095453
73975,62.514563002728025
41573,31.88203635762903
36349,62.85734021227417
95326,31.912920297776818
49985,32.024989937765866
22738,65.80648734984209
13236,76.38287014287938
94858,56.038947296446345
28944,63.63455765581719
87195,67.24254254379278
15201,63.017278977780464
42589,74.88034641278426
12600,34.00778661661136
38549,75.04245956327907
81512,6.260566723001851
66206,60.88015866319898
102360,71.82031709334564
35104,44.631558143473555
51140,34.32487923474561
5013,56.22077460149409
7337,62.90450847495393
64284,50.87898054750502
64727,33.59213843939185
47756,71.05484313264498
33070,58.01187240117663
36569,77.55843168208801
47071,32.83141516119455
54800,73.07315754555316
58212,76.8612766986258
43022,80.88288245203105
69421,53.25285322390509
33086,39.99048518565954
91813,75.01326015541945
36797,32.797638115039625
24721,32.052539107035436
70141,67.76228176124442
32016,65.05982675310213
29688,46.354541710742076
75626,34.71504225401373
60284,65.04471967540962
90294,28.71134603677187
2463,56.67568723972359
15838,81.65794370269202
73216,64.95809249713395
74092,67.28152142655617
46856,32.405292704473204
54628,75.37781605416302
50374,46.06681221870941
99670,29.947069646686494
35149,33.637154507909216
19447,68.89434799088596
39548,85.52047629441095
42810,30.464711960038354
51356,63.15578163133719
2174,32.09006369403635
53663,63.71231854945917
46593,63.23373443175721
7527,33.24698432206905
9952,34.1243690565109
94881,34.65842105784708
49729,49.733107029981284
85264,65.18149991023799
94299,41.668712901497294
26635,41.429253056012726
33,48.26283178525334
102087,40.65414398293138
56922,66.36771250519658
14261,39.570273820663694
32492,40.99422032407456
47924,57.93745140099692
83855,33.28941054619322
38997,68.14234980382054
31004,65.18161292869644
53715,65.9635185289186
18779,57.898607038292695
68805,32.20486037303041
3607,68.99982761351404
85932,77.29105563014255
95408,69.05139912684575
63684,51.899059820923284
80080,51.293732572559335
21032,49.86633079219345
73995,26.44007469052542
7356,61.27691888177132
72614,42.633869261554466
57290,69.24779077244844
90935,54.04362389073758
90116,40.29852821495693
50517,74.11382697227106
58374,41.891992649886134
97597,81.03747306776722
32204,65.97622446592862
15905,39.25421198846721
20882,80.17412865606067
38932,58.129407805460524
64114,35.209981917504834
78041,55.16787214526327
41313,47.080646383358676
33764,53.138129870496115
90716,51.84712194575071
88707,96.47201034924885
33615,74.7460251306409
23485,56.938693854696986
30891,19.949481700446178
64152,46.80098156353414
18340,59.99336311805172
73075,45.04099540312443
12258,78.35151401435164
47560,73.11403764087058
99674,64.40373777737065
18127,72.55569756438604
88409,65.06132377221107
54812,67.97100517915206
96927,32.01548910046745
89574,41.27092284607407
87869,35.73901411421761
71859,50.429809561493734
22,81.9801490202778
55262,62.09762696290238
5573,50.28326357066723
38010,81.27043740190882
82831,77.28269022409975
10407,31.94926170924945
32549,53.980892545501675
82681,31.850395147820855
76656,30.966681699004887
31147,32.09769194217593
6447,59.05869062841142
23122,66.98260613346977
50094,47.06445155387216
95732,63.49599626575943
46331,65.74441338621241
42737,67.71830852573495
3138,78.55282096668526
42550,89.44040605325358
8978,42.29778046396967
72584,38.4131612933985
30151,36.212512425518305
41825,35.07259592279635
3664,35.531390341979844
16551,54.43737617704677
27639,66.24619930539541
40790,77.00467494940685
81882,78.63630502969477
12603,29.50767177506583
12138,65.11401788285019
9603,65.36435017649191
81532,43.71887068726789
78255,68.97163999680235
54391,66.59007289539477
10395,74.6590833766883
6384,78.91977501681586
38119,63.26454574911163
32653,55.592129718440695
32216,52.60949800769157
14508,49.21760024152535
51771,17.73467453564039
38720,22.955009783243597
97045,70.11301918699246
58253,34.17831535551722
71276,46.260373180653815
72837,72.16322070007476
36917,34.62956995223457
19731,28.82278185808478
4165,36.885292649713804
62710,63.00960438656363
52660,82.54643532872461
2752,35.633076941201494
96403,71.9037818517748
15379,33.0896668929363
95822,30.2824714411924
51151,31.72239474756533
21583,47.167657571585345
36985,34.58481627807347
76462,38.09014217872598
36661,12.948346737751876
90966,34.012127872819136
58140,50.679539969881134
42396,81.9796108280855
59203,12.084551445642472
69240,61.9590928636086
27134,45.02514365812245
78453,43.175259814335924
606,32.104758315981364
56479,41.45438850189961
92254,44.74101840803726
65847,65.17232062902312
100279,48.87617749217902
101654,59.52556092788714
4651,33.69302023440461
83364,81.66374253812333
29085,71.12401034952146
55269,11.924850018868046
78683,65.97762361105548
52867,56.38556926650695
39566,33.06548469264758
67152,68.40709669892905
96248,71.96146390688511
80642,80.33638552305088
33908,41.319639152378336
6930,42.039130896277776
43877,33.59140872683744
50545,62.88663589008976
21780,71.97604373822915
52180,66.62847513986851
535,31.791552039915008
34142,58.45749719160046
62634,42.37345420991472
22148,36.20087328892569
85583,75.12969601174704
26712,53.92696602113626
99973,38.83460243344245
15985,76.70940472325731
8241,30.751237173477364
19856,38.25171294316082
20598,50.15533451945722
67875,44.036836571567875
2428,40.25596711411384
23742,69.8895959306821
70761,73.035192656075
83152,70.98347035513282
80757,37.56797782423263
95033,37.36748575636765
16943,75.12266911959469
101382,42.63343858915874
58635,32.440683090297696
85062,76.54343935722804
54736,35.56233977460097
7150,12.55640600124898
95317,46.946117113897465
3353,31.324723530127283
31165,29.961077738286182
5995,74.7358127386278
100148,14.420548607938962
92534,75.91578848436002
81232,53.93027755219836
75636,73.12473184205186
21765,32.09283972739882
92593,55.9853446989626
12724,68.32466236940418
39321,64.08570989586352
63870,38.392753662013405
25103,42.147092368011
60735,55.86568627018997
3811,36.74407796843032
101524,42.57112014978772
60857,42.0397280318805
83882,32.761985489751375
32181,59.10235030215949
89813,53.2850344063687
79845,42.25512144117618
58446,31.27700228776742
7818,57.52987577402144
52314,33.34816265200348
36919,65.76042264437916
32160,71.39463734251092
38514,35.44637470702513
35066,32.90702868842797
90212,67.25815250948287
50930,36.321771980428345
62906,63.00635175916418
63958,71.63572855264914
24735,64.90259527038924
70666,66.30700558576584
97846,66.77993709634697
4177,79.91637761255356
28451,71.01338588179155
46615,70.2219467134069
58986,42.53153441379346
29297,76.06638435230833
15338,70.14070158082782
38313,42.55769759925967
87503,36.79929720614833
11934,35.85240166497158
73226,59.05177016610109
92870,44.520141024397596
21917,60.45900374918586
66060,68.01001782306219
31564,40.47005350539077
88126,39.942769569096
85220,30.53065011675104
4636,24.927273515726053
73354,69.0567289267521
33368,34.98866026066234
62539,71.88065026882654
39013,72.02143403952238
62076,36.63735232466347
3466,32.35254649087854
61381,71.13160978589084
55960,65.12664976045421
13467,56.72042376899894
70495,75.02455892635002
77733,34.47247260446615
85049,27.758698794775036
79690,60.11650242285293
57134,83.251314553681
43338,50.01170061065013
88068,69.44971001245432
35535,68.91968026083973
85054,85.94717347283171
37741,65.99636333514835
33752,29.475149330063044
3240,64.11044901838883
59829,77.97974685360887
33103,51.350008335480965
1643,42.008603772316874
99748,32.729133837459706
32903,68.01050868739453
46682,44.79047955644424
51633,74.0562247600341
84881,48.07043529589493
504,77.14827178161273
35315,55.16837395829977
42877,66.0238390873272
42965,97.85033660391858
16977,52.08242834975977
31642,31.27003859287083
14150,34.61385010946976
92991,40.21362938223324
55206,59.38452896241316
19879,78.13484090531911
57243,42.48143584848178
8619,42.100176619695944
43640,56.6030995001461
8846,79.98967592494517
48462,51.0480133903989
82131,71.24380452915796
61006,75.04825092607618
83016,35.19086233841265
46172,59.88593769969995
77595,42.657514270250594
3276,34.42336480916566
94218,35.988371657451665
84903,91.34738113226689
37259,40.61072981966233
22260,70.9064076942866
60156,29.144841128324334
83107,46.99707031783841
4087,68.98720226445838
1954,49.91728912910106
14723,33.8146151708588
33405,65.31911358097753
30350,33.50055658354015
82833,34.01437941200875
1823,35.068543224893816
38846,44.79385313162658
6403,43.046466310910525
41786,64.97400428397013
33887,69.06080252327068
83098,31.404526112345668
9356,76.35306096688191
97974,86.03369994958382
80630,33.33743635237213
99074,80.33060226568807
15526,35.31316819103871
39545,33.91932355475462
88821,44.84993757638658
19457,80.92416252655144
88988,46.391687316629415
20752,83.45967976958309
87029,60.928804510446106
22907,40.35832573974016
8038,54.07551998644752
98743,59.01891173301301
30803,56.37430372589064
11802,29.603723721373942
26661,52.98427176622633
66493,46.6044604074092
20267,30.646400939189864
45108,36.78835766522097
95593,74.89012088218956
5865,51.993895740343476
46410,38.76614708199003
45962,36.858416355495756
47610,67.90950942972495
90274,75.9196092071316
548,44.1553012642851
95671,78.99016194996557
34574,81.89125452380489
53408,76.01040644523093
96238,64.45386244124784
41561,80.72701627499008
1371,81.82735710195877
68995,54.10430682822357
96317,39.06521456586724
73309,46.10331448395736
70414,33.816831104075185
100995,56.92422709680582
50639,58.72072046349047
35012,64.83488257354742
24079,46.6299745905304
58309,42.075671112194
83146,73.95085801952331
33899,56.049711508906626
92528,31.164797125619714
38104,67.23665030631605
83242,39.786953688597194
97952,61.95287112727381
33427,42.68464622704087
102292,32.722063227278085
28368,33.789308523903436
12157,34.20263439452107
42784,39.27918938537415
11156,67.77513827150369
51017,67.21038085723639
46569,74.67490496390056
35118,34.13658261078596
55518,39.913454961776075
85326,68.62471824915988
8816,50.19515938215936
50401,63.757191267966995
50856,66.78324630663298
92545,71.04448996036412
38973,74.8283722385007
95897,61.778877855637724
60736,63.081697374982696
50397,42.364251754124936
55571,49.9676775407197
32665,33.08049235135637
99293,81.16542073442491
29167,41.91203573513239
22742,27.984074022341183
90560,72.81532958203229
78369,33.08582144241219
99697,32.63557809339125
45224,78.93260840490316
86390,69.03804503979293
76809,73.88146322707998
89721,53.5981791354346
49255,63.75183066958134
44667,57.83558302152646
63507,35.0572046599848
85663,79.17699586738004
37757,74.49014547638166
75041,64.0977387199748
55024,38.32427550500784
13460,48.12483557630521
36983,77.8801127266504
46226,61.63883843196311
62545,57.36573428629988
101894,74.9432407302827
42634,29.997023075142476
99247,63.017986657553614
52690,81.86341559752304
54820,46.96558257055243
54502,78.85910462607694
84464,34.67839486836194
55937,35.993396207670585
40275,51.35585407805664
26549,8.458984846894243
27353,31.93748845993407
46719,63.447809763981674
1244,68.96964116348063
61253,73.85520639163232
10495,26.987210392299254
26422,58.218571321491964
44070,45.4275360121586
27694,56.335027691739334
18172,20.12532376279703
80736,74.91343872667977
101054,59.08524357604166
95258,78.06324215297968
13528,37.706225538579815
100452,34.201036932912494
60330,38.236793645501784
57624,70.77415057024731
96287,55.21102964785023
61844,66.69992073164079
15744,41.87791286135419
9277,49.429709307883854
9545,36.17220267863501
35721,73.82651267693687
13771,49.7153753097431
55694,34.48624407246478
3731,65.48068753455362
57448,85.9381700536396
49321,41.335400318071024
84327,41.105062408649154
86267,61.8900588569117
54825,11.878689483087673
29072,68.00144615365689
23786,77.95074472467692
71177,53.0598247972391
73617,79.85592018148094
97393,71.2462698380632
96246,50.00415388229867
21878,56.966900599475245
13025,45.79364507315952
54254,36.99036507626515
52049,72.80526066772417
73723,58.053045487249406
28782,79.93973090014816
22960,78.69220159494475
49558,43.790752465376485
19299,52.65312964640013
81579,26.048816977611185
87943,30.72507427775269
55467,39.27103086564412
9817,42.46241639822441
79023,52.07787199399968
23425,37.39089872057136
14863,66.90625651470397
72817,59.5918597521369
38423,64.93958441981835
25240,22.013437340630002
41411,30.202650147519368
28055,30.243257582333452
50251,31.378339125789502
20792,80.16828204185265
28470,25.21664755041882
43796,42.68469556913748
75215,36.61006356973845
10234,43.37126726149555
67713,53.61771137034364
89081,37.076226408702276
34284,61.95042643469756
21082,50.355908002806814
20422,31.543531532469856
97831,15.235066985840913
25136,22.94680209996226
47465,58.82721985761808
63517,54.98068796243004
52828,64.12086625029355
33842,63.003154301800336
15794,61.989373347691405
57728,37.36442879629627
101714,79.54547100721726
43321,77.74064343188294
21532,80.99285333739735
20676,63.48316084652911
77524,37.575987795204455
36023,64.03708417886347
4252,52.02550192749764
81750,28.179864672611863
21404,68.84967805435855
76924,68.0339709416618
21007,34.075814820765515
24350,74.67280018341356
84757,62.89356504084689
71137,59.85402736260432
64623,71.84617971598121
1026,16.383910160173528
37970,33.20723561235162
32298,74.97605958266402
1809,69.7722640959593
19540,63.975517213258755
11142,86.48701266664162
99885,31.705169579138023
21409,63.20245934911208
25700,85.08698434609505
10769,56.950206412656556
60730,43.48784644000397
93248,57.10262839940836
4497,39.884032933624354
87382,32.7603736638833
93992,82.0479005131761
50885,35.757114985287224
24923,55.01497192487038
52135,55.05024023136298
94643,43.4250780760051
79427,77.57899065389722
31631,43.34224013276584
17805,33.08990308411719
6981,67.86879135244368
13911,67.79528259749215
12269,17.402355106112495
82418,20.1476463628973
5051,55.63903438437316
227,64.62337935091944
39132,41.34029906786685
93960,39.27155154502419
73643,17.385664874809173
37817,47.246089434773864
60624,66.95215929789478
9184,40.93127298676284
47460,30.374996711635287
34256,52.280850498452736
34122,34.25812845737449
66446,33.592816885043824
5263,53.85092471125239
58722,49.764958541972454
22204,49.86127555402835
19360,60.86974417124884
90692,70.46768623100306
83962,60.8060198838461
49055,31.07018466863957
82064,70.7171022901558
62603,31.884212234150144
76023,83.55542459290209
1840,18.980465016718433
73957,63.58740753506092
49242,41.25802559393493
66548,77.90929328031639
24490,23.86299892697982
78952,31.495792801481976
44465,56.60910777149289
9468,44.39874260579124
42748,71.85123042538959
36503,33.35709229792922
38407,60.9284851465154
80522,74.88127150240516
81847,34.14141302557337
17497,36.1345730086871
61517,71.09310224786267
18254,34.83590484956895
59121,33.9631645351749
9332,60.9133654921754
41597,61.33932903976812
32574,59.262445019134866
50839,68.158087576107
58664,46.91716371549616
64243,74.96598579236361
59325,37.729697561132596
3826,34.613131009451216
66073,57.60981151506445
91224,42.232287870324754
26097,40.92031023058465
18931,48.628669008276134
54648,39.32710013528008
48814,55.90771549104204
25529,65.67653812594386
15304,42.18378362662402
28222,32.05826743892713
65580,63.48174500889314
66126,69.78557733935298
82314,35.37018576535483
94063,38.80804614493082
64464,38.493497844729724
95395,64.8957432747819
19400,31.405940657318336
2941,62.95460698079697
39151,66.08092166673237
67168,53.92122690212264
1256,74.99243163857327
74548,63.9411255279951
96616,47.47266672464043
27448,66.79008816521836
67020,34.447813624690994
13079,66.9980322838835
20788,40.68409453922254
37691,34.2947866275426
100028,41.89203104795337
65162,65.23865922232241
16492,69.26123895217194
19906,25.98623536473455
60643,35.030396530793396
52946,68.9133576566446
88425,56.17373611904042
25623,33.939707604582104
20823,29.721639236535026
93029,69.893328623233
66133,30.914615336109648
99151,40.54343920881544
97919,52.73175084785926
14442,24.414131671187704
23322,29.497096939467735
8702,41.67659783726901
12162,46.91156658441834
75910,60.63514028842203
82857,64.74876708403846
25831,40.707653511633914
97600,33.61072382171419
44970,63.71279361064333
88763,31.099755201824728
1335,62.541445971575484
5987,79.00371811946098
84098,50.98695017544712
98746,79.10898575845188
95959,78.98821003915232
22404,73.15642302119315
44816,59.01513490644872
24897,51.051326995095884
51426,44.98083732120955
12617,55.000397496721895
23654,68.0673966080168
48735,61.961774330001745
23130,37.536544632283544
58384,30.630433220202363
58917,78.98266589161355
16148,75.74175631377989
25844,70.02552281332251
54036,33.68885924403982
100778,39.71274367471216
91796,73.04386749059816
29331,85.98550124367469
23318,41.072903002193
36304,32.40807003079688
48317,77.35652375454484
3669,45.808180533786754
96696,72.91713190608007
7226,33.702034873438635
57485,71.02143715703045
55264,33.3243056111689
80480,33.19683311744177
72979,81.01831448617803
32166,61.06731085432896
19660,61.04312051830825
76805,70.91293014177319
64303,67.97237126727309
57966,72.99531827610375
44615,60.911891314214586
44251,32.65341919928761
95857,59.844572857420566
23999,53.6211638666763
35796,58.02780120619631
88796,25.785201865219406
16418,39.054731355574084
94499,20.28753838014408
96022,29.368109341364253
37255,63.905056747994976
99453,46.818946235322606
41074,70.08181731176953
9981,33.3893614589055
24850,64.16916640612179
23673,39.45396716060512
8943,79.16401347221091
92684,68.76868723774345
83244,57.0885920119629
33949,34.98279889581617
713,59.528380023520924
100774,30.476625258107745
78115,66.59552701250047
12629,39.37568231174776
95307,49.185895539896556
72898,73.98022043800076
10134,37.85794904726989
35630,52.90633990654557
17911,55.86057958395115
86189,42.24786833350864
4791,68.11299818238908
72552,62.03199084908442
76515,41.986661117666046
50448,70.04050761651116
10239,54.02398919869814
7026,34.25397445007746
45817,48.48732314697271
8963,33.60442389030895
10859,85.19490240521063
19605,61.86557360856678
47509,64.81703723436716
27418,76.18977574851684
38544,68.85821272511932
94883,36.12626473892711
94014,41.445570791313436
79778,21.872292436063464
101362,24.749161307720716
53095,56.05755660913231
65760,66.19149802298557
62282,59.79779488769084
89247,69.8382223236153
6632,73.18337051770877
45385,63.82678061146184
73465,80.09088369337535
99455,55.909307384516964
66360,37.10315085257918
101589,60.81324748937587
17304,71.8969235293792
45960,58.61899947671973
18551,40.97852356513775
101645,64.66930786866637
45802,38.62055919482813
20521,69.86714846669207
58959,32.98370186941016
65045,57.92284822993092
72496,37.93122446612039
36402,70.29576612206385
25815,47.58130307083691
76702,73.0301636563736
84777,62.083812124271915
30356,77.27547222243291
65815,32.405702292667286
4147,65.89768499630448
28384,72.90364933444178
80942,60.95475087461112
41797,38.59247549369557
38925,39.0637109691598
4785,68.07338636668763
15536,37.5364525277488
66949,49.42424288674179
24614,31.09135222975096
35712,21.939098000196335
37917,35.04974679157792
62321,63.876654906090565
93731,74.97996622870144
18212,46.314380763745035
36296,80.06983339988653
95639,42.9446344610757
50423,34.23149201047922
13920,80.00728108435364
8458,32.76426523251705
51026,73.90627608380451
40103,83.84484960113261
832,91.23279761413832
69312,31.745600975371193
3261,71.15030888480632
58687,32.98065753907496
31480,47.89093637525603
26949,47.392154692826125
20143,61.975217769665164
11805,63.993369219440595
16149,63.54565263146961
15022,67.82243622391684
94814,60.25535447640765
6389,79.08315872909455
75196,32.85681435867357
80169,63.756534076276004
95553,75.00439548666296
46798,40.82775444907382
100177,39.41543621219274
86560,79.9000835688513
64830,34.90367674687386
44056,59.924513163480356
39231,65.7750405659298
30613,47.8992684111913
18322,46.574080314896555
33215,51.08193010353833
79783,73.26894889014298
9577,40.96374777407584
90940,41.340768310914534
101547,64.77369562785252
61111,52.934618599807266
13640,65.44364164505251
79012,60.14876992518265
72937,52.973323479950814
66743,81.17297415243817
77405,31.773686266009108
7174,62.03658256060973
44569,73.02322131000861
84144,70.8587030013084
1818,62.34128412846869
8148,57.11654853839242
41916,34.847326171190325
93659,79.49080362417416
96957,45.70435544373294
43839,66.98666163386333
38048,68.38038292581003
58629,38.90578603005289
89380,49.87847148995438
79860,68.000912314461
22125,55.803025507836054
46845,30.667720572254453
15872,17.539847288045443
61708,66.2944587513127
51916,77.98562518223986
11968,80.04984175459626
4961,75.0804775983986
8549,30.668938538304392
34309,33.4490648602444
31457,51.141944001963154
8050,66.42248935625152
59488,79.00920469214199
65896,73.4418184974841
71621,39.72155330214752
13842,42.390283773749175
84004,49.73174514594281
5675,53.91521334416622
92075,63.083175490715554
23801,25.08279736818792
87611,76.95889059412104
11868,33.19182759105869
27411,55.05306221277439
100809,41.94520229720504
1068,47.20085897988559
86021,63.61329405459369
97705,86.03743636049617
84822,76.65197092903054
102058,50.01412004539246
32295,37.037122922718915
19214,39.262192807609225
8822,30.48587157538714
68006,30.12216719551161
45670,39.98215726869355
41815,27.86738834579103
27702,70.2288106704917
48091,77.30073585817907
68025,64.77547718154965
98685,50.69339989136881
26867,13.259948670005876
33130,39.91255809327576
93033,38.975898513410684
28409,30.816075618936935
97750,29.018157875006505
32716,41.21023940886051
88377,32.73308825288001
87899,48.763686025440954
45390,45.36325763612157
55993,56.97603012367518
81905,33.41414617085564
48403,69.61448924002543
39541,56.90868671749896
3997,32.440907732936424
50599,66.97061944023177
48078,72.858473044364
100602,83.37344458878655
79666,42.14941267341241
37611,31.9771087323855
15231,73.45828192713631
51276,76.84952060912293
12973,33.3607887070386
23188,80.51066448191327
88061,48.96634757867423
55130,78.69991583254108
55029,41.38855457189218
23885,64.6694222404642
68066,39.84700488058146
75352,32.86944025046437
48058,59.972579656596196
50288,67.04647299052941
50879,64.05876996607077
15714,27.795287112582507
18869,65.9864934237525
98165,74.71148316348342
58070,50.07224114778438
93199,55.15696252377023
37434,64.7856804007846
83089,31.26778199955363
98898,56.342209874059364
45632,62.77325310251324
8348,78.76271241631741
21419,66.9289032130786
26342,45.390039883868226
101405,47.29192753063016
91794,62.99159616464178
18112,65.19817124820216
86497,65.77959429037531
64676,71.22230701702529
49766,27.834065530466784
73683,27.3205426994546
101532,53.21461991095887
90631,45.72499771153911
78107,73.97714223354635
71710,34.04656957702997
97293,57.27106047068152
17230,47.023306166405476
50706,62.9328688946391
89841,74.31046269317483
95973,47.47402421916847
70727,57.1915965440722
17213,66.91208559639543
10103,73.56853101714657
87160,79.92695413531285
101950,35.125788169344766
28995,70.09837191383227
23888,40.88711186785537
71797,63.91973191765996
82355,42.00879515458211
60656,58.667432129699606
32581,65.17015452227571
37879,72.26343260291398
69658,64.91618248091717
8183,77.24983494321535
11976,58.81394802279793
7559,26.02097580448696
53556,65.02331680185736
81860,70.65113243039575
27939,35.42533017541244
59102,75.04863838972429
85000,63.49354782282818
80083,80.48476539705942
48713,54.01814825681237
1547,49.17085582601125
90629,77.1123769040042
65375,35.2037524039251
98539,63.803410806817666
26284,46.616394173102115
42153,66.75082601630254
5816,59.93205391169637
38103,71.92929202979704
84028,33.08256344303065
95015,76.62883656289873
39210,29.495198078735662
63007,83.1783606271052
13942,70.05337858814602
36862,55.055770120267304
52995,32.36572679272109
40798,33.73560163351512
6557,32.15044166341366
74693,60.96823159613279
24647,31.19541173957198
86333,68.32353869000826
55501,58.96177797423479
84789,57.99032901684389
795,16.56903072919222
41802,28.06249871486875
30922,58.143425059099535
51199,58.87458725828739
58981,74.34722932810391
73301,29.88296636409447
28843,73.88798650998663
12708,67.18570866327079
45805,70.35438852377314
25363,66.1763469276232
86391,31.963546117574374
94675,31.870857655166056
59424,46.304982910315374
4272,67.92071916899567
50931,15.659136856653763
112,63.04345203554359
49678,67.10754189939078
31857,79.9568801800161
20110,32.13953734710858
33573,30.607719049540744
90863,38.72673448835683
56502,76.72825948299275
36055,55.01054836452819
71546,83.61853602207862
6076,67.82806814031281
7025,16.05628516633029
90432,35.97430702473752
13864,41.82689364078494
64556,60.001970295248526
90548,44.0322976171643
350,9.099582441319093
12738,61.889456115393074
88832,60.32248292569296
31146,66.13020039303937
47481,69.45117883916811
5810,78.97488070970785
21177,78.99994814073551
87966,79.12263650753418
59742,57.38005428910117
74272,53.103542881253084
7429,41.10714587603216
20284,82.4393431582919
15211,40.753884723547245
98473,65.94770984520046
77394,40.8154699453915
49257,30.21767060960899
36212,56.03436710476733
78848,34.006349201401065
7287,67.76308616693615
32807,70.21771081800581
87508,65.78321457294392
93358,74.90917037719174
10259,38.635093322950276
40129,48.99086036470911
99653,73.30119265203841
65796,40.11292496030215
72210,32.97295824067549
27423,61.04321691765972
32256,34.148757765847904
25098,76.04599331108247
42753,57.29357173005347
26749,81.71855197206992
64771,74.38601497531685
21054,81.0185926931542
100294,76.98946251010182
14504,39.53608031553128
41110,26.650017322524494
58154,65.86161389592267
33915,76.05674810578594
61256,69.8704570464226
75526,49.196742216661995
34557,63.542920605942896
14041,33.32216776942612
65754,63.865698259820974
43381,31.479912013747803
20025,20.941796943904166
99300,82.40770186763214
56990,39.64525286087652
61610,80.81753236454836
74812,31.696072511757784
27894,33.88971344661216
19843,42.00763703774436
49214,65.66503143554166
51076,58.16099008389488
93758,70.61563928417624
11739,39.59527204774984
32357,37.802652672847714
40542,30.066383790339465
45456,67.10188017786857
89393,73.10806987543214
96386,58.57860809630616
20885,49.32979006565969
58132,59.84005297175939
43025,71.96321329266826
40583,41.32150835521699
22612,32.10506525401324
56118,81.42283135656606
66700,59.491953695171944
60847,72.68328579384828
71114,61.55912335627793
52246,62.07208810946843
82508,38.97768755141511
1944,59.02885183072103
11299,24.098181279910197
29702,51.2381739688951
44885,75.4153852779027
51459,71.72276410667934
3081,30.99017580567791
80360,15.970536256563719
27098,80.47134425097119
15138,70.84403310532949
38764,31.17661063074383
86150,62.77898574077484
53619,45.33130651633912
71007,83.2531288511239
56318,49.01938140236477
93542,48.6837245541649
43805,31.852097959960542
53500,65.99343376877042
62161,30.917129341068566
6476,53.02302096995962
16436,33.25515244331707
83074,50.51038467816106
45273,62.01864151018029
13030,33.43369357194674
6424,65.00213334939
9835,78.70934890026338
64742,69.8371866729563
57834,81.9991873535862
18374,34.386296574433665
49744,80.90770220714916
7880,42.79874741936483
20287,8.90508665948946
33189,53.756767498952605
81040,52.89333098064076
4600,44.16769240687714
66962,74.94048534546968
102490,58.44792312189453
89086,9.432841871914789
35081,40.8691925552973
70566,64.82327260705603
38097,26.222018582950497
52678,73.33366616458335
95998,96.78970115648764
97399,37.70899320113356
90125,61.73870550792067
54621,38.66234745061651
83182,52.055762749868975
29035,69.81293531566769
82925,73.10607098337746
17166,76.1085448718405
13923,79.98330734600258
85807,71.888929614485
67031,66.909416446454
43924,71.99197076191524
89822,40.48411491583355
79903,63.761263189249995
75083,48.03505067098469
64937,71.87294541462867
89511,69.79176958793184
23245,58.28053482310313
56915,81.01231403258222
59812,32.04650733226111
78379,36.10013535227431
43976,69.02367450347295
39140,34.549958556556206
59937,77.90983535645009
4011,60.86458585095339
7180,58.179201280071595
26102,72.0271895748684
27281,33.066878063243294
93691,73.80591577456443
63708,39.88019750118182
53119,34.767532436897675
50698,79.30117577971689
95227,42.41343506508161
7239,25.13698010744176
21872,42.25725611307585
58763,75.97938325720193
16361,43.87928495166757
9680,68.97771930074481
79303,77.96572939365541
57177,41.354650472892686
88698,78.982176377923
99620,41.21838051836797
65455,55.96148161077846
96140,81.86497869845742
84501,53.828100509851346
33045,32.45789950332502
63478,71.80159112459995
4963,42.849839291555966
39167,77.93337328654792
73963,49.05291396794978
83257,73.06996745841141
80655,69.11926835493222
23992,71.98167411342354
95885,63.97676012954554
24064,32.50343090423058
73743,40.19351822287328
62418,59.02278572265755
10372,61.72562185366314
175,41.92130021043002
66357,34.18213686267404
38358,69.98336692369267
7120,47.536419700105284
64796,61.344796456101946
77289,40.101205358793905
78638,42.887223262582246
60182,62.87752683161472
38123,79.0926160140452
100475,47.65348910416326
23693,79.53329868182959
72921,45.07174027775885
540,69.04570854248809
5319,65.02846967723659
50138,32.66381782227503
77582,41.91982704452202
85342,47.21619555016693
99850,30.652507481969977
25962,39.30170773205618
5581,75.91443471635037
70864,65.8406048145738
68164,42.1362891249896
15720,69.86026323990593
54671,28.660767000645436
72754,33.580369878818274
12117,33.95816711049536
32163,32.740852071170316
6936,47.50342391638988
101567,68.0386601728178
45748,34.045233697561955
42240,62.88285307554281
44668,73.0178320643048
76828,51.4749975544518
98763,80.42613939466204
52010,15.61773776536446
83884,40.52137342715731
61552,67.98269982925919
28081,56.43059587153672
83332,42.71673386677628
80854,58.04803635989023
89906,75.49683743540382
10148,70.1489603384214
33118,77.84316939521881
18591,74.94650568214499
13697,65.05673151101927
84761,62.823840977363275
35159,34.11039495211837
12154,41.25963355191702
86295,81.14128956840344
8244,47.16885965277553
65417,69.17006134872142
95869,69.41129220482841
51226,50.03402778751951
69584,70.22378395924193
59680,27.985303089338935
76799,83.26539408711452
12286,47.682889500757916
27767,44.776738887726296
55090,62.77793134854984
10187,60.78446208314088
88521,48.204584953872676
38725,72.20272104194925
102484,52.11403085772852
15854,32.60548976078771
7922,53.578198847027735
51723,73.24541798580836
23298,69.12505593848385
52187,46.129815131098894
43237,78.2323050038095
82809,34.90439332011217
37014,41.336634542579446
7188,45.828512199721516
101525,79.75933277732477
7717,72.02971528569256
46357,53.91881926241716
45164,82.40486444645272
86695,50.90045930829918
52496,30.989941659796834
67887,32.126785118853896
70215,37.16306059558673
85837,43.96727757797653
80003,63.52288042494732
84894,49.029632043084646
1728,67.02403611847413
81257,64.01037693373382
75997,34.25630024186018
22183,41.10647652315437
72287,40.35248149208563
3392,37.00793972284344
46054,39.81620783756908
79063,65.68188946943198
45291,39.32223294905176
93343,71.04964670955692
54509,78.69196012268102
42060,67.00666748684729
61413,75.1473312148056
64682,62.00937190026581
86580,57.84795724492823
32798,59.73514847240335
21536,53.93826268442055
47912,70.95495679189585
18592,67.15670997491094
69095,70.95098896791097
16648,34.94610910252941
12735,76.68950692353796
30886,75.01716299182971
21260,74.3859232140004
50059,36.43575374770596
75890,70.37865211548521
2581,74.54306333202035
7131,40.26253645953716
60943,29.518096498048266
43687,73.76175633954912
79545,46.538019604131534
102156,83.42419728840427
2546,71.69535816979622
1797,34.4423912114216
52765,41.11596008073926
99897,49.906172093246894
46475,68.85547296640556
50518,71.67777026762155
26467,71.93332228144811
24504,46.73062002477481
13399,80.62495541609084
14490,53.02869914387441
55185,74.36741337930812
64628,70.03759510672782
55848,48.00291398966608
70500,48.920712843733256
89259,26.96549156011845
9199,41.88421157715976
86958,46.795544766799566
101593,39.99788833984679
53366,68.42088662473849
74140,30.91985909463163
40154,61.92523700959571
86402,34.13493016578515
79569,22.57512186554337
98314,71.06022001154452
101813,32.5313564849453
69843,74.9663459047296
22226,27.809058505708165
92710,48.961027894540855
90588,78.15055717859418
14329,62.370651367094496
91408,37.13556562781181
22111,85.9762688481103
29669,46.41611093739045
20235,40.12199057710568
35108,75.24727347328042
4815,47.70474678961494
41630,37.746681583632935
9212,62.61602539242746
11535,40.74559054420824
41205,55.59880686461135
22680,33.954032150090484
58710,55.007784054156694
94436,30.453794725000677
9062,86.07993841824383
12230,79.3331614208881
34374,21.978346740756574
96845,32.07708022904781
88075,25.182283100809286
71981,69.91098761382324
34936,43.18649613226313
53611,68.96779206808978
26275,71.5991729104372
102027,34.509509207736826
78121,62.99081499670347
3673,59.92406449564221
16803,50.96345937275867
43081,42.235897883169706
93755,61.54854012559082
56480,67.86928109015061
19547,62.91484401767292
15930,64.17820812082925
54896,33.68794919050889
75710,74.05496756923034
29811,48.63741440759429
21291,32.18391681704209
19493,54.84143464787338
45311,30.0674327648857
82812,34.23212146642556
75672,81.45921796169722
35216,41.47707102816403
72172,43.487622145406
97993,82.26078457685301
96460,75.91876006264593
89863,30.444659226268918
65264,68.90545463837026
75977,38.46783628474743
30354,76.98229586492351
39796,64.40805530285196
55366,37.61376942924714
6992,78.22917183700666
82777,37.97620514225617
22303,66.91109479757615
44489,70.45780412621679
65027,42.16619333148305
48926,41.92031484963323
18403,35.073277407550044
99011,78.90694455349592
59819,34.52924341821099
4831,63.91349070664674
2954,62.86121443141569
21393,57.93164093860422
60000,62.081391414339784
13290,48.47996913892035
64435,40.711258540065074
14304,73.15909418153984
79006,57.307010208826334
7580,28.20930243243502
22524,33.396215286481684
41451,29.956702603883905
34007,76.58281789268688
29285,76.02758838991045
29622,69.17570846466924
55036,63.54053103043189
60309,54.02839280292674
92488,66.21980395040976
72031,46.98121738164604
76647,63.54125292554605
86645,41.72438693280882
4337,55.89582676015207
35400,34.29721998935574
99727,31.172256521662437
90277,76.83467517075492
83153,45.00663082818736
56764,30.94519485524439
59823,54.0419660645441
6552,65.14046850082937
56288,49.956708182031115
39578,37.51099541368767
86717,70.08473389908086
78904,37.53444727422648
70067,58.49102003532866
99486,67.16100215630465
99112,60.16665405189426
48409,33.021481074822724
35038,45.95520709291891
13323,72.04168157826959
27808,35.040679732108245
76138,68.95524365494701
55429,45.010594398106335
80835,54.035798719174466
93892,51.41436194514048
7724,29.351906121416565
96090,71.25535858982926
52554,78.97476155656801
71243,23.00989297414627
23040,25.394909496643194
23941,68.94694818894507
58327,33.46444381121857
88047,29.899728188814954
6975,71.42836243806664
15074,44.99962193955641
17277,34.02132335186834
91602,70.85353563902278
68055,58.95014702137004
78970,30.350021020941632
29204,42.06987798500862
83497,44.42952300457287
6920,75.05237745156381
83823,64.93140905640908
12967,26.902735930527022
102214,56.09390906489325
77752,70.70702552869287
58444,55.75762362369338
72401,72.82679450817844
24964,78.08495868519888
8834,34.85636432301997
16476,37.159762265605195
31251,33.1661169747643
48943,68.4563575229914
8287,71.11606881288029
44510,66.06862021764339
101112,53.04875466107505
13912,46.74176155018214
84457,68.8691286999001
100562,35.89923966440325
54185,63.81859334397076
51016,68.99026176137781
41442,72.26531398005096
71538,6.372082926502742
49057,72.68217120769344
29616,66.93211911460295
51736,68.7011727493798
89423,34.032015246278824
67104,37.301670407353896
64762,75.4708362443767
62091,62.577289336223785
67569,68.9844797627812
69773,41.31452534958061
59779,42.58721834057826
100527,27.093951461409134
11109,75.14180356690264
4731,37.173681287937676
78822,80.97973373155037
66056,77.03113399939707
90131,30.87676159475175
69917,33.91603324848982
85979,63.95543629730184
93401,32.14662356783484
94920,88.16283031754789
83761,35.24907326798005
7911,42.65657634548435
80689,54.482340971864474
56422,75.05049349169646
1979,40.822605910962224
82229,43.63165259108143
100801,47.29073640317943
98068,42.540149829387666
99646,68.02695239964285
3685,40.74832016424222
1323,51.474439112201864
73977,58.91511119245278
85071,41.675466843817034
55425,44.96168375714866
30418,34.20682579839122
94049,79.63763358373751
55055,54.06221129323326
1551,54.82079554131144
82845,55.71544158658979
31697,47.16159727082977
49939,74.93244662975758
65089,63.930439187060195
74325,60.36090980055786
41244,68.05871050027973
35683,70.69398977906201
8957,88.02205099976433
54272,32.319429554126955
70557,39.28476357296073
80833,71.94003603232701
54653,37.85626391153352
102347,35.127655926891165
43947,77.57012874602808
32625,38.25693187653275
3857,70.02317032838636
6035,31.40707021508647
27496,51.88066564020553
49065,6.4360123585929365
70234,43.525839766281074
34748,59.980671986168645
36498,63.13608350696961
81292,42.3432499077542
39295,40.88810086673272
70787,37.81207652433087
74686,35.10489480879962
68044,95.35554484744652
40918,74.31570553123274
85018,35.96850348560065
29138,63.25389820303131
37553,77.87384334792544
40148,57.40760142305447
67256,33.650066898284386
84048,46.4172878963363
23682,70.94550355580816
88019,73.99322330896126
88886,53.934614147154626
2744,78.80865500758622
93205,67.26014804025235
40958,56.566132588308726
74703,72.28498949709218
11159,51.99556221640431
64475,44.95423180508529
2558,68.9819666909548
60040,81.26580403526404
82674,61.62413435763267
3339,70.06965227011756
84292,81.16348076629464
36488,40.11062945126257
88954,40.77661337825775
101131,11.884913261565622
26006,64.80775294706964
28469,75.67102624985655
10237,41.86899547650367
82266,63.6554792767069
21610,69.28225122375036
31320,77.74609354956867
89339,37.9896342161965
4075,83.34610486304778
97525,32.23667529388336
47953,77.1342785552075
83850,54.92373825825416
87465,69.21998373133474
6357,82.8581021585303
81555,34.84504100042513
15436,54.727891946255596
53507,39.845179218417805
3891,45.55647258418513
8692,80.1933619268059
22009,82.45772778294598
11777,64.96076525167446
39014,72.03701684873964
64522,40.32037029613158
49153,74.03899830658597
84819,59.04964158469277
59948,41.959532131996966
54901,78.88819692470683
54051,68.78262807796695
29464,65.70259793582917
95883,41.21350927355389
82891,24.107131760296728
42864,61.24008964979714
55742,56.13799195991732
10803,61.83493415770826
62398,38.54248370114924
38080,33.467751700929455
89954,29.239823913701468
70993,69.99199437862183
71391,44.31264192200301
6837,32.82247354802805
93246,67.870268557274
45083,62.81586722433475
14220,75.05814652224566
98326,71.68621200235077
7056,86.06037179280602
16186,49.879967490786015
21318,40.06282954884512
52454,77.78623814324396
94729,32.15541779737698
69269,58.42556632480539
52729,34.27600979512228
15677,82.06554917223585
42272,69.9622377200732
48389,28.504420963575942
74285,31.767538939297115
82323,40.47970792084675
40338,73.03775561347089
7742,42.05976193675981
16914,40.57916665605531
77910,62.9524029140005
6042,63.018786860393426
36323,61.94293050559353
96323,43.61100711144556
60904,30.901708131642902
86135,56.98531337020587
42141,69.29974283054787
49123,48.615941357502294
64049,68.97974628865413
90755,39.43853494258663
27002,86.72869167538192
71145,34.594649122275214
39946,49.00194909527347
40817,70.49457917702449
586,29.06565812678911
59547,53.69465670185003
61935,47.80030896219586
18195,41.26249993145238
79546,58.16482317954677
75302,60.91490280714143
37938,31.360928197376424
37336,74.01175513097742
62951,30.225451354264045
75643,67.96118114781804
53006,66.0544154459353
40939,35.51031020705813
32488,41.23836807312146
8071,66.83284676063826
62718,27.256540958566248
9631,24.099849277796878
10333,26.156760181159612
33388,31.938472147786587
72788,44.95675375180032
98609,40.02109849695472
33870,75.04110362591675
89199,52.939758072670486
8829,45.998036948930576
81471,56.12316850477646
51006,74.89883916487355
5851,71.89161270862897
88835,25.821785859163526
57802,28.61983065054165
15870,32.799774504939045
64086,57.93101067870304
64770,33.121907010002374
25469,42.07710349159173
2473,62.15200612573675
101293,72.89152620375472
11779,43.38227229415439
90194,75.08835821197823
91972,32.16152829631855
53327,71.6316747680801
41363,33.1326972257344
58524,33.83015557303682
7345,63.53145179042317
57828,62.22400943933441
58613,68.10557170114933
53381,21.86301405854022
88183,65.12268601667576
15916,67.71329863453226
92259,42.022906869469146
76222,75.06491720775107
85620,39.04003711104937
33890,37.96273071795269
55041,39.974167066154955
92227,73.93995255086176
41583,66.83618042845998
89269,80.01684918319751
13103,74.0225134585437
7349,63.50486056862553
90934,57.09214073530616
54658,45.90244459328942
73153,55.09365101731882
74948,13.382334528184387
93871,70.97865106398672
1369,79.35289554839869
16902,42.03226767418359
35658,63.132757249424984
50521,31.984518563088137
48154,57.64607753492187
61,32.68293314511889
46759,67.93640535773716
50732,80.49711506731074
69928,81.56613699310563
17480,68.83293896099863
73754,79.06847302356296
97228,56.826825371788324
21268,71.63893499950555
20371,60.2154507157229
90145,39.73884589556671
63792,76.89504074804582
76114,32.777354489848946
70899,9.540380211439821
46122,58.070106212251915
101357,67.20419408287592
102447,31.592265932466326
58566,45.03162928606388
25022,67.24621819336488
23581,72.88981448138148
60329,69.70719804356511
74867,64.87146660330109
88612,77.02677917370488
78620,67.08638351041816
80128,49.53648129569217
73218,33.142836201178
14102,48.94015346872164
6551,34.22237395255584
21272,27.136088210167554
102589,70.30778265541167
51658,61.052225557530534
23025,41.48139425308953
19607,39.77348647647286
37004,27.03698790265572
3098,47.64488797980381
29382,70.09477515804662
24348,79.08683102799819
20895,42.930509194105106
50336,65.00654024031974
79657,41.82693851658081
11326,46.0082642951955
76758,43.13822994453683
50340,35.83677041308522
41069,69.02861323458762
12557,71.8182341342675
24105,40.77007814282049
36927,33.772829091332554
66436,31.80232246536397
50053,73.92217792667338
58618,72.31518945584054
49299,51.89148982546034
80121,56.984969874050066
34851,57.566018035952105
76112,34.647030784265425
17181,66.05860658880741
24122,65.91455782936994
58503,33.75713915145227
3313,51.121048803516715
99557,52.02233943972818
57176,49.73122459299608
65223,72.38780855591838
30448,35.25936123545946
57878,32.318300516658645
57543,75.5242587913182
8142,52.03879249513146
60034,81.5809167626729
94547,64.64687408192958
12662,51.70497222206339
4110,75.77524712591625
85201,47.83752488190012
41533,29.439109197113808
83141,38.290420727489646
47189,33.68299812295509
1626,31.62885748475525
16163,52.99240654725658
98529,37.9015649968265
78898,64.06109115125058
64960,62.351610876478816
22929,70.07831989817053
43267,60.87936353151521
16767,63.77373448079651
74645,42.62186409963938
26802,76.15493952072805
1448,36.531330989275986
71962,70.73483111078446
1429,46.89104441569604
5651,70.66793140345733
39574,55.21138880648428
94981,30.3418881365218
77448,34.97749807029778
2159,48.63356086432718
57617,31.541041364088247
1553,77.97610833158393
93685,59.051666757216694
53806,39.43414953328511
51660,61.90921674607741
36520,42.92651664879736
21405,32.57843361995705
50634,30.99271680507379
87031,74.01274028159301
72462,40.716502554614834
81226,33.32864815489483
51021,39.08727423500378
24477,38.97954902713299
38296,74.83294149446368
31554,73.08585828814356
101928,37.42999825777576
76417,30.43270495914488
97972,36.30838474009364
56081,34.16599161086694
45157,57.17851433700246
41918,28.7049746455725
23892,39.68272661969689
64686,41.83108661401711
57986,42.42902044351585
44241,51.64628316791374
30924,75.20826596359262
100994,74.00236678804839
58036,86.29857685505175
82451,69.17239346035865
1029,39.48129839785203
60481,30.339032127712
57144,33.001483948495654
44198,83.56448950813177
69361,58.03553925244131
74754,74.9636948110666
55601,43.731663620143074
94186,64.5078790477327
60130,41.8690831361407
21023,34.55437803241012
79293,59.96162156895892
90756,9.180507439227643
64277,48.96827680205655
71774,53.320697676274605
99846,73.01127111418157
84840,60.12748506917134
10829,33.3536510051404
70041,70.01772782236387
36915,33.24944775120308
68035,42.55372214983855
45714,80.97370331749639
73503,64.87229972451587
21899,64.23878131135471
54162,41.24953082028469
24715,56.92469762138387
6974,40.65607742214024
78544,75.3615294866107
60580,42.69294986713845
46421,34.528350810664435
64741,74.11807541278526
20949,30.61504362237195
87351,40.76717538806557
14543,64.1110331345432
78884,42.81147362547139
86479,53.21820749459687
62317,69.07684981929128
14698,86.39436671860237
72062,77.49171166823098
67435,79.35813766954772
32590,68.18482750452478
11262,35.122551341837216
58328,79.9087608819784
60119,35.37296016495573
15030,25.252984963048377
64383,71.02022254229618
2456,85.74705727480227
8121,62.33819842534298
75186,35.67401624071761
5477,29.413665452675843
61362,65.34430233951969
35816,45.97008618931561
20433,30.86039947857987
68940,39.85932883975262
24143,47.65623199368011
62574,78.9436255368928
12046,68.04235147666188
37130,64.45209628549142
88869,74.02161678128044
46252,72.85446663075335
27079,31.875507996846544
55483,42.46971373282214
57849,69.9608074736039
74963,33.119934621922624
100940,35.707156049641405
12476,70.4949013043522
36377,64.96214885917374
77498,36.17576650554537
101724,77.57269802160408
14692,84.1368606832616
54765,74.91149340587286
62886,48.81253723109377
341,55.13832743810761
73086,53.86457865762999
84484,74.22906254067928
19013,47.97160168290041
48819,31.641246750548124
69048,35.41545735889862
80806,73.69673188787596
25606,42.81843536545201
96378,67.29542225519725
51679,61.101762674560554
25827,33.201572133483324
71735,42.17222689317926
79804,34.28606941455979
80820,33.43486806908669
41283,54.148448257671284
76673,39.35253931198204
70005,79.1221394044203
88269,76.77767127084743
31370,56.15851608737772
53045,33.49702672402785
61204,64.8270939817084
2814,39.47382987405897
77871,34.712758114188986
22756,29.66550069787241
87049,60.10564687781766
91657,32.89421761792927
78723,19.01068159979164
16222,67.10097732364619
70702,71.90675840914153
50129,46.60031285882318
47313,34.870540142629096
51948,33.94354611146766
42568,67.34358843635398
60554,57.61499317602116
45213,74.98343966590537
63759,59.98780301778632
6568,74.918568576827
48793,42.45651635602308
184,41.52846483888976
16562,30.958922322106837
92895,26.079001676917976
81007,67.95708140508586
85267,28.96823214368422
3740,30.976137461122857
71918,19.291484922047513
60970,64.69055085544979
62623,50.81669474018614
61779,44.631460254582805
23755,63.96511719247519
64116,67.14203783194486
48593,66.0618833521624
48745,45.68493434608801
7100,61.55692765575204
40954,72.94157357421494
97644,34.71406069056801
44771,80.07305451835981
15722,56.131791563845695
84114,69.08658497054141
67007,35.006828366633236
88527,42.055850660583786
1918,25.914586401120257
70109,41.674556608191324
75268,53.4806491233271
43602,33.71932752886265
9187,67.97578028134745
41878,38.253062477551296
16475,49.85555889596192
88031,56.15071776076469
47568,68.40516222105282
13088,31.265612013388946
47445,47.57517926421231
101383,42.055327045283526
61197,50.71040297324096
100451,38.83971518137118
30315,80.54470924578996
22905,73.88855907441976
7007,23.33065330427265
3294,79.00815033194439
61344,41.022659376743604
25354,73.24051282712736
92410,66.08948860587078
97443,33.37854779910337
27185,83.1926712222348
39446,63.82009452170783
82198,47.000598407981606
84301,82.00759838488986
59718,73.96710238788708
66718,61.270766227287574
48052,68.87205536138521
54337,41.97618846612465
40304,17.96747452850691
33562,61.737194798225104
51786,60.69276414703494
97370,47.52512588396695
38261,38.059703583279216
37371,63.969541157240705
29325,68.07826988932396
20363,59.842439970843785
81910,53.40028964730678
55401,32.49198945358507
47118,63.51527588079941
23697,31.649809565417325
52448,34.006739953151055
3552,76.22047962324804
10226,59.35467833092669
61327,57.028189859970084
45112,63.97780659700073
74006,69.95702640546116
12682,34.36984131678207
57941,52.66901974675831
81152,67.85861285579534
5798,56.552500742899625
95276,79.17788083136779
42304,31.912168754830038
80755,50.56192051015138
50483,60.06898649305183
92864,43.81479911314353
1145,32.991353808376616
85416,73.91113680422572
87870,58.154412071241296
62856,44.354727918553216
72589,78.14417670113389
68944,32.920969833231105
47001,33.4089237796881
80632,71.2106844536756
46842,62.45489533121862
62097,33.502393010659624
0,51.99566588928387
68322,37.13794483998538
23701,40.850923506833595
67188,30.217070695263583
251,32.166091199065846
66464,65.98254784848021
30142,33.21946221847563
64784,65.25607322179566
95389,70.92786845163812
78455,72.85773868346035
8526,37.83795574157178
9377,81.95990546441207
73937,41.829274257654674
23371,32.1670283283408
86959,36.73215248553182
99599,68.14204235888667
7450,65.06296555164386
85042,51.90005696163395
98237,68.851108783118
81595,22.984575573610407
51222,56.995175874597436
79025,79.02296060366332
73125,79.16328812624658
33675,41.16837428013585
93227,70.4231012793014
30776,71.00022227344019
11137,61.98796887609851
34101,43.66585810709482
13982,74.04847753441902
1185,64.86724469973196
78194,63.900450398248154
16686,42.19651802605349
34305,57.09126358593021
63753,79.01790553687319
48690,29.701750839286703
22407,29.189728336776366
33258,61.68022736435027
30490,74.42497716590377
46185,59.145428829558696
92960,38.39746909665084
83527,69.57802492114642
75194,70.41170999756386
79217,25.20833731297595
80787,47.75173800402416
87412,46.6327122419046
46598,70.19199851576045
31864,71.07093293655879
78033,37.941181952640655
5402,51.0254455858071
72476,34.90625755350584
71778,56.21051247518038
54567,26.978206432618748
7244,81.47292579676704
95714,45.403865746323426
96741,27.549674304377266
20954,54.60743110385724
54963,49.93360020545891
20903,23.983908418756805
55302,75.01995289862809
61139,84.05546062045985
101930,78.38294115868996
87341,40.51753877985365
74751,52.205729337604545
88321,75.87189536072938
81914,82.81786186219188
59929,34.730628208274354
36180,29.778360465346257
12924,45.69189717716657
26289,45.0382647415838
60161,34.636679358151056
68633,57.85073441687203
94126,69.369018387388
64033,35.90825236026509
59461,31.385611606033972
23624,68.12972623354065
4670,77.7534096310814
92392,24.348899142649977
56655,52.327549920855645
48612,44.98438284918303
72391,46.99220723068027
80053,35.31142858547827
44260,16.089452210712388
78243,70.3301715528103
49368,79.59224883895504
36642,61.71482030454988
54147,30.294096106238758
16479,74.04781548931254
74604,30.885870405234897
52524,70.71602612705232
16546,42.02426612099258
97487,30.604086306318596
77368,29.326660957765213
7062,52.847798122850115
57574,75.92634859544864
65101,58.30580750080384
15220,84.7895734854317
47596,25.073243436960066
7157,42.89973461050969
81489,39.840250190332
64315,61.827992977594846
37268,75.62289761759087
5781,68.95965973268827
24654,75.19906442468827
55616,40.83729894760127
59333,37.1838753779771
64173,68.94883864948162
82715,39.84522712912312
22372,77.20133784057218
22597,33.38144952276928
7808,85.72400284984593
33698,72.25905523088065
41488,46.32904045959632
6693,73.9306042233433
98410,63.15433626874093
17316,73.14374762275904
22573,76.99721935456671
100953,47.27357415309627
8881,50.86296858897178
28924,32.73565845801259
852,42.55024294444266
49922,28.270484110426832
24889,61.34748445925737
42998,72.47831358590396
63774,73.35869111859216
29169,74.91851872885826
22715,34.74941007276878
22129,50.96121987444387
69396,33.62788633049987
64058,30.71468175571613
69082,77.2936984916465
26763,63.63096784294592
78603,77.0746658680062
82768,72.37236473768712
70046,54.732893425375806
3054,37.73853080845751
45812,34.482577669377484
58319,33.33268133315043
88845,30.95843588234837
37825,70.59436367016343
26995,47.04325856879302
34179,35.81680847959325
40684,31.6653229831274
66401,33.8314288300922
81048,58.43809245209658
23561,53.759992284368096
59100,56.96826593141987
62557,52.022064450278485
19583,71.04137978294685
10601,78.06267717878899
84265,34.555079703865914
43576,70.98132237458469
16422,37.54837188372463
7931,26.639806696588348
14125,74.95617600015837
74366,84.79548065805008
92388,61.02506686260307
21065,74.98599504247048
13527,60.22237804824524
75563,39.91448659963757
69130,54.038722253888594
20050,66.21225541694321
14195,89.06379345447195
41190,75.3750872876292
71256,64.90076526447855
68270,38.03117589498699
70387,63.98264768937347
61165,72.9515072423647
53368,70.75750354928441
50561,65.91377804895174
34560,61.74146799403404
21304,37.683701050778055
67243,75.99460968955873
49014,39.21953665761811
51163,68.02853268238377
19716,85.95799551373884
2056,27.438613851471764
102404,73.0914608478671
86596,41.30373965403603
19108,40.09397237939451
19106,44.80955106921507
96775,33.8789069130986
20933,79.26195892161056
56448,74.22298012939078
84408,67.86745661892252
95774,39.85343880950418
6478,38.80110648295759
75128,76.44285906139618
15935,41.19365740816788
43649,64.66903588430642
7112,47.75755432186003
46785,66.94341108931027
91057,73.81484995687327
34663,76.8670643120039
50136,51.83158389438549
44755,50.6058640336682
89101,31.529878902150678
35925,44.455039895676364
101012,56.35039370871935
7478,48.032129966594866
21788,84.37205812590372
22381,32.03832444863181
59052,43.07195288304653
35461,24.081327073544834
96449,33.78205005237924
9390,65.86813766810494
2782,74.02702845139305
96830,55.56363198363356
1637,60.70310843198488
52802,67.49752365529997
77460,83.46547101603196
50029,35.99227983462943
75601,77.17049526519463
100754,36.42253858030371
10405,66.90278715535595
9294,31.939243485735393
35133,70.02642342450434
72306,63.286377909359004
87756,41.15791331177235
47182,58.71670224138258
34916,31.817746986291112
18016,64.33165607550697
62366,33.411638191232775
547,76.8710149972158
79730,65.7446797796344
98339,43.83979046986598
4501,62.124943058422645
17951,50.078601688427014
18720,57.68766050519427
83710,57.265693518181045
93873,58.63965904391041
98037,32.92811534712524
66517,29.551561864882135
2828,44.99269996435469
65811,33.16725173132552
42309,68.9365525500509
29891,52.83187509384553
29255,34.499376415148255
22841,79.42704294088097
47061,61.62463163748879
92290,57.449085143836086
27479,29.548531372687282
19977,34.48551195879661
44747,62.98339791316017
46236,68.99731318558705
53561,41.3840315365007
56548,60.974312633071065
100008,39.0577102074208
39439,23.486820834544247
54691,54.01801896023359
36622,34.24789357491214
52700,62.67002364772968
85323,65.15169992402417
1964,51.599897895744405
77040,36.81804621518548
23223,59.92071574361956
14573,42.89283882852586
54524,26.4548150407335
82712,62.668115702099016
58952,31.69815784548988
53059,38.75519296007078
7127,57.93357689058027
20097,77.82954953415646
40999,66.920100692382
84076,64.08403519086227
63988,43.50961518368956
16859,49.51882747846608
9948,30.351704198366065
88340,33.81444451438495
30415,71.54772214301593
71893,55.766475835728386
50492,61.98634722966996
98381,52.010397261028814
47520,39.722299070277415
71278,56.80741160597286
81630,32.493366804212954
48129,48.94017622215988
90651,62.66180345406973
8861,35.207186071887456
87232,32.22688750048555
57787,33.225748623479056
54207,63.757776150440534
12143,88.05958967201605
18183,39.49029193420832
97337,48.033851410011096
82232,52.33941181395823
70017,32.216239295670924
63277,12.204015528031263
60170,32.56354514863362
86166,55.69580508959063
14946,60.76085134560543
7740,83.78037639520792
91942,69.13114448208572
7873,76.88668181558373
57277,48.57931070493589
68354,56.03444573274342
32264,69.82175578897426
29178,77.97305894694674
40730,33.170213615402226
77797,64.06936301679536
73780,40.16089716913432
61396,33.2320438519212
17054,76.14068105906412
23816,18.00811060763994
72175,33.55153094728987
4535,42.924117778950674
92365,55.05171648122115
22473,70.94966030658833
9026,73.1087348250129
42264,27.336567622002804
56963,63.41196560193697
31529,68.62942546971085
40741,66.01762825549855
37361,42.60872495246106
5749,67.34445704183952
44735,70.01915126225501
30228,54.4082057206103
85858,43.364561415209714
27187,69.21256002632461
5271,66.95091288733346
46531,77.0435212160013
79334,38.813644771111655
25245,66.1323151649101
19039,33.09310476142222
28991,33.34641176242929
22927,32.90848201479871
35933,39.07622214174346
27128,68.00774405541881
29883,85.36805856083492
77070,26.273110229398846
38798,80.56599812672033
81771,75.85215746920699
8654,36.956757438188234
100095,73.21047119098677
13483,75.07254522397524
21746,54.176626367938965
92166,26.94973624596974
27829,68.64511088685941
85413,67.73100378748282
45716,63.929086620172455
31722,53.14014839972122
89528,31.95066726002616
59442,40.068118136164756
97069,65.1947142516838
90356,67.18296004987315
73696,52.726225837049924
15412,32.79862945730845
85973,29.728163514827163
25029,82.39679130286052
6461,41.08292869639199
67665,69.04014857873635
46884,24.874014005381113
1917,41.38124134023727
53541,27.77392886979617
84671,59.131096612041105
4886,64.95281320289538
49831,54.470667563844046
50660,63.5101986952719
39170,59.25399893738026
73852,73.09176312473693
39203,61.6387207114486
3560,53.04034193421827
904,34.6498231673934
30022,45.14777900663906
67239,68.72022108174673
48076,32.524032948369936
42626,53.6410748071346
81117,33.42706847320702
67039,73.03047581741228
60230,40.17658071988665
100546,41.90637725437798
57064,67.90095444507668
32062,40.079413876994735
4516,26.883228255971076
36924,31.46009457486122
2206,31.03858186775264
36398,64.29920598694417
8391,41.260537487659306
77658,59.91325039295225
84834,33.11010813130828
30449,49.25725542759195
74214,67.05560155323201
24553,56.51727596892688
17440,91.98023823399643
99357,75.07503656510136
29327,62.02686327412819
16592,39.75076095272617
40560,66.07987940694261
2179,32.69583089075188
37651,34.76043883297629
49802,67.88849275195184
70612,40.42998903473229
55690,40.319348839852054
66442,63.90059254149972
101852,34.18663392004474
55332,34.07781374271117
30194,66.08683343096003
47687,27.444388313398328
71034,70.27190836354629
6052,42.73244405178703
36291,68.84282588829097
78431,59.77742456031753
77785,66.35261131272381
48332,59.87593802053835
38452,36.719712754521495
99849,61.09552960739272
20827,70.24454271950866
85026,66.47056151379604
25419,60.06906929871337
87807,35.58122419471092
52161,76.06989839481895
31182,71.95819730356814
86377,85.0081982686387
18953,75.89116923319443
28795,62.11640151626737
89664,73.46238734900729
52580,88.89745802569348
65286,48.516791403902346
27955,66.53873184366395
18424,57.4210843611893
32335,33.51233824250496
70632,33.73133443913696
100679,56.323256297354746
26384,44.5367035705123
53982,41.565708341305395
80355,32.1772637907719
77089,59.16244437793188
22236,32.311095308714094
10341,59.03978584324088
5242,53.82034121885429
33598,37.595257552715225
35109,74.04971137811077
11622,33.786318116065544
14185,46.90794907117348
81405,71.703257646559
22555,31.804692469528266
32162,47.4659070606998
39906,35.03848921896599
78146,70.22389541191964
72583,49.45387006623983
94033,39.96811738300755
45594,29.201719216235976
4499,74.8081481711744
47226,87.92133996862093
61918,25.816070719820896
32368,65.27739618180057
46731,47.537799622981005
66458,42.19638551629807
53206,43.91138266255905
16413,56.064444833814086
5922,66.07035757935759
100362,72.05940430581231
22199,61.0104227183905
77944,50.04928924958281
37210,19.939640857060972
46617,38.04567666457598
82351,69.707967619474
15570,78.83930497663309
98376,78.81681397631996
93001,54.57116064715614
88921,43.736973929919024
14340,51.19681305083711
82964,73.04449606777584
42337,70.02376650270725
85972,19.17607680564339
33411,71.05766363466911
41808,70.79569574547838
19377,80.31024539940401
40167,61.66189455420759
33540,34.90769487679767
48732,57.091130855017575
56374,81.97849133417591
17074,78.97162431871081
6690,52.78442062281232
8651,20.719393015261822
52972,35.84521837078883
47929,75.13520354083515
40026,83.20901791546868
63689,85.19629631728648
43388,78.75718693249306
44404,74.38204538046388
83735,73.00548494033711
33508,79.36000698155405
6290,47.79155423599657
20720,35.27051091490345
92291,20.75257139019229
25926,33.06337220281061
60231,77.97276796992523
60434,68.99851540586121
18258,35.21418631537002
31713,56.74618921049533
59234,73.07375225353351
25904,62.18392331636527
31661,43.13579793085717
63347,65.71239977072892
15523,33.923650065416126
95825,45.48528283607193
46535,74.28612555783155
102396,69.12887675323594
51972,15.701132425360314
1011,36.338126087019546
53748,60.25611342736812
16951,30.703267915049256
23157,71.04653425204762
31880,28.88456287828064
76374,75.05738787464585
49830,34.10145162930873
14570,68.87694259933383
1322,73.00155152999304
39248,69.78924847097517
97403,41.51708726877744
40956,47.87013272531285
78976,70.7686150988605
22688,38.944334468929725
56411,70.44445237115121
13800,48.30881624825927
23482,31.418445495746788
53990,80.20700932493082
64366,31.308177903309236
64199,63.10823737742458
91937,59.883472955527864
9900,33.988620532678326
7507,53.63860738886085
84065,37.96607594826901
14030,63.34511477045854
82670,42.38971697948479
33723,34.507713408819185
58913,39.44320529499667
43962,68.51818957625525
98689,42.90285660319111
58719,30.798391491001354
46841,52.98218142311035
56293,79.13534568874866
39895,66.10753715333274
48999,73.56177702093882
93487,68.84494632257312
88728,68.8799401221269
29769,41.672011084020106
62528,68.43888120850004
2163,41.697465858651455
75815,80.82709308085191
33234,67.79527515232155
62106,37.53742092769276
15486,41.11582502967112
65134,59.48676741101302
86225,33.249361979177706
16305,51.02708931373216
85133,70.76946699681699
94354,72.08868875170761
76298,42.22873200197853
102320,74.79784451712992
27361,47.14940169301287
17940,67.71668111245208
10510,23.5727652760661
77133,28.89788060777208
60178,64.9679391459764
18303,77.50704601536464
72116,49.98058644354751
68600,39.086734039932495
67271,63.898514623148095
14095,70.23671061742803
90910,76.18038541227506
84569,33.4543890765085
82289,82.05791443740827
47082,79.09113522322045
62734,33.1462947435539
61121,71.22758269019155
32731,75.13287942328984
67787,28.7979123779463
53944,62.084850609214946
24592,60.247940380609556
88423,21.115330255598465
10888,62.500393779514134
39408,34.019036841543006
1161,72.98597753782761
13352,45.03476218491851
50600,70.9994810166792
8063,42.514776938586664
71466,62.32026542509446
84676,32.293248334489824
98177,72.01804306648387
20601,79.00847892994129
22065,62.305672157148535
24639,41.25145785875525
37197,32.60181866202859
37457,43.80349047368868
41433,59.78220991915326
35481,78.97611404935196
74941,45.02788524308204
70001,38.11486034148245
95919,32.62226097769841
40143,56.20285794056092
96389,68.84462619024148
49511,67.56934084176365
9263,39.97229935139345
76806,79.43075210910615
51797,40.148299941421335
94541,48.12625010586986
29850,72.92324940747207
26912,40.86717436301924
650,64.96876382625923
5743,63.314149584315444
92202,44.77413277248214
52961,50.730225790630584
60934,91.98031893939677
71351,31.455028898455467
41788,54.03350786405312
26906,41.01731076913198
24092,33.04238876671585
75267,33.762246240019934
59970,63.93304165771586
40471,63.035910469883476
31903,74.91623368275641
59824,39.8699153309401
75076,54.06201962857685
56412,78.2935784287709
84882,61.380064633896225
18067,65.0924240445461
83383,68.98748019539927
24067,35.325726263249614
55440,45.644350878831254
53647,31.515913768739523
82250,74.7147752688966
90816,21.03913262985847
85156,39.892395301990234
75702,31.23134837618731
30980,41.05598344522399
8352,52.03595761781314
39103,82.79094947733667
53618,68.1009300248864
52379,65.04539437224281
80346,32.31488220233332
42499,31.37978958187483
80977,58.042332866951014
56208,59.6750949131621
88249,58.285319896269186
39372,47.76126207972584
48278,30.0484203475053
1778,41.219717665146746
99817,38.52041676680054
39780,37.110922699511704
30391,34.8829134237896
23233,68.99278966432591
100246,62.03725384860292
64838,49.83900413579435
68548,43.88573411012453
86172,63.182489246231356
28139,53.308321171343366
67199,62.16412545916786
59994,33.84380869772391
15915,72.52863059448819
81311,31.934110284654125
69833,32.10192886089119
48622,65.0472022972066
28385,62.863094301209365
61796,41.52999860463413
24487,41.38818552057698
84504,39.759889075330335
31265,47.04817132848057
58451,55.4354508582704
83946,64.96703888286186
35510,62.56644594001587
12352,29.91937158977205
58835,30.587033097524102
16439,31.955479653116903
88870,33.62276831169919
58562,48.18946149733059
70758,60.20549843674919
81725,61.294210964517276
81216,61.9065626338236
63189,37.907162006213575
40205,32.958211398108
3133,30.894759845907476
86063,64.00262996180378
47188,48.875455494272465
51184,74.97358943764283
29042,61.94266528082808
73520,41.91709256375316
72343,68.81673292033238
10031,61.90133491039526
27627,63.96681594130457
5323,54.175163111755026
64348,35.8706351055931
101587,41.19310986430108
42379,76.3455727545081
66324,54.69484382596836
22045,79.94383418999794
14521,70.9200135011387
70482,86.25682122478354
49804,17.904933387127667
69519,66.0329899031299
101116,69.69319984043486
25968,64.95849083355839
55862,53.179633336419826
25308,62.92701282118276
63836,37.02616478399866
56414,61.40956664798134
48877,42.22247644935928
75743,37.42362279738998
102590,37.07233295485347
53231,82.61079147629192
80996,77.64243939918879
99332,66.30456596948937
97610,37.82969440694034
27015,64.05446921299912
12102,33.28761646252557
52870,50.70452369528934
63932,72.1101580236984
59759,40.7311715140433
241,60.95934263459961
39886,58.91871649497217
39365,37.687462366795025
59932,62.60357576196669
61478,62.53610449614155
13907,39.99877888873272
15970,43.0975651792517
35781,34.696592231490854
84152,44.151267428296805
62025,74.54780233228288
80730,60.30859320563261
57167,63.063584539681315
86251,82.98924050071913
12193,41.019017447105895
89805,37.99284900434855
18353,67.63263058160138
79973,61.04293739128545
16115,34.206789817476185
11045,29.073888052075922
57889,36.959966326419604
95,39.67773966122119
93195,69.15209363022905
56870,85.34649448509563
82310,70.11851905718643
33599,86.00430884246964
86420,51.910089408279404
64495,47.50466517246561
17075,34.90250416262651
9908,80.40648556535798
2005,29.32174926310676
24141,81.53822063372743
11740,48.632131521655225
46756,41.661092037671466
95657,22.815958374737775
36492,58.00320176664617
15762,38.37100774570029
85701,37.46983468580736
63880,67.83653819119706
22695,85.03337640576703
76098,82.19862570126301
45746,82.54685440025185
72766,40.05889514082052
9178,77.32992611764246
95704,96.4967523826432
81374,31.110919167068367
6831,73.18412023983237
85252,33.35049126295304
35475,56.443076359111394
33243,31.98053698410909
35070,74.91162627256797
32739,39.590639722528785
17109,67.64147623508762
67832,42.346726111218814
72675,69.33292294971139
34471,35.541547543974296
90857,72.09227458572376
87420,39.91440841054584
7490,70.97732354073948
19029,59.33748743692598
18896,35.15262905201085
32476,34.94400813854372
59801,40.96904353422203
54000,32.986514431324075
15071,69.98231291915783
30956,63.062564099221355
18787,46.32282595306489
68369,64.35588077013719
12373,56.98177554468441
62125,58.856338877865284
59874,70.2695034785915
77694,24.258889329784054
10568,84.28111821596775
72075,28.968551873053418
29387,73.18187278769403
80990,75.01096353229173
64543,74.49554101310545
22457,79.98516495247736
55022,37.718544920539784
40750,30.192020831877496
38627,70.96709069035632
23607,32.755310470254784
53657,40.675336731519266
85058,73.93301091419798
7510,45.158615618261564
28870,30.00844770136719
85375,75.16049444198336
101033,74.84775334344516
97175,65.97172193375246
58559,71.073240485609
102102,60.742662094440576
28715,50.96811075949857
90338,40.99507468236699
23136,35.88902784099594
12848,40.339243672562674
34844,22.095199591231875
88398,38.960391222253165
17384,72.51413984189514
72229,32.963176167969586
17906,57.99675626103031
16959,57.01957768120081
19669,92.31052982913681
19495,50.03253143420419
17530,65.8248175664391
85692,64.74962283896969
47937,48.68068664784527
65870,70.3648040618854
81519,43.78902838288204
44375,75.38703595020273
41189,78.00257989467181
40854,91.1291556023182
101120,39.078826456089025
44350,28.119453955459456
57435,70.86677282526699
74185,44.70119090183627
92665,64.49481092149993
58925,71.86457129432337
86260,32.20099392525262
70197,73.45441763328677
50967,54.25708198099568
3395,70.13330374255032
3763,80.26459252735452
40017,39.55177918762722
94452,67.75686176145746
89180,61.17250965084494
54931,55.18735546637845
23265,67.76485892160471
67731,58.10417138502148
29125,40.64980277327868
20045,65.86190002058737
48127,33.120179748640275
88167,95.4894485299659
57434,38.74176689624482
83700,30.14583493766333
6182,61.82272079673585
43968,81.26349162552582
76359,64.01382911763366
7,67.02049802038954
46284,66.04263542002687
31493,57.12714307346913
64532,51.01086928012843
95961,83.2784436907899
66529,81.43388245395394
63632,77.17412523456116
67449,79.89253551385085
97520,30.97408189690786
13285,68.82263212249038
69148,39.75977932485784
66988,51.11842518740514
89598,33.70679337693992
50359,82.05164414783225
65091,34.31327052722137
30479,67.84629711005394
91012,69.92009523363356
8649,69.75680577059998
43536,32.33835997587308
29104,72.02852492283596
95286,37.60398876550241
90107,78.92441047210245
22361,56.44528114511638
100245,74.30667556169615
40101,31.54423913711146
47987,71.4562430132122
26901,72.04796574529698
75322,74.96058868791451
10554,60.9869029220282
66777,42.41515188107937
59521,82.40847947733329
6209,51.25049177796506
55098,85.80561585958932
98404,67.07684685549313
50530,39.11025473006879
68251,39.0041654051293
62285,29.967196158988887
39749,78.9801259223951
60998,66.64428672317864
87457,84.57412598458205
93466,34.30568649527676
75638,81.9771958830523
677,37.69239891756557
29339,63.527868221639096
48291,74.33873378736654
51529,32.82514154497531
70094,38.386793182285
7981,51.0832894098585
68803,81.65792275529142
15393,34.32228812406412
77481,19.02385333791709
13276,46.41097459919646
60275,60.08901980989644
53138,88.10846123392042
13522,33.87603193150257
7458,33.356188770982875
9860,65.00480960809831
13275,42.84765031941516
46605,66.874636030723
101878,73.19551213103568
7599,47.577580469242555
3545,69.8452683042647
56007,40.181767089653604
14552,66.03777370786901
57619,66.79512816333711
50391,30.974308108215176
62425,58.997627150868496
94434,75.980631527941
20940,71.88742999872392
50771,66.01400666567065
7085,46.12712634769041
15479,30.78236780026238
28495,69.68100249323362
98813,67.96749968328226
90218,32.198712324233455
81310,54.92325615175294
21429,80.9906203081527
49288,43.955941409336276
92749,75.54138922438852
19778,70.21476445833946
99744,30.475345543879243
64609,72.05327680045615
81952,63.83128574762442
5672,48.99491485712532
72350,38.34187896067657
102015,41.88789019312367
81753,30.08668679446879
65165,32.377141689155735
17509,49.93436730820571
94113,65.09660791054449
53151,31.67090297216713
76749,33.092107945658135
61682,68.38378151889209
42680,74.82695475201626
44127,63.846119782951085
90724,63.218981797278005
40690,80.47540877583074
14089,65.05084526273635
88447,68.31456682066906
27996,31.868286684492688
21228,31.177293264695216
45110,52.921951485782735
16239,30.85569871895077
73531,66.04276467921221
86159,28.84001089847863
93751,74.510747262356
59372,54.988102127232196
8214,77.63514670489394
29142,78.05947760087435
41415,72.9718262493008
49327,58.98925053603104
66300,67.7144472182008
27152,67.4501102932216
38536,80.05146731663977
83594,34.17925867591475
98345,82.34078716175645
98666,62.78520755655224
71523,71.05343022594644
20701,78.48679816003923
55020,65.37976487959611
85009,58.8085017407733
44973,68.02361412824351
36015,78.98927234334863
26000,77.23346079144086
14496,64.28526936255878
65457,74.9211563563295
82490,65.90466761561609
80850,32.89984532772572
99824,55.25272532791748
52032,74.99452670657837
58941,66.02774021238395
60976,78.53170639558013
36471,64.91491512391761
68001,68.5782135823483
4614,70.94208584756541
9724,79.18290762922305
56899,72.71546954427049
61758,39.76334506921876
92002,77.02161250994389
11160,59.04716790912403
84359,38.85923730275855
9261,12.524183474221985
49498,67.27716503413069
22078,34.816552814131384
46942,74.95987753983741
83381,41.51185657085583
73589,34.159049946756745
84304,71.88819724403226
11655,77.53196661272688
57638,71.42263598637419
11514,75.15695025590344
63262,64.72107888512464
84623,68.98169221699989
72678,14.130303141896697
24871,72.92821016381154
81733,32.040112206282664
36122,48.4717277737026
57141,55.24290628852373
46069,47.980482308732896
85667,59.683121912521
66905,70.80187141940935
52992,33.010553838347455
49552,68.89762525337073
32263,62.68771601195884
72902,19.457434053234508
12284,31.458142872498073
29832,60.860266862548684
17908,54.31329547186016
6708,43.9941394740623
21729,30.08508053911319
42602,71.9828760191347
46793,41.869885204001136
51409,45.89684987111612
58570,60.9788676546169
40666,59.59706822066425
46716,67.96706768685647
73231,78.86024501701745
79269,67.0478184620278
89313,28.123530154331572
65174,68.86571179850901
52532,65.30585781358306
93411,47.806305519632744
65221,32.67188136309564
30294,33.78484743134347
53642,95.61664800961128
12723,69.23395106515324
25055,46.73140543486721
27192,73.7462868018099
96084,42.55979055209297
25198,53.81163301045287
32735,68.16824752362369
76286,56.077488247899666
92776,64.07519745624185
53116,60.06708631675617
45111,32.404941130435915
82085,70.97962842790865
35562,52.917657224141905
77028,41.27456896348202
19604,35.74008106346037
9329,49.54125718915013
36922,3.094759356436011
6942,69.45951462868129
79154,35.62081526069722
99643,31.664959940965286
86686,45.5773178873216
98027,41.01805073866002
48212,34.67813893334547
89225,45.66804981811744
76366,64.82829180668153
78940,74.32694619824576
85037,74.97948336471917
31183,65.1099680867754
41166,72.24946758784048
97107,42.61226425904006
91840,64.88083775163287
13839,58.197285427917095
11962,70.1634948409285
84699,64.80065787230149
79799,67.05375981789533
102029,71.65974205551741
50650,77.91304426390093
15037,34.99186951180577
20469,52.43671238864727
30896,64.12558377957794
75217,24.949560227234915
90840,52.44123189645453
25192,63.27949356613288
51712,72.98893955225938
14546,38.8108593390418
70322,55.04891015743561
19408,79.08068143088815
58699,31.157518525469026
5896,71.95870043764779
36389,80.93999104425427
48071,76.86367033767434
91004,39.06774294390612
53734,55.75845102196339
68664,70.86859755587597
26204,61.045938918198104
96013,31.025847910917587
78273,41.089672847841975
23488,36.07638850062213
71167,57.06287136636099
32459,64.80762931560794
10014,35.943951689807506
68385,67.79787299838438
30424,74.7852360019723
26518,33.15351980249045
12959,71.82047038941437
70139,33.88576002701499
25131,73.70421509678192
30973,42.681902922496484
97262,56.85637762564965
86335,32.45333659431082
63772,39.32032754543039
45071,71.16586605111559
28323,50.24608831326686
52938,58.27142186773712
48917,25.077538981687596
54699,79.59575326898432
56834,57.15372312103818
91441,70.31646134694668
92065,46.99153310835246
5769,64.9093497602469
28480,78.37279404819424
58455,43.858659576714594
24042,54.68315817072093
17797,39.414119207325264
12022,38.70984679809488
78090,68.92250912446485
32061,40.122746285396865
71877,84.82563680405308
13774,82.77845250236291
92669,33.41348222420142
93249,66.8053660392283
61895,54.341142629396096
79051,26.595450860223572
73703,17.729119239073075
19817,35.48318438708173
38230,70.49822909801105
34180,71.08612408114323
12340,32.66315574526259
44079,31.863985965112757
17060,32.28416268269892
99382,62.987433157888475
83917,64.94711981284419
7516,69.88759467464939
92187,63.051297874113516
40244,42.69460811803516
89768,47.485268395185145
93042,44.005445089044876
72673,49.00679369574401
98961,79.07442120433686
83516,40.381727784939585
76906,31.489615414745042
64963,42.96047670933742
99949,45.15408277826201
48363,62.47460821352094
64868,74.01668287151153
11136,40.751197255171775
20887,24.576753594355644
89326,78.66643274899712
37558,61.03939949611237
100243,75.02874088389603
10910,34.0481005394961
1746,29.92607040609285
23496,62.928101629262585
97002,76.95170132997569
87192,62.633334080297296
47961,76.77899244230017
19338,43.957082545955146
73163,67.14090222628984
40905,41.75458979604502
8001,45.24664122972761
98360,75.00338820248669
12390,37.42546343718396
35556,30.563811729264454
88319,58.027927142385096
16331,40.46815940222131
36256,67.93448152271229
100086,13.715670378621358
98852,41.6625632966191
53107,51.53153800676719
5564,70.75880102327147
16825,91.11970765723993
59687,80.42438605434646
349,48.18281027341086
40800,41.63185389125428
72436,69.3788762033657
32038,32.959330675024965
93688,40.29190198057043
93808,71.74457113918933
79503,63.5134080685934
13780,63.47040769695761
87251,31.241214131900847
77020,47.32760193528591
26004,25.935916725889978
67907,35.40997368642128
101868,72.18534090001434
10985,79.4348851582092
74194,53.72685533754617
67631,44.2592675249385
15746,72.60705751315496
19925,39.63166472575532
32984,82.00911931042288
5366,67.94671549796644
50653,75.92178262840731
20096,78.98969405290154
3323,47.79355619298919
79851,55.78473494627444
28785,35.008606405050415
7130,62.48121803108839
84150,41.619728783377845
36777,78.61594013747867
35338,51.82793235888445
3783,27.994678403986782
94175,25.28824990507856
87296,35.08537852484629
77897,76.32603301484531
69597,42.98294269081921
56880,72.88042857643251
22185,33.41113486074664
65215,43.80849175539828
1648,69.9632532141374
12827,60.891803474788574
98624,71.92993697281435
72158,59.06387236791467
48648,40.29449021489324
80358,62.79138808710535
3958,42.51492536215783
43036,67.05596205937553
94530,52.625950515489535
48222,35.20562474932999
25813,62.958298858091425
62179,70.38864970612187
6775,30.923898898800946
25989,52.65523546506086
45315,64.9951362605562
82766,31.650610387282597
61279,42.94223675145217
68144,37.544590490885255
62803,70.00133732115103
21355,71.99436678738195
29539,38.08350584562308
82320,52.70048007826452
76372,67.53495957560006
101640,29.076615125915872
86107,86.1754141868967
21940,74.78571781467357
56715,31.296060643097242
44160,36.74714466888667
67928,56.86020075593441
101977,32.87476148817619
28035,32.96602932749016
60279,51.59434406552488
50395,50.74788926037547
93178,67.79260110397627
31558,33.3032271241662
14407,70.3441289935677
16985,30.64063585330908
101669,78.1945875816977
49632,70.8911587407994
20965,63.443308909659635
55242,31.726522818423074
6221,40.139650425673366
95887,59.01530669811794
29857,41.29156607071448
13991,41.05393097221632
52857,43.42382718064046
52346,74.02992783556962
53959,35.20538070051733
37612,67.02428957966549
69625,76.98568934609818
9830,64.01503649982368
79928,31.766089699629514
37942,69.68012083512423
59217,32.64844237188672
20191,26.063213096899485
37718,46.94607855528379
43887,71.85466928139951
42174,32.18192609814617
14842,41.61967605013274
96349,77.89390845243923
65004,74.11030296924972
47489,56.89055235095651
62053,67.52747267421209
73336,45.82674684111291
3462,32.73671534036633
17999,36.00757174253855
43848,73.7770549933887
82253,58.15872031411801
75447,41.46751516288863
2125,28.635230607956476
54423,77.01294597896103
34541,27.57983565066065
33462,62.58227278273368
94190,64.98421174995693
100879,28.265344578001333
100264,66.96867078302787
1091,33.501541448507474
77054,63.54663673964428
31076,73.45386481651596
57977,40.03037544361546
22724,25.06790326624634
34790,68.05200563728584
4124,83.10342340573575
6022,33.19819094538372
59077,60.48711581216767
16785,52.132189447412784
92001,85.79041460700785
17740,72.20895505532968
100125,80.95333513511233
43402,41.710617151381925
34424,59.684310749110196
58636,57.84715104396172
43979,62.12144192819278
98866,75.96019395621823
15180,40.44232485108152
56400,66.91280243749662
45027,65.06700436079157
37763,50.354068969405446
94319,39.885799199862106
55877,35.983904289540355
85722,39.97457842915331
10326,50.33838412301227
1645,29.36631296802446
29319,67.58251666932637
26350,30.53622946853759
96529,48.030764399862946
90034,31.107896349394608
90800,67.75756179246417
75733,70.6386009385954
45222,30.991617752493795
33323,60.888155410036795
41335,54.18673962033435
12813,32.58372725825885
43343,78.25485028282762
93739,56.06559752441734
8265,62.92443247962035
87603,32.97202799827962
83234,49.47217288916125
19961,40.9257568205563
48596,35.731534157910176
87231,75.68563981941963
66040,35.979379208008815
15045,49.645775622949614
47247,79.21186735106957
22703,69.13168129665432
19058,61.77395620352409
88301,27.3239931661344
54126,37.666196659384454
12908,80.86402932941041
97981,63.04075237870155
12032,35.41932480342052
39125,33.27307653176289
9077,36.24914907905245
87781,37.03557088823144
10056,38.642517124657175
30972,28.242664855590434
90709,74.13346635034384
31593,63.78762516190854
19001,30.605148650612122
12953,70.72410067636315
38853,96.55823244120518
38500,74.94475778317081
17653,62.01406349114444
49886,88.92587143940037
351,70.82173417721303
419,30.93380871618682
50477,15.955750411187147
79430,63.956427107400955
89881,68.30608089296933
78488,60.665877727820686
99743,61.16826674665855
89771,83.4372535332104
78906,71.73088405112685
68176,69.5671687858806
93067,51.626494080277524
62705,59.56400705934483
48365,41.21965460088934
32137,41.393340769068374
58581,66.59503747334446
1089,55.97081265270725
32732,71.89615774645937
47320,48.590308256301896
8801,32.817000450333815
36989,37.78967700614942
6303,71.94421761921447
12303,65.19083739287652
81840,77.15396290665129
10964,66.78117875048211
9620,33.98778020046253
52283,63.95816339703798
7320,34.720647655052325
90176,40.153464740050566
81426,50.174059347781466
13044,73.93518303448673
81626,80.47927090543972
36891,34.176435826637785
69960,52.23158125856147
64863,73.96035673146702
96291,50.872353845938804
76894,82.83245950746723
56820,58.62046088179292
18201,52.15366987636277
45033,77.54850405377869
11714,49.712977254453946
12212,32.64826970109591
43486,43.797066523867954
36378,59.96964582304486
24421,73.05810204906936
83252,74.09073128462884
68928,50.97333404764981
17865,78.09150232894518
98973,44.41463656159932
75689,76.77521194416862
41928,31.673380466585137
38792,67.01768694555065
99487,37.08158392342549
44596,58.04476973726151
52742,36.86536350629916
35046,61.52325290564475
67308,35.19556381962017
56526,31.146058877256444
54751,32.75194116582568
49455,30.031856570855346
10209,29.89600621821781
17857,40.5435212177005
2851,21.046846048791785
15163,64.95077949648817
19626,72.10972948927099
27100,40.890434120728486
34910,35.13531074147626
14587,33.444792955804736
91287,56.52220657179673
99291,43.484168412918244
35743,76.26927666549527
99730,41.634478630820084
34659,41.34721440874356
65550,73.97262953330431
98010,29.204785336996466
2095,77.79554070397612
71541,62.82350844733102
19230,35.64352936057669
90360,56.062381172621755
14430,26.90430438671659
90545,57.00332730759807
45981,70.9927796884138
95541,59.147366513782764
75190,66.24307751020191
63326,62.9569585433254
68476,67.22383132346124
49193,68.014649127446
93430,63.897919814222824
81383,53.55217223889426
98455,39.994725686359054
4249,73.07675947753336
80340,78.25034422840216
61215,32.343580282287235
91729,80.04455884933154
10731,37.843391121954156
64459,70.24027312797682
33798,46.52112177304018
42189,37.10864892209367
22610,71.92648460294507
76821,32.95624395191458
13595,44.383649982063154
21223,76.94669031096768
89189,33.219466055413065
86248,59.95345678047727
14299,73.94562652209456
25632,72.86241418414508
35897,40.47773898215935
28155,63.77768493319632
3287,72.65821964650928
25405,69.64031420719625
80932,65.88699910504495
18243,40.34171002387001
95572,39.67038168025395
10662,22.93856103107118
83821,55.36367898290004
33837,41.86919733024601
1396,49.08270874174221
51654,49.14682056221079
81282,69.9931830941844
35061,35.3126128688315
52462,33.33471505980104
86477,35.1177992674581
81213,38.872571427946674
73956,58.88876334969841
4235,61.97513185508721
74385,47.19969182961421
15863,39.00179456697712
62941,73.36261192374957
11858,69.33565310011565
94692,45.86251603868698
42976,82.40319036458463
51149,42.314916942049685
96539,42.24423404305685
83285,84.88593135447344
20376,81.95511700790746
98978,45.04226626054286
6991,41.28747052828524
35625,32.811167946933466
46465,64.97627715539582
84204,72.59280349668691
54647,35.95740341022206
39179,63.18403959872866
62239,70.57463853854946
11430,49.87956493301405
74236,39.897082471444264
48544,17.378913208062023
85818,34.097592653723474
47402,60.45966688778813
95315,72.55712259858589
32682,36.17072599138047
84948,29.97389466176481
33322,41.91810339315511
5444,54.00901287532109
53355,74.84522376465804
95101,57.68037211071284
37952,67.61211755758418
9519,79.24176885069332
87872,72.06585849753475
17070,56.832563266035734
50416,42.750156312245906
37716,74.03601394709546
56228,45.92271757540248
68208,23.880091048917137
85654,53.673448741718055
732,41.92821913705579
34164,33.592182592081805
59592,67.88724980160049
48653,57.37426971633564
4292,67.87528290761031
9829,73.54349856564971
38711,74.90612525407818
34713,28.9831435192972
40901,73.8777120576367
43102,74.9256463029395
76059,61.383708702537994
96197,40.515294471785396
73632,70.34690410150193
95392,32.702456363458815
13574,25.320167637170844
79060,72.05052955991613
74690,47.00726510814019
73857,65.06970387180365
64038,70.25311270382265
25121,81.46606780169728
38343,40.83968082450536
30740,68.94871373632492
36266,70.66484700628308
65508,39.21693389258281
75606,70.4084637520933
57228,32.75845939729927
87600,35.05706710210252
62111,78.88550606617866
79074,31.036846312223297
31555,32.694694676729185
4979,41.92608444879722
51354,46.87707355130143
38726,48.514170011095565
1241,53.07417805598476
16753,73.01111949430224
60582,68.45787207701713
61713,33.45551168883075
85602,38.985630403590754
70207,21.62190266861375
27305,48.097021379763675
78462,71.1269733851727
99384,50.85180151805488
40681,32.62282820051257
84355,31.547392466710395
18613,78.93300790809036
10199,68.73619747086217
84375,42.86804542104709
4665,13.546835495091173
8344,71.63492760033068
52409,63.008255851797344
36729,30.09736088131905
89239,79.81736912853506
83840,15.112827938774075
68092,85.12532485081572
100007,38.967114357272905
101380,47.90210210382862
34037,67.14425271110511
48535,41.89672722041544
64948,33.76583596762556
72298,62.68954122437016
65907,40.28808230238261
67564,57.998807993537824
34698,54.01263486484625
39954,76.1469924143782
22423,35.32264158434815
2160,33.418412174843446
80102,62.96019030458389
29039,76.85839606283153
20445,39.905345781325764
67128,33.63568541613328
90008,34.22091146026288
32319,57.861221492232076
56320,72.435647119007
89416,75.00607974026349
15485,80.2720970365136
68586,61.272015293767495
12716,32.1710432229953
20113,23.797827032884452
27241,72.90998668823016
39071,55.185545880195164
22351,42.200135268062155
79246,71.0030207859746
68522,66.96319277493117
59195,21.196837232037904
78327,65.92290190769057
29580,43.27535275877325
58577,42.85391047515996
64060,57.95596250845878
29238,76.20792633247285
117,31.30596515791928
80044,67.97871236601728
71758,54.10866900159209
59419,57.904376004664385
14276,40.30875843661169
16824,10.9886616398612
28178,81.00438764886653
64373,28.257654017450868
40827,36.109320230109795
39592,77.95158582438924
72716,78.02263380213752
80637,68.87277650877886
74979,70.20984315886318
82496,65.82868546539505
71384,60.85405401900662
10331,61.64851354864598
53533,65.20634521471999
11179,71.05153770363535
1496,65.70096738131258
89810,68.8985781216863
85060,62.37494059496843
94768,58.748662096329895
39911,41.224996311757785
82942,61.30656392986577
87178,66.78054729222823
20499,31.680053707177695
14732,72.84910510616879
18882,80.12193924403522
73989,31.66960772026183
30856,63.47087434934694
75835,41.77921443983763
13437,31.045746517088272
86254,31.112251884545934
44368,82.45098742703163
15978,39.438129259104656
97688,51.98590865577293
13134,33.71224264167879
90031,60.06215553246608
7705,73.97543655055162
57335,100.0
100342,35.945390560370676
64171,64.57322717531497
41468,66.97744715009065
69589,28.790083440668923
36905,71.47542349296671
36671,58.22583556598647
30078,32.016567871925545
51025,47.936609415091894
60761,46.50066562751204
3646,62.02470206045665
8840,32.0103201762981
95269,41.70856169899967
22410,80.09869340852185
68302,10.672905689127532
89187,30.394863046690585
28060,75.7262427203118
101754,50.47170115314558
21890,62.969622188546914
61787,78.98865838110873
19009,31.218204343408807
73983,24.147990488573107
47728,63.911024777993504
100576,61.64406626910463
79179,75.07045305798218
2491,78.85353046338737
54672,68.59945012690574
31955,81.28273559520431
10174,81.12346323012571
99134,71.50857691998775
89833,33.07905574458455
92962,67.05252204818305
80227,56.98450586255923
49730,58.99048662093195
36249,47.856419848565224
84199,47.233917271410206
82544,25.61293297111846
52708,63.298507923753576
100043,39.39156503066603
30499,69.30743168545837
62716,27.97264147002602
18335,27.34379328582583
96319,35.198560201378235
61964,64.15650219053481
572,42.264225879682996
90200,38.06750633342935
49007,60.96994256631577
90791,41.74283203200113
95089,63.06091996842152
54104,70.99452109713991
15047,78.81231533216601
36096,33.25279091000537
1904,39.40115870295328
101541,73.1800676500473
21751,64.86588981483226
59402,74.7886220929602
102276,56.69780972511284
69403,34.937866249546744
90937,44.067174474982764
69739,83.30858807052374
9689,36.74959607852363
68537,32.70490048569068
56463,32.35078817409328
25041,86.38162665378988
6811,31.521100401707685
554,66.60652498129087
60684,39.86317685963468
46379,72.0629066999341
35818,45.54118147939595
8944,82.71482978723647
61905,67.86804163534549
59583,80.42717357096421
100122,70.07110218874328
47664,35.5083344759973
101748,78.90834764087145
97137,40.18744944950805
67090,78.9673315102072
96658,49.741348617710585
8703,42.40098523129571
79652,69.55877882201867
85096,70.04976304686734
75960,67.96329987219193
22996,34.095431307630754
4218,25.08662725086381
54310,41.83792051757979
95728,61.8217115466107
11650,41.477579437655855
66066,47.43958620632441
73252,27.703470439677826
27269,58.02047910259507
65858,56.87550014593221
92063,81.85607290838723
15212,69.75325758884657
40016,31.76000316144789
48013,33.50547832135355
90173,65.99089484091088
43705,58.20384960096714
100642,68.05127909024242
70981,44.68934087276601
83002,58.81684294530895
66103,65.02407500782186
27723,67.96843538843981
73322,31.532941756498378
76522,31.75475428169527
17977,20.099302201356295
42930,35.58014555501935
68031,35.54690810474463
21711,40.0910950064506
19023,41.00596180988016
51518,58.82828044982297
59429,49.1605533352852
51250,43.630809357051675
7206,86.15128902011443
10398,74.1269140745965
47508,38.66342097278846
93544,28.781459100322973
70269,28.799054813473926
43951,65.25859364281305
79369,39.09050982036369
64136,73.30133836184814
68329,49.987364131702
34486,62.783708475973164
26955,70.03045056764387
92045,64.8713930837739
82172,56.94080582324041
50779,23.521738173959637
66364,45.66298690235078
74445,33.52778332959981
99605,32.391222767198656
39197,73.00235273258161
100423,37.504621238789156
47073,68.8696122403131
63837,69.86260124832526
81060,48.71145648901822
71408,53.87851607913531
33096,39.51164798000932
3611,69.04261015497498
89526,30.225133192781705
63585,34.59491207452501
23428,57.11799234081362
32055,74.96750408624811
53461,82.06488887329996
59546,81.46823064524494
100280,47.075160921494216
13496,32.3412156020262
61969,69.01090013536196
87829,77.5148377592055
16125,22.10289808585292
30996,31.02299824140139
10665,62.902216993804444
41019,77.99700325459409
43148,78.10681341063855
95113,32.4244863342636
18998,31.35685126471345
102406,82.9779398172169
86769,33.578643614011284
66685,68.72745082280397
85821,38.89110331305303
29687,47.063298659815956
52509,32.65250183149508
13894,77.9343829224647
101729,71.81075739275894
37658,41.912677119020685
85021,82.0146865549059
68049,27.78433445818681
39979,74.9746620347482
84106,32.1457218390082
52443,80.43181015239296
89785,40.2753590128667
9725,28.28266392626403
31570,53.545199479324836
49791,43.09941926543877
86444,51.82978266593916
9176,27.996006770598417
48474,31.871633927846514
79548,65.16561321710836
28809,71.08808390564369
69097,61.91781981191467
34812,76.1493296095656
24399,52.20053220835846
88270,73.88607442600258
39102,60.58299195579437
89751,33.95349513704979
54025,38.69138273841069
8503,24.453124612130487
60047,63.456113673974954
24552,78.51265258843904
45302,69.0782724030372
79185,42.164328434463954
62109,50.04208254161185
11718,32.28836172598536
98350,31.226552297731484
6157,38.87500130981084
67597,21.0509338183495
55626,60.36018058926639
15772,68.17409661755813
80024,75.47419313006071
17912,39.69299281458626
79946,40.430775106319985
29497,72.83682799240142
13811,56.392984960365936
68720,73.3742106822246
75770,36.63508497541919
12498,57.10829761976973
21863,67.59713964624791
70752,74.65234358238342
32232,73.02011972572978
32410,70.87021438368606
51594,31.3169772053663
9159,56.916454408322295
85460,67.01774736496958
27028,74.380166227171
81379,65.01404991243234
26401,75.0769933486334
22035,30.954572927710785
52527,53.94370799082248
98620,80.69527439749035
59103,69.90640967787922
69127,32.235443174420055
48797,41.17226816646368
6328,72.17278013170866
12169,68.90445890179835
91267,60.07560222430718
51647,62.50509768427811
58424,34.57993261768142
74178,63.853430858592795
92824,76.18162517846831
47852,9.194057757785313
70568,45.22409356078283
24611,69.06095268203524
87885,40.5353822476021
42702,54.978144640336
61980,35.27432037900113
52522,66.91160263109258
58591,32.16190992064683
61268,62.75264856791098
35685,44.237210672881886
20234,82.73290493325199
67071,64.04631995247857
21723,38.65192693003897
88056,41.30497411602048
65213,79.79823900623927
1526,68.04069105926666
27757,64.22045050233054
42027,26.994190449268682
68795,86.17365861488827
67102,82.60696903921387
88359,40.32023900399225
26232,40.15862201106499
51524,41.70945462216008
58641,72.85290070166718
31926,27.178477952289875
68934,33.413723929808356
60679,61.98513887897407
62873,51.831710351460345
40886,67.91514185951522
68278,80.01004965908596
33603,48.94025853554214
94474,61.970688271026255
9997,58.98730955593419
22910,32.264911705659664
62684,59.201597189340376
19765,41.9087109206158
62671,68.189789906123
42565,55.86993907014127
19451,65.13852512815626
2638,51.91911828154696
54079,29.618760793655664
24849,77.50926961960056
10309,41.954447945729726
48772,45.32843330498981
85038,31.49087245075063
83845,32.18527124680842
84824,71.92671686259885
47059,64.97028286503769
79486,60.84126074596526
97546,53.70015649789963
15521,41.424747003508486
88404,59.88365140319327
53897,31.98394199210109
80436,41.16430029590772
59943,77.81001124780191
99418,62.00566766365484
51394,79.03327473691121
46068,56.089706361462234
88996,33.865254375825536
83195,28.81253968147741
17768,53.00128102365866
70365,76.47722113652483
55271,28.89421497814111
88316,30.992918104683316
62229,69.32002944758554
8505,66.95482758893422
11516,64.93856820886742
96393,69.63705523699258
94397,42.61799037169091
5186,56.94015136375388
35543,58.655154482159446
4319,30.8958087223696
84195,67.42730945460852
99461,68.17970284441209
49703,76.61079102561229
38150,57.865409989374584
1284,78.57968555471084
82476,40.988974194210606
16224,62.96519893422829
67629,72.9195583261731
47284,74.91912645113156
49263,34.86945050335166
85439,56.06353974406943
16175,58.95766401631519
464,28.208097636087754
66426,46.437321495843555
93187,40.887185368908106
5791,71.83612767101062
53458,31.061741269207587
8176,58.03788990416217
23517,70.42979797812959
86188,67.9492166075092
39184,39.79194669834606
71451,67.62352210695715
81137,82.71856682809491
76895,67.49023632596476
24842,70.00216913380446
37705,74.4702599933158
92296,76.64245567617675
101793,70.87886709347396
84036,80.88653994108994
10678,33.0602822523541
23437,85.13039803092096
75532,60.0732580448733
16526,68.03307360377943
54505,74.98126486659687
68832,61.88675660001731
29165,78.41960726663943
13579,65.96866470517952
16519,65.98913323305666
27798,44.021286927809456
70063,55.14888420042761
76767,58.91633515735016
36961,67.90163883104228
37397,28.66445333557739
28744,71.0265445558426
25025,49.495696339309795
58142,81.00448232335154
88097,40.75246964064755
34405,72.08668801777888
46426,34.01159788307058
77526,81.44127079262918
39431,65.9866682414962
46160,57.852056335820485
54284,84.03155889127336
61874,40.39713714658497
74836,35.20312254841787
102252,47.24771567901069
79909,73.80344855944801
27775,70.57727043674643
94606,58.13631417216096
71783,60.914032318388266
37411,57.95390740958808
16332,69.68997323949796
48664,34.40791159777531
90978,36.793557804072904
52912,39.33032168179993
78584,76.71284577441159
32550,56.49002936679423
55428,81.99656984390151
50596,46.8800874000442
101461,70.90381459034376
7646,66.87344508070905
13861,31.31971874599355
47334,64.73429013515906
50519,22.61598262906311
40763,64.17262965966214
34625,33.28704648070688
50476,47.30566412411961
21220,57.801666616397036
86372,75.22648870631167
5335,49.275520110012486
35349,34.74401661447933
17537,37.158971218785624
58426,47.024737669486285
55133,66.90388620442624
44253,58.687604499761264
58843,50.201719202907896
20951,39.88103166911287
65394,46.41013580630086
21368,77.93301981589161
95563,54.65828866523336
25491,79.4301239867028
25195,32.26361437349029
88384,54.04888581778694
7054,36.92348304800888
86714,28.652222774921643
58386,29.743035199586686
81033,33.24132321815445
41370,55.779262606320444
8968,35.05005618392371
27907,47.4421597366669
93075,89.08355116341514
69193,69.81272385157436
36202,73.7818436799464
75497,48.21687540103294
101726,67.9501062425287
57273,67.00177157592107
25401,40.35591299822472
94187,34.12283570770682
85409,30.650887827923498
78543,33.05160995278857
31456,62.973023740982235
36052,37.619830212260595
83361,47.28304826760446
52571,32.667832670605684
21611,77.49355980581876
62221,44.206601623505954
54862,57.019027250562274
31288,90.98854076464207
43745,69.78926416041766
21029,33.22597336798935
69271,63.97956243627556
65974,44.07424447430648
51489,46.770238975911504
20157,61.77882203911843
27075,68.8164376317479
85519,79.47245187920292
60306,19.012419103511654
82132,27.172306346491702
91774,68.99930650599259
25650,74.82537970563226
7883,41.0215555232198
85852,33.33339021945433
2654,40.36827529472139
58471,44.99502860984152
55836,44.9762769549523
61232,20.995335469747545
38359,76.41509063432926
92358,27.295307136563665
9444,33.46913300961844
82273,70.97470141468071
93968,35.079843239366475
44739,66.13892112408851
68108,69.39092613848726
15664,42.65415116741953
57381,43.39854104631264
59226,53.932651078518546
37481,8.766942058951592
81168,80.00211762685842
32517,82.0535551809416
88508,56.80885673509832
6333,52.60477050410183
61762,64.42237878069322
36420,26.908963813525837
27330,69.2684514433725
100274,62.101426251430304
97211,70.58955442911198
98092,52.19461000570017
2832,62.83804814205497
23094,74.6141405989249
55408,66.05464350510411
84236,89.02847523547382
23678,34.996102104158176
102075,40.916041519612236
61664,18.02190824024216
93420,61.03354701394004
10839,37.05879973871674
80195,66.89339446996874
94294,68.79639415749233
24207,44.00109059413764
74597,48.74604053101895
44140,75.86624660113446
92835,27.077444135496464
65828,70.8884423542649
9745,49.09625350309065
89459,54.0484611479048
101624,72.07513381357114
46263,33.111439000287135
42658,33.492912835154236
19936,34.59769219701548
15927,64.6744886149101
82056,34.22983404641641
100360,74.00565150994603
20871,70.8657563462018
22501,29.17979981533799
20024,34.454786669135224
69267,47.44850094954263
1437,80.17000541409587
78793,32.24994967145706
80280,55.876336647542814
62611,38.32939693665436
40246,60.63036188863351
90949,78.70964603885147
53333,61.03352956883532
7622,72.44512243827258
61140,32.24498442860169
27480,63.60189951460559
25771,76.82660616047102
54526,51.98228007825035
14197,33.69756628924589
82613,51.98192361619787
49335,74.36612748680628
41998,67.9078764537268
53209,33.835879210930166
14519,64.05540545548118
70093,30.514873074481564
80658,76.58857117552566
93784,44.3146208449093
93049,19.960203217094328
94353,47.55132687510752
97184,35.43603066310094
25146,40.05544547486045
14169,57.08920627281701
44839,62.60322885672936
45884,74.8915349143191
86725,33.8830025149101
85697,59.12617800496514
24234,72.79568943335403
59577,65.15763706793693
68212,70.73772241149985
30788,63.19206525907843
93994,73.92097029454806
94536,68.94695133672627
66155,32.67665751815633
40431,65.97315214024448
35307,75.03607937507157
19224,75.44733535300662
19052,47.98308183998868
50865,74.09109012600214
75906,60.217956635580165
6097,81.95661546201792
37429,70.01417410497919
85114,35.537532934656184
29613,75.350892516085
75051,57.40013443197442
7655,72.49150090795652
15053,79.42764067089314
75180,31.276152112939542
89120,68.1163385403257
14771,57.38394758621064
71702,69.96472816868913
23877,19.00940462034232
89361,30.190320607247095
3915,48.03382716562759
10193,68.9653576549901
23107,52.53460809375107
445,79.0331930425728
71847,42.96355039812317
64160,69.76749780445914
47257,65.44850476808246
4599,39.43654360522736
28818,30.995740644267745
2683,39.08972963580649
59451,51.94103450477694
101133,43.946369578054274
57441,79.909966417316
92413,33.138961211716335
31086,50.94895219314439
2509,67.13786860229669
9071,76.11592736176438
2301,76.93916238088212
5012,41.94316504066606
74636,58.97319854340714
1005,69.94293191829992
84476,68.02763367212208
78521,33.45010653114533
73505,32.54579604486194
53816,47.026460140592896
40758,48.10422687520408
96525,73.9666220541413
1941,76.88944222359645
67521,72.99990940874254
68756,32.28182958038659
23404,67.41611117094538
13255,66.06506263037363
59505,80.77858465962765
78469,48.42202542393825
54311,31.53057878927032
29027,32.182411000621784
60559,76.29986148146642
20836,63.02433528471493
28289,30.931822131148333
38787,66.9148497532929
84728,34.5649330974599
95569,63.00949554773662
53035,51.456477345264425
59736,68.97419798012018
65430,80.44281986256635
62391,61.89966368222069
18600,74.11972639810605
13591,71.0980715643988
101790,42.36928586085523
85575,82.77379367838074
99483,32.67046499996701
30522,64.58246243927994
23864,39.36619050280856
46792,32.963208706114656
99271,83.62952048321493
52891,31.258675299133373
69409,43.38121892268562
101188,43.494748538631086
24795,42.65179901534942
77111,75.01008599042319
18459,33.167674553569604
100661,77.978755986639
15673,52.505973818542294
7304,71.17713432118566
17638,70.91635130017413
70421,73.7127842832201
85652,35.9013452822196
43650,63.96354059459551
96787,32.69586976068085
58126,70.82779565271706
57061,64.88730060829783
88010,69.11584409151602
25693,69.88417034628227
13121,58.91011741753407
22422,44.934379236801036
78264,55.05054717091234
62731,66.74978895667512
87153,33.44639720137549
49843,67.84694663100228
20657,32.57459227758491
85081,50.6193925595062
41373,59.83329227886926
21652,65.02146667877363
46101,54.072513048750366
29816,57.753346445546136
94369,31.021456101439654
79732,78.28539341186661
62084,28.908900184105725
75340,32.302661350345076
7735,60.08663361352794
52959,31.335778140918052
77744,34.7506190348987
64133,41.55214069408862
51003,79.03116470289214
42407,64.16548757643724
72410,64.32270518824667
37154,31.45027849067185
136,39.377219806085385
29826,40.04435425041409
57347,66.89526736802212
54757,62.28437567038253
14256,55.28386496929427
36909,81.5746526779721
87965,32.73808832739709
72534,67.8451129761215
22784,49.08978797846008
73763,70.50550735482878
57087,57.41807691512341
71395,34.055023638672175
75358,73.09562319457768
71363,31.5102533141763
64982,41.517643089374886
12028,74.04442711661885
21998,93.13603502048512
43017,71.27042532546254
80731,74.99440018677763
40828,27.826580668510026
39252,41.28083128335123
63427,63.2859452798199
4578,69.87742438820023
31563,69.03391918154475
7568,24.305221892784544
98924,31.19994333492363
54766,37.96362722347313
31533,36.1518484838301
88689,69.32027129522372
51072,44.13003778068659
57454,40.81808764644804
75714,67.94156684752292
69184,71.3929678034214
66302,78.0674036925636
65136,55.79878806185057
56580,55.79746588736657
76109,68.10279720435558
19551,33.25003170724078
19635,62.769812064039726
45148,38.512310128072556
26197,67.86039817124214
80012,75.80844080055567
92887,61.36255693190001
21407,40.3682742114469
35022,58.58648487932948
22181,77.95470960417198
87779,32.91859039383684
7644,98.05281969130868
79725,76.89954431739926
20383,62.73467376088105
39263,45.84522486268706
82430,42.40852888923703
5604,23.23132186945937
22477,73.98287677399216
28029,70.94107213451181
55921,71.09244738021833
50133,54.137701815894395
96886,68.08309415016697
11717,33.19797547370891
14287,70.00217414787036
73958,41.69759395979507
77548,58.996168304472306
58611,53.891937380550544
5671,61.96248023422049
38626,72.7620300303693
26074,39.52907727924867
33696,37.28473540117577
76279,72.32025199409937
58224,66.36024840302952
25214,73.79425138981108
83889,42.91006725310607
72411,44.175841788649386
22916,77.052119721841
3369,43.697476487517825
85004,26.024934954716635
4426,78.62589314031214
84118,67.88342576920655
47129,49.75260791472749
69752,46.073214076166494
62468,60.80610610040345
38304,33.58308356512063
67004,74.64816864814554
15833,32.30503423377478
54426,59.98874762065044
9861,71.91185826295164
4051,34.759859038826
81283,64.15764716646038
101562,15.076146873218153
17474,73.90977947050291
18529,53.99962343960372
40173,32.3305865602268
77620,34.14974280907695
79158,74.7901304536722
68543,47.15942226345772
53527,71.01754579383001
80989,32.84809122786075
26335,56.161450822457134
87014,30.301218627820916
18205,42.72156194411305
79301,34.482325574172044
57297,71.97965432783141
94088,73.63888022130027
79391,68.99843487836193
90798,34.11632052406274
4706,64.9255169548507
86160,35.074990489556015
13106,39.34665359603567
101861,46.18966051485334
37126,64.11459355484057
25897,39.79478562220665
25494,46.300936851220754
68326,37.9689556414974
4377,78.98369524368044
81655,74.96903091003401
60952,74.66020381117053
78106,21.943656774695366
59885,63.991207868570385
29379,41.10788229800545
70780,78.96804185128934
10166,63.862328351037725
49975,51.269868718514175
27383,67.7426025069857
66521,67.73115738261181
15931,60.93965799238734
35597,66.83993510371826
60120,34.19018220002627
49566,32.82364467532282
14182,72.01449393924082
19314,33.37159619359801
57428,48.41348205876435
37298,32.86290325324377
95886,33.35603394607276
30260,46.68341741177435
48460,28.18204542987756
50951,30.398319670148684
33647,39.06697064247758
98461,33.611682836551296
88950,24.054948636518677
97105,75.93570927780999
52864,70.17859831486398
12602,38.31042042103806
4472,60.13562108339273
35574,62.051798656145365
66135,33.32732821370444
25274,33.14576460885759
42536,46.98534315735745
80777,69.09081741049755
18226,57.052318917799
71975,81.6727151629375
70507,53.74702995877287
68623,34.356625904021556
4623,78.50358893223893
15649,55.60564897953999
87404,41.7489361065992
101462,62.98637166284139
86370,42.293635036832114
95236,35.59795974331122
15501,42.13493875330339
14936,67.9730090911182
53860,78.1816730160722
19453,49.85282939447975
34588,31.515975843295568
51033,80.0687486488384
100591,34.15266203930505
35724,64.98222416703175
86617,61.063046522981466
10427,66.91320218426588
50925,41.17285250104721
46619,70.01305812072756
55943,8.486548742343324
2914,54.91019168530809
96286,57.772295609411614
14088,40.224736430840025
89599,33.84668082319366
68361,34.64420146873144
47442,70.08552568176313
94091,29.085217807111206
23686,58.10009641491453
46315,32.89826694505683
28274,67.13045619517393
84254,75.12194176525855
52210,65.290025844866
79896,77.92825302924334
67249,57.95223232426332
62637,30.832737736261922
631,66.0276035018932
44351,79.83031509985601
79165,27.614129269645048
58502,82.08096370809612
65402,67.2868789254328
43214,72.11563180310813
23346,72.01696431273616
25774,32.73598479792974
7088,54.128076364376994
92378,76.74891454968929
33372,67.66140922613215
67392,53.19868451389837
15893,70.99414897942904
6331,48.105169561798846
16830,47.89833693077142
47512,36.55606017493684
20051,73.17056872938792
82228,34.204633600041554
523,33.298695574610846
70740,75.18122354194638
83993,32.43359249428639
10585,71.02135795032345
37609,34.9920097352791
64910,69.80218243751091
90236,26.45683971342123
34661,37.23634039189927
458,82.42773201648038
37074,33.99238900265839
95938,33.72243306722017
39965,33.440895891436725
12403,23.95209549790168
85481,68.60580667567737
2430,68.05297170167155
49198,70.1070873698346
70849,41.7958192797136
10835,31.45247157110874
22341,70.9212636602861
11683,37.991312207064496
39552,48.09963674913385
28027,39.66867120930546
17965,34.97340786909976
26842,31.72713971979853
54483,46.5521805271883
18954,27.891742446190147
36043,48.27509883299734
73245,55.168194903510596
23579,40.00148669974779
9489,31.82588124897854
80123,69.88446294711994
6095,39.572709181546365
22789,98.00207188696564
67230,62.90849909997807
11646,68.9945137418334
30704,35.42264314453857
86283,35.10403341227486
301,52.905346682810716
27036,62.25314362748375
75342,84.26999137946535
79343,69.45272580263497
61928,61.20617494755389
30720,70.6150044460557
61788,42.36788690175716
65335,80.56953705887338
8951,62.597045498594966
82632,57.670629419842776
16301,61.640918611393545
96732,77.82498746853733
94454,33.46874058576123
22821,40.915120962824226
86685,60.26395600810636
74727,57.08964557017506
89726,33.66531872126263
100323,39.67440469015294
65709,31.050694059418465
96010,51.86580487150556
95594,39.54813317376381
60922,47.214169089733105
84550,31.116448363884473
98060,63.85198194907372
97555,72.99608273354971
59579,69.6279995728585
29651,34.399259950658525
66397,16.312630055803155
32795,40.51070647050585
24822,61.52491151256061
68681,66.7245332756622
40347,86.0121599211615
63978,45.58904798845604
14058,67.7901275295757
71746,85.12360506719133
102450,75.08077062366667
77456,65.08449892456218
45953,59.9646857854746
50496,68.82694931760687
39359,37.27847479973928
50682,40.8917176910511
70579,28.484916717491704
102573,65.92768230930236
19986,52.70039542881587
31093,44.29065584966891
48253,69.17105830598595
73247,41.24080644667403
46003,67.99812365352182
22029,54.52032952408924
97160,59.03941368237997
84189,32.224172946289265
7497,72.54467086150768
37243,67.84519368152186
41653,67.83169599630557
50717,46.239188156328886
80595,58.720577071145755
34889,71.18359873198567
25250,34.630624807645454
62358,73.04202275261085
95081,42.87369531094672
26135,76.0627672240561
22800,83.96725710485003
48152,56.91457312854675
23089,36.82327585443318
43738,59.152064112580376
95141,38.955767740458214
33369,54.7517516422022
82693,63.03982581296173
51248,53.06818336064248
39272,69.1116320758708
35155,69.28873006073397
85483,29.770910358219343
76494,58.02453294192593
49689,32.90767204115943
10073,66.32768893791771
13702,50.882992105969365
38550,40.16540972704215
13021,34.60606592391121
42586,37.27250909735083
25042,33.61100662834226
2893,72.15095383766439
7864,30.658562723308084
30074,44.04637658927838
71685,55.963527951027416
29593,35.8419745348442
28142,46.383667730316176
62180,73.1813840789746
76752,64.03952006350991
101173,60.97746085929327
24770,68.62805471316454
11757,69.83735636417637
8289,75.24664629483372
98782,71.18276249487295
75966,58.06228004617829
74819,63.27409486831837
67534,73.19740472577288
5337,64.06412254227969
23023,46.27788554407246
56728,56.84997094858308
87154,62.623951824312286
51728,42.08424394673578
91617,66.23947703444114
97104,50.84438287785955
50111,84.34972427888336
64952,9.180853519044085
92754,42.59502648471207
1833,40.87897853947939
43500,33.62948378842924
41683,26.809745329951223
54060,32.087365800122946
16050,53.53771341618358
75882,77.94591767360805
87179,75.08441529048764
11242,78.75921132322225
90293,62.72200781209641
59185,74.93562914446008
28435,27.006327960618066
99898,50.5022929969785
63548,59.00890691509652
95644,62.06995318738264
50597,47.497373846477366
46350,33.12055109076347
59656,40.420922125601315
65217,25.515035685975597
72197,30.8692098447205
7697,52.05709092989608
5067,72.9903685776618
63875,56.00758180518972
44918,17.577607367485356
51868,50.87885262624611
77593,57.060233772922615
5393,42.92766966236715
90362,97.63660632214527
33712,73.68756612521912
43634,40.15229182031696
20723,61.17353712815603
9418,43.027886522892985
93403,36.040701563738
619,78.40925754152681
1963,60.47218117455052
88932,71.19192680482229
70233,71.03500238115944
94403,61.760531466299234
65236,72.24469859199442
82948,75.18354283892134
49849,54.96346899545161
37587,47.00509748861603
44441,50.10177487116438
19168,69.19736888481313
7256,53.936530852961084
35999,79.24892803429259
72618,49.521615406595586
20146,69.04345505678256
84325,41.34685750053357
47456,57.09249330229515
3099,39.831421014020805
51923,69.96693681657837
38364,61.717345371762974
10634,31.398554294893042
42157,69.51044254475372
396,72.60439065051273
96833,42.614718063018046
80246,38.9559469921824
13240,68.5840739464214
17501,78.68996678481547
45307,74.9843905307628
47439,50.07111240694931
11120,78.62406500461806
60671,66.88238643706444
88584,34.45309544051411
11096,71.14184525860577
24095,42.49890525187761
9775,67.13377291918788
12122,41.02147833602069
79497,62.01594069390742
60958,40.43305438568973
41960,68.24274554658436
32715,43.01035932805495
56639,32.68820495187894
87973,30.95545064187717
102417,70.43272420184113
78239,69.3195633069981
17961,35.07650405256345
51799,78.98357865042189
25074,33.5263237879579
52323,64.71253814896406
21481,33.72120041464298
59028,81.38157721550539
30466,59.086954781120326
62964,53.609149647023216
7935,59.02203312136018
84851,66.69840639309658
51217,63.06054276087798
28711,67.95576840401236
97478,74.16676736039943
66625,67.55592774932455
94083,74.3826667224453
95088,75.25693772561635
63138,28.728214755235115
99785,70.15069992370655
60727,43.52233467186845
100025,35.92445185076053
92884,33.82464753812316
34572,70.84988360868803
46807,52.91438870915323
21761,68.77541224597479
5819,54.980309536468425
100544,41.65219845003663
48384,75.04882587523758
84696,60.834903303712764
81195,33.17197018430158
27569,81.08978771494273
48454,52.68783924050506
87874,60.93263902716706
8202,30.41926802610734
54808,68.9050680550161
22727,44.520895676713124
54269,32.95532087001318
43688,42.63580422682861
8501,62.4622487093212
91700,68.61986733155533
57075,38.300361769664605
4459,58.87623478989656
81873,42.48087600868234
60592,42.93143651782017
43107,34.475152067605464
70011,82.05276624491259
82276,37.51230731617722
74438,42.30182572797647
20193,33.676662852655234
50604,31.09495840035384
77436,42.10619036434577
101096,32.5456694804218
19991,83.91772478447075
88927,43.285564958928774
76881,87.78833900165942
76794,28.53647814861163
67466,59.08599993314089
95640,30.688483011389717
15363,37.09539659019768
1969,72.30722883084114
26981,32.81550477954677
51508,74.5053825493585
25403,61.97431887839208
48998,52.87398970662704
70290,47.90679721488052
76638,64.82949862082702
85391,30.332571051918073
85306,78.27998256198629
58141,63.88183990541356
90139,65.95946810090476
47543,64.6490553387373
51395,33.30106009519776
21287,74.68887669609404
27553,32.91638480919155
60889,72.04963390509465
91189,22.162322597512148
76641,34.83678068216391
18042,72.57559891080223
35810,35.38923006019917
76730,41.72341134126923
4732,42.27960968190243
19294,70.80267601411032
31868,67.52915584449309
17936,64.78192992610121
21569,32.00928523644203
10227,49.12362780153789
23390,56.24336521189457
1541,35.0079301935052
21618,54.11281199153197
57125,57.35925558195285
96003,70.01511017834898
19769,34.47138565583264
44852,50.138705516884144
94969,32.5053109192583
24684,66.0565768645296
774,61.987219451295125
51980,42.62192791318053
85952,65.08552166080659
60508,62.26680035689729
91960,26.87814788426102
32233,43.065828572164286
63107,42.00921846231154
8517,42.570897787580805
10905,60.55870670323063
86919,81.08066845482972
17976,46.40619407628927
14878,34.378457950304956
52903,62.9094828165932
7789,70.28662078163691
72440,30.488194243490298
26230,63.04833768771402
67105,64.49092547678626
79235,78.7555745537304
5669,46.98065634052913
85445,74.89113368159016
28329,80.04272731677494
34870,67.3769849540366
1001,65.08096599822957
76342,59.66120690280748
72722,73.1852404655495
23570,45.04392951352136
84140,76.07527607469288
98340,70.54010029688945
43709,48.635507141738536
856,55.00072986213924
43707,73.99193619444671
33806,49.45754366471983
82529,40.2110742747091
55040,71.39654632933959
49652,54.14177490185472
329,70.99566359996177
61849,26.122699225084546
58433,81.40705016793626
58684,72.76884869435722
39801,52.67022093225613
62310,33.63437864168462
55573,31.743072243398682
93681,31.98345725598733
45116,48.014696137732145
64839,38.74335249753808
34498,56.8767423110873
54795,29.8860689510332
15097,48.04153390760116
1349,54.157642747628714
36681,39.51982467809839
52844,73.46707357427513
93788,91.95868039661713
22056,32.069781473120806
37546,34.60011707364788
54687,58.57650210588277
72027,50.97559534279121
17947,76.27853931124773
54665,68.88487282246652
101021,70.24920457300937
1696,43.48444519112294
28024,40.1985280169954
25545,41.94370078186062
96034,40.56821277936665
31469,42.212744940635766
88976,74.33287235094319
46377,31.94436021222974
63505,37.77813311398364
56435,38.08929707504008
81754,78.13224403212499
100332,72.14874373772273
86589,80.40761282598592
62639,56.45068250809709
66087,63.799624173457076
52629,76.15529762273138
23646,62.97519936832857
10236,16.045873646548458
15652,34.58222156039901
70484,77.33294632932234
8819,37.69808466592527
14134,89.06095601117399
9566,50.4799105784311
64498,47.74171993975392
62154,37.198514212100015
29079,68.79172867745397
82537,65.98149738154979
66590,44.0482600279572
91883,60.009278231847986
70383,44.98172340075233
102196,30.51172269177936
88152,74.9936366944448
95762,74.0245829633499
71983,32.117215538816716
27329,31.287051922889642
13707,41.25225994168977
72762,76.68650837942783
90004,34.61785241259286
28712,72.14517746140973
41846,67.59520188963242
75863,47.986150193401755
60081,46.11055175632533
78070,78.56898596839213
97929,63.98101723325466
88058,58.88024904161337
71888,35.61145385359159
35124,66.02197602545945
71946,62.56501347769269
18930,47.75580862968072
22061,75.93788758098371
22192,45.01553532211408
53612,47.41976847484678
67669,68.8096549517968
68172,56.351440500460285
90948,52.28124723329695
78523,81.91957078085301
94767,97.81461196298815
93841,73.64034641033194
45931,42.848127951530046
99336,34.30037148925891
25509,51.90577534453692
54548,35.314499821069184
16896,36.84978145512929
51798,44.666721822846974
20243,76.34204247134292
83557,65.96145132107209
33352,58.93285320113123
97247,71.13394095554852
21075,85.75264542790319
26637,65.69870837698099
44642,59.00990032231549
31376,42.769404326946514
76069,16.961055478457425
73184,53.018208273079324
3984,33.07664542523635
72094,69.11262776057254
9646,36.071003111575784
8530,55.18754233035271
59836,16.48757767532002
87100,31.10824885098162
35463,84.72691042906993
39418,71.95913961887959
3079,39.22540585712674
5981,60.16193936147904
33545,49.47890459516687
62050,70.0462804687266
51277,30.946200439717547
102101,67.89834547883041
31906,58.73496108526663
14680,62.64031003385706
85755,31.14076282368061
24960,69.75735997034091
85144,80.75386410267859
97214,55.82644438599989
100039,69.9861861839377
102254,55.870081333597234
21263,33.34633342343876
72586,61.070872625692914
76627,73.81042407162401
45207,58.10935837416325
33081,34.98515719441412
2155,75.11146311943216
97003,31.20350086314134
19744,47.230585013746975
57462,33.3285344298832
90258,75.16813131468247
25298,32.09624943818337
40459,30.896094997600922
77987,52.96734412855044
33533,58.33376726325939
94174,49.403996729309696
45306,67.90058426213349
42816,71.09961687340936
81692,73.05141603476653
91654,64.83843218151452
17450,71.79073678231671
51990,73.96603609547162
37924,37.45190775558129
56478,62.11829803039319
29689,75.93635432616725
3722,33.01840232909827
73126,49.07564871958189
69501,51.76475301775861
77334,71.98776224143306
82759,41.04394972577032
63063,63.98335519058315
89582,56.055684764353515
92448,61.39447993558281
44817,32.05807224342766
92414,80.64172238992231
68247,62.96879942692966
60052,49.40199430500297
99890,73.0224598587599
58298,45.98313474078172
44456,55.14290681788838
18879,55.322429739089515
78006,54.83241601637362
33227,62.038535200898465
57944,47.74677043684502
68580,68.42911752041638
32524,34.2889951433435
20040,79.44600969584073
99435,32.820638477808345
41929,34.76305315085762
63121,48.01658573088501
18772,55.32726623638809
84390,62.017572941983566
50516,38.30902319981063
93793,71.8731347475674
48250,24.319277195587198
97498,65.02819594492733
100135,79.37683087179673
97431,81.59494304202039
71187,51.58844500689209
52497,43.952620701065335
25773,71.15869285656291
91143,76.39885107506669
6016,74.1253212506264
28163,30.749589416879317
63450,60.74645687720428
33163,66.2727964763566
12563,93.27550904021065
98275,74.17728955195497
37394,62.758553880761085
46050,36.86829627611839
52620,38.693989508966276
41076,70.85499458391564
56101,74.2014884085477
54244,78.25558894639664
48225,75.54629499867315
16437,80.30917142034295
78296,31.01606801972284
87440,65.78738414122381
98174,76.02725707954366
68478,57.80522138704641
50707,23.959954996867097
70745,69.56780852574772
12963,42.615094889660334
59022,55.00094377155601
6800,43.24456612722523
41737,60.01442580500113
96367,41.60731543243851
46048,73.16858732633266
6229,48.92306181569248
27595,84.46600895645298
19578,75.78762610440924
23290,37.7811088504535
27159,48.575441120631254
74341,65.0384361825842
94992,76.15098479957028
52064,32.091323547163505
13503,53.53735553061361
25733,57.97379439994406
25453,33.71306370738534
38406,86.29797479555174
57697,36.7497709410076
70015,39.62407266936463
94766,30.96923806663476
82029,74.82463052277406
21313,60.56770596707226
62064,33.99483106121712
13122,57.189568319264666
96267,43.53940014721385
33497,75.86771375161595
6880,75.41252735668849
92916,42.57895487903072
54386,35.66609864258902
70514,66.01206008530417
99990,39.011118897555406
22926,50.26879509713944
86908,51.87565762879545
4443,82.01281022182039
40020,71.43117718752862
41844,46.61732004778731
35340,70.05330286154026
67743,47.707386564396245
78492,35.2575019035046
84666,61.70856573199623
98140,41.39973848603434
11404,42.88584436918257
7821,74.06326639811552
97527,58.887552441681464
88454,60.00780230457949
82979,27.327079721869474
98792,80.0264252382375
92925,55.83732535908669
71506,59.13467787575675
45588,47.03814543286359
54743,50.917825836101045
24276,64.82741188531101
14328,67.96657372166746
21323,38.09281540916341
16616,41.73296230001674
70720,71.88612023902468
52021,59.27493215103753
22445,66.52829552429104
56199,82.00767909029022
71497,40.25502006193052
87037,65.96857650168434
17468,52.103388187143025
7043,71.92933355971661
62807,29.562944914967574
71287,75.97395445095052
59590,69.99347294125289
85778,62.372737026547654
14456,67.78141749766007
102578,32.58903405794982
43668,53.0599200876268
21040,40.61105317391636
50939,49.77113049322424
5455,70.50401147635102
63902,75.20395675613258
88256,39.01428841096569
61859,37.386117805546476
83456,35.06626118319256
32834,38.54157602434698
84552,72.25830854174312
50272,36.88495662158371
52513,51.81168835343746
71483,64.0956834618917
45422,50.770999556879815
44182,62.93017015685926
11497,58.12281196380898
5936,34.04634790779358
90443,41.080127782938604
64500,68.9075030289706
96361,72.7098412727854
72733,78.96718268655343
12933,61.448403437198
86741,53.945291817146256
78209,35.697374312262234
406,32.18318485923442
73875,36.030110992102486
74015,32.6622193069216
7681,39.7769031595614
15513,62.944121924577296
92175,8.266696304559378
74620,40.960033978832776
65106,62.764942094724944
59729,34.992515850523446
74898,29.851967853670384
56727,17.92985021897049
32595,77.96120164903124
65530,51.8205656461702
38526,54.01115762683379
66519,74.89721549210006
7712,21.531192501778804
53845,86.09820552727811
61906,54.125844314730244
16513,48.65585493648817
97206,42.477988665671866
98351,34.5541666208599
80999,31.964936782901773
76386,40.5353697472351
53881,61.72279439940315
96994,50.83389919422589
79872,82.32205050701266
42459,30.90512101342389
88333,33.74869885022082
44291,32.82368523136829
48990,63.636254741647406
39785,41.729375398176416
69055,61.9499561088306
61280,65.62906596081892
72626,47.654640958719206
65486,31.353390334637048
64763,62.98297599336729
50049,59.46581056446671
28570,30.866591116239714
17102,65.9718996382231
32223,20.601958214723872
90342,39.91460550421179
86058,34.58312809803129
101820,71.89376607433996
75996,40.31931918021787
78645,67.96305778726273
43439,62.61908492745414
65758,35.472504856572684
76700,74.20173981692415
43277,67.97662052641672
69384,57.56739358918887
87641,54.9179135490774
39862,49.88326586026746
46519,64.54431789583555
27436,38.65810422083949
50292,33.03376379004187
73951,31.52971556956053
96978,65.79698739434603
46208,40.67749704868547
12615,33.77015190958942
10524,64.77351447562587
43125,43.93172947200079
33738,56.08591322810308
96668,69.28118780830901
16108,59.26051661066442
10847,64.07868590232812
78046,41.813761148445586
59120,35.10197499350956
81696,74.12468285488646
62466,35.1067699237128
5780,38.09495605031259
39868,82.39197456536772
72304,46.95751949262595
31233,40.055494347959666
13391,44.82221805961373
59564,31.602370695334372
4036,9.2640867387137
12400,70.96170997191521
12823,34.88583799881055
18666,28.94083743614854
45983,34.475022402721535
29189,73.87106006744352
40457,47.64867549567188
31908,43.16466876795543
84862,43.47849496974606
27791,34.24990492405554
83099,41.38751566625515
51528,59.184378661916575
17023,40.539202645111374
52344,55.04888547512974
4395,46.55491093999925
90697,74.9951059655581
58242,71.03296508386258
20295,70.62828448067465
12748,40.45770941590295
15913,62.16793664889316
8036,67.9546395031417
26209,64.9393274189377
4081,63.98263062468942
89732,35.41966906142163
45553,31.8519115543826
91591,71.90536052935448
55773,29.175685535580204
66309,73.13599385122558
63200,33.412895980580274
49127,23.02416960550892
26413,33.227246618836624
73295,69.03079111031178
102682,82.00379845820692
92340,35.9686557836238
58087,71.22928732729096
98161,30.075263473167468
8519,67.88303577949763
74563,70.96445049217175
75898,63.67919508018066
58111,42.17190303872399
99516,39.26602973367786
46396,83.82801511077642
68917,35.51129178103907
43655,48.5701947925333
87859,40.912876133724275
77393,34.78968126115891
3976,65.00442884635375
73810,8.122063391880875
57586,67.31469588194844
96766,76.87283023245371
29971,31.779354824065567
3044,83.13889351140989
35127,55.07768802635946
40815,70.71488528290327
59908,19.837136666683254
37476,28.737294033977673
19827,61.94202943963887
46510,96.53227436641899
34778,46.239598267313326
50343,82.406947258535
17441,67.20831174449933
100089,78.24699136671444
101026,77.90252202939524
84633,74.93679843924198
52546,43.0292500446455
91308,55.33344606110794
18916,70.50611400755913
93476,29.049196486030734
86941,24.45095051804129
41093,43.63296236916828
2151,7.217690293990149
20969,61.968905609735565
93501,72.23570488052242
60766,54.8821767727955
98207,69.14697615698711
60492,80.12185853863485
21782,33.196374560458466
50310,28.639348004478677
91722,75.24542151822739
67481,63.901427578284824
33144,53.76686488353802
76764,47.97859701162105
58743,54.89810803381715
26587,33.064233057537066
19339,67.74751978616342
9385,69.24174142200724
83052,73.22398220597486
97541,74.83383104535261
56953,19.870803706865296
39345,72.41451920332105
74429,66.87498721866257
37431,38.82701135563441
23204,71.07292196174981
92010,39.43732808897133
62013,46.87759165006746
59862,51.7210147178795
44279,33.74386549604538
49576,43.430140796256936
65852,51.37974655389753
85119,31.150978083884013
12196,71.86028897554561
26910,70.81490527180028
89341,32.30805937223553
44101,32.371931108547734
7566,31.5021472039149
2115,67.7888177963153
54118,54.035775363336576
90823,74.5540017161683
8925,22.01925293762956
89407,78.90380902417334
16233,57.125376209628165
101479,29.92889307155956
81607,64.08205823891134
97537,79.05070879371259
4745,31.99387222623602
9604,33.45334736182776
51318,62.978582303135525
100045,58.13216811067854
76405,37.00788632801688
59020,78.81666650114349
21062,45.04431220131764
16251,48.34363091762862
55511,59.438969156344115
40622,31.710051027317277
28347,33.08801436493294
65440,39.825576830341646
21375,28.907704364352263
61747,65.04809090678424
88065,59.91629397443331
6087,44.792936834925115
100839,73.1621697956876
82482,67.58299279109971
23073,41.90089634386341
80914,30.3256758645067
2624,0.0
69332,54.00700026338737
5952,65.81703045406712
86084,54.13353040415818
21573,34.25248011566369
9780,32.262689709738055
16106,39.86170629768502
3743,44.97964966082627
79380,69.77205040277005
33473,37.517614314681225
53292,32.8555573505168
14689,69.36540784965145
30345,31.977817088642112
98496,28.141267730431988
54769,50.763610861841556
19087,69.33674497181781
26621,33.197042378541774
90123,58.44504422303025
77367,67.9096452703846
88794,81.17460800898127
29983,51.31098753753722
90353,54.10138015368723
65673,31.112499031862946
21391,63.46044804660859
77780,43.39614895389171
65846,51.58451793683986
35094,23.391017917843964
47942,42.519201674324506
90904,35.73319700242383
65224,31.214443639055
88055,66.95330699973906
77166,74.28908090640152
3650,55.42672564393811
38860,40.78086522801639
86282,65.55481994522756
59997,40.91745357690229
29295,33.2682280656699
1737,64.37308080305736
25256,68.98164180981843
10268,41.02682588490295
2320,69.68278485462525
82643,57.847848496470434
91022,72.02567147154974
68228,70.8833090930327
7945,32.46273124534555
18664,68.25952194429061
53449,17.969285798803607
32133,57.21311805866593
55437,23.652549235188
13247,40.98659507830843
54576,62.75510540491682
14814,82.41187414441866
89939,32.77237706792465
78594,74.55530735761361
100815,33.57098555889444
15984,69.88855167300726
334,32.07763116426674
90378,67.29539798522023
60646,27.975654616662656
24834,48.990653703091795
92809,69.31675000426104
57847,62.83782724874744
48215,39.8907085871071
1771,70.82009350372564
36167,34.96823769113628
75508,52.37642521114584
3187,49.30619008649589
61459,48.083696194843824
95739,57.0187783252402
19836,34.02443053596986
101609,54.89528608203011
2816,57.82385085620045
42576,29.251186897290566
57115,30.22896437581695
52506,50.483773453025506
88822,77.37867682011684
60376,72.07085671080182
80902,69.51159335738527
91817,20.30412679576407
80450,39.214163092171304
19506,34.84756219950918
50876,38.520639677990005
64588,55.888522331982514
102543,79.41122667537329
43980,79.68701058770944
66672,82.9387308104995
62851,34.447831444171634
69500,48.78619155203141
19546,41.22252705628373
42113,35.84352350460763
66803,69.89356539709138
7501,49.76134628448223
96478,41.67786700968089
94588,68.94918104994869
76646,37.33256827575026
23203,33.165118709011274
65171,85.96790309735388
45595,43.735612987327045
52259,48.45813989461895
91831,49.35137028633717
73056,59.293384382161385
97263,41.989672083968166
89196,24.882222617565795
54664,80.08947504294576
91778,42.93639624226411
21187,31.76794549810304
27886,68.60625504582103
6243,42.01784544935845
14432,56.09772172221507
89000,74.17474899728549
37877,79.03208606469686
46958,74.78782564471145
82598,75.93740748761567
61799,61.8330381144813
51882,64.0590810637401
3158,83.9731276281274
61408,38.89813002574416
81038,96.2465541936075
34974,29.13097021294491
64785,33.94310024165378
30390,69.6997126746755
39275,29.27165796641056
70104,41.48110389823465
18534,73.1058286321219
33642,35.34347782433822
68075,69.26517968837396
35107,32.91255055311296
3904,29.12556224735556
5628,9.458411904635472
25830,64.65834308029991
35514,33.04755709686248
37833,50.21789515852488
49412,77.46935312149438
39241,37.76423141065635
23599,77.8503517228097
3408,65.56375250631683
43804,51.30627204050327
50417,34.55185709864435
4080,35.317097230600325
39255,46.78978460736897
62804,77.9923665455695
78877,31.2144877121698
83190,44.8238932632503
63752,52.182059368552345
32826,42.11899047789569
76774,33.70809970906081
99886,42.298683975520945
26970,59.495084222308
44033,85.38184407803351
41026,36.422447737744235
27018,32.577724935754844
56538,33.992690336645566
9965,47.89896216374297
51344,37.97265726968549
98873,68.87260958366218
90291,70.27795949997721
55402,58.58377023969752
19726,64.63873630590646
63804,33.44601582572108
36583,58.20060852921475
53359,47.89867017395005
92817,45.99510991962771
23841,41.14574151437401
17311,12.870733398163978
32796,79.01675703723973
33650,29.209936528232483
75806,39.9948465132037
13709,65.52228250078724
9523,37.078356450969395
4384,74.7391446814434
84631,31.613018002315187
30840,39.496560666831144
94163,27.064351202461342
41792,65.026242284832
102525,40.9377895012636
64843,70.89338458146977
69540,40.548466773035074
100396,74.73102898678367
39630,56.36664326543526
76081,76.77319894516572
24259,67.97787595621001
19715,31.9829953180622
35692,36.88983018611492
66645,71.48491687872027
30441,73.9545678968585
27643,63.319930644918685
4082,42.18259824609456
84250,50.05389371919922
2069,72.21036869030922
46996,31.830915779982277
39129,30.334205076242814
65040,57.636180745851476
13329,30.950887525845253
55547,76.86784982429262
58733,47.01858144049104
50510,67.23819404436446
59118,74.80078459101048
30094,57.53965582454266
95948,40.758772505948194
95449,57.02327560603913
72595,66.9546865052776
52985,44.55518769196621
95955,54.87540223540143
23197,36.72877509003859
34628,46.27323345091634
92417,33.1159061499611
56488,30.955997426854243
5348,36.19278691196268
63081,63.94871461749567
7709,36.97992688486853
37430,79.05669152347352
19429,40.99457090618668
28399,71.8661692156841
56309,28.049703270848
46690,78.72859620000617
21776,40.76329361885547
87451,57.08116525595561
68877,68.09886942234914
81201,33.17789066847524
33916,43.136889109308036
63460,31.523393519325246
44897,34.12508810754079
66595,31.029448227674052
84368,65.16372058804035
16868,61.041324007178524
94155,66.00749059158258
57776,61.08836784501714
64552,49.055904410030536
36765,64.71879923090225
88963,77.9309665548933
90543,78.84848172650527
25220,76.3077908958967
70138,41.94068776446416
96725,69.69928980076583
26472,72.20560279742384
4052,73.99796286010007
81346,41.17363510573983
7641,48.88743032959208
22010,32.93527352572469
67821,77.9835794531516
20211,67.99308677150961
67747,63.188898579091
81599,41.833707782781325
33713,34.102360181217215
73498,38.4841425595709
101283,16.36438126078977
1376,68.0160520706113
38731,47.100899158486015
31666,9.120860752807683
56723,80.12235081723458
95858,29.811917777264306
11547,76.08069371061895
19282,41.59029176813507
9043,86.06482434783558
11588,69.75985405881558
58039,30.453804639702682
61258,35.571209427716695
35637,52.8443690874535
73541,38.15347886430998
2150,35.17864286916761
54037,61.77627410208226
76498,30.924535923354195
57824,66.03158945041326
69867,32.86256016102224
101410,70.07046485467575
53777,55.90981370908838
99492,29.915295898841663
70157,59.005583373693526
74104,32.55366170606506
20629,39.44248051749835
36696,68.74256771543762
85840,70.96364901176239
31476,39.22247762270929
24402,58.345602332187035
11276,37.174049218616126
58794,35.68210760787916
23181,35.38005993773227
81857,60.06356606870442
83649,29.73904677807316
102357,62.99143602172865
5385,81.014284615862
65163,33.152610641072656
4637,69.4337582078588
95050,35.97517469657377
16879,67.05841042333032
47593,32.87007511196693
83605,39.442580744194316
51004,43.31476038935788
23430,33.094949618504934
10118,76.31665837719535
27439,58.94876162259959
3885,27.190486704808997
77100,33.18951398911771
54571,38.44078323975401
22508,41.9014225723125
77103,74.02845909043324
9029,80.01002025188646
32577,29.98046942253293
65787,77.93602318468584
94690,37.10504384513489
33066,22.38006639073539
25239,47.60298323337476
75807,62.64035370697914
79751,63.94237000200312
73848,71.77963810658588
47394,63.123718477682324
102468,50.86134580898909
4026,28.400158352322908
97475,64.87530501991063
98688,52.85779506485279
68565,82.15766248816696
71626,44.80949059777233
28657,9.083798662685936
26427,11.039254297011048
74124,71.81765043487508
35714,61.976049393433875
34107,49.69453849113883
79727,65.87436629386275
85346,36.42034228743985
98007,71.02777620277942
102574,31.33505902578233
24880,25.896191660500715
9490,79.13911059657298
72870,28.161147413817854
93118,82.29040199051741
64613,37.109802235937394
65802,33.613665445060604
29272,28.21385807507178
2877,83.27620866803981
87818,39.96766096084433
378,26.553933075678003
86754,56.96883596984949
56319,35.06767135232199
69521,25.175963839511564
43621,39.49392149538174
93881,52.42284172602987
48284,79.99543757525726
49059,14.371524575954037
19333,52.06689139823378
70025,55.91114909989941
16566,67.2087853474999
70923,73.05117351735265
45574,70.19013111105363
58003,45.01727666563592
86179,27.011373186689006
83218,72.53207710654283
59559,71.91150460260049
51263,70.40237097563424
100108,30.644008889277256
93262,79.8391960440768
2440,69.66998012764623
42756,52.71086279879699
70822,35.79705913199613
93754,74.81304837987295
58725,75.81281883671227
27546,40.58460419263642
93809,68.71144053426855
28051,66.10467299937172
55122,71.01214852659749
42776,75.02854937692916
10240,44.291359002756856
95601,54.32007904900824
31485,46.01392263204721
59754,65.88430873442627
99209,40.15526754083253
24349,23.892597793353687
9978,46.92845777498491
78187,42.37289146242201
92097,79.11496325519889
34542,33.14696889769806
25521,32.17536507808838
61003,47.83121300759809
102191,54.659039320491914
24542,62.93096443611612
92699,50.99416374596806
74710,58.003100192492866
83197,82.00512571536835
65477,66.13009959842302
77187,23.94547836206161
47090,77.20188474265932
39383,38.739314907985
84997,76.26262190325036
101346,74.45317569531807
69930,81.7922193395749
41006,86.57504500629315
53230,32.877769943946
33188,77.46422843360509
75158,33.50118305068441
14928,31.856621680336186
66500,57.07174917658243
46907,39.94980556112932
37949,33.76581076934671
22822,33.27766129666377
19709,32.23028473653193
38142,34.361927047693825
1230,37.451427066501665
5210,26.19839386563651
48769,60.05834928852293
101427,40.60382776034255
82591,41.841682687165104
53937,85.04979244430433
97838,74.91287219626065
85163,55.97617414425562
5212,60.888155410036795
22743,69.02793783431301
91290,63.53357805769015
32668,59.59864104242807
58018,34.84299431428384
97545,78.81909095348706
100532,41.82859144582878
78537,82.29409291766422
36068,26.638993274095554
74934,31.988433695875653
1664,30.382048550447024
26759,61.575458752265455
99857,81.03410752174088
81269,41.2307272728764
19468,30.709507473522187
27768,34.338948640744434
10198,28.74502111301436
25558,42.802418249753586
2003,40.259000451466946
67702,37.96080272013083
84860,28.278754802117962
53377,33.086055687452046
98361,70.88203370004499
81730,49.7283000380734
50294,31.772938157146587
19268,74.45088415418033
19552,38.42084299803987
92030,42.12613241245558
67222,43.10362729953124
102422,74.42212215255165
81260,30.944824710068495
2674,65.0984757689298
101265,63.568361650552745
980,68.70316568352922
92478,42.845491856534494
62916,36.258325242689
49101,31.643258875540774
54212,58.65326928482869
43685,33.0566737547871
93700,40.23021924849469
20155,78.06454042730071
39557,68.93600022557558
100180,73.47563481771414
12493,35.047317211520635
11228,33.728851736491166
26339,69.12144937114942
101085,67.92613635796747
14071,68.79640051936187
91918,18.206885463893368
12341,67.77616832978183
34167,59.81126701067499
59831,33.35443327633061
23503,32.900125950414356
21426,77.79460984437111
7963,34.27156405758478
63722,53.9994136303036
37110,54.07706786361939
42982,49.807106618026964
85395,65.87579100129196
67737,33.332726647536504
48594,41.19696392844426
33617,30.802486534767766
90971,32.20624144442263
58815,62.23944525573677
85831,44.358360629391655
34952,65.00664888205493
52211,31.705069865487562
98210,64.38952742652913
83602,35.81837774283801
694,28.45888095548206
80596,31.916833435900088
24102,83.57295926432275
74747,56.27499190924449
56890,78.03514297879833
76046,33.900387038277636
42885,51.14074107408467
32643,15.392517807707243
14830,30.26038155035524
38213,51.018665168529175
74532,56.78595479167013
1416,70.84330064705598
31688,71.09477178448029
99517,72.00301389865602
4055,36.79206666664964
29140,64.04303785373745
35296,47.994282214216504
49795,50.87295001341422
41656,26.087316299139673
19123,35.11968782179359
88417,65.81589008239555
78395,65.74812789383535
66113,86.20446085373794
17499,64.17359886249866
70863,75.12684599201246
21658,72.04324911344733
75817,64.89653544411198
85505,69.9769594454785
32082,33.58447933809856
57179,63.00551700866109
9424,77.95873935310092
21508,41.33877081169135
19489,33.662104903949256
66000,64.00216835934827
89470,51.01359081599453
30009,50.920239297154154
55574,73.7127029137867
25841,67.67009833698702
39496,84.34988230920229
75376,78.01176815094081
22511,71.03624002381505
31394,55.008044799671154
63269,83.40344940378452
64578,34.50105952338922
73705,31.301495621644715
16214,69.23900208360578
90685,37.399840992462074
10391,68.01491741725302
23120,33.04614550953402
81319,57.90667225779349
68413,80.4788634525631
84117,10.056011225839207
5361,79.07918640688874
75517,68.25034872362946
75174,52.84904079369556
8684,64.96799049032882
97662,62.99757456330917
96654,30.783948821618576
93907,40.82521607726892
23178,58.049294028756634
47298,28.88911005953083
90213,32.65901015992971
27835,65.450162521725
20491,34.931451071542256
23152,61.41564972869571
63854,73.79190294713581
26892,43.76143902974632
68713,49.66914656480923
69647,52.3552420760983
30396,70.82181901494803
44628,62.49774401560611
43770,55.943510046856005
8138,29.97465945067945
24058,79.51462596606666
17093,29.08818193001074
2508,28.881664421773372
89952,73.5368807280659
84988,63.45415848570663
18105,69.0404435006001
28218,76.86466103338357
42041,51.81378105124024
2013,56.537118749014866
63723,27.228405800488613
34204,17.52587085675188
23897,48.241916164750485
23500,33.03212356497165
92848,53.91969767551382
43386,32.83731981859212
29985,48.16727606604006
15579,32.53679921197094
52139,68.0295309610743
18457,53.21670417443892
33874,73.94497761861675
18694,70.03112000181832
35834,67.03719118714176
48086,59.929496315563114
71914,64.28434311879056
64421,40.92441298363838
35633,68.0919846338348
23984,72.45705430889828
94149,30.198509697448067
62301,67.71695016964424
1330,69.21424553276803
51695,57.56975988033702
58971,78.94979279336178
17286,85.44120711900098
68645,33.75668707801892
37425,63.221146811820134
6190,80.3673016474269
73396,53.50252054356308
37972,40.08295416929141
12811,66.86838530588201
52022,25.311966944747653
102527,61.27797829230786
26863,62.113056304690986
71123,63.43468464278185
21286,40.95987866979014
26767,74.963080641456
14170,63.003896730535544
2054,38.35755523542762
17003,65.99118468291363
92031,42.82291569023045
35381,41.9095540138664
86212,42.834662546514735
87538,34.87029981644618
40456,34.385644322909734
8667,16.019744655773685
53788,63.02256755715361
62269,35.648722653342986
18262,71.66517815207862
27805,55.5124503064829
72719,73.83824092864364
70492,68.96958999393073
67630,57.61729830117913
77486,54.35942537391188
47525,62.159625203686744
42573,33.54436245998502
87769,84.02421608663977
21309,42.306574432269116
36233,35.586615111038675
20147,67.87724101858957
59293,29.61475859303538
90925,38.34185511057633
42597,52.10779201474666
97812,41.35694948074983
56240,37.53246238132701
22517,42.02053071449948
79639,58.18277450763355
95659,43.334867542675966
78099,82.78988915755343
40496,44.01377658857171
73116,61.41554803548479
92581,80.12713550050546
45198,70.56708400052322
78217,31.301624692674135
66194,32.82574026184589
78254,46.80798213383503
42650,71.84971713897455
23831,17.13625032384041
41022,75.09382580361603
78292,32.49239087715362
66978,31.509903287685876
98952,70.0744403468496
50362,41.06082718725564
19915,42.32386077244783
86903,70.97381465552593
16760,31.698512238551466
50995,83.9360080198646
73398,62.96943267121949
28850,16.744635465073394
98520,66.61330517864283
6271,64.85426899798883
87692,69.10095869333952
62007,81.75474230679208
89681,75.03795229319857
40177,68.25534587020897
3697,59.90980679570882
66802,43.95983397082438
64186,78.07604318251325
8696,73.75512731318196
30789,69.85288713991062
79972,40.76085584960463
79381,76.12369483244245
40435,44.92099208436788
20677,27.36038042255648
23061,31.2840862826947
20459,54.88848022187764
89969,61.75953838080082
7633,53.21763169392659
97415,44.29315265618113
93619,48.05798660765567
85679,43.52162575141802
82231,30.816215641254942
70307,27.88944777511222
99610,33.04700762683477
87506,57.477086242676435
32920,66.61884817244808
45095,41.89629061531488
24444,71.99600482900875
69874,49.90542031460017
30410,50.71079455078657
86757,57.88516203695348
83802,33.3865523888854
22227,67.08511125797182
28485,66.20761767496107
42695,50.1322280248335
38039,62.88583228993292
87637,65.45949792621008
71191,63.877976592806526
74603,68.09054755959133
61742,52.916503362162175
98231,76.01485758909052
87701,44.533487465080455
71389,59.83351410334788
92320,52.657258147050264
21885,61.36876359938631
16659,86.1282114096695
84094,58.06744661113113
14626,46.23366766205025
36467,67.98856506615272
821,37.82918790702421
93498,80.45161304174621
81812,75.99165337193263
11523,73.79848101013715
87537,66.90177397003265
56074,33.51446273459068
166,52.28965430139183
4984,34.76246839908413
57062,61.88714540986453
71063,37.883498585406144
88891,45.94182031518875
91835,42.08875665250643
31838,5.6114441175997385
89261,31.496975428585298
3383,74.94660575576589
1736,63.04314540718297
81435,47.00506764949136
98857,62.30173428606265
3652,42.44044729417044
37505,56.056367530644806
65932,79.08297825693796
92694,52.17603285486971
13422,9.023784423787223
4445,32.184490712184434
57757,48.5698245756337
70966,41.2671234660648
10794,57.82704854521232
42797,24.276523625316507
39747,28.042898115078827
33984,33.01278302407059
94750,31.974864968465994
33220,53.03329876529507
19151,31.973518746831918
99175,35.6925793687007
71143,54.710598460854015
30071,34.072680331824834
37384,43.14286634634352
84508,74.62688703175135
75230,71.01311512102158
39850,27.11417310083724
13897,73.01376237960196
60802,67.09495898750976
60016,45.7143879018238
93111,34.01544608901403
83357,67.96610735067617
47871,77.75282413403531
20178,42.54846066373581
96955,62.84565278231075
11471,82.05513394831442
46511,73.70708901331788
84404,69.92121059609315
81258,78.95853257647667
77531,63.171831934675915
26538,31.506757217025516
2507,51.295470445043804
48923,69.12764319246239
62870,62.894524470915314
37957,46.635570024445286
14187,39.93483796776856
56040,66.84559240867381
82086,67.9153888410373
42532,41.19985071223557
21760,42.118776070827124
28425,33.88660807223652
71432,34.747487717352094
100819,26.184932939755125
85198,33.69904894248185
2640,42.07183219225485
81916,12.573936509180186
6282,22.771771541035093
89525,43.96362491611931
68990,33.236398477242325
36484,39.296611297987695
71161,86.10002527249284
55810,30.519274142150934
68767,32.66255633330434
17907,47.947930615588135
45534,68.2853251050636
24491,29.13815041942016
88528,59.09159975055867
95062,71.12941770050085
52567,78.06671323531744
66793,34.66528943612202
40536,32.73253956488202
97408,58.837899667437426
46133,34.04319380835536
52008,41.18113474293341
12775,65.36529921723638
5171,72.00316756016045
13582,42.728817754488745
11843,44.10575055542775
32974,65.89914881307426
38278,64.83293514806965
65868,72.86166544095974
84365,69.78880802053627
54646,14.240595794998455
10291,34.1253906901332
36855,32.026947724848554
89121,65.64878905093006
54349,79.28142626967778
27634,77.88601236296287
51190,48.55475151058323
12435,56.91291304745613
30106,68.91135040940392
62703,33.04650037060521
76802,63.8046000360767
68899,41.558789951885856
67355,65.92134973515499
49451,67.8944074256537
47358,19.92197155825533
78452,37.36468804224144
91449,68.77548601655309
59241,24.972878346341133
446,36.996577082851644
3164,16.846366122741813
10348,54.1742440156522
18039,54.87706456002453
99948,49.24233763607241
96083,34.31795081224265
27080,64.83569539244746
6529,47.57697589723341
59684,40.109467597228765
10355,69.49357401866914
73288,28.677568674932324
60799,34.13611869372816
54313,69.64908836665168
14943,65.5565259923515
373,40.093508259369116
2329,61.64153223997275
86425,61.487814848737145
64950,68.21405549041683
4243,37.005138738435456
1856,65.51323253778708
29370,57.31775862100009
24977,41.32379251720107
56984,82.98890523759664
70881,33.58366669932953
27585,38.09524251715364
69895,55.78608194072116
100729,15.701976260822573
33518,39.930231123889286
86542,34.98575243618801
73654,61.05844889531899
68397,35.458615049927154
86091,70.02031837116004
62573,30.211063208316553
19808,33.22513312230745
92288,61.89707454649312
83807,74.98585291102663
88875,56.37984376408214
41796,64.9236469686686
45190,48.69740532785272
88492,82.0614629778706
59733,31.403594364832287
98438,77.34470939302568
15130,75.95800727523417
88381,31.960973012303654
84165,33.79303629547222
20512,64.1285844516328
79228,80.77746720524874
27348,14.830692903232045
63853,26.045584023284988
64993,47.72978604423639
20711,40.99283841817106
79204,61.64154719321573
97057,33.60378886603953
17849,53.057604072149005
42687,57.990294819243346
93730,77.50924646200596
97028,73.01152883731383
72963,61.407768609205974
56835,34.216591455737905
25013,34.54566903083022
50761,62.776123757139516
46761,42.95512683442812
5265,33.93140219218693
35356,42.43927771782245
101990,37.83141740349136
44272,42.93724781443222
56038,62.88790189681276
93324,30.746333633863244
25972,50.61766090973657
52255,60.160613012461454
15954,69.98653588513749
53904,67.10864484537538
38723,69.6420752909213
78451,71.18473646754981
76973,56.85255979292915
73599,65.32454268892182
15567,27.133148643557988
41942,50.07933390052853
19010,74.44297594704932
21484,62.12033801917994
49858,77.83479226978844
76143,77.22288128217728
96079,40.048111220556656
18668,70.24530510708705
96655,41.97796544723619
99144,40.619846026263616
69227,67.43068262109902
79797,68.81658968369575
58093,59.2983914026407
69386,70.20506089337437
41340,79.13795174158486
8219,29.622970716263193
73560,91.2568083405769
84491,55.0779366266146
740,17.955727006839428
68635,49.63449607016911
44135,79.72758362020016
79601,67.91035938416879
75939,33.671244498687216
85040,56.89443215121219
29970,34.11730030825274
23564,76.59271398457668
101354,58.06122132072801
28573,59.03939037041113
83996,31.244586337241458
88017,45.08089991486574
26433,73.39219966065173
17594,55.83010414298839
32383,75.24576990057554
26917,49.211951760290596
75314,49.74056723811624
22101,54.78523950197456
24594,61.87293069409293
27244,65.01192263794138
63534,79.84907521920715
54325,31.20913940522127
71959,31.09410350804451
18735,29.66865519771654
56578,63.76870535195322
78302,35.78592662770364
45022,73.26115397299782
8931,31.920578495329558
66035,63.5626226293886
39653,36.313082284275865
57458,22.565083222719824
52630,71.10320599912149
67036,39.960919565775775
8449,68.73606654451237
8798,50.114666538011136
4816,50.95413191391388
73143,73.27464466437527
49017,45.94102288035012
34386,83.41374121856393
53082,31.148660084055493
64901,39.979980879481985
83998,32.67520680723138
60517,61.8363457340177
39843,30.26704584968231
52227,68.0126489606948
4568,56.076635825516306
95468,68.89281507620117
96407,47.71253186954466
38401,48.79293196353534
34929,80.77291124983695
49443,42.1954120440326
102424,38.00418931451651
3524,29.852889612977904
10448,33.70476523356833
61463,26.809241817788536
20833,42.97687553419925
17601,66.10348836920788
52422,40.1059350220897
58955,73.76413045361102
86255,62.75879406703738
79641,44.04104206282214
82782,56.10381066188171
27230,69.69091546065272
88684,29.440152497152873
60703,56.08926195245691
69947,68.98638565372018
37161,54.1312863930906
97624,32.77089083130282
53723,82.36778803568939
18346,22.670914214407993
5256,57.21667218954428
53499,62.846860287343596
21378,64.06010762112632
72351,40.177103135415194
14753,68.01367866609519
15389,37.59213000104323
4169,40.93923715700218
70560,76.88987703203418
48736,61.977167021249734
90896,33.516318061454875
6756,70.18908112772667
39841,79.27493203378245
21897,76.18841785407014
73574,33.21661015943023
13979,34.309145594050925
25244,79.0642906387094
57972,79.21185211603708
55802,85.91808084519877
52649,64.1696380349569
32435,82.39638639907736
64450,45.58263142083213
56957,28.434627032087164
93150,33.431806792106116
3015,74.36467471700863
79302,75.0025041081382
45697,61.26646320203038
69931,70.94018538912145
57201,37.42799121085409
27856,77.98648018601443
79400,45.39982023781564
61224,32.967536309745
15644,79.2825710000617
8643,29.595297113134617
17052,68.88968247575355
50764,37.41956200626056
23890,41.70350491801153
20451,68.78597464745829
8657,76.25449321306219
96501,40.81328043286764
39554,32.6450394565746
81968,33.59737688423993
55037,71.4102675175714
92282,46.75177359428901
21838,24.741304236307524
94279,45.842303273714634
7610,31.443992125429958
42812,35.00441201860068
13622,72.19697972204779
52484,74.05917486881586
30525,30.703009245532815
28454,38.138533028250926
2073,43.90678474074065
84705,59.18453838772464
101083,40.29231263793541
68432,43.398180524188184
52130,79.03016634911754
40658,49.028263328084435
20585,9.30770505000502
88218,60.759752886371935
15065,78.06193888814983
935,72.3057308865956
48371,40.05528183864517
78031,48.719872199780866
87527,34.67146905359955
72399,62.857970642115724
878,33.820079728562455
83272,86.1046307367283
71015,41.84232462496797
69279,63.0767120499118
34819,42.312379207276514
48325,67.96063122370782
60261,41.39603368843434
67605,44.07989539463684
11183,37.31645214449856
96025,64.04113028840989
47807,78.17358881240878
38582,36.034102616463464
19272,58.00005487349635
58321,48.16608946571213
96408,71.11678377662052
4853,32.6439883043762
94790,75.10082804584766
55691,76.7500562529184
18699,66.99620579605505
63490,63.86352964148544
63551,82.55012693237413
58533,71.2494457775073
1948,69.07022741194413
38493,69.98765766026477
32870,60.11115745541593
79932,41.96145999352998
47684,41.17369880654826
59922,40.98321311741557
102005,39.55043607163138
37083,82.289013446654
46618,55.81321228250666
56169,67.50164028115958
34315,23.209651304006798
97362,72.75694474567007
21492,40.546207816562024
90666,51.88735070019086
1357,31.898379511014962
45593,71.92702858058166
13560,91.31039855635487
52481,71.85550827624527
54459,40.31846577797742
44827,73.65304952253808
93323,66.96832972653522
94128,34.848170656606456
77867,56.332536407291485
61324,32.97131377839715
8883,63.91716602638646
40445,78.24544728195912
56812,37.53984178260821
51313,32.375211122595665
27183,62.06617058433335
16460,33.43982694029614
40047,68.98487090805216
48104,81.46249351488521
99217,83.0677182346773
50196,61.12887423228437
79618,45.226982864509196
38963,62.85286497951891
46364,33.62896765460189
43216,85.06457196245088
26358,34.07588113273044
96031,41.1638685283113
20529,78.51981189967671
72798,27.737818194857805
72520,85.8566904514002
39276,32.96239990321355
23368,41.05959010764332
11324,33.82532450497516
82038,34.88082086156721
100010,48.998167794548586
76690,89.11994195952106
77900,40.46755122975176
79482,73.18185896272405
64145,73.08146471275244
54819,32.938113531511405
27370,40.10268647556826
79489,53.53190144482757
68306,60.021994544676915
8795,49.610920584125886
98556,69.50819924480194
73087,72.19554549241207
9992,77.77940656856588
96368,30.006179309353076
70944,37.14305419414377
56819,40.042440806732415
84814,81.23194476928724
58701,78.91362973294676
7642,48.06231522658404
36187,59.30666926331868
12270,32.835392462999145
4953,75.00343628427643
20968,70.93731957106361
49726,60.7211423859149
7719,69.02294004599935
50900,76.1381400249057
6017,51.827110846661824
16539,41.153304274048175
44592,78.9185641297478
31821,56.2810756108068
100673,41.198740437947144
3590,77.21991576644021
96986,32.18189817169396
65252,74.91272524823546
100308,69.16089937821033
82200,41.85400928368952
63540,37.293643037288604
57509,58.78220962764526
19099,15.963505359567595
8880,59.931431906833566
23639,69.43761309441618
25305,38.80962301550737
65059,40.9268382984113
9462,66.74676287188889
83544,48.14932363714274
11721,63.83815889953253
29562,34.06826867826234
55409,61.87184748334061
16465,57.514746486265615
57357,32.84449110886781
102232,62.84421933829063
71076,44.00354849490253
61052,48.353258204298015
10030,40.10565017316739
56184,64.0403531540654
74634,71.59536856353974
92518,68.76997372051412
52044,84.5228319225098
36407,48.03952470161333
27331,37.47161613669788
36866,64.72453558358951
30358,17.989930864936085
62293,40.980219759504024
91751,34.207085250830204
28505,35.93887604530925
2007,46.733461747787764
15547,32.55117038747328
92530,52.91409590937383
65902,79.83954958713282
98876,37.29927136978024
95362,68.03534839049026
5777,85.96876468654733
7416,35.89098453587526
1310,77.72297688693345
84518,41.09042208303444
62900,40.74704255047871
95772,31.441458991633645
48714,63.89107335865657
31163,34.17595645809764
99547,79.32356089978464
11260,33.03754586214691
59403,53.63231150595166
72832,71.39317334936064
57504,54.596530728747496
72656,24.82501853567996
102257,85.58278811776427
21351,37.02479858289055
12281,73.99957303362591
39581,30.462976620927986
998,41.37194632381881
48572,47.92490292301254
70670,56.96821348759855
8933,79.22663796007073
82210,61.83679454858089
70521,74.96545261850858
44296,63.99638516350444
84564,68.87116536367895
4715,34.71650568583013
74798,70.6875445260751
37835,40.56835135350262
66469,34.01223141385134
66900,36.05212351603646
40307,31.60761432268467
74247,61.86921064824114
36506,28.19043986999943
191,80.86480658831131
79873,50.57826827779216
35678,75.0037318968271
74228,42.03331027114524
88338,31.09498114137059
39078,7.880043202823629
36133,40.278541434399706
93138,96.14892315460841
5,56.9953007342982
87065,26.039918228180937
91759,34.76823329241539
42307,74.66882802361762
38222,73.20119661497056
11374,78.97362418102207
92961,44.633477815608884
53465,32.81139121515239
93316,74.76785120866629
82084,34.938648614240016
70973,33.13698611195103
57110,53.95224304520773
63556,34.85415043731469
98928,74.99792581596871
88942,76.82207837360164
5138,40.982822200627524
41035,42.87191093966871
9005,51.14094699584898
96104,68.87936502113021
42492,47.06089767727393
70471,63.98789292354954
44520,74.72445215520463
32192,64.1241378658437
43782,33.14911931853782
96228,55.7455423782834
76208,28.00324610603479
101887,33.969820395488306
94794,75.14649466476907
65441,27.17461583348234
24744,76.31484153660514
35392,35.85113078992091
30394,32.67854295100183
81710,58.025828583570735
93732,84.64043622515163
51947,32.70823677896317
76857,72.05502431670143
78660,54.92091519501028
1943,70.79945045733234
19950,58.02151726169507
25082,37.73524189184233
52470,63.67992807019969
52041,74.53308247895237
38629,32.85782628026
33754,42.78851989779653
80103,32.99826464406752
94169,40.2868423804194
13740,58.30051465850705
65146,41.71336870211878
23417,37.07704503885807
16438,60.13736138825137
27632,64.04902693565829
58203,60.96737610065062
48655,69.1824739387209
51934,80.95567888617848
37538,33.262316526923485
69092,32.87692366932838
41827,71.20536573102873
63575,81.82691145862336
6473,31.1470849255584
14450,81.33399501395954
44850,39.64852269316334
12321,75.01732672095015
95425,29.23915532114113
31707,29.721170892080202
89464,56.98585832838989
27372,68.01749552503404
90309,53.529007235387965
48186,76.0178128711759
62956,43.53748641252892
13742,74.947475029976
46450,49.53667122538734
37150,73.03797990414478
44481,34.02833099248994
13840,67.92781772508802
3570,69.09724666456057
63842,14.315928797008599
66893,69.37462998075928
90183,69.17776731551628
6465,70.27606776300401
100619,34.99230077706187
43930,76.70588081670506
44325,57.98084851448824
77012,41.07350298530638
91810,67.8363642435044
81476,81.78464057431039
36843,45.023279166574504
44778,63.98981499675666
59795,34.76097137307542
34593,77.45072474604525
86226,45.76976833285073
48869,44.95501572175598
40105,75.08822844846122
26595,80.96215918317833
48185,82.39388585562156
48784,76.2296361005609
81229,39.81880025902516
27404,41.42644776258979
81698,39.2732904411477
102039,42.03075063470111
79105,34.662534675725055
71804,79.98478564577806
97339,80.11437027541285
18933,40.884509271588286
98003,40.92567279228322
6067,70.92675785395298
90956,28.94214201325157
91328,47.0850852834545
98328,93.45784730145024
49400,39.70488927916217
67462,77.8378778075911
28250,55.113035808850995
98911,52.899511912414525
65584,69.20835029555326
56267,79.03940749689477
19173,33.18919363959224
96453,59.02032818784973
52781,72.79080218742905
88376,27.027899183984143
89617,33.99047130962193
69603,71.90307513682569
19117,65.8913186410545
9068,49.85023901044937
19610,25.497267266815403
64713,67.1112084876579
100253,81.04634698407116
55854,41.669200095609455
88895,62.40029237441306
42086,23.52815842239388
53172,33.98013400884897
5827,74.2950087385295
102328,37.88136681620016
21501,67.051621655816
96908,34.44883129117987
26253,30.281669134085423
1772,31.011908568805893
37131,18.900400295645035
14651,48.44411719278604
56505,36.21617002050021
71281,62.83242786292661
11239,37.651224853784484
49161,41.41693006716947
89942,72.99613761721577
20654,69.27213261997662
21264,55.10521329631716
90459,32.9944454405569
91618,72.84619010931362
33688,65.94622833504783
66907,29.89398719472746
46626,76.02006568141908
84559,34.61918366791812
81366,71.58871166966263
24432,71.87276037575936
94168,76.41668565109462
94253,56.89084408662336
83279,32.255295414917896
59673,85.9259906090468
38914,31.268092253828325
11130,42.80181751350819
66038,57.52424642446135
82820,32.64289386009637
67640,71.88414081558724
97118,91.33528087079765
80823,67.75380961865503
75973,38.12136762787153
33344,44.9546195931876
98668,45.87032747819883
99162,69.78553586818913
38811,32.27940102722009
55222,31.922159064342658
82612,47.126718601967376
10882,17.946940251843095
2185,64.97383819122476
6958,60.12316889094314
59517,40.644729164861694
99974,64.0266922935544
99080,67.54972257312417
42973,71.89432446920762
75993,56.81575298631828
14464,66.84265857287556
82485,63.81170762036204
56867,41.332255004865175
82928,11.02314284238349
78706,34.4540874208086
45026,60.67808556607281
88640,79.56704559419947
102229,62.60783809080192
28365,75.94701832433995
50778,59.14492178906869
58620,42.01106411444813
101363,34.42957134698409
92039,71.79131470601416
35469,70.7637484876575
59000,64.23215893138342
81933,51.04362317214006
31584,65.02960371524966
53039,73.65014482173441
21028,57.989522660882315
29018,43.98884610339758
76174,33.64906149794443
97928,24.99887983351261
51969,44.44416546250094
6968,53.85483460017574
95708,33.25963382938801
12852,44.51654156010848
20524,33.141374086472865
102627,60.19514721477674
73746,38.9208871375717
58260,58.63096834024357
43200,82.2355961507638
54016,74.68534665179081
68218,40.97580420566457
87717,33.55634840112464
33394,33.16665298528546
85476,75.7667759779043
42742,65.05896621156833
36751,23.852137967880054
92230,62.772188576110395
65988,12.907392701985877
64906,35.74229271829216
97191,30.468085449967354
97075,78.02919285865876
98283,32.763924404739356
80834,25.560245345357956
58496,41.894139286864004
19877,48.02585356037116
84907,62.00700081036552
98416,77.11897100289018
94208,47.515448157710736
33509,74.08940060618198
95548,33.677926250166784
54383,63.034863293329025
6648,71.62358435937743
30988,59.0741975774253
12112,66.61249733256685
12243,53.84305666448816
72735,73.025893073298
76720,62.31919634698055
91898,36.84150217504923
21612,38.051465750203576
97873,38.5412024353612
42844,63.97663988171308
88864,78.05010319638333
46822,61.13665253925117
61924,81.96382604883811
94887,33.838665590298795
94179,58.14448561139419
68497,80.25139504496738
54437,59.10170524506898
10929,97.22442783056138
6919,39.72982424788187
1984,76.32116498320451
87282,41.91309112850735
47751,59.96371016345154
33201,59.953198798226154
93936,55.68017282044801
83076,51.988198281880585
94288,69.09988205618262
73584,67.63942883893316
52934,80.66230230893217
11232,61.856840330439994
59871,33.326419479385045
15759,56.87600412769347
61795,62.977294823194924
2131,68.90772464310956
32362,77.14850375679003
14023,59.15145559610322
65658,48.25043247568465
70440,39.799640666578114
15715,46.83175775005743
101681,63.83861978895484
8027,77.9489680911594
49899,78.56445493868469
11995,34.10969260205377
100128,34.91055222449807
65503,88.08605608739595
47858,61.87054541735129
50936,30.603911098263392
74360,49.333578604554766
93764,79.9932905346349
8254,83.92833545131577
13924,57.322618828484536
37722,68.88656046323646
66844,59.61578521630733
54193,68.6296812949294
49302,66.81866835845429
77176,68.892185350148
25600,43.066791525269345
63538,74.9176344430752
72753,70.73491567164831
75695,34.2234963999462
26493,61.96268332187584
85095,32.416004311265844
68520,58.87905007051177
100293,46.052782688591826
76954,69.25893752730533
5759,31.98665314480163
2536,58.46957781959709
85802,83.45039483685477
15779,61.74818253866354
42693,82.23525064106931
89378,32.272861327918555
43880,32.57035466809542
38303,53.94226835380256
89774,40.84399541221682
29619,73.83657217306245
16313,68.90202675735281
78400,36.841544434066485
55570,45.27765662603264
54299,8.083568983695201
51155,37.880061183086944
74077,72.46735097518476
82358,78.00997286602927
39442,54.52753988807321
99333,59.10214675056144
87409,53.97198074365822
66172,42.93482786333579
68312,85.97104517595139
57349,46.1546494064799
57499,71.23643914731142
65246,65.65424527784825
100799,76.8507975588157
32413,28.266928926343848
86271,72.10516590210244
4234,53.84761430642457
79684,47.55401990498744
25359,32.09180091206099
27172,43.3151577902276
46080,62.992140521866126
41086,40.857093413887156
62766,27.916754235257557
86343,70.05946848709155
25621,67.30062602970976
92068,34.637093827843294
31000,64.03078789424113
36196,85.57352114614716
93782,64.94972975842012
40804,42.7209518259394
41557,53.929765927703116
91790,53.072195944014794
89971,43.66511299675236
51857,70.6935644657286
75647,38.99557144465528
13190,68.49426413375267
98693,41.44882454717822
11532,66.24477400196159
30859,41.84095420685655
91584,65.39247147269575
44299,82.98816587460038
51037,42.328824070898335
100577,45.97514063082651
1617,65.0134746866799
59614,67.21855217675719
2666,33.072991028098826
9298,46.51503195702294
25680,54.75094210256477
31822,55.816119862658184
89913,31.96670540794673
44415,81.80751732625711
11645,47.03321659088307
54525,35.49278516740201
85202,51.65114137289661
3938,47.90759580027452
37615,50.63439614453939
98938,56.05238811085715
5019,58.65295845824285
3837,58.3698388064731
20407,61.97141447153477
99775,38.160137883627236
65620,55.153769542577365
31336,33.321988257328606
84317,76.92970203668997
64398,28.76292378424468
8851,76.98059310327301
24819,32.22838599717315
86274,72.58674874373989
62320,80.994861164388
67707,58.38834240315566
53716,1.4879116813039381
20241,61.741144656127794
5296,56.07975966631406
3793,68.65195863214733
11893,46.8495695392037
78561,38.64195815203142
51427,75.94941502898237
13249,34.17480727987428
90269,67.9943345866466
75077,40.91121156207829
32843,56.00383429484901
56238,41.59561016457842
22220,33.97651912470095
64388,73.71495870969918
95181,59.03672208034702
43372,48.98567703339643
46361,38.421240860748426
11357,52.25477577247465
40586,36.7500970764655
73942,57.98108501858526
43130,47.95608460954448
163,44.361467817374916
43936,42.11978361396927
34566,61.56390887970248
42936,64.92120853945715
69817,42.50838844509962
34830,41.54823370792713
91208,31.982830754700903
3464,65.59944979611826
67789,70.02859087482256
102482,53.83605090645105
17946,45.91586134636758
8385,72.28286179601967
54907,70.06179482343953
25744,60.298151117518735
75026,67.68882711981126
29782,67.95493928013127
42024,36.02893645344331
54253,32.61827882727837
13606,70.63816383679168
94339,75.1234439819363
12761,63.953135157123825
51872,77.18519403904415
63862,52.00746477332207
2014,68.39647188406293
89115,67.42071506379476
29890,48.02143135497081
61320,58.967634551071065
8832,39.840142308107126
100498,31.60458399687333
24211,47.19636436596484
50042,68.23295062466926
91501,77.82452842495508
39921,69.99207160402968
48840,56.03675844719754
81357,78.97455537329628
76027,35.06010506353037
15354,39.89825899758877
87033,43.68487021619397
80599,65.5245351967568
48970,66.71200673502213
31776,70.10906209576322
50185,41.78705144979568
13684,78.03481746782055
58449,21.58659134595373
20319,47.81047876920771
95561,32.022720233398076
72453,75.17248772526492
59560,57.98645799580511
74304,70.41146733115096
79113,34.38533653294004
61207,54.215125950863325
22208,73.11671169199002
69173,32.948013683325584
99967,43.08160938034642
24464,40.78564211188878
18049,64.0292395990659
24020,28.314231767400777
65267,37.946680199660435
4792,65.89409063443219
79933,60.42707107110746
9798,32.50111380966498
53747,68.95691545351025
17428,23.032083767405318
96168,49.0621702801748
33639,78.98662878027764
32773,58.8987162051197
99783,71.23422172706012
101829,56.86444670528794
81401,63.10136838492526
9465,53.02041605247205
101571,44.136614675301516
21619,53.05770726939791
86030,54.13263881988246
99006,34.21195317188538
94620,31.63742678414073
59385,64.87140169942231
28352,73.99531505505246
80551,32.2886012042392
93726,69.28700496209296
22656,47.45997901538268
77422,58.23161797937783
102551,40.8207059926744
99554,29.147470021396753
51585,35.27339697287572
93019,82.10622246127355
11898,32.560991642149816
61550,41.19338264679343
2689,19.62090406935353
24740,69.76663434852148
92501,34.02525552581736
36284,64.95458145567734
56632,74.42766454362237
78925,28.219213076340864
101469,63.67337792705714
25795,44.03344751571059
35649,69.40830074596715
2516,74.0646942742708
8394,32.51393016068337
74159,73.38917654465314
83434,67.90115438509747
70843,74.90670239271697
58920,33.877996973208276
56342,69.0635732749958
61282,32.838978285238206
37601,33.77225202742167
44654,15.970823854359537
11187,25.995225669610022
11996,75.08371673879813
87054,75.68337286195398
15773,58.913186094782645
89237,74.006138143953
49005,49.16310199037218
26798,71.25934298807522
94058,80.55236651022196
16929,32.69029167222392
46899,66.99297242600798
21301,51.94414015294274
71665,60.69657746414882
33006,39.20489233833524
8784,64.59017449606145
100435,61.01641465036007
79824,76.94407930913721
97574,41.09814007445728
19719,55.92388732414608
30578,75.96028902654677
55499,30.32670951413718
75036,81.85907084442084
62195,31.406828423900592
33653,74.6289789591209
89557,32.809990219545156
70050,61.5561776736211
99636,37.73416342698635
89788,47.830889140866155
71672,53.58435842602569
60968,70.40787939188213
71910,35.167973057937154
71038,64.01323104996857
26836,72.97945701299477
30564,75.02024970500199
52275,60.743075661006245
45143,56.58712170467
25567,52.295956729155975
96366,86.15679953357923
77115,75.81031009453092
96756,73.89126445723974
98418,59.31205940161844
29212,57.9137305539405
69142,51.817294632079694
40023,74.41847874152919
1054,71.17656783376893
81582,77.9743311062312
62857,14.005477895896561
48974,37.97303414992818
95303,63.118144966342356
4950,39.95870305734197
55785,58.72905782653358
18685,54.80777857166795
36077,71.65377331504845
43071,46.10012377735862
76070,41.311907272268975
96435,57.89017938887817
51126,40.74526237340766
6622,54.00976341558682
84679,68.72312843744055
74605,34.03139698673222
38373,40.676066052432084
68146,44.36851444685784
33826,72.01493369163052
75367,82.11300790661818
46174,65.67947191984842
42847,73.98370950010434
40362,37.81517692076496
97080,52.948130575151836
18937,74.48970676492934
82914,57.681067170068644
12172,50.95451569774171
82959,83.13926904912987
95301,82.20818396349199
43059,67.66123729608631
4241,39.59829687396515
19549,63.9547646135094
102408,28.813879831710132
98914,78.90027107066872
35491,96.31005098402645
75152,47.09598424058733
32393,32.64199997383195
90941,69.96893081654028
23735,73.0914093242059
64039,36.88798178158002
25625,77.74180456232719
61434,68.71925168412989
57917,42.79725556497621
40677,49.55755568776771
67656,50.09153647624906
37943,34.932384536833545
75177,27.676201559679868
39851,22.250109462921067
88591,56.46605423355265
41084,64.7422501806264
68280,61.970290950843236
74707,32.85898282748193
70236,42.450281789193845
73305,31.179625660384893
7289,32.92782450926462
40297,48.70789682601546
65125,58.365455992527785
79848,74.03845609155792
69368,59.039987750228434
80550,68.97536140577114
48638,51.05977131483132
59345,48.70732221955033
14931,42.6444845550526
19545,49.91493179701878
89391,72.81749171807027
33415,40.08058708692991
48094,22.824167050488313
86322,68.97513045948047
45521,56.054270847077646
16337,33.643236657778466
85089,84.99818193983947
92886,45.691978478260815
53809,76.03788111709244
50705,34.85839887904264
27823,68.049738595371
84807,38.00519366092667
15808,68.37638296115523
62096,32.16013628469719
27684,33.689418043780115
51420,57.90498167617593
26317,61.096319795485
48920,70.93987362868637
57056,32.573865702318535
55502,71.8287478381369
89376,33.5448984812294
1867,51.99050650991986
51462,20.733423438800198
89600,21.735580883469712
70597,35.08617985849916
62707,61.984417485017936
51429,74.24169165812668
92113,69.7173750775435
96351,33.963007991726954
52563,57.53806210851752
3688,58.00669700299751
91458,65.58816477489171
43466,65.2233724631239
25994,75.47189925778045
66977,43.83999965514423
22863,64.17850750695344
69113,46.285677785860045
13750,33.219532233006255
4907,47.223776320134995
46771,69.03091947409527
88169,70.26028058033896
67,53.87634460563308
82265,34.76862842490405
95947,36.59318000989647
100885,21.978653066078657
42461,47.475812814750924
91638,32.819015641057604
85557,45.53850159450643
30844,37.83056803628875
97418,64.27533278971254
76907,67.90389879457966
4463,37.499295081365524
37123,70.1296950988477
82301,40.88417234688937
31430,51.27960885533813
91775,57.93522407783874
87020,36.87975008851494
25179,73.17436699593493
102153,30.698361834865533
33980,63.66246443515257
56308,33.16480038901171
34342,72.96541094611358
25786,25.741536248494267
82455,68.48827860972071
29124,41.134718277195105
74058,61.97470001759336
81526,57.08220712196643
24337,68.75516522673361
12461,51.72272026326475
45061,36.86868164409022
83084,35.122941305398406
35723,70.82839125651142
19206,45.10675415554378
3576,41.77864683223105
24675,63.09147578585884
95748,63.921793382373906
37637,13.786890336143664
92138,38.2362116720475
56306,63.971428430759175
62394,63.927931279687414
39635,62.00103333917142
81280,72.02014024284571
47024,84.0681892204334
56992,31.15660237923299
97334,57.038901295257126
35453,33.42644769906544
56887,46.54472787271372
63578,73.9381385178707
81623,72.77021016912116
73888,64.4230738263758
25653,31.551954257711305
2436,66.86147045717891
22356,34.67644923563426
46490,31.602555722491864
82511,27.047837936631254
85506,82.18351319575285
47282,74.88838291243263
86383,62.91040065629156
37653,56.22884824125998
79645,65.97065535051081
43844,33.65508094578437
98537,38.07001527006835
57205,28.838262677092555
84038,39.97947902475978
19046,34.32352833603258
41950,71.03683347448269
46725,47.12256032412607
38837,33.86862219981418
100604,62.14121282357702
60166,63.020577978366184
10797,59.00102073264755
38,33.743322958031925
25675,35.46860331180987
35822,56.80020665489231
13661,70.02286031238819
20798,33.95627051244642
13113,23.67306534738929
38330,47.22149987044192
37840,33.17881362063244
71921,41.4974100120894
101579,41.190065940308976
1906,62.778507029541046
74431,12.53712268945624
102020,31.354482097849917
72017,41.01505578587608
50009,68.788323159334
79478,49.13345026399969
35791,49.09896319436169
96279,34.73806374198688
90856,65.13619879352746
37240,39.92871760837433
63457,54.78602340017276
97623,46.24518875887911
40170,47.77456827154997
100092,34.79487496111932
33311,40.290812120499076
3268,50.97705283386165
77332,32.26923169784604
66440,15.046038740434888
62913,82.22830372142039
39172,85.98386609634127
65622,74.96423077691233
7426,51.94581011328597
86523,33.16132662446793
98107,51.92703299487182
61445,73.3272012598674
99042,66.79222554706845
43266,36.18822110369225
50269,61.99510006725282
88346,71.94748061830262
55609,76.99877721831604
24331,80.0485947824105
57220,69.09298811601744
59526,67.92069664283594
43712,50.88411087605548
100379,80.8960950267892
10808,39.999927284131424
56602,28.85580843812797
47057,82.93829484197195
50430,41.861805697148846
16507,33.89867449554211
73761,17.060923120807928
90984,80.06033516905661
69301,70.15206700707537
20007,44.7174594116524
26904,38.54891249559947
17615,43.57572911792691
69754,34.95161011489503
15659,32.506620237957705
22019,26.050857036182176
41173,42.38934174536438
61242,91.20548830940885
6345,40.98050197855254
14829,49.859468882550416
77441,73.04798956137645
35364,63.90480828137031
11390,43.50945917925419
69549,42.90192892403551
62874,60.062931529831296
89956,29.095007930281444
79336,77.89822137877846
56093,57.912003854907375
54905,49.550584692779225
52009,80.74126827964614
64204,63.089143014528844
4744,31.701681954488805
51759,62.04319300386998
23301,42.763725670280024
88488,64.41559817222438
88675,29.986075050789346
35962,72.42300075174086
43211,42.83862633406547
98900,60.03515142837601
67013,34.58285777519015
85417,70.08773122774573
64579,58.78388668907832
52720,33.982740917352565
58366,56.59362342961722
27896,30.839791969256034
12828,28.3378883704862
51698,68.11904596451143
55258,65.09573343399728
102122,39.892275181695055
40530,22.595265982281703
37598,67.26820461594787
70188,70.84201976587377
43258,68.06454938312207
53069,35.967838598032344
71250,39.15307249399784
69215,39.25243064110694
99576,62.83576364633487
24118,34.79381927270498
59764,68.81424896345393
86541,36.45927443890947
38003,29.79209329593807
78087,30.93350078130423
26663,64.72698443678414
77892,49.95451966912161
59962,30.960465233667495
66516,69.26802140072505
32086,81.53637783908529
59273,38.75701849397592
81404,37.00954948278974
68946,56.418810024854686
77492,14.061017402345271
71492,44.905413481172516
67294,53.133214425700274
81559,26.845760936621872
21524,55.61083327824397
71713,64.02983262248583
86290,82.88020943380948
85162,37.19877384836116
83056,70.95834938149243
87080,32.02571625651743
65981,32.47665877063947
80786,39.483809908128634
81341,46.89858886402743
9245,87.91658458281123
11367,84.20577802910137
102213,32.223355100659774
74807,43.153304032398374
71030,69.11232109687319
80791,70.05570569638809
49316,81.84517745466513
49979,46.175808901729305
86228,76.63688768354592
12733,65.01965595209771
64730,59.023975214218346
19132,38.017471629638614
70083,32.863743032454956
34335,71.92278281955595
62512,36.79580781492308
6026,39.87888610841439
43996,79.81227834994304
64909,54.71038832604973
7750,31.150433794474395
64379,68.50357008425829
11240,63.29965389740235
79261,74.14000450150422
70243,48.174668511105395
85337,49.136616326605534
70867,47.121717254928946
39691,75.08153491807414
28426,34.264395818554924
71917,25.084735730874293
46885,74.82840250681792
59709,36.96901511118473
83924,64.6857576450187
60618,57.282271464012055
98191,34.365024378668465
61562,63.91400724709331
68444,54.035540611139076
28277,35.612190672120605
19500,49.81666954165045
42261,32.64233660771572
2111,58.796198847787544
56237,33.08249488612216
96545,62.000640841569364
102128,78.4777919816504
45801,36.71677751529321
68594,36.688989090808356
62141,34.175950787766524
10246,35.12381415617354
46957,50.117271919911964
21258,61.50680398296785
48392,59.598298068953255
69356,20.533801009442413
52215,68.1529889710272
3143,32.61191376282696
65219,63.66925623600221
26828,64.06035428983245
16702,81.90185826884431
3340,61.261263655515144
19387,73.18922665408246
97065,33.54896704811579
32052,47.94993175254156
21655,36.0301055411491
82575,70.88419601751762
40335,34.04509613534796
39007,75.32270837071519
50787,46.881926324535584
42760,53.781719001756855
16419,64.6768347918925
34708,42.12744425802871
101614,69.56656093428487
90491,41.85686621237568
24670,31.731949205530658
63452,47.70474678961494
2029,65.8194192236794
1937,44.08121836434727
50552,55.03040976086406
64606,77.14039360657624
23058,30.53346573698709
62675,31.197687245580088
60163,74.12560147135348
857,31.68604814385261
59549,38.14112015133686
1787,53.7207319090103
56952,66.92542194511279
66639,62.66284743324146
50175,38.63661160321314
54910,53.07690339392583
79784,49.44647702297802
85272,75.29805243170202
39726,54.412746919654346
77260,70.85309493591856
36733,76.84836355587736
7564,82.73621248464602
85090,57.048134721174385
48742,40.30426827184727
74246,68.03288856857563
37362,67.88254332054134
24282,37.230545391697575
25109,29.403554445225357
101717,27.128651485180285
15551,62.69970966608603
74444,60.19252778552811
14566,32.90287933773207
52307,59.29236200215396
2956,35.629438819756885
32343,33.43287830551245
6621,74.4319227159258
51705,20.092627069798564
2288,40.021572667593645
9856,39.20212702883717
18299,77.90338155650062
97023,32.732291360647565
96887,40.18308709471718
76791,34.13325486970028
37683,61.5669464654031
49345,62.79706143766168
83830,43.062118388276076
72208,59.86007258879749
99644,23.31565027384377
51588,31.08274114772801
61328,67.72954699260494
85832,31.02634024928329
50351,56.902586050353655
37787,68.0669964754124
10989,37.640264090853435
88550,75.02426806473686
41353,65.78218604381443
83133,62.93268888602343
83515,96.59946490756741
77276,35.42867400664937
97580,33.52515531736664
32972,65.69162755456892
50759,67.00075780653788
12009,70.99825256273695
42354,57.76663867294745
50824,43.277835719300974
74393,31.78252746708669
28010,49.52531788274595
98444,49.640842806491506
91172,41.436079973210916
32576,84.99220636822542
59805,65.90250366003389
13641,40.202037183412536
7309,39.555710157852104
57104,73.58892482191419
77464,32.04215982257736
75185,15.884210282355632
100609,69.00642883263616
19189,33.91152490968802
53970,25.070228793720936
77386,27.699676405602148
31474,49.3043504492603
20342,46.53055985914506
95245,49.3212369102924
88429,60.95572964281024
91714,23.90627853019119
76718,39.21765669757863
24096,68.94336825718645
3159,83.71416045164685
14711,59.9933156895514
77212,61.815936504815255
16023,63.481508790659845
98294,70.0166145284401
29470,46.513330256520234
70693,41.73503534365226
26238,40.15766683495742
17372,64.26027598821997
17364,50.793237125750245
1250,48.03728263418712
53229,72.86460026431419
46770,37.65010884682955
75225,34.98505098825949
87426,48.502250071801456
87107,57.874838241292004
56399,44.30233868521884
43403,68.950949820738
47359,71.10835701045613
39978,30.647978097395296
9234,39.09629641008487
58094,41.67267782090724
18024,30.522530100947694
65023,79.16283780073663
39981,36.809026166883314
23834,68.50026153884176
61901,54.60171229596655
22150,71.06283080331406
31831,65.22156964137761
26421,32.84379949076203
11074,73.10268269807278
21124,63.91784954843001
64964,64.88802725708149
52670,55.05667646829137
36566,66.8226304859672
51590,40.4434068406312
88765,68.88911888117048
68553,31.82650885135894
83716,39.531045168435895
38834,74.81010136811382
32758,55.83808436166112
15925,33.42547776808751
13866,76.73549012540111
51704,74.76985281039563
67213,79.00039387941533
10852,69.87070141173955
72139,65.96373785449249
33804,71.97152169032674
63051,79.08288176392895
25506,51.10013628537483
85212,42.27456585244037
44087,82.93963470808649
50522,79.67182282441536
764,77.30704592300842
45720,76.98185991045
55276,44.44595771280299
93996,74.59187169836517
51806,73.87100762059718
59492,47.97532778126195
67523,62.318949623731356
94896,73.97606571251347
96175,21.129822545785686
55170,42.0781019401624
10762,32.757437836115955
16948,30.957623531665583
19078,58.88307498347461
30938,40.214495806366266
2888,57.85528245047668
30630,71.07379928635405
16603,65.64522615655859
13757,66.87455403887705
88096,67.95970577927287
14620,79.37673644374992
35559,55.79921202185337
68479,42.830242263382424
8679,44.06370500275691
2839,32.41892062684462
39814,69.51652418988397
36610,65.97870173212934
10253,74.10123362426398
99283,70.82973020171357
95835,63.88968144938306
89798,42.28886696469719
61740,44.04764958054866
79987,74.02099656693369
90852,38.02603018312379
19738,40.58418103019615
23284,74.96327369385156
49692,62.99589223224305
102553,70.90902875662584
41444,34.923454415446386
49848,52.194351184203136
99724,50.47430601124519
62454,75.09137082751576
94399,50.12387236515018
62041,54.428853175136496
102669,84.96280255075052
64528,54.653207040028455
62068,33.74704887907454
58553,33.87598947581277
19643,60.18617079371549
95232,79.24336174554061
59841,33.210802963888796
25896,51.97580526892823
52202,66.99447924549467
77671,47.98428107058783
9426,29.569178155132498
96827,43.96015847644294
80647,69.51431498355684
6755,29.85935200044945
95338,47.18791959502019
13386,53.62756239890763
89553,45.10427155254979
89262,77.57701604106694
100717,34.74588967425295
92790,76.7186768073284
81338,74.31302299452591
56596,75.1081081103296
24307,82.23897088620825
63652,77.85219423655374
18730,30.92936254789976
95385,56.9453192340706
24728,40.889636483962605
10156,75.98953474421066
66703,52.03702951038363
48098,56.3697383750214
90860,69.99238481412002
79719,77.98553931429396
85600,33.614982010328056
60053,47.48747052197323
60271,53.30100329636035
58607,44.53030772231057
69936,47.535983351983276
17325,42.46031490103743
54693,46.633340314338284
84382,65.16415087820162
51243,33.20569944858327
9286,31.660330285087007
5908,80.0937365330453
6454,59.088817204775836
11797,63.13338436455837
86840,70.04825104215865
88722,59.89898843918469
18984,41.1241730048695
21680,40.35658407251145
27260,55.11112935745781
28037,66.53820287841877
5072,54.03243218976017
29807,80.02028446605951
5972,37.32903619766509
2226,79.3622690328238
53640,41.20009527434131
72278,74.96921248005829
11322,61.93614837534176
42468,74.01918773659662
69983,70.00769965337759
35836,51.945655029147986
79143,64.99391003657074
51019,47.931115750110735
64252,39.796281449399075
34591,63.322274758404006
82751,24.968393672844005
12907,74.5259615858383
57217,33.93254639469124
63755,49.26284529372976
35699,38.926465511851546
100834,18.14724883855223
48204,68.26926737317217
4373,28.046033902847995
58207,40.79965388988208
45940,36.28176985778679
86539,66.06037991325974
6645,75.08974456159959
92276,33.09159507886743
58302,91.98868130776268
57302,33.7688351644079
97815,76.66803575246547
100319,68.8046263201957
60210,73.11317004475964
13426,32.927237828756965
5240,63.01318446682882
31999,71.73544030038505
57980,65.76111541268753
61350,56.89949866287135
87509,69.04438470640844
34740,81.9099298720866
92067,32.50072548101764
37102,65.13469858246181
26438,30.55583659494475
61262,71.80357079794224
6244,37.93105466985279
54839,65.78726970604991
39390,64.00537066534491
13539,77.32809033039186
26257,70.31933296889957
28687,43.21633522043922
96762,42.81442618319828
35415,79.3331614208881
46075,70.55654063083162
63425,56.03219912097801
52706,53.04096684972029
13373,31.284831665166283
33021,52.19707711891167
92873,67.1437605783473
98474,79.19082140621005
36330,73.14961259445832
53111,53.784814112352606
54805,41.45772602747329
87003,34.49989806413536
74427,41.900993771233125
36087,74.1448986575175
59316,33.9599885057799
7800,32.050452272795106
39769,68.10862675300676
723,61.27553350157241
64728,72.0750059977569
87436,75.25196915234149
31222,41.648984483500136
81359,71.75376158885408
42656,31.068179257777714
61839,75.9564106367722
27749,58.83471338104599
44474,8.998496731793004
44916,70.88855858339656
29744,64.96478704636968
66597,64.9113707249425
60065,72.2000322408856
49340,40.853271819730324
86802,73.9945895134903
44949,38.29596119621191
4827,34.82288714944136
95400,33.361518748568045
27233,32.742408797247165
101880,26.993160593425202
56390,41.557767549706455
55313,42.77670728074891
37648,72.04969447659482
43898,56.429428771086066
70180,69.52497450296596
92115,55.20955042583998
92557,63.734222110565575
64643,65.21003188714445
41499,79.90638978566804
50838,77.27961581203468
58975,75.04635240198174
27224,62.74381713275806
34596,33.26643589237623
93230,71.04820711716741
87362,30.061840767789725
61522,47.88806526610089
12382,72.82870067449537
54994,67.92082624352598
63343,45.47265901684506
7710,38.74926013060561
83487,64.25031014831947
85118,34.74342907602685
46405,70.3219582220781
57276,71.84288908500986
58474,38.938913928727025
80475,55.03148038766868
34509,41.01212078133676
45379,32.74528337536607
28345,34.41838800167019
39003,31.416569629267485
15573,66.97107466853632
37063,63.9322261966622
99813,42.01433627446094
55484,70.23765519470072
74111,66.18132777736312
73849,36.49117507023838
1820,42.85199605359237
19079,65.86074642851892
89024,78.04309614277327
57111,76.88968504236901
77552,71.02822700513926
38508,41.3947093675831
67223,42.55292561727954
77285,75.05995635725044
73381,70.01810474635593
36210,65.92869310257868
99776,62.95297473514499
13413,38.160632036753704
5583,74.41803510793699
42540,71.88056437024832
85204,48.10823984484724
51015,75.95944835677614
85770,33.975482679237196
50455,69.76780076872707
102127,80.04321359395615
64407,64.40838086964199
56092,72.70331473765114
37848,70.03054384395553
56789,73.01324849966977
35689,33.91478479611645
74825,73.03602115972755
87074,30.968227252171257
7209,68.0449722795586
39640,66.9131882038421
2697,32.75945098557003
44912,40.553776706403255
52701,80.11125755070405
388,33.38840329087378
42462,46.81163523350288
66508,71.9961956220362
94266,80.19544634237036
47748,73.13446462182621
60095,37.00927049687824
65304,37.07038240422832
70912,70.08858442537195
16457,65.64565389999562
19736,41.347567796312205
35205,34.11407669892734
15473,79.16751539429285
33561,71.42162438079714
11946,79.98719984793861
94777,29.734096248035343
92419,38.41246747141645
14902,78.01314253535834
11903,64.05270431548817
11295,76.61749581587593
64194,34.01325555537318
3496,67.32180781695135
43302,73.31274112888121
22465,62.86202421158295
32448,71.63793270838441
85851,9.032148886899869
87123,68.84598964953419
63620,59.41391196276706
80423,58.32354568897624
93664,65.37867578733983
16362,34.08728524218214
86039,41.68357348876078
54489,47.98321083417906
66200,44.942586056627064
73040,78.00686192362275
56428,70.91446274721491
47098,33.32800709224086
86079,45.26745570930192
38863,36.42615667420413
13657,36.62140004959276
49778,33.05666041172073
53228,68.94732080315906
1476,83.70616635624629
597,71.21861748033845
38931,33.52918333543483
61260,81.99710204251325
95299,33.889276445160206
54545,76.0314173102787
28312,36.206647539227696
9851,40.329266842611084
47857,60.458180338233404
14742,33.34027363915402
30762,73.89894072692113
39645,73.01849105626422
16366,42.29736968333731
58329,68.06765015203902
5362,27.690188282492215
28680,29.739760376106094
9147,57.03192483856229
58906,42.18998848372906
668,34.683353878085946
53772,74.72503582105284
6548,41.33689076769845
78306,79.83857665621767
70054,39.64101025234998
36756,33.00921149156278
90731,63.929605932873855
102152,50.08556788587796
73426,56.9512698697484
23266,33.1108229006502
33659,58.94907636563362
102556,63.01009998814965
82514,68.84704662665396
50573,51.00323944974528
14163,31.884227776225316
49598,59.09531342705863
16701,48.09415081002454
38315,68.94325382258613
33174,37.1263296282462
42779,42.035277318889186
94603,82.75955949390391
86634,34.00107083355506
43269,72.96372080323744
24813,24.956871792503733
37501,60.26842504574694
60445,33.26854844245644
7885,73.81405396472312
270,62.07119173582002
60228,69.01842765279073
56754,64.74466530218355
30616,83.5322984206876
3074,43.376493272131654
12213,75.08317030041633
25329,71.29666529559856
89932,58.83330057542755
56358,58.73922017693525
59658,70.01438928781715
72633,56.95084295865663
66610,31.764383073609668
50230,79.86309116797187
94061,85.099816153368
37267,48.915067904725376
8378,45.48975725425911
14962,32.093024297370675
8279,64.93588593189666
6661,36.29464211340465
9493,42.142308381800746
86162,78.34303785522184
80416,37.041098968400604
101175,33.69410813658982
55374,70.97685450434354
90352,51.75701266940962
62029,79.02921665745541
90337,68.25857417782731
46303,58.885910707099725
88052,71.87420735588455
6802,66.80392141051155
41708,31.463762220851386
91108,46.06542470305952
5459,76.83692801956889
29420,61.159416180778976
67025,67.78374649768277
13692,34.10386183728414
4265,53.03615513733296
90490,47.94390964162852
87241,81.45352817849279
3368,54.00661515749139
21118,75.10822150423425
16678,37.08970198573008
20707,38.77060706323936
58963,75.52330248269053
101516,81.02322591803565
4182,75.27459441419118
101222,58.81338417530007
65250,30.575092575463653
14435,34.51839620728962
42941,34.049860266700705
62107,63.67231548771237
42135,47.93037385556482
7582,57.79171694633025
41042,95.48855185250173
5984,41.291836064119714
50772,57.376391984712754
66136,61.87287321872779
14724,40.330556033125845
13176,33.22601538251984
4437,34.18631247056225
18350,22.24349413030788
19210,41.99747816782842
24163,65.90728881235631
60856,51.54682243508458
14303,79.94063114063889
100551,65.84748725677797
55603,82.95772700412948
35334,32.53359147864858
77335,55.914780134921536
69111,73.09911643547258
24068,64.87659240623918
82322,55.9913128775235
31970,28.61378973157559
67710,27.015339681268816
52814,74.98576592766513
46573,68.41741042693937
38167,43.92250447105571
94121,82.62971008636957
43541,33.47542639729352
67305,17.154946274225374
23578,27.86952109148555
45605,34.859556968145164
16138,52.886640349677606
16189,33.4977621439472
10525,68.82352243710173
101139,45.013806510156165
53862,58.021904018626806
8760,57.25536322960507
46026,82.37434077983126
28210,28.12633672668006
65805,32.32388834104676
55157,30.998542814981562
73570,68.68752991664245
58761,49.95463790047469
22713,47.30309020273593
43752,79.24890460843517
53979,48.00077440157115
32193,34.44525513160013
29824,34.010728094116764
54110,81.29485974879901
31672,38.27088453656031
95437,97.31396434251155
59373,33.77380585229196
71024,51.87476790878851
85579,67.87425091749945
7143,19.786737463966382
24979,42.135844345904445
27130,58.882310143393966
45322,68.6200853619152
4546,70.65834518847478
85647,26.485460981773322
61531,77.362823158537
74639,33.788004995334845
12997,33.33492179637819
45375,54.77676160990221
94472,42.507155788603384
27052,68.517069175787
74949,63.93473358224685
85810,75.76298485169515
12569,71.28067501602627
56562,33.1884438634205
87672,39.08918925538077
85775,58.17117716583515
93546,58.51240498552646
1513,32.10268356254436
91478,31.119003725573833
92996,8.860032078384315
89444,71.26238515681766
46741,62.03669252372799
41002,40.800144819518536
53674,36.957148009351094
52306,33.812069988376464
69320,32.09805279784925
89099,51.139963402696154
58508,68.94832010473647
99556,40.7482731490083
67369,33.088564634567035
81392,62.087543115050764
3220,72.94003168041098
36414,30.403615559685537
47946,48.82286968166322
27619,79.2564895313213
20010,33.89523783126896
42829,48.87658512693679
46968,40.39299230548148
41145,53.92668051148002
18722,32.360165562209986
22135,74.04397273254725
6694,8.627712352373578
9205,71.79052829806628
74164,49.86067887739351
25284,67.7967781437143
42412,79.05253206102695
13015,64.19049052009977
52840,52.983173136242065
67011,40.706604600543535
77832,74.1923317227745
65866,67.89199035521588
70024,79.84250130215302
43524,58.25295446138158
10323,34.536262388736624
99869,74.68448612529069
84874,50.833796223657885
101228,39.20819892186269
87554,30.717560798610954
34866,49.052922410125234
54851,75.5144357134615
101225,39.6044583403484
67089,42.15550010684505
78192,76.8578897014278
4275,31.057817177560253
47323,77.59627765092381
29353,30.378462647596667
71349,75.26279968317607
31813,60.94352545031752
80963,42.09733477595652
50232,65.94636946915584
62408,70.8918641357991
10876,31.367563870114203
74115,33.82526452953001
6676,66.16808653717922
25303,72.31736202924702
6231,32.042372882833384
6398,38.15070000743324
10424,66.04306257200429
51715,29.135368034414014
66925,74.10917329635964
34935,30.90676189750216
29,66.9651322151347
60094,38.02568081889091
2355,33.72845899027558
8246,76.96164995305719
88243,49.93890318286519
6266,31.395917344549336
79323,73.70610881208128
26623,57.006221779639525
18407,62.09219949551401
85183,75.93673682034668
91994,31.579105819385198
80651,45.06517350670597
87751,60.9706249861787
73971,68.81984530399383
92571,72.34843943394262
44095,61.436633811227594
977,37.40628920179776
15716,72.05896386506562
48088,50.01792124228783
62561,37.0701457182995
15196,74.35127610029886
15245,71.03021474838764
47802,33.69264348506106
8280,64.65432252129361
100195,56.073049849465086
26388,52.943273979973995
76281,57.18571348748362
30610,31.94524092054432
7475,38.980326275258506
6827,47.20789682379535
32291,63.84652275004221
52696,62.9508446680963
30917,59.83775729283842
59013,59.32706385004443
90346,74.00107836534508
85275,20.283294491770807
23294,42.914529015210675
34300,36.002886152638766
92108,63.04115787535858
53442,64.93932247043168
68866,75.98318125600088
67054,54.33946957855586
80249,60.95471219715637
71757,61.89042342241257
99982,67.78419319789103
67395,47.01554168069913
69414,32.508446222239044
97286,33.34646947336993
60432,67.6720492429258
67162,69.03557745086513
31953,41.29708765949657
34549,68.7145324109243
74352,55.96788042148123
86537,32.68121420492823
26302,54.094468561754454
28141,49.068085436453536
73921,40.84292280536751
83459,79.37184699015184
63482,31.79569856857866
21805,22.176732606045213
54789,32.48596773782676
53613,32.94054186194436
92650,43.067090791310335
48313,77.2350295524068
1483,45.995871525799814
91744,31.045468136766413
99687,42.90668482137188
22481,67.1737274251018
41271,61.011780543971355
57685,70.83930135887684
67538,31.37649316490442
52951,63.06570817818286
11537,67.40828125867145
22317,53.0403684338824
21310,29.30061764474244
22499,32.378369585978604
4678,57.18112691408167
102496,68.22198277444983
56160,40.54236915452389
92624,57.097048003323856
57314,47.50976981417388
65293,64.76948522387369
58545,54.927579111195534
70834,27.956711219884777
44366,53.073962725026206
70164,39.29855907347731
60819,33.20719892837182
49620,71.02598886759625
92696,44.71994009830226
58343,78.93494696120803
1267,32.51769496034074
31946,68.56658395227208
13881,69.85771554417721
39914,30.04128091184576
11626,34.99301849372406
58928,62.669368845771416
10739,66.25634649006005
81053,33.96292414333581
71886,78.07604798007316
61425,19.36087986997558
85222,28.947757858755754
59703,34.130280344440116
55729,68.99358511300139
37128,54.358000020635814
42143,33.34531774850946
63166,71.85908479196233
82082,40.37891405649273
85569,45.00126540535988
11447,75.03682719360677
12158,40.21023151531213
83458,84.16681813856599
20356,33.25404882215777
48825,39.70501576885708
84300,37.236054112640645
43969,32.122299821906466
62475,41.452429435344285
31919,68.02810956062584
11569,32.90457077035266
12076,80.79596282668174
55507,66.74898146938162
38196,30.634077873122486
62575,27.42886061637688
87512,65.46692069584171
55237,66.83773292214192
46210,24.867118106848466
63194,65.18776867400089
10871,38.152231376041456
72003,65.99581712999051
51387,73.16886524517554
59188,55.45636516727143
12083,86.31744203670794
73701,52.79343190294587
45052,67.78219845200252
48729,41.22048052580598
43330,70.72932133845485
58273,50.430863674513084
86387,62.83568018387085
75576,71.4466031725211
52749,68.00222798050444
10186,96.40646795692831
25154,50.94220513052026
102166,41.343601490684655
66554,47.99233078934952
83297,31.977817318484064
10746,73.053951730676
1748,63.26703899964334
54501,38.38935130612216
53043,58.01699558893867
43984,74.86543528648572
37534,49.21455102654928
21174,49.98338271686383
40261,52.19049134488926
80669,77.8471186241771
5538,68.0890448134177
72904,66.02432739855476
431,67.37773867115348
47689,74.00272251554262
93927,30.13974149597707
21348,62.93415347299276
78015,70.67456487147103
64520,67.40808877244021
33796,86.11332195816487
40048,63.28637174151799
24168,50.65138273536119
34728,39.93320599618019
36221,24.078391749263677
35598,34.06869127711065
45215,67.94695611207683
56322,66.57697580523546
31679,32.758287044501834
81921,81.99013274040632
913,61.973171604624085
8681,8.72866014814593
68810,50.29715867719438
77786,61.77470974645385
86002,31.255770612224573
77876,40.946138070629864
22002,39.58217702282315
59465,54.63600038318579
32618,40.258872311809235
93916,52.109354869914895
28810,63.94297881805066
51283,32.37463565012899
44153,64.93346503121916
28059,72.4098627586643
15482,33.304079458817
70642,41.86641304514492
16793,41.158507189966095
88175,37.245850189059524
20190,58.93433989891402
15590,68.10865761094234
88786,41.249198004476895
8715,34.269077256480045
37992,71.94958297652644
11859,62.22896858843985
62245,41.28047149375842
83616,61.73651059455404
12161,70.37215060761224
63290,44.87072028639024
79827,39.935707923917775
45246,40.57353095721303
90826,70.99461989558833
3359,41.824045730251214
31402,59.04475109828894
81660,70.97431709542478
33891,73.83447056152318
66009,37.07470429440022
100521,54.04840440468414
65686,43.8496194646778
84447,46.95952064574898
61294,65.45948064781126
60173,32.043993756678894
73448,81.1216375052465
48752,35.45539591695644
31339,61.06142971446004
33618,62.04048657060991
72734,56.62689745093624
77431,29.180912275148028
48310,73.99119545663206
18731,70.98361503205464
37914,40.55439166725693
7372,74.96643903402426
46495,31.125694695552554
3053,33.1164311943164
77161,27.652402851159124
55268,35.33117930375879
68064,71.99719730130688
101649,67.87289400916787
15017,63.98201912600727
1063,59.99184231691484
66020,62.269204555768354
23818,41.00366427923615
73077,44.23532932908863
56551,34.934221293307324
97666,79.53747892132124
41492,68.36316256229566
20069,63.045896160855726
4558,47.787765238392794
65873,37.4374803016577
85324,74.44509714893223
22092,64.84106187577952
63272,54.76903646012742
18076,28.734647814921267
51366,74.06305316291834
75659,46.30409602841196
86699,31.970533072283853
84096,68.95123069047787
41374,65.09515866971358
81432,69.02938542701288
153,67.00142429905739
4618,31.985992445513887
57707,68.50417892288768
47997,27.04577476301206
564,67.12173542830604
64816,31.19716059516585
34281,39.31787755769957
5139,26.457414348495305
49262,63.6425906219218
43494,15.068516429295975
56946,71.97357145056152
45912,33.481215839399525
38462,61.31211789391383
24627,50.14914772350885
15738,48.65896876343411
37669,16.111676414654035
59616,62.829488616298605
82388,72.69695904695888
4619,32.542964594085234
20477,61.033398602243565
72268,68.91615450836585
31135,34.190721724619515
22263,41.1249642132848
12760,70.98380754559417
18957,40.41999246192043
49319,38.30542006048467
17250,40.13608430864253
55009,41.10883419469072
75789,48.441572281015894
28298,39.9324829031023
101399,57.599156824132535
25901,38.249843900139545
76145,61.879556548146304
38164,34.48361669505517
47685,63.52418484271779
5005,72.62647044636813
28894,68.99787318761508
37494,63.34530475145682
62537,54.15565150319246
64272,39.579527660864066
76312,33.363716471362864
63992,29.64073259699497
48213,61.037363271971195
94594,66.77513826752241
99089,66.98850842110502
13179,52.172786594823584
89943,82.08817352295375
47850,71.88889162536698
93129,69.83176262959421
84691,20.107359898904818
58400,42.19778904394611
5685,40.94394215196602
26432,32.361034357648016
37593,69.08880370941404
12345,33.46852275116447
77249,54.77916518475868
82094,54.38609821572963
44190,40.53837166331429
47084,66.24202302646621
4250,33.44453653028145
17576,66.68336176287289
18009,52.85381724684608
3870,41.978170608995
101086,68.04560131148605
3450,62.96323176400249
95237,32.07020740673358
89646,40.271348942927034
16325,27.04047949418274
98059,54.06113162047886
31616,86.03542446924465
82565,55.444808627461875
1385,85.13199625353346
17127,62.78015476795403
45542,35.03237460832265
42481,74.93244662975758
101296,44.44698338098729
26400,38.22604394016407
12317,42.928748642758165
59669,41.71976635704514
83265,32.46132651366848
67556,53.780240131731816
100292,31.069171105134004
81202,68.91830495223059
98308,53.05628500967404
9995,51.17472313520719
56452,39.95125353468198
101563,48.902969204377584
9846,23.86227049821953
67244,71.12283748580917
53873,67.37033543128078
66408,74.39450133847203
24500,70.0892463983896
30125,56.158284402415184
21312,35.581124758167284
37807,66.59412606173908
29071,60.4096079816161
23518,70.92260470133036
33336,45.914263654849755
11862,35.20178479875008
42430,82.93147329333146
54117,65.88189410004816
26517,34.201209654401836
24761,64.97821861448966
55172,37.85992674946036
81353,48.04758121930172
19789,43.436972728853
31594,53.100161112258775
63584,39.84121622426944
27008,81.75141352050196
63554,31.57735674894837
23928,51.986422468391766
93774,52.918166401731916
88625,87.22462221390839
47715,72.92747619845893
65324,33.67031891085495
79939,47.88835249711848
69472,31.98832873237448
13072,42.080027931403976
36721,32.2797948375382
96434,68.902469141994
99342,32.010400881698466
69367,50.743465663395554
16016,32.953984735800084
3210,82.4811480114414
91826,31.517884401493863
34716,69.04376036206756
3708,64.94186445624322
23804,69.90699890276922
24297,64.15011119859133
6700,61.000599428370165
84149,76.20867105993591
86839,23.175242469589843
7782,74.51494755154829
4465,41.889695484739946
85314,57.01115141438788
81709,55.750099501978895
23320,56.070523632720914
43212,48.63346000965925
71328,70.1455340391311
31530,70.15848938566796
57856,55.155033604872685
68424,68.84213683940115
18317,18.543037741132395
70477,82.05981733903768
49136,42.63744411289331
44797,79.50136795717174
90270,74.59404703890787
53910,47.06076558570504
38866,72.94549948290707
73355,42.232720012852305
81049,56.00076256510187
72692,50.31902270140989
11157,32.944867140939365
87731,40.71601670418745
82347,62.01142345665146
88337,59.02069682680391
65885,54.64186121178773
63146,59.32372050016591
88546,71.93070977347497
26975,41.41354139560925
97061,32.74297461853694
42673,36.14164187973552
303,76.56449599569554
33309,58.588084299634474
73324,69.52978769599216
55675,66.84830638620801
49905,59.913806101707515
37565,41.716266729325056
72443,74.42793063784745
45685,68.86340968132431
45044,62.065908469618705
49165,48.211371869643585
40556,26.922380862104685
23918,34.42483102841061
28275,55.80211423613439
53974,30.96002669400381
41265,70.8205111267336
65189,52.87140609575153
24720,59.05613134180497
6336,37.5240135795096
76886,33.463775542551176
11451,64.86602908832074
84748,38.67055022928729
6678,39.077261354289334
3440,73.40500926523937
88054,74.22353625226856
83237,60.05567398166777
74891,67.98046225557357
19667,36.08607532173771
51286,69.72940560748651
38590,39.91086155963846
3558,72.09035338838119
78474,34.14427580176069
70619,39.1003330167552
96647,18.906878739905387
40409,85.69953837576946
78702,33.6684443214431
70570,12.933158423379439
82177,80.58445641773906
55439,34.17207960328124
75084,39.44921095017379
99954,78.70700136730338
93853,69.98328133881219
32142,43.934464358154
44868,59.720342208426295
4740,69.8456486949149
1667,66.05708474564189
13371,80.91815296195799
51063,62.661677105732565
15274,70.14533805532105
39378,52.98082848225927
28241,83.27573750127507
54369,49.93564702118802
13870,72.93821191548741
34635,55.847181417559824
237,52.57983854085721
93390,41.45821617910373
9371,33.78831528477993
24683,68.33160336694264
86775,41.46895248672391
70882,74.30154822662126
17894,68.27227582123504
35787,34.0893913650346
84509,78.63723381740805
7892,35.010926885234404
46557,35.17841329745255
8066,60.25535447640765
49183,50.89857222880404
72373,30.70486897459106
2631,60.74344720499013
85596,69.10450641625218
86291,26.3645177024013
53079,61.28767409641608
16360,76.95818778196652
27953,27.074798022370125
62363,58.80585710902364
13793,83.09375722374944
45566,35.46649836473772
47805,72.0063909144169
43736,28.961237391572254
15712,32.996580272982904
12857,48.007760417848345
100712,62.38187160746932
44429,64.24752866521638
9301,59.27909174521368
86662,68.71179117136309
47004,51.348951783180354
17430,65.0067362620405
96465,28.49070308709186
97912,40.75534437560011
1661,72.97157294949852
101735,40.90138082759669
85616,50.196207230651666
56496,37.84380224962014
68826,32.7179238141655
80025,35.49462797025678
5024,40.77417046508795
34504,36.18493878090527
79678,75.1712451659175
93088,69.29779653481108
6123,41.165031528429644
7118,33.43694359179864
30041,50.233264589284786
11094,35.55680757735226
23807,67.50979518866333
67144,31.177785691740322
84110,49.60398043469678
90532,43.11680074543029
59439,34.17862694449677
69571,73.87895371261163
15598,63.87956888983251
21721,46.838732121018694
64987,51.546002951038595
5629,33.97362303917768
34982,11.068949077202472
43523,80.99045014534431
22811,41.034371315472704
18283,45.068880149604325
18525,55.350642721705064
48200,67.12516409509129
33479,35.85941595285767
49594,67.53946578105007
74646,57.82132121977287
45038,77.32420515164983
96917,64.98361791686918
72799,39.08385908906621
47859,29.362023095920847
41777,60.07282049976875
25513,40.005970215336475
55456,36.92152793715542
35911,43.746839979575654
90770,76.71899887941343
5346,40.755179731368614
75603,39.90597129411372
22875,42.50945889546328
33333,64.00243997248668
68099,33.92878923486785
28268,45.31344734316435
19171,59.97234847644809
96441,64.43951024594259
1246,9.601514469869016
16282,96.25159809085761
38490,60.88178828847611
6758,67.85771927861308
36792,71.11050748467571
4847,78.91583732136507
50339,37.093436460049915
48678,62.879659222602015
91836,69.0631701817739
17168,66.9271641631139
70212,34.39842822052879
19758,37.62853184541093
13653,17.031977440171808
76818,73.22817070859678
44559,53.02467718936603
89012,68.96112333244656
63276,32.25517737159069
68593,50.69777678344005
526,49.69465287392856
4627,42.682746464051775
8648,91.98201981688345
2418,32.42978688235682
10652,54.127561129917844
71991,81.06769279126044
54955,25.6174054730828
99025,34.02818657163071
23957,75.05906989259782
39326,79.01227217582301
9467,49.82518168452101
35,45.81139618961558
92370,67.73578592170333
33024,67.06717312455689
17099,33.71893869268636
39146,56.110691471924866
50313,60.9415139788817
73228,40.43398746425866
91286,88.93578972525684
36444,61.86563738432943
34228,83.42740833784706
41231,67.74076799562448
43596,69.9296939362878
23176,54.35173294272272
18895,32.926294197490336
46128,48.12305312814202
102049,48.27442082520827
50582,68.60505862423523
48574,71.11823012325038
14581,63.106288854216714
12920,57.84919988764877
3981,40.39633527698152
64094,64.95362772115142
71413,39.800095732291396
10529,68.88933099074202
34144,23.157178988170593
79805,51.7066660843731
79502,96.50759253052252
35069,32.85498281031471
7228,33.44579025223866
86520,65.03548870476412
69005,34.23585294635435
9427,31.060219310886026
90438,60.84043186873813
43433,64.16575883366784
36870,40.70921822258584
77765,82.38027469774383
10011,54.09654248039186
73691,71.82313473728001
77511,52.14781534689641
48652,54.899413343069206
4743,32.57674564732172
6999,77.66602871574531
22521,34.11280612614032
23887,73.41294855812413
79313,70.90917127950743
84715,41.737167903293745
91228,62.82071681246247
11836,50.25028328027631
24703,44.29961815775198
82888,37.110946368292645
100415,50.301375935772285
97083,42.63375957569406
1324,67.04684819372542
15814,41.75504924607844
42757,79.20979050986682
62799,30.497029680506824
9573,41.878762465049746
7779,64.8555973659241
16137,34.98129286903805
22805,32.898218525578535
101840,64.95426524752972
5686,59.942313319667505
21675,66.86246706112952
35537,62.88712987919182
25073,61.61596053314267
12861,74.03988976884403
24550,21.165606149605612
99882,39.166195199199464
54470,31.272073621220088
91613,87.95622739185819
38447,39.70924982122099
71081,64.77564814618306
75102,71.05722231738073
53272,33.74623339229525
16623,34.88517904509632
71180,83.8357944867121
39550,44.92747458249076
86279,66.70582811421374
87492,39.92416543788272
27369,49.87320855721658
13914,71.27579922428478
7995,77.08596964949925
53262,47.62382830193105
17796,32.090108523343545
26662,75.38075190692376
25,65.98811067536553
3300,69.97267941475747
72915,68.74241428367131
89385,56.135007558990985
28296,32.91935976379173
72162,61.94039119828923
58523,49.085240838744014
25279,84.11117459543141
24374,46.04984394559062
1611,58.36967484683497
59840,31.41544162054171
64850,72.9763718588934
58820,78.94100109776076
24513,38.84444616349566
75442,26.564372451090023
6387,31.851457162963886
102577,32.06305986553039
57040,42.82554175156997
79506,71.95596455256086
48739,35.834822939204784
62400,32.166913962725644
22596,52.743908718022674
69422,39.544122238796504
93040,66.2437971621668
60581,76.80347281949152
13658,76.9311331097754
66677,40.21387951411338
94951,21.89178737079619
80703,33.27657851909455
7200,33.51353133012652
17858,39.038436456931045
40949,54.07065928679094
92161,38.43667679577132
51637,41.332903128520286
11927,69.47450881636883
63963,61.53838662946313
27703,70.99266080786397
22248,67.17506905373915
46721,69.07326537464024
7251,33.658519962221945
2493,79.93796320707426
51538,59.06068646020764
22020,79.82084848517971
20590,42.13045923901818
58723,61.72851311700669
42809,70.04351371466734
36504,42.90481619718298
38624,68.5592054722386
74330,60.63479397981553
76179,72.05138846508018
37764,38.5248649521348
27659,66.93005179114759
80581,33.773492549357414
77290,72.5635259041523
52666,41.818058156652775
8493,28.72702999828694
6185,49.03069425665045
74055,67.78514478598083
101937,66.11500240493825
36,76.80784078222801
70633,72.43483968574257
77071,48.024853859785466
14420,33.875700518499855
32745,32.04063606209376
65751,63.077055909256906
36245,46.63661339139103
28690,64.99709123502649
74443,53.99556780660898
26846,27.041877958016734
34518,73.04966211389635
81306,37.98487645926082
97902,77.09815163522849
14455,63.154714540522434
34832,48.8604473873897
8262,34.611693218100186
84714,73.7031473510489
22819,33.73395052365294
78802,67.92356685394545
51065,57.97213867778121
90172,64.69742938473334
97872,43.19690869738723
43438,71.93503071368195
75720,69.87254151781082
97504,39.24385853076616
25478,37.83342807923939
87772,38.638832275750566
55323,69.05101464179654
63400,44.46606483178048
69180,67.97065576346473
35790,78.35672185968387
65997,31.400383094927463
86276,30.03157833147931
99210,77.09681785845731
20538,21.505485184043238
82104,35.245380400959604
23554,76.21933441651214
46818,79.00935988027597
78759,41.768203675717764
60520,39.478122794738695
56153,32.90211829800669
10007,67.12166887056969
65958,32.8326794724106
92832,63.350738025114765
69820,71.63447510289811
90775,59.01689814611713
10087,48.73936979078817
63009,32.52190514191486
19705,39.15592498778905
100553,60.78662234414203
20539,70.08828624812963
88475,60.0731839697874
49816,68.08260499521424
76872,54.85038344241489
34139,62.99271792624451
27076,42.78519898952273
5775,35.208329343673874
20862,34.17861414817141
26129,70.64179639201592
63440,32.06675121738484
66524,33.13900667872166
37725,81.88419115550731
3130,34.424963043371605
45342,78.89766648327512
3629,48.95647964228158
1460,32.912297517755434
54537,63.18843801368558
56909,45.78101358360168
80229,64.96560211203749
42587,71.18214409913645
12833,33.411339762573725
45094,53.08203222786496
21333,25.9807980725962
61495,40.29003207577418
98218,33.706364522961806
69827,49.818722885221774
48007,73.36320937727159
27777,31.641022851579034
15593,69.49917521828974
49072,30.838386469122565
60751,70.1039343741138
73034,60.34210819470847
56023,76.31420751399011
31374,78.0487327792842
89683,48.02495613482898
79609,71.79787791810595
36963,67.8294251989814
41865,80.92536500681578
45956,66.58401615474841
3295,63.831397257617
84667,79.16931967910847
36834,52.90461236990046
21909,63.25445106381136
54049,33.787604180742655
45144,60.45707145016897
8961,73.94373813475781
86794,55.60669370601414
42081,83.64587037675594
91236,62.250641657936995
17264,83.32602983191248
71319,68.13709710901308
66633,31.644209688401787
71213,57.89715231695652
81086,34.09348373082473
85242,64.8251563159877
10878,33.7265618862966
30067,35.82038573582648
58495,84.84414643477484
65528,70.78476764648045
68490,47.82190902067429
17711,34.246731304859665
4956,73.10303930025808
100191,58.82245624652194
81786,74.25839263589668
23728,33.768239923292384
39989,34.03854797374073
8402,80.11658017848517
47207,64.54448548205328
11484,70.0688706272494
13320,58.95044431820605
43828,35.987307181515334
81493,68.19370728729136
58063,79.02049456507167
36182,35.62915910247465
50822,71.11809443158575
61364,33.910724731248386
85271,32.587528743146386
2305,65.00591725520994
95559,57.06865283542097
4649,47.60499954426449
28363,36.3270587159258
38555,60.96804514006222
38800,48.84858015686606
34948,62.78637442231609
43748,73.92985053051098
56481,28.125965563833585
96166,70.08859679972431
87210,37.6738479303172
82961,31.895600243497988
35599,82.5003727606647
89161,28.167142716156228
98151,36.38033285708367
28663,67.01535494078627
47067,54.619596954749454
85255,30.531868353651625
77992,51.97246835589943
28083,68.88226749214331
42865,80.95627731690048
61315,47.9812622068506
66209,69.91933953186883
46060,43.85589063373878
38382,71.43196382562608
65886,48.539376699212134
84084,52.312224412219734
94645,80.47299864779882
102568,70.83211311310285
1864,60.016370946762606
89948,60.05864324298993
29802,36.02968764016663
56511,39.109349575135376
62334,72.03519481053601
89705,34.30621614982157
28431,25.927217134150034
100216,32.381274833091915
34035,70.07718056366762
34787,34.078892601139174
88268,42.776602897307306
84598,71.97847058737946
95103,70.05993612655739
71742,74.49400872634598
41504,57.939934323050885
2801,46.81666850388275
44146,32.060870498121936
16400,56.09610662118382
468,40.97922574964514
41207,59.27628390753032
100973,27.165825483876876
45428,40.919202708846086
92718,32.8891817975434
85,23.705243634979617
80504,27.24142347161413
42322,31.404704636960183
25791,49.144200760546305
74368,64.89457408180076
60364,53.81730575319706
71915,26.085922796308783
2555,55.200671729716426
36406,82.150271956306
83445,49.02397908280573
61785,72.83727261729373
50472,41.65155646401441
64574,38.27506432329807
44941,45.025798717497516
17632,19.658305580744766
82562,44.01991046255023
100519,40.0029076702968
79439,33.80097313265429
62893,67.02164557422216
3521,33.60859786665875
39017,33.15610578380385
26002,60.5799613843775
20908,58.633473887501545
74738,65.02939823750151
23760,33.1868697772938
60317,33.34007069142913
81312,46.27236630123344
18010,55.83164740630866
71606,41.925359762422744
16270,77.42341777466638
5723,49.22756736419958
50388,32.651487527820734
91877,54.185608275695095
47012,39.50652943977658
29055,48.45184404232679
71792,58.14701851147081
91050,67.92878652653725
91520,59.788772904766454
102134,63.87289617796373
40656,46.92608028125554
36431,40.8175627956456
39155,34.57902973859608
92504,47.987686555189185
13871,72.98809243508364
39846,52.55224108110339
85651,32.00742372909932
37445,42.9264139587399
23919,45.12547229947241
88838,60.02848430562139
35739,73.30099913731546
80935,28.06537046176061
13921,74.24127733696412
93446,37.32577046408764
78000,58.92220055377458
77130,56.954383241420246
99296,62.53204495071314
7202,76.97973568714177
59106,74.13049265262782
59887,63.99619100710419
74447,34.73091138460832
53525,58.905558459422906
82281,63.98551717098452
81183,35.424472699954435
16755,51.04810356175215
12795,76.96368740108014
37574,56.06862752734333
37631,67.90456210785658
80991,75.01166896143448
2534,57.00191139647188
32490,86.10216251386424
97285,48.961508697704346
24568,65.42187230310711
37836,38.981297210116274
12627,32.534117451744166
60328,62.9954928047797
8094,64.81748791353513
13164,33.28216443766368
97425,69.57854479031224
84787,36.85867070432445
83070,67.8084966703232
83689,49.95058356771743
30753,40.92549833228605
71517,34.341858061998295
99875,33.81320991952043
35298,34.981484041637785
70911,21.736458074072054
40604,49.45754490407148
10924,58.81325379999164
102013,64.25713998056446
91540,68.99689538885451
69941,82.40944244300297
7673,68.00429432336101
45740,48.44864117428334
94191,67.89223776976584
13890,41.670876931893815
55902,71.88372129595888
94743,43.11241384422557
69262,37.251030236665926
76679,50.01320919481719
13616,78.83169043036747
51143,69.9679024839282
30913,32.61367231430914
16013,33.44786452329498
45440,58.045266834566945
35502,22.463062792738437
61329,32.8711490238512
90538,70.90355584171488
11224,55.519468698294254
2532,81.93242547458027
25634,56.60546854325409
1105,41.27822781216791
84406,44.672278828650036
96840,75.29325910552251
19550,35.983645317741605
7970,41.2291235352605
15973,66.94601192459822
15478,76.195186425762
6847,53.097046078760776
29918,57.896667099296366
55179,66.6373045073542
95162,65.386302518251
45688,34.58578090180818
6128,43.627483584404416
52106,57.33657237618753
74633,55.05427855459763
43355,74.41064768177762
64731,33.988394255328295
28356,45.003269601841374
46136,57.62320090114242
58231,69.90251371989427
77233,54.85366407783992
27661,35.10682357262213
51686,34.171333167956135
61759,35.57032838646474
97908,23.975676434287116
97194,55.25731031040482
55461,56.803043191435314
34384,48.55344405198774
50933,25.98982047703781
36073,35.617708780600495
46938,56.09243768048352
46976,64.18655902493649
1380,37.60303516058774
66477,44.04796693832549
45586,37.003257939299324
62653,77.15496296396861
33080,55.03079711265442
86140,77.2530762204412
78710,70.97500613209732
92132,45.663829029380494
54021,51.71684745448211
78017,73.1371108088322
29862,41.59157549650821
5838,37.753599227180274
94072,74.77696851049612
44731,74.69352057236578
14831,34.855650729461466
17072,50.96803511355491
38056,78.85997880320306
49384,31.65959582286129
48256,56.52778045991464
47361,30.419621472533002
66444,77.89523263640453
33148,64.26465665942727
2533,37.92695958329917
9304,64.9382724924532
76581,42.821030254144574
95560,25.875414834346692
93325,48.30206408009666
17510,69.30961178956338
40667,37.58232116121003
7253,51.72281521576298
80805,61.32053947032779
92949,70.73595323506123
99462,54.9013112014746
27792,34.44817904503791
95995,54.102820231775596
100823,60.080412935987866
45831,29.559404624765673
64022,71.01236281948476
44059,65.11433909711215
10428,73.34621306222024
4995,58.17985333605081
83737,79.02673704087908
82493,61.96921025039296
86886,67.97276124748251
52370,80.23044334978195
49332,97.96283730720668
70036,35.39975889170137
79921,63.965298050347755
29882,64.07155711641319
9925,51.62232048142466
99626,71.08907750068002
42406,57.1691837174874
70478,42.642968761121594
102337,66.82111065310636
92709,80.64087242898992
92607,33.43306110594235
86112,44.52688851519068
30764,29.771983501641067
14804,51.04474723948778
23802,47.47092661556607
47410,68.67405934700233
1110,31.52087478764183
25686,57.34106239065358
61136,40.074139981319675
23549,69.56819352946094
95824,62.26764318564461
95641,40.16625704210652
71128,29.04048301288475
14691,82.10080462905809
99236,68.90047369209861
88688,30.517990676215884
91799,76.03769177300407
36502,59.8131405824369
8954,41.36268538131982
9609,38.033688609552236
63908,70.92817816503896
26908,46.96132855053767
15121,41.261722576817064
47960,62.008881111657445
72654,80.75882752935995
47296,32.153840514996226
14367,39.957417869147825
52801,39.65238191235615
62254,70.1114347858521
65183,32.914450736698114
67738,31.283333675080357
24270,52.94752276934686
56211,58.12104969838849
94298,77.92697234946766
80716,39.5876814594703
50159,82.16674192734934
23721,71.91991318196142
78965,74.21931523468845
84156,62.96545628632838
14462,74.54317374326918
52065,96.40632507414293
63472,63.85996623357827
99420,38.6597163153205
77921,57.05757656847418
61780,28.045262561562637
45826,66.77527694058413
16982,60.92852714258616
94697,61.68989920400057
21753,44.46627748876476
6011,72.42595260747258
82439,86.08685885495807
81409,86.00607760318519
47043,40.603294977435446
4861,70.21347911264598
12433,70.92027639778608
87015,60.02944530562371
5023,41.9855842664133
96851,66.1493338742402
16668,59.157272563988
81181,69.0661512503462
90640,32.52160482285374
82601,64.10387042340938
34141,50.33896287160081
11143,57.00631652298466
5302,33.57207825502319
41083,61.13772871225483
70580,28.03495451050468
28599,79.64516051552778
32098,58.066213787673846
97129,40.8779707642927
23154,60.827622425825105
76058,56.014104450963956
85884,47.01651150239851
100101,41.72657557420444
593,68.90149916081394
28640,36.01712825995566
10836,75.10060956966592
683,66.94723048809738
29241,77.37962690623252
7700,70.90900733573218
51220,72.94645361488769
88457,40.47188254744233
60257,65.50645312203575
92507,31.74579028980849
46272,63.9281712594097
84057,30.976384597106914
5250,52.90753800439598
98764,71.25643423798809
43099,26.94723386164049
72471,40.653960388824075
6098,39.20047698757267
63052,30.996296510304123
87919,34.44448877413733
86516,65.98922298782159
36358,71.72568632313536
90819,40.430305978860716
70889,70.720511910683
77748,34.04934948349957
87570,40.981351246749405
51097,91.39102700953228
65473,38.69116752932766
8322,86.14018464560635
92468,30.906621504810644
88910,65.56424942422542
90818,74.1259419047215
65151,74.96471881356703
4031,78.43234251551905
54710,34.056999690278914
98814,40.25028866874467
92423,59.17288356436039
2072,42.0210768898433
43903,47.02245134535699
10433,51.105577204606675
60740,76.85086935179082
19366,60.7918601409
20582,39.156874226682326
3250,72.39454859975265
82578,33.63496493198664
32399,71.7299046208477
23958,42.868939345385556
86583,32.9445409940105
91288,32.87648728714055
76784,70.90896197305763
56123,71.142339457133
84089,44.06336549204013
85343,30.58351334876142
68659,81.20982712010378
90434,41.485459002282184
41678,82.47464952005873
59415,68.6254025037303
17020,78.90063261137377
51657,74.03347027903757
91571,33.25241380007566
98111,35.1903026923353
83550,31.843831820902693
2582,68.87645386315955
74305,26.7173993868121
48731,52.874049935294224
10111,30.033931135732193
24485,1.2101117026385104
46090,79.88132953620732
63077,29.323539666617645
17962,33.22083393415126
93804,67.93033753300304
13226,49.94881691557211
89677,56.75261246586972
21730,96.37089894909553
96304,64.0070392002652
4144,64.98548895271483
69665,85.62093499135054
37866,72.21865371432645
8180,27.137556667677835
38458,39.67219162111695
11745,62.04984805965291
94415,52.05834148452604
82633,31.972585105142457
41288,51.28221519321524
4733,38.20308966405422
56441,64.89891360800385
37724,53.60473875893664
100583,65.00640394186566
41308,63.17049015033308
13858,68.9219690619257
76183,32.914674460170254
60127,72.98735735477429
20326,51.23547153893429
50664,44.20297346019299
38546,49.46088012483583
28130,97.88137098320033
41009,31.63289193415292
18493,36.376887373828595
959,46.926449934046104
72958,58.90018536549272
27198,66.94227241755738
5299,33.781262878503796
80442,54.318503477994696
21994,81.77485247406247
78932,68.00629270404607
94056,63.822162511829156
101387,40.56843962414108
6829,40.57988040753172
72345,31.95615010068814
32155,47.07739729388915
33848,44.921920084954195
55360,30.26020221528992
36348,50.18111176604558
80959,47.46689026272863
4942,42.624327168254275
26536,61.74524079088049
57346,68.9331455920049
31763,40.44521400155019
15095,40.74823022037529
49312,45.07101899012257
25247,19.970029335552496
6445,74.22531173050152
59621,64.89296325169373
97813,48.31684748703764
7003,63.91572075599345
9748,69.10623988602197
40260,26.529137701745938
79529,61.75217614554494
56902,30.038043859115973
98178,67.7842138288217
76094,65.90502916279983
92590,67.82433714658566
78685,73.98523496056643
18224,35.04429647659737
72312,65.18246244035112
37223,31.764939110593097
84785,33.61141462823077
72026,65.84597867880919
57888,39.19852142343295
78887,44.117014441548555
101397,32.9853574641298
85796,60.99376827599188
13380,34.85862340454653
24229,48.12250587952207
14882,53.08107803162015
40688,57.74581783328395
92614,40.606650309879214
98521,63.04022762327462
17077,45.90630663694757
3875,46.76931389445546
3238,32.136960732358204
18272,70.40612411520067
76438,78.61770355391423
46753,48.94565863466147
21973,81.18026134238265
96530,83.33877735293377
78390,61.06354737588191
48128,64.88294636873675
74907,23.719095730963627
74340,45.03612732553666
6238,37.306134209981565
78293,31.282461043555234
41491,29.368563194613415
60636,64.9228784880969
22630,47.02904399265366
72221,69.96701221612821
28138,35.03445027349524
19444,26.152910081445366
54776,40.96459468081586
4569,37.1153429005409
3134,33.01606770375048
25799,80.54395908725522
919,39.48782739073354
101250,68.31875840065186
63982,49.078663385770525
68634,32.392267800836734
6429,28.2626066709473
54634,85.76164069316293
77887,77.08589754613982
84859,34.49864229398552
56499,69.61730496684704
22504,63.167001610353005
80357,67.7990371774272
30505,45.25331107364723
97055,62.737084313140855
65416,62.07107100640563
102350,32.766704227927605
44729,30.852586561623987
45648,56.088228117315126
25838,78.26075867085208
10454,64.92141974274065
92683,34.79538904321261
11381,51.85499239422655
92285,49.97600480941344
25147,55.85983978106533
29380,39.045171010856734
11446,31.743124129407136
23604,79.76220592764187
61554,73.96769415089258
15214,58.87620565349855
101789,33.09942960627926
59696,79.47285098161768
63220,53.046454711670606
80196,37.23213441039398
45093,60.64735469202682
16815,60.957136875182144
18259,74.18947238475172
8143,31.558337885522416
71211,64.86000282115799
81497,68.78391948430212
49947,41.2576150547446
28736,40.766939558683
15765,75.19228540329468
34330,32.80520909776984
41269,67.8682110501133
22230,72.39954825603482
7146,42.87946638868395
26231,56.17941557065687
33805,33.9926884753405
84256,79.260826135332
57867,67.78528467330932
57422,65.92757647076263
73846,80.96965422582909
83792,45.11522799780059
56091,28.658208316780375
89488,57.263917004440245
6567,75.02731437097614
71605,32.641052348217734
45169,47.2891966418323
84357,59.73783375968749
96574,40.40730426462095
70003,25.46311130189877
31737,74.00247708858646
96178,55.86222305211871
58679,45.25638198087765
86429,76.92474459058356
32734,28.80950555006858
88879,25.1536000765575
91327,79.05507902508998
28676,41.462529612536585
6669,34.82368252148706
51630,68.00008963471255
86925,62.90362219402623
91176,28.136471181748075
47254,47.704300957053235
31444,61.95616877952088
93065,76.99768469164334
99472,74.58124091454992
41886,60.833317587326235
92154,84.01326863586286
22569,39.475601991037976
90206,61.24511453838282
417,81.57355459771156
23282,28.836741596448498
94957,62.614957118520124
16927,42.022581465898625
43798,22.503706952998378
15994,53.080299964380174
92492,34.4222380035943
59873,37.940742229219964
9296,33.35389822676704
79696,30.034879983255394
19295,34.510823184865124
11475,56.99030629508938
1097,51.001263875464204
64010,69.9936985183408
91373,49.96326164886958
75231,76.23569139034575
63067,72.9825822169947
89059,58.88232382841561
81172,40.818778258426086
100724,88.8728592144559
31816,65.04525935585085
47965,33.44721074160737
52865,32.66911606386474
69775,40.103398636882254
85936,40.57447199347334
58310,82.32431987732599
28219,35.498519136897954
71912,33.44790227283681
39881,73.73223096240542
15796,35.51732144566181
40160,58.64520734631437
62992,40.80597074529877
97944,72.42426609381265
25939,85.62505508511154
83020,37.78102787762075
12333,55.94481470663138
68434,32.15085330797506
20346,68.2435607394639
86696,70.1009564981594
92164,27.37027093835866
84208,65.9071660593586
24998,32.0327869458474
81167,31.110224722605402
5622,66.83312625528936
58924,58.74883447668343
41008,75.09149991825242
15119,54.886476659822264
43912,72.78631043700037
48815,40.66453098759017
7101,79.10689266905273
33346,23.488936442526406
19755,59.49150132853539
54472,68.20319306385164
26051,41.92260313566741
37367,34.05306283110203
69547,42.10670510666921
44658,53.99706540414833
41924,81.9063522487358
41109,45.60365872081654
15848,53.99462741665614
63398,67.05369833463583
82672,26.85935309351479
27971,76.30576359541081
57484,71.95504566661441
97255,25.306089186918257
43023,60.46684693459053
79785,63.07109174284972
13849,70.08684992602626
57431,38.814246842605584
53242,64.05549552596526
35410,39.58647886819321
88051,61.11538599465832
13123,64.90663431381898
69661,26.989619557556225
90234,16.566048000456448
47647,58.94154993573407
62067,73.0290856092013
33747,54.80861636063557
96062,72.76177663083723
49715,39.919077500538556
25812,73.62903529910196
97177,71.54955434627408
34934,68.03319056927387
34776,72.2152320397924
16347,33.02091485362438
68962,65.04412110309121
94470,40.41461875441322
6851,69.14547832268087
88697,35.2535610211191
42253,35.05731531505107
78322,50.982519146675905
8446,34.26263352850954
82443,66.3757236959691
45203,41.34678708885681
56779,65.04921964719139
70531,47.89961963683401
24066,39.89375984724
99637,39.87938102496885
86534,35.14688321881775
18847,40.14601522899612
19328,64.59097662843337
28555,69.37535599344608
88515,72.97247324387291
99093,95.33397471852408
1023,43.88355897989371
22942,28.66331681125719
93194,52.68946292557012
31413,29.903325898251396
87375,52.45870395742523
89220,38.67288498932983
4016,31.474388873681256
3247,35.948016052677076
10918,42.244813855970826
84980,72.98438084174927
18821,81.84261998999429
3356,75.2861451636477
76597,66.11290999247367
43677,59.07982892416084
38294,65.87318218408637
63676,77.08631280892786
89986,31.41075695078274
61113,35.477249540696505
95583,24.941231203757944
8337,32.866368047945045
76771,32.97961786210761
53743,32.99493708210298
44636,37.06908430175442
23416,64.84844561513549
21381,33.211364492370706
73980,77.95528858189927
19103,47.99988272011235
35289,26.671119781181318
48031,68.69137725927116
18968,82.0023667671602
97604,64.3195124851972
14386,60.39995387126277
64988,41.638332912582946
43795,70.72919768988649
18169,31.44255167484738
29876,40.9412495284888
41975,69.12305453200517
43992,70.15476216644328
66030,79.0534316063307
63933,33.95134346804125
64150,67.95386303474069
21277,31.98218780955784
81877,67.98931750336502
58250,66.76621923991814
93243,31.669016149465378
39716,34.77502022276702
663,46.92184429438544
85464,60.9457802959265
69762,57.05694314694589
51589,34.129221339826685
1353,30.622511035238432
57053,33.757881182552964
59699,71.07979791440741
64656,51.95960860012616
98454,31.380021480460766
53577,53.83339268572664
44934,85.95834249224586
38082,53.91373051237646
17995,71.17093872287657
65957,33.9669118997114
2502,42.008863531660054
99253,49.26004367369343
20065,76.62014276978894
91965,63.94407383803501
66169,48.612207507624376
19165,33.608791699154914
316,36.46407936811817
51181,65.95064900821592
90390,49.84502343008414
8274,60.81688186466673
32542,39.989514135452154
76489,32.85768051651077
79291,77.09103311216514
73814,42.00615159891718
93181,26.687357001725196
32633,32.077912981467236
87113,65.68344356036285
44109,58.143294009296426
33865,82.50040908626855
99654,46.702495338389454
74197,41.692177992281096
37913,68.97318194655146
20791,46.98987319471377
38387,47.3593963453819
56450,40.53519315060461
101565,28.49996746511395
52188,65.1929314948951
8134,56.83360330618508
14307,42.48077576075757
44115,75.02518707917105
10496,79.3546803540552
86308,64.0887016890895
89169,56.591568932484236
66156,33.37586326784262
55977,31.663055512441858
74488,60.790106164527295
23814,68.92296185655499
78177,75.71725175654068
26357,66.89246633777671
9898,18.455050614406094
2269,62.107573791853845
92077,63.16947647727287
2557,43.88973241127498
76350,52.609037014811605
46479,47.879768464744046
62527,33.51782603060455
20826,60.02201678899912
81520,42.48081572321723
79472,71.19506149281904
73940,71.51502202237994
79275,50.87265846902328
98249,34.291557862636466
91402,40.54806455576482
49574,70.25212719511717
28641,50.77893440911142
843,37.95901861427106
52120,79.70670941758294
48789,33.585358953320714
45147,33.50763421284118
77542,41.31172491658001
98190,78.96208524691801
91029,41.13506211500919
41958,50.06781340502286
40703,39.41339436832284
74695,45.75456857786371
5597,69.96027133338123
8437,73.74752082902467
43076,57.25219414196225
30007,40.02236554408652
18607,27.305683699078564
100407,55.89431559771593
17804,36.87534403692817
27704,74.03071672608249
37477,68.04014006972375
85485,79.26105207737595
39308,25.78084191590675
67261,69.04492600500947
15639,41.44213571821875
62271,79.06516416278598
56263,54.348475432033595
56049,87.94507102436239
45182,31.780902875144317
99065,28.611024470388447
42180,63.47437732564879
85024,42.002917945134016
43327,34.34861351228314
64618,63.89671597521688
78497,67.01551811003317
10297,73.87731403000816
56691,70.14894778969968
90279,59.036356150887485
38489,72.66276595013764
98908,77.20683323191342
9904,30.029036437493392
23810,71.84636489569871
83734,74.0483113748586
16147,62.92657898512145
91893,74.86893215147947
58355,63.97972883923549
26092,63.21419699000796
12807,64.44294445139366
75765,65.58959092073144
69456,40.02880777639939
82039,85.08841080052497
56574,41.313783282486334
49838,70.80114489796668
54604,68.14013859941058
24975,54.996268112517285
43075,65.98648735636871
5825,34.41091790255302
69659,51.99828070342724
101941,82.38317937897396
15281,50.01219927628736
75900,34.447518115641365
71215,49.989965221361075
23129,34.884910005548605
73782,32.804102419149416
102516,86.07674664666949
89650,77.75437532405019
101744,69.84273052014618
84358,69.1677293271643
17086,48.106974293319205
27069,81.94993717933151
33948,59.95088807201179
16184,29.39125694160969
70913,34.98914882110424
96835,39.926259875877875
2672,52.873123552143724
97389,33.574786852378026
38819,34.31674239855409
74638,53.50474031599496
55248,32.91361592469249
84722,42.70618926404613
42165,54.87612030784964
50720,32.20397863625045
49096,76.01926256945276
48040,80.29498180949126
7920,50.28812432794903
27559,85.93435346043998
85656,59.079860450105585
71519,76.61159694721195
86093,32.62176375976883
20352,73.8901893487755
39553,51.73777816494666
5382,75.04773959565415
56800,66.58889015241394
69207,54.73943251520587
5504,63.88132362605068
22965,29.15554788799076
61093,71.14455687950658
98196,44.276189647707994
91804,64.0173692707765
35844,59.644959233979385
35306,89.06794842702854
13615,79.21251705207553
98257,31.777028189190737
13250,60.0539924287112
53393,74.96615834463029
94106,61.9566989552984
4704,61.085827172284226
21699,34.790537230858206
101866,25.53063379048803
93475,41.75656167650281
2380,63.01512235066687
69437,27.754624604312614
13510,61.72599871866494
2733,73.09923752196178
49497,68.85735995768664
43547,31.80232436597975
64614,31.01980255774297
10804,63.955457422512715
84108,71.09214559802308
41052,67.47442410707953
18462,77.13819037027434
93586,39.42141932934876
61998,31.38233697971485
42972,64.18519232917453
97609,69.77833892403535
86972,63.46417510679248
35345,60.25495897339278
31414,66.46129208261455
21336,32.01622081607624
74456,30.52972357621176
101199,67.37078555574641
7489,68.22697024363461
33566,34.280911190395706
65510,41.961503702267265
85676,45.669298512469666
75316,34.36162846593024
11112,60.34100192562184
94758,32.739206741777785
64751,49.58903844205599
82918,38.20924815310344
56855,71.38481260672458
87950,68.30317952338063
72805,80.68771921109828
90135,79.2588597708565
43210,30.418730147772994
37941,48.19300635179009
76092,73.22935783498886
45135,31.735480466763807
6953,69.41387417973331
11621,58.083940064815536
60955,33.11720642230224
44389,65.73966835228492
23551,33.81027901642482
90790,80.3662455247941
45971,33.14245966411225
99254,67.94796727048394
93171,24.981313847787707
24597,60.18260127543136
56105,82.41928031464948
102288,62.59832504559972
37903,65.81940217057536
40857,63.299033913920084
32728,30.74636368067395
20186,46.220009394661105
57859,62.9767680526074
66147,62.00726312442263
16630,63.46128401521681
8300,66.88145167057274
3947,23.74630742160238
21463,53.399790133258634
99877,40.98013012415965
38231,44.87782811035305
18012,34.31830315582305
10550,55.411756578275934
25629,71.36728694096058
95014,58.014186639063325
46064,27.8396808613292
62863,33.36084798207354
50166,33.73588248412644
47755,42.46102109828465
93602,18.40655502252084
48110,66.2900986665849
23441,32.71270771560027
74955,33.662120712432674
20259,76.2768084679883
17458,24.692903872164763
45775,41.37004063261607
88251,71.70188022431981
56300,49.49872948027938
20640,39.96195364755026
46532,47.96014956280922
48801,80.1170246496381
45007,59.04387608167218
24828,53.99973575663543
45980,67.2515725287707
66423,17.891210106684344
75444,35.330542822850646
38611,55.302568746595696
7784,50.96163425042509
63823,63.832532179700024
13217,57.54800102045322
88101,67.85891637892357
72647,52.531019200926295
167,69.8479507361817
88878,78.61038338097936
47413,65.19185286613524
76617,54.891881992225606
68436,34.90519339822826
51360,77.56261330434027
95012,74.21894384069435
86147,70.02505293506849
30940,61.099840823652976
54888,47.6773757949324
84245,70.15657647614563
92574,35.306480691257335
69696,97.93483847116826
42910,71.87773511479068
39784,77.90804932604706
2012,69.85842305096993
90126,54.77387216822676
28753,31.602135529077948
5918,68.98691856258932
80350,50.259561684593905
37571,72.99457715958229
3109,76.84183536619102
52738,40.14266393591196
65404,67.11847103260476
84947,35.34974646602881
60845,44.94862359398245
20042,32.07183748630989
76379,67.81191491795072
99355,35.019781214992946
11668,73.80140221238779
25085,41.4170373437056
41059,45.96252762253728
82927,36.75821292433067
146,33.03916311665553
78432,75.78180190811773
32855,41.04096090028844
82723,41.96114448656974
24016,97.87978438096499
2593,68.70309600115439
47618,58.85622616981024
12191,63.57739404837623
23327,33.931987177832646
101308,73.90468912859127
6082,32.12983522013534
63951,55.30905734066566
10387,32.689985974374856
52751,61.542332814099225
19926,71.83550684852455
8864,29.114407182289867
93741,28.99536204333734
61470,72.6288048687089
17668,44.49320536204587
52117,84.87033484742003
87237,62.77930586926012
44174,42.77986946293401
11244,12.676154241034745
74659,35.0977719102535
6047,77.02890536050785
91493,70.78479354282683
83283,58.44826058478371
95252,61.106754207932816
31809,33.06313069870273
20094,33.32751243605642
100439,32.437288088009645
44789,71.94103765220669
73311,64.75308530600444
19466,54.47626621135026
58809,74.88487505770352
11479,65.56460419527036
81104,80.03366668239934
35922,67.19078292581065
47355,47.98398134478296
28872,66.81718638565525
52792,57.00638831998546
24861,68.93635940479751
15844,61.92578524314176
60695,32.68954430365291
18648,59.813343493124634
82542,69.35954726614831
92231,43.94138790405538
3494,51.026522179289586
974,63.0186198799902
37960,75.95530835471459
31337,96.54319521969865
77339,31.71143180877298
91741,77.89130504746076
90827,81.10522583857403
18539,61.014066076467984
72925,65.36998430054874
99777,65.97919506306673
71547,67.4027855630221
4726,61.00951163748422
81920,51.249932013042795
71310,29.555699461594916
38257,49.30458262180202
89042,48.448254934665194
6901,48.98630351695488
50536,49.108626544654925
13429,62.04802685492756
1462,65.92841096701886
101611,80.08302402838254
76363,64.17214392673303
87044,49.73021798815982
23874,72.02186663521141
8918,49.663651187921076
10024,75.01494027345755
54069,37.83602813102976
78304,71.06508749044781
68466,70.00053923766157
68628,48.15036314918275
3101,75.66612127641
798,62.017858447353134
41228,75.45778747485605
43961,56.95078083857285
40926,75.78448041409713
27278,39.47140717583112
3993,62.20987315772028
57246,67.06564104433892
77479,73.2634476677216
28558,43.4167346803878
536,73.29581476933308
12038,39.37615958374594
40319,60.83885003208475
10872,33.656231821090486
71776,30.142869139839807
95370,32.11195790087532
95122,31.597665877638477
99520,62.77157994162546
44159,32.53546660181743
51639,58.266146792570474
33226,68.99641740610967
102467,67.95163903853944
95401,64.54306527743165
75969,74.07627729456226
62313,70.7589516164515
36165,71.7170513574516
60897,35.789163202790256
28460,31.353861632564815
55618,76.15890190227339
66751,74.74747681488701
54935,79.42549739240096
59269,57.419022130797956
81517,46.938082508557706
81883,41.40468674127689
22588,29.138101006627714
8514,58.24850575829045
96761,83.82546948668372
30312,74.02020917766066
30643,69.78124018218952
4072,76.87528327008022
60176,33.47269530614047
55762,35.022014092470485
51147,80.08016389855797
43551,67.95926359061463
3333,72.70902744381141
82843,50.3186716744393
61814,22.840785960687736
31234,58.82161981026223
40163,79.17218316120443
45968,62.87846041122407
53139,78.05492158443033
17572,33.41086483937311
28194,32.773881574598775
26929,33.68067714024871
40632,68.17300323069784
45043,32.8999741716713
47123,78.62539807533358
59700,30.631769846627925
33017,63.796413330843144
82625,60.17044648247335
22712,67.01636622687586
33303,33.76511250291838
48746,79.18091031421724
34651,32.362971599406116
3660,8.752514244703821
42584,28.07928341494046
37815,26.344166096013662
6507,69.93249908780828
20552,35.87871269960306
100357,68.31333586696842
94226,52.79875987355198
86085,68.98984148441943
8782,71.81866792580558
30173,58.02138828952511
38403,49.66515556487538
9550,81.00240577674143
95249,64.20305361656312
59972,56.95539902496666
46673,32.791250728729224
88561,69.05611258077911
69143,57.75681064183543
5351,28.07575568874524
59671,66.99216894056238
29422,37.77576264911514
37954,35.68513016154537
26441,80.01542311905477
22039,85.82342801220906
5224,33.995838591644564
40279,72.5894087008028
14614,35.41775857039641
6542,69.02202376964968
5330,42.411907095347644
65971,43.63829321274694
94975,20.633844344703153
77703,65.94322661234742
94075,39.00069819786855
63150,42.81929896361349
90069,53.445318917579016
1074,67.92067652812057
16021,64.49979882224291
16626,56.52949308769807
82399,65.03625038698364
27294,65.02414886494967
43202,67.44774819722394
19288,34.26880809537767
61952,39.34433441541694
43209,31.84485206926705
61015,74.3331489788065
24498,72.03078348293579
62330,43.88507294324912
44694,59.34037097795531
19018,50.86944487682476
65497,80.67908393229777
15962,41.969594653082936
29634,32.27283031124969
62838,62.895281404182484
79528,27.013809980589976
22094,57.22020326928778
102381,32.52125992058588
48516,83.09913392906357
89193,62.99967248122707
38654,27.800787059156722
60158,33.213621413119775
56954,38.81398773752511
42417,33.96592027219794
35546,27.62135622014654
16711,31.5334000924621
62660,30.450129470934485
35457,57.77766852546753
37232,43.49774295414986
12490,72.8539970168853
43653,31.913642871702713
16320,76.51637917463843
49092,38.84616339946764
27468,70.95286677002454
43766,67.80233692841284
82814,29.710746072371208
56329,43.02786727492828
78259,81.55449137804689
17270,85.88520594751714
94628,70.8617666768055
32506,46.88036864818818
35807,66.3835380357533
64813,56.64962173439313
21123,32.87109366010543
49553,75.15286651906726
75438,63.32410591709617
45028,33.51743153142004
16207,36.86676482625504
32888,52.975679414214326
84273,41.28297559559435
56427,34.628266465956216
29489,78.29067745767671
55591,73.09542890187859
50209,40.446296216537725
24109,58.82306824566006
76393,67.65432632607697
3017,58.14942419436878
61861,41.45541417892347
61178,30.877815947080574
76716,81.84452911835032
67998,50.000256707164546
65575,64.6327544583209
37872,76.33091534576015
48513,9.36029867742555
101135,38.69512315428679
99734,28.048950313758727
53259,52.885399342793406
101914,30.26067910901795
48032,62.183807184568174
60908,74.4523686786853
86564,73.11658070819848
52162,68.0110380695078
63180,78.87150038733736
12477,72.11659501786784
60801,80.77087375944959
37821,32.34627295668956
27697,28.239952678082172
6653,55.87887252170114
27231,73.17861695231383
6039,33.79978043311696
95989,69.89658686603426
1544,76.82443379731575
14300,37.54525432939576
92868,35.57728288876051
39628,74.1630148611691
35977,41.36802034553939
83117,43.59692515247684
63848,58.26143472298882
81451,39.97039386517465
14233,37.86870348791854
14122,46.83453968591307
5977,47.8807215666769
28265,40.94086288108976
46834,68.10614807455669
43349,32.095412498314346
14841,42.57163619146218
43763,81.2658026179839
73928,69.11044986593834
5650,41.586749423531536
63474,59.32560060950027
76696,39.818603305829384
10935,38.213415844089376
100183,67.23412999348639
35829,29.93159234530284
72630,60.13876008309761
70487,60.070574829366436
45040,66.91084213135156
95855,71.19184089044234
6938,37.689919909959016
55001,60.14826665771785
72014,37.86849733413338
30945,43.01147649874038
57140,34.60676849758413
17713,77.27374640637493
4220,65.04004150171346
193,65.21513524837356
8915,37.99344092632916
75741,44.54187270891843
68318,32.60970467278203
44616,31.878932999523723
32694,62.1114785669056
30177,66.88215858541126
97336,63.825651730220876
17550,54.87971249872182
11013,32.18797218924237
31520,67.85521714227481
23158,44.137027839318506
101576,39.67105433968207
97461,34.77115562963419
13257,68.8338975317594
32994,51.32068119027551
86400,77.28084284111534
36357,65.54808881927924
56510,72.93224310706464
47539,30.032075186361833
54522,51.06552100044321
26093,67.39678301629647
47040,62.20935458849837
80670,65.09682279333339
91036,37.66104470267431
50481,72.65841274300894
30003,38.53723193560475
38822,75.64595566538387
61355,31.941703986100975
37794,63.157434159624
25066,12.522497204202896
52712,56.9018843887769
74061,59.634527143635594
23943,68.60795618671088
60526,36.719425251692364
49182,70.07326266213039
96381,27.926068005976827
34282,56.98401073194405
11033,46.934630347145124
33458,63.31738071589997
81467,30.928176070779855
13953,62.55491913835679
77045,55.929243265361904
83019,56.80287256677899
91950,61.4705535430133
24536,71.44419513352418
4722,77.15012155736835
1350,34.03504353681823
83290,64.84896475501068
49104,75.49075843056514
86989,34.93505267139675
48631,67.53219757834466
35703,39.26550477435063
30709,54.011066018763955
281,43.473908409517556
64304,34.53000451762816
63044,46.78623515199392
90476,41.37672724657119
78314,32.529595721601225
101356,45.38516120300601
45629,27.33042582128471
6006,67.00022309830186
19341,30.345233090043827
61437,27.923747069394977
39778,59.12627225288933
77638,67.85226556696796
8992,41.63885210863227
93600,69.18620187354304
36542,11.026492112238653
47810,53.53140428314516
23002,76.45600399730384
402,33.998573812688846
64951,58.22991338719737
21080,72.37991088452148
27959,33.01497702937021
98956,74.1379533434724
26724,62.382068773098744
33877,35.97720645035809
70352,41.1741708272736
13544,53.02759513777046
95501,34.902154201020934
82313,53.97880384649389
13171,44.39642905370144
45872,72.72033509870312
37673,27.179615903080663
93156,37.35321384735584
3525,76.02592407501331
16578,44.99513604675561
56071,47.566038524435776
97322,62.64596691542104
18884,41.27758111582277
81233,71.88093156255935
87339,44.069015624267706
98144,61.61049834020278
39458,69.92004835372603
56063,36.343075073984515
40641,32.866442374234694
56827,67.27009615684992
95474,75.13206940074045
40092,31.10017182830588
73815,33.93395656610799
24441,44.25864701892108
79162,22.726553551205882
84573,74.9990017487136
73351,66.1821665492638
54568,47.79586011012756
12659,66.9887544131789
47461,86.06390656500673
11579,62.040653004857745
64668,50.12404730734251
6294,46.10318786033275
18511,34.47331455968711
73376,52.898207965892794
78044,53.19865022196286
24736,26.868486203050946
11501,65.09789241893327
62562,16.78930788762208
29377,31.21649134620483
57562,68.73534101083868
4682,62.788391985224635
79365,41.00651982905879
40568,31.858043675618806
101417,71.53839430160238
69621,61.9542398483016
18867,42.54350865900766
22110,82.24606831026679
67417,37.12987740090108
29575,37.584191641340674
22998,36.63286207322412
44030,85.19289800905757
49768,69.69839091699463
49112,20.86184926475859
50457,80.02947782076518
73684,45.97024646911213
27788,68.91041163059475
89145,73.80953943547897
70115,37.63241283880487
22880,57.183038443884875
20819,60.34988645921697
81755,10.76719659367754
13221,33.618846110541185
74203,73.82805466843278
102165,35.13137095284626
69942,45.71118876551748
97454,35.5659659632214
53540,66.21113166270933
80554,36.94626047886829
11531,51.314799184251505
86432,68.99125938290527
1078,64.00284799295949
89872,33.758736065303026
38451,67.11422357384487
81773,47.86401553000974
1196,67.9597010058969
66504,33.04438733775011
9343,39.01084576486667
31134,79.56062488816724
3946,40.185415527389985
40655,53.99347306287166
50084,41.381431040818995
25806,71.35688881775961
69268,31.87569814387824
6279,55.491985984504076
58179,30.371795498225758
42917,49.515884124676546
26967,57.20793548254581
40460,41.59296371003629
70415,38.79331602882574
66092,74.05636886434866
61186,41.23587623356349
97566,76.6890181843016
89233,63.97514078829698
98531,33.375969780535655
66463,70.16340714576671
97658,39.94658144086247
42498,34.266842934334456
6671,29.205613969121003
31325,35.16522549465026
100100,74.37514633004447
54944,42.05828586075826
7877,38.93014070851779
60350,37.11732497368046
4532,40.22715656110644
48569,88.92479594621628
39083,73.08730029918806
31681,77.2082900033844
46846,33.63870724382748
22935,65.03036455051216
99050,59.84247325554469
15778,62.73933964165026
102055,74.47534551217672
6480,31.902268109146824
48125,60.957523347742566
16094,50.02683603193341
32632,64.9405210575614
79912,42.63773787312427
84293,65.4569036547722
62267,52.94312851250535
36469,43.87805245213108
94500,41.810859922519555
18682,68.27815595508244
21270,60.13281741514311
11788,58.97946701583833
81045,64.4064177619216
94882,80.2340997750187
68113,32.70737133192523
35333,35.90782545283119
98173,22.92764344548783
38605,63.86928927723393
102163,33.58729844963287
23484,50.65038551376901
8921,35.54666385669943
27680,17.51758613062556
68246,56.984704845226474
7293,21.193425641285053
8693,28.514348073204374
78833,45.00671615644046
74600,31.94459757686004
79623,63.00647847937003
69981,67.78727151667032
55948,36.41481469871361
17371,48.47745373457568
94765,76.22523534959984
41063,35.70702687082041
59971,41.67480674562924
24944,40.97344783518396
26786,34.67244087315481
76297,32.90903634613096
81108,64.9057933616887
52893,47.136496600766584
13138,76.93583491331003
85148,32.88318535357394
30675,32.24611932209103
45282,71.58763140916537
76422,51.08720318989718
21956,26.021150201720175
70323,71.12298813745863
40836,65.26884455135942
17179,27.79651537658392
5421,37.72333935995341
59416,79.07672592899894
5589,65.03595549049919
65461,76.9960395523249
35705,33.47045497207342
93737,68.22927825695493
27014,40.18493787596003
27946,26.313445216701602
52092,33.872827198355594
22097,29.48824139225046
50534,35.026444204616986
70668,48.99164011489623
78489,25.732145332389504
36344,68.89964313297037
5350,60.77312360572049
46439,82.0333002669937
72435,39.30307483215464
71226,37.12280188748308
16596,60.342768663959234
20813,33.611850516349314
101919,47.60445970061011
20293,42.586885463067006
45608,32.39140317898408
12262,84.19081150378281
13620,59.31511015035715
91643,63.33750277122555
48778,30.476804833998536
10857,44.69844528226899
88265,42.37046437133145
69788,54.84426604316627
99994,66.86696636074711
84767,34.616314085229604
77423,40.78471979634212
26956,62.92863460865219
43864,44.02517207879475
74950,36.97685391415658
89854,36.81163987926783
17786,61.86728938898837
37078,82.38608293975284
70388,69.95559389301799
80486,65.06568494424837
51989,79.07121533972824
28538,41.743918576698206
22570,69.06212590016261
34189,64.88071984626055
79886,57.96478776178127
91111,28.6861519896357
94917,32.761676334367415
2183,27.994734915759874
61028,35.03257519488743
71378,45.77310175413717
53505,23.960690827839162
55416,43.98882675043714
69929,69.98919076338078
52790,64.59826254268691
94245,49.03597517144244
47484,95.50249955279006
10673,50.82994459851569
10940,63.83345443334576
80281,31.185108787715105
99474,60.60976650228462
97586,71.92015023716115
86509,50.04763565096674
81495,78.05763495596275
11521,34.49653079843041
26394,65.10139144430094
91256,72.05897854806892
85145,55.30735520459356
81864,51.704758803855654
10711,69.05946724337844
59682,42.85870074957879
67032,44.96459548861423
73436,70.27145122112019
9935,37.13762902113008
46424,91.84973763780599
84262,75.1751253085819
42637,32.929090416352714
83495,58.25414111730312
88264,68.93626387526162
32449,83.27836357498495
81543,68.10358946459263
38943,33.84367251287469
9051,42.019609481539234
85078,72.0255952251473
881,28.682332277009632
47895,62.933030753817626
49219,51.429467854663336
19439,36.168601157501726
43955,48.61205177507034
8545,33.00252222554574
76912,79.47296918377961
9915,33.45546627206198
93895,70.24807491083499
17396,81.04977267644875
80119,33.58605852895372
67565,69.59413496673073
100607,72.00921780712281
17699,28.35570034747212
70782,75.10970157821959
87052,81.78047807880465
34345,42.57619670525402
54508,49.89513354670966
25056,41.63696350322479
81966,62.615826090394464
101951,40.072351587629186
10948,60.689774813444366
49517,72.67873354730486
17766,55.44807743759528
13353,34.59969653158788
23716,81.11223579029429
58010,43.796971696785654
78286,70.2067175497847
21359,33.24057310365983
95068,49.571123293125986
9431,67.98990856064978
60719,82.04756323418053
20936,61.1139788141545
74237,78.23641593231936
61442,31.55935230795584
66349,71.45412033950741
42285,39.861011439573296
7505,58.75939616426248
75341,33.779025182825194
44661,39.94693594243204
5151,59.62989334725439
49710,63.93199115125121
12166,62.901034266682686
63644,85.5803099988376
35300,38.950812891620764
24046,83.97683623508965
7327,28.188826800000065
30028,59.936925292789155
69628,53.241389607477224
91505,74.61795938162209
92559,74.90090607551582
73003,33.60791316507151
36385,39.466104231250796
18841,40.898755835589895
24035,30.402383648548856
34791,69.98052770463403
84037,23.231909974030422
34368,69.40428885815595
24824,33.07847810824782
33377,63.95697694747978
32370,62.04750834668491
99113,64.72979786967183
72409,74.88302744058232
102332,75.02916519568066
14467,65.98966094096684
28769,37.15471941891739
64589,36.47327827052097
33356,47.05461410409671
81281,75.13342621092605
38842,52.8713870559405
3153,64.02410241459765
65716,44.8515915456001
92055,32.075106627857345
46693,41.75019311373651
31766,47.91603863499559
51308,48.968695757897535
8328,74.93633244854726
56813,58.901481827004694
33995,55.92200219841082
33131,79.10414013663325
84188,68.89690689092515
8476,54.89104205449377
82966,60.35491024800476
6089,39.70587808017795
61882,58.05637405481306
91740,41.19664705176924
57449,40.581352986917636
58356,53.85678661925472
21500,51.48332909629792
58758,44.17735450316944
53598,40.66218304277817
40498,36.1182501702354
15438,75.0310274331984
8485,33.68887445543345
77644,37.85111327825381
14976,78.1709493689235
99026,68.98528027232312
38162,48.06623656966513
14052,30.940246683657687
33150,69.08798161600018
83286,29.94591895995982
28643,32.54659341540084
57385,64.1575197220377
65444,38.86803592570608
35199,41.77558550330808
49851,26.184535678286927
12592,54.90141856371251
30342,63.45181001003645
14648,55.063140396274775
44959,48.02588590833332
44443,30.339011047662
83729,35.81263431597156
35028,28.660015756788145
72135,72.92749898142256
6104,48.332899770010116
39776,54.37950958136393
43878,44.390824962138225
67862,43.32148338624314
93362,60.01637079235337
30494,71.39402888560937
51611,64.97747584702515
13809,39.38541116857182
28829,58.97439842766907
7350,86.41571598123802
10988,41.53872686967347
32008,25.28686884197985
10632,51.66027545414488
39712,40.48197590478573
58704,73.21764069736864
47393,33.953612948324675
52381,59.214359136859386
61027,68.91729474603463
6644,72.87835614639444
91140,71.39092778814171
101361,31.167287999744882
93610,54.00884396358856
30126,71.8259431227891
79970,31.761345516872375
95591,70.47214397486655
35785,34.99409528098557
34955,65.18294230531785
91940,81.24948190347897
82373,39.12874649746863
9755,63.15595542941779
36231,37.21771575962826
36962,47.261139636924185
22850,34.821769435318714
19142,82.03329713953076
67138,67.59246555181375
77702,33.062843794667565
10423,54.02185993805128
34693,52.90216157318108
72886,69.03133665053025
16389,31.885925820625783
60117,63.024673826386234
90425,69.00524351116306
100696,65.90235832462906
25807,33.795871811940714
58412,41.22651266534579
26807,41.428137869712515
101282,81.10026325039914
31653,34.493752416175056
70202,67.93188199067728
11642,67.98181901380255
89588,50.910198126258216
4850,62.936897700421916
28731,58.82304055484131
41160,51.2931246893432
53184,61.4636808007405
48410,37.64326139563172
35981,34.51047749377827
50255,47.376296518040775
96936,54.02067857005991
101634,82.89935521164122
73728,76.2140080219671
63123,66.38975054212216
17092,68.85675950701281
42888,30.40074019376758
19632,37.524099268660386
23165,65.9468605359347
17753,76.83888670172794
7940,34.15414319456969
31839,32.89370109996346
73144,34.11054492470569
25117,36.70901067710359
57284,35.46728152737598
32389,49.76706520931076
60433,69.6398830141306
81506,79.90000346392793
96259,32.862438079334936
23552,39.91946947633481
23006,55.92167631468148
58706,48.92910936357347
96456,33.8461241288365
87968,85.02102662078761
60046,47.17696298878336
34738,59.57486246014733
7163,33.52392746649606
62217,41.76901201558702
4606,72.02567147154974
33363,58.89274219078996
70416,83.37802010744812
67432,35.10468837220132
70044,33.87350989027689
28220,63.141059427301634
73736,34.21744357988451
74933,73.9871920228794
19075,34.82103114149849
98043,42.485885879728215
49084,31.88452654431646
101759,33.846893953456174
40141,69.97676064155459
93942,56.76998203761932
93826,68.90679321104261
28620,67.75299022305688
87399,82.40634112795674
50990,71.82111095086083
39256,51.71895463080034
77894,65.23343560701267
4657,66.88278528256109
64047,95.49084924729613
79879,45.94786568619507
6146,34.35115347576033
14446,74.8319191389686
41061,75.03972424217565
4524,50.864715979570576
84563,22.828220196053127
45226,52.05279450388982
89467,62.60147189535064
9922,72.92811530302318
54560,40.51818543567777
33407,61.1838147517344
66556,66.9860915204701
63083,24.74432747683925
25948,72.64628545310765
64734,57.993297178558436
48084,62.09490401062588
36340,73.82801859183618
100755,43.156299197480756
2292,46.189366790018994
9386,62.07222043436227
22425,76.88476536946976
72806,62.685131636275116
92505,77.86116364063432
49052,37.66844436986883
62049,59.76316321126105
16074,59.01310893076469
22174,78.67909614899997
51492,70.87071126836247
84792,78.57165693380662
49491,75.2453640386613
93505,69.64088230385894
13053,82.01776022706461
40434,31.189616620455773
86144,28.862312015715453
59861,30.472223893747426
22324,64.10088145239303
40254,66.50988003036501
43741,38.595806398874494
15038,33.54322557570569
76741,46.005512614055405
86781,70.16303369055939
87259,33.721182140865906
56100,55.4484538257684
54679,70.0179119014139
87461,33.311908783815845
80947,19.597789451054606
73974,46.21582254220567
4498,61.79336024988907
20205,42.978185839943436
73422,64.78917165845297
6162,66.82818172547556
34513,67.92702002172791
5173,18.145332821178023
24497,70.89621144847595
5469,76.2959068234943
91755,37.873629881294264
42505,33.95084829257541
34415,35.024115080216276
52076,57.515031659146125
52494,35.68030477389668
20812,62.53495596857033
80291,32.492084300643526
58685,43.062601658991525
93083,77.07959331147741
81995,54.24169929901689
40314,34.70296204468298
53125,47.285703926645894
49618,28.39429662885634
54939,76.02406289546659
25911,26.229722583845998
78717,67.02725524667233
81182,45.166801785047724
80361,68.03185721566129
32832,19.3219898412378
16096,32.31371572093999
3989,63.96845274036548
43363,30.551901668657223
40458,30.89976181048881
48208,62.01648345595304
2176,95.47956003952334
25871,61.96016489956771
90913,29.138565899166466
87245,33.66408076903911
83604,72.64955055128988
565,71.70142375974649
33700,61.95685078187339
96962,78.99516731696656
27638,27.367033399920476
76232,31.122072139401617
44749,40.543277952568104
5124,54.82113136029585
74063,65.81909079344891
7370,66.78555849474049
96464,42.91966636972674
25645,34.70143551071025
31315,75.93476518146684
17318,58.44707694019017
55138,76.63255041529064
51373,65.42589930641638
1144,78.88205867535498
8341,52.67847186982485
102379,45.35606276634033
28158,40.11312499505514
42943,48.557881787748514
27285,70.38313047664822
62381,53.90419909567578
58634,41.43604865543309
64904,70.19564808073451
40403,70.99573598029482
18135,47.88728391418164
28738,71.09006246203353
60409,70.90506352103587
49748,41.58105576878343
88537,60.112093009766596
72803,70.82628653857712
20302,40.46148032099016
85610,71.0850924199647
13703,29.708279560661722
22109,68.44433228187367
31381,70.83045519850329
46388,64.58126908797857
95124,33.61181469605468
6570,74.00656191891115
80397,64.28975318767723
86669,79.08121189728774
38794,72.91000174852823
82546,30.92229201627317
75927,77.02353120586915
55637,70.25068003348073
84032,33.61843115925022
932,73.16414365519537
101035,62.883428148930285
94485,74.62899011898804
42118,49.11148073344035
84452,21.919234969726315
51266,38.46328525706522
99921,64.579917543097
77925,47.28032096826989
60515,76.59929929033959
53886,80.09287484031597
5419,68.80480028753071
67939,39.40098543660769
85735,41.99168482890627
42861,64.21709466407708
44064,40.00010347397526
94373,71.87042338730737
40346,56.20560507161185
43786,78.99765554488464
68889,44.93947712557211
15166,60.3536755151992
66226,32.814363281653705
8771,76.80977534211314
13798,52.25418933223715
44317,49.74415932493354
42632,59.048194650199584
31029,38.20757524826441
4809,79.07755907643158
88862,37.806604150256874
95251,29.146284158104383
8047,33.027380925127794
16607,58.090784663227836
47875,78.88466981891389
39315,55.49381176462235
92409,68.87902265403011
33594,41.916576287518694
76529,82.02826051579378
85576,74.91258565822699
7386,66.98551953497983
43087,74.97416772518334
80764,73.18438695846886
41075,72.8993755127961
65515,26.460566399450837
87320,58.055009351122784
61749,72.21575309792912
38607,40.31747159111902
17305,71.93544362340464
93441,68.87146181265996
30627,72.92704237006572
27759,63.00748338538526
72196,37.07176001999091
13605,51.993158054578565
21319,39.885759731989936
13109,46.959019111526345
1412,34.40057291353759
43358,38.25825693716795
41999,74.38011199888885
60881,63.17055889820752
33496,67.02916707639713
21604,32.77452187410694
6674,57.08408571568168
50482,75.35918543238343
73583,71.14013551236508
23738,70.79796384593945
98367,32.74077350097829
74085,83.2182581550785
22427,33.6120490760408
3097,33.65065469200937
6320,46.62477372497612
31031,37.526209062715125
28117,40.663199208904516
33664,77.9887496521486
47523,42.04153510866645
18537,34.59628673669246
76888,57.726055802554086
49001,79.13521849219083
47322,75.42043002362595
38312,62.17901767119689
51470,82.74229742999131
82740,27.99592307859408
36728,34.37239493862517
32414,74.84730430429741
16709,69.3649103287087
80605,33.840901595631195
10416,44.04667953059375
34571,42.610957017638356
60838,68.12957369545657
94479,57.38411508892603
92428,73.02087774797768
59144,49.773211423871864
82146,92.24388707925385
62997,82.90324697080864
37209,44.916819602613984
15348,70.75132619934558
66046,71.9664860546819
35600,35.11564445224052
71366,73.28273936058298
45850,43.20289347337401
38290,73.02244165444401
12937,47.06114879982303
31453,18.73350934164649
35386,57.84855349765985
36562,27.3222375055991
21169,35.325035409505254
93617,74.66974384729252
72997,74.87197715240417
16328,81.97565575966833
3258,9.441952288877548
60910,34.66909239295325
42914,59.977928471421194
20628,27.273344298195312
87995,45.36771124992444
93863,36.591742022959295
36886,33.84845834501245
70856,56.434992894778176
32842,62.81697402795267
28126,35.13949028505371
29521,56.47456815601187
64853,71.01755390029248
39430,65.92989698426072
54405,32.24996204278751
78063,39.57976322668988
52884,70.80392411689147
73714,43.74894930220061
78990,61.29514285719
63305,75.07881933024669
80331,75.79902980301318
52962,47.26442692377284
30176,28.948501840827344
100347,27.622767076236535
93759,35.498722749076556
68059,39.56112658792589
82396,20.66938018875414
4877,55.32748256163714
59941,39.38032549637535
30186,72.48301959831772
11048,65.9560500533922
40068,31.96802166406775
42840,68.89912608719675
76178,65.11687436884263
5241,59.99172494161837
33812,66.80702932397747
41294,30.82670932404519
58245,68.49741479879958
4982,35.07936751800832
29000,33.46800442220498
10478,35.85519594375799
36656,49.54801992625466
53290,28.862614694617793
38107,45.05291177331245
59470,65.9496604195613
41819,59.270681627057584
92232,40.3856326311878
94980,71.34011471202534
3932,80.47019931616495
8797,68.08705064393834
5405,72.51091282787317
15601,43.514957453439536
8277,57.029824851903356
55939,44.96273868133676
9411,67.99362025486283
7523,31.026191242024876
31467,69.04963280014425
58120,49.102478953581645
15195,45.72442040080959
14010,43.13379272523585
9514,42.0540234691986
62626,31.137121089338777
62062,67.02905111061318
89394,78.61458819712273
882,89.01599063284397
13623,26.099945438869938
66808,32.435478633015116
82331,32.54747240681803
4836,31.361529201211383
39944,46.90426367451635
46496,41.63075850165152
32042,28.56826810187768
82498,31.894180238950735
52797,80.53370312064632
25211,65.45989968661647
61789,68.94917910690407
22478,40.471164864590286
60782,62.850787294213006
21044,40.99822674827874
26277,52.05936364876463
23987,60.807871044432055
13654,37.27806876578499
71162,45.936478201122796
28574,36.02669896553472
23961,42.30726591947285
12365,33.60446812122692
98731,74.9662051190094
99966,65.97967818629125
94189,59.03199938813766
64683,81.7589732515811
636,74.86714125508274
19302,47.04605426682211
101630,16.99118874022121
68393,67.22013843925157
17889,51.70166604992562
79233,42.37548298044133
28058,71.12588700128254
31177,71.31353527170197
57708,28.935320970519328
52502,47.18071142187313
94368,53.361621743506724
57495,33.5418112970431
34234,54.87845459008545
27029,68.96986998471763
46717,79.99799178232243
42699,53.905045057515906
60578,40.428315857887114
3039,77.01641414383607
4756,58.94909717253907
31195,67.89347243997999
56671,42.320835442003876
99021,40.19675198636284
65835,78.34172456237775
7124,70.00021030966596
98112,56.60852389130045
56026,69.574154965248
13272,55.43240522527323
40947,75.25106736479626
53354,34.546720095309034
75117,51.96244538494531
44374,74.3093990088051
20245,58.911592835678896
356,42.06952713467918
50475,70.37191545457205
4980,65.05292570622774
37867,55.15067260270159
7298,47.62828119716247
38022,45.709487540297246
45810,27.947527459262126
31317,33.25039768618062
64333,68.02716723793424
8894,33.09112830926775
80701,76.88482054041017
27960,45.226812332730105
70358,59.85058248630007
78039,57.00682759569379
79064,64.10758923937229
92490,62.95786331039062
88341,78.45631873712773
96186,84.41199524640317
49461,55.09459743660348
62362,30.674298239261347
3332,77.68445778667191
64739,58.98655642175651
18818,27.620431475279258
73719,79.26042821468232
79454,65.55616112150412
30013,39.00970185327185
48908,33.79793875176
12595,59.931164381385244
33784,19.112878146572847
43983,55.102809625834695
91938,32.74199146614667
48792,53.973793840661884
67960,73.06420974114656
2128,78.96878571117561
4024,72.86508355146908
75300,68.16815922117249
73716,41.766130979263544
71006,41.62818952063262
83301,68.26913991343177
60425,74.0868214005577
81416,47.995220754562425
84473,63.312321727718654
31743,47.18101379167929
50197,71.06828366996392
42471,74.21987598350324
4767,39.28674471965304
93525,68.05004293025127
63808,68.49923615911774
78023,53.80830104942269
96152,68.95767211363665
54078,32.8861499478604
72005,74.89346492071937
37784,38.725511311633724
21089,64.04094277103567
7441,24.22938317492367
18744,59.04319171427333
97479,71.29461390433812
21633,32.842694728528
67112,59.14195481047868
99241,72.08059219385244
89028,74.53137892215366
16910,39.46299889743555
24407,78.87604037900391
9170,27.098840328691434
85425,54.19158656779329
61712,32.48567643352167
69116,55.87780169348805
61828,40.85431916871739
61707,52.346843094687245
78689,41.03904262640731
18801,33.45745525255583
90778,48.87585477661675
82185,61.13075835883059
12449,75.86714006045466
20109,54.122369743356984
73058,84.57473337272779
22206,22.592954772224317
50890,66.93280311358774
42022,71.39130582794336
92116,42.732365294251935
34382,62.89752973756055
28386,71.1296389793849
96752,39.771492490470244
74403,65.8154104241799
60994,33.69432478550788
48677,52.95870879198981
73973,63.01053934746729
32573,71.72027950595051
18857,67.9526714193932
97583,79.08322180294071
67805,63.01896792831286
81339,36.64353942881479
80112,65.94933036373016
56482,70.42984457638235
31137,69.05501697015563
72960,78.92912716522109
39809,32.03156415789969
18963,28.90288292840159
49605,52.4863823245372
52621,76.00658999092067
13031,68.6752226760788
84662,78.32587864330868
8955,65.89265022715871
66692,36.75208622552255
61734,65.99049544147935
12535,28.2414994687798
55671,84.11796940314386
51164,59.3130942486284
44271,69.08308769430107
91400,33.66236775165202
80401,34.476368061956265
25053,57.065375515983405
68016,58.10127799189256
41687,68.23215072759024
57011,32.166163738977296
94632,55.47864945248391
86397,92.54491397732008
92032,60.88666515400884
3416,73.88862268434883
44904,42.77035696419804
62484,40.89872021866541
54677,75.22324011071683
84031,77.9703842876485
30906,29.019394359413077
14522,83.29836392822634
63867,32.14677544814889
38342,53.154423734068324
95722,41.68556076706899
65184,32.7314830812327
93317,81.95231376382235
98997,66.35000954185502
20845,53.03649056885658
27498,68.64571422248113
30608,39.768812370070975
13621,40.034759310080474
54673,53.003591483984785
71948,42.975624098674956
66011,34.07786505791272
29755,68.28026768870333
67544,54.53452759814112
95407,19.117204626890388
32786,74.8558186391154
4926,64.5545476705569
21234,57.36524111440229
71480,79.08060475936756
73784,39.47003425919897
7319,78.80732813863177
37332,29.22693451945236
64652,34.44831149343714
92854,29.40902731497977
16849,83.90758452852864
11028,56.655760200240344
72680,31.660290705528446
36074,42.101705873552575
14609,50.712079346519076
33277,27.160039641478203
1138,53.92813102535314
28348,45.151417012954695
75101,80.03254369501704
65310,29.327602816968326
98467,76.2604787462387
16242,61.09905049801994
17708,33.80664442656129
82778,56.81369342997401
15646,69.10017234403662
67806,41.88595628932587
81403,69.55709548599017
25731,56.534245575658545
74022,29.440603040757082
79918,41.55543983776921
96597,64.01918750961417
2161,77.12117471749679
38383,60.947310563415186
83570,64.2143582786066
66859,47.81462485453979
70751,26.222169194502044
11708,72.03286717234667
16155,41.82514053230983
19590,66.01840095599246
10230,32.10253254303349
70347,64.8065906660388
3992,60.96574997781321
101141,77.14138346226146
76241,65.07057923215399
46142,49.15968652350231
91364,23.77206573381001
86798,70.02803917241843
12045,72.5150966542783
80482,34.24587874165916
90785,83.87408411549521
35489,45.87047929334732
90000,28.816487565910826
30185,53.5512262559898
101575,34.61785896573532
46092,80.15173329956724
67453,47.13994993296738
22955,65.41863846023702
21020,45.86029626518932
39477,34.3258444698784
102197,47.80686301081171
14380,34.9994170741752
56524,64.28122552891578
67931,51.25762857923475
799,63.96854755301028
47023,33.51701838948442
85731,69.46183536803537
36523,31.47848219603771
11119,60.77328184596013
64253,50.84820801607996
54274,61.975642332253365
74871,35.018163190661646
8754,79.07098188310033
40099,36.67304882329389
12451,80.96945558801744
100431,64.68966916559077
96337,67.26399954860574
5953,69.29153844084189
54553,55.12013738452244
87889,66.12158991739852
64990,41.87431612027348
60502,33.63613517452065
86663,80.42916028226664
30626,40.444795504056856
8209,63.367478013036944
10944,26.493147028746595
63304,66.0232009716446
45682,43.05052873826578
47286,68.9305846121174
3640,76.08332005125719
4302,32.92307912845245
46814,34.25021854606602
72667,51.00750229640705
1802,30.2140561654591
57004,72.95156423645835
56553,32.01180054844182
71730,32.183023816204106
15621,33.28690455425899
58185,83.55376589279297
101692,64.11537642514017
75387,41.72896909244452
90313,71.78233498722318
81237,32.1326109413857
97530,30.543429678772135
33345,55.16865520906463
24101,33.905582954366075
97593,64.8995885957635
11884,52.072248286931156
46132,61.45916774409784
499,40.567686492965436
21285,51.12097833469015
77482,44.126866125272734
83507,72.1432152539897
84176,41.255289266669465
9469,43.02603770853402
58164,33.84003781595677
1410,71.43737890225705
8314,63.84927168305492
20273,68.00443369877948
9111,37.678739328978
25062,38.41380856809339
82275,63.31875549023502
53824,42.51126714800043
828,70.90795698920984
63129,40.10446767987674
49881,81.44667472513382
16655,60.91543567618085
5029,69.92865937892165
47925,34.60642400523045
11176,69.59760640226568
61703,68.19206050043219
41903,32.65209519382231
13916,38.474463119605126
15086,33.98905812097887
72267,69.16323750837628
47175,71.12057667576732
92726,39.81318272781985
91880,35.87466295116927
83102,74.1275035960962
19164,88.79936081453812
56808,75.04464584330557
29799,40.24147092329891
1172,60.16666595200185
72939,15.254294993353156
85076,41.35141244772883
29177,68.15352776407659
55551,39.39578925490497
44534,74.74685892671985
57809,21.753868852347
31870,85.62602978825402
7903,30.13923533923008
84558,52.983534846707045
82621,41.943158831270914
66689,62.91233698014441
89387,35.977445428653766
87836,36.028039761406255
58578,75.05453050351502
40820,32.43016030907613
44701,52.53378645730632
35500,33.06727528104099
86422,64.9809429287203
87386,54.355592912552055
176,64.71759753872882
50082,39.27040634329858
58522,34.86187335200747
50032,78.92420200796451
98100,41.85311412125682
28578,82.46273974045954
1570,33.89567937264721
94693,41.63572892610669
26800,73.8538935474267
88357,42.460704162626996
41692,63.18518470504485
101804,43.43173622390776
94779,57.770950777465664
37248,46.86036893473428
15251,58.66970028845125
14515,38.00853843653465
34171,71.93679330163428
47069,47.77031357814127
51236,45.940258131129674
64925,13.02675708046279
4418,48.15743525569111
57383,82.31985408376646
80867,23.786388026185506
64667,70.8574050001418
87573,48.28997186531646
1333,44.54867860580487
97208,39.921478251803656
100331,52.36278167703435
67589,48.62947960070118
98637,30.98978216105119
66774,63.736048636503966
80412,63.98357375437698
2716,37.60313580325821
864,41.56345010527424
5398,76.41584073628526
83187,82.20253666086046
45202,44.0229714450486
88848,61.933365621188024
7234,33.26252651855351
61031,71.77057522422808
46352,75.14510593689639
80285,35.47625666744714
19683,67.2651140006134
16062,34.97094423543359
14628,40.941063338186346
12900,61.82150118705724
81208,41.75492382586276
19253,40.81396805708484
13442,74.34395595729163
95393,41.61747761585262
79285,44.03862795360459
62173,51.00501978608776
58311,65.79353954547597
57829,54.90752775478078
25257,30.038284685686264
43530,61.61308290145782
62960,42.57379849036132
102008,74.97364536063489
64319,72.70515568562992
36898,57.853437744033926
73685,66.04205409313568
3794,33.77732697344846
27293,68.77474924129011
53590,69.79649104680232
12572,62.012870166559914
86426,52.30089053102407
61755,41.615235814182434
66362,74.06778777922875
45747,33.74578515411236
47893,32.84727017687543
5121,47.34717863958002
43953,47.12023577305888
96255,56.96760805845187
87491,55.1404167446728
10834,56.31258427640923
82258,32.27675245460182
27367,54.45758752232261
21296,69.01154244356655
82041,32.666402209888425
7620,39.445894913416254
100283,64.93372963389702
72755,58.25970601660087
2529,62.049263713475945
41832,40.56089827175969
97844,65.03490259979446
39942,57.18714053307295
26794,71.19033097039272
85304,50.266819822630566
20114,37.54450924810147
10586,30.657248862745032
69678,26.51921297775844
31272,57.219694614116996
52611,40.506059127868525
98679,43.07165291428988
44993,46.92558181526046
73945,32.961553574840885
35610,38.45945358214543
11778,37.669869526434624
92397,84.0492422840698
39873,79.05291582799501
72844,65.88913405630606
34057,36.64982949533363
60090,70.2966145748
66419,47.56281625279546
34339,68.97776297593185
39525,1.7880261626106986
501,56.6996415070178
75156,40.26677090081958
32467,64.96507322327906
39528,81.31879911001425
94213,70.08329457114347
36416,29.794280470835652
5727,57.923647325658216
38901,71.0035240873514
99344,64.60989607613868
64000,28.127929382330063
96240,38.198829893446096
74499,35.74460242593046
42101,62.962581993246346
84367,60.07778531493736
12327,55.932861118290546
23506,67.80535480226695
72084,63.845295519705374
45381,65.85397042268764
98930,41.628806059696274
99608,63.18916820090524
38236,50.67128759591591
69159,14.916272750488304
23538,21.28472781128746
11289,77.27961581203468
69605,54.59034120827283
22602,57.6702952348385
66910,28.77663907352616
95055,60.11596516990138
56269,79.87451961798824
22221,34.66487768171175
27770,40.19650003374273
75546,52.951296919619764
100782,55.53411554481124
17370,33.23670070840805
5112,29.223115248039946
60531,29.67167303385421
47771,70.06662198052348
25619,62.76934857368735
44371,58.77603157794157
34535,37.60796952910961
42103,74.35578776372188
79328,56.52836987532585
18530,27.716233985033238
56648,74.22557061036059
63757,83.88347470785655
13995,74.35981197245036
50258,40.92180272491352
48305,39.12932347726933
79333,53.73883401851609
87674,51.131380057104444
77302,33.73448034843479
54511,61.06740565534727
51402,74.25428519827653
18920,55.82523663494221
9961,74.05826013471514
69337,38.58094851352431
24957,41.93675603747173
8960,76.20721176929104
3658,19.249679902375693
35446,32.354978855970906
5420,73.23598617570227
44231,69.49785696435688
46228,32.29320476446218
54098,41.92314374491038
1498,53.8982796322026
79249,61.142777768628704
75055,63.36435433759767
5208,74.10781438841992
14604,53.92001179603132
50944,60.71799705296494
79287,33.434218210306675
98559,34.52763941037712
86579,53.97203865525092
85259,59.00215489908234
75520,32.12663787011834
43166,32.52843342312226
64130,31.725536094320805
55860,73.16611154207297
45909,34.41570835914871
71471,31.940420222325354
20400,80.73858033059213
14956,66.63541965808872
33682,64.30682944830858
67677,51.8859129553926
74103,31.128150028622947
98632,30.445370227231308
91091,38.01540283550648
48108,40.27069203299388
17120,78.11065169237224
14636,53.96389164652783
18291,36.09834099110937
96113,65.9688730674228
88701,30.82393997637875
90075,33.836428973315826
41752,64.87134291190037
47438,39.57428871098648
92763,52.96339415389911
50419,60.88532248216487
69022,43.9741296983609
87712,33.49816947645448
44482,35.94280348189018
31648,72.32884039500058
8067,58.00961619589827
96258,46.341064395776215
56841,82.97716786298523
87833,62.679926449302805
52833,48.16105558753207
63387,79.75184836936019
21785,56.7610281815144
45619,63.60725181321927
83922,74.04922427148337
82492,60.57530835787051
17215,70.18152630793679
21305,56.63803497780246
22471,67.65498126096351
91536,31.506423460244704
82148,41.235821380136514
65355,38.478228681502614
32313,59.82283528346798
7748,64.01537391564442
92605,52.89136521130286
43735,59.29397647732467
5992,73.0082503644256
43015,76.29303396132504
100118,41.65364634731024
39757,63.14007058534191
20587,33.64971912205448
32100,28.77965289219251
4846,33.34404195620451
16066,63.088907727353316
92360,64.99250670680271
3265,47.387877656933796
59043,63.04538687905987
52952,66.17994213874147
76994,63.95120960192908
23504,54.96085590659278
74309,67.96115634506734
52262,36.1987211811119
62936,42.30847454522076
93955,63.1114866543918
47054,85.98385421949672
1163,62.015531742450385
2815,74.08704342917414
65368,67.17829747939072
85048,62.92524599434103
61220,63.297948741452075
4723,39.26218303024335
66275,79.98516047143096
26620,71.9970953815156
83379,67.8678060318999
19677,67.42237906125702
57094,52.493655910768496
41974,34.64669712133016
81734,77.1378047666516
82066,71.04428510301497
71633,37.12213696927344
19923,70.9221490753745
93792,27.27698324137468
76053,67.90785218121405
50242,34.157627317279776
61649,49.960446626568505
74697,74.44076839971856
57628,48.838658026029506
45336,55.49611077622518
82893,78.59032732478852
9266,46.982929383952545
42391,34.16748946470378
101189,61.7427904139346
24370,34.53132901813772
1083,61.901002866886
78373,67.99507644735198
61589,68.95404391944443
6050,32.529611683240596
33882,24.044971067565953
30058,68.00029946506339
82732,49.52084920406525
77596,34.52416229310444
82423,48.054864801434945
70674,67.52361618122116
5191,31.584874835460667
74561,68.90401452279161
84079,61.76955476548717
32922,72.07861316154435
33811,57.95365422016903
58838,29.332457091299897
28475,32.80540682739903
42281,62.29957155688737
45917,69.1694750658927
24242,43.96498215426759
92190,31.86688068314009
98420,60.46588112794212
28601,51.9744879261495
17811,74.29917230005009
43931,64.97136906326398
79685,60.409156890745216
82110,28.858871737328244
56151,57.90492658650123
46181,35.17272584019021
17130,80.06044498010911
58196,33.81909306411233
33716,44.82667446700781
10122,50.06532420205673
94813,62.85269676046592
71988,44.26003990099988
61101,46.36413993214374
101161,71.02419007338409
72705,38.58030532678222
11021,67.2597742401932
29218,62.98967197841603
17885,68.74052892111283
88677,65.957959930478
89408,57.03028801877605
50177,74.88549110836523
48587,74.59732119168649
20989,33.16182795231256
28745,91.02547645817009
33079,70.65313494659124
3214,62.95229813507043
44638,32.57609169142179
32846,66.96554032252843
54275,34.283741660856684
43865,66.6640340875731
56276,70.9926723718306
36746,20.088781418170115
7437,28.895266617119315
12007,34.19162951566207
61013,82.01683286200526
72446,78.03257789300756
9448,80.3970669707451
35360,52.766579074237065
54176,51.95932532790064
66232,42.88536598274802
96710,64.77883621159205
41749,55.052021853980584
78978,60.33525239325378
36062,35.85831488414771
18647,61.89188665098394
44526,72.9304060270675
59717,27.02373105999545
68034,32.047425300305726
82157,34.16545272667285
42067,33.74272764910639
78574,29.398131227777757
1019,70.97564688479915
92266,60.840825885111215
32365,49.8855190322095
77872,64.73005309233247
99029,52.744024548441104
57187,40.002676160780965
93214,40.746563040341044
18849,43.939243214062884
6593,86.11714208780373
8469,66.8983496677979
97745,33.89131206051375
67975,75.1657203662952
2121,69.0300246039865
95871,48.26769923450962
32621,46.84609217441994
23183,62.97373921351084
31859,74.0163650460616
13011,31.550722495250554
728,67.81684978077979
96743,61.50363739053621
16800,75.03194818331181
96837,21.40317926609393
74980,28.979358148770817
4889,33.841228385803774
79941,72.97354143786143
36670,50.07720189406935
44649,69.66351310301005
93660,59.95570731526709
39859,63.622123045395995
93236,67.87699082593159
38724,24.53764322701224
32409,27.85289806231897
45021,33.96940835635579
78817,69.6674922666507
76071,32.517013102353275
48607,96.7890461053085
50974,33.339370024181044
90894,59.97260820386427
97712,59.23367334617805
29466,63.448766738980225
21791,59.817614093635314
19510,41.2620105616283
24942,39.62265569471481
44102,32.08292047240102
30446,29.094256322695834
45029,70.64966352478231
1177,32.015406711866916
598,61.69008422646034
42226,63.01949366105201
56355,83.57295926432275
92717,40.48859015219988
86666,75.76203066722225
49291,58.074200940130304
99526,72.14991311387561
70904,52.78209074937055
28428,81.13665371374759
9973,72.06408829377958
92946,63.75670066743975
40514,61.00478619430234
72455,48.20552303313398
73114,28.530272701450645
36939,39.71297322549144
75904,31.802609458203797
10619,35.2689380762162
77465,46.08197753496515
95837,58.891389705629365
33740,65.81746273633264
24876,24.133136341759666
37928,48.95308146793895
4133,32.82523036279031
16847,68.66466396512757
11238,41.158777489113305
23405,40.13316883184555
79906,66.73736915634979
17531,32.144877415517364
84878,71.89289347350166
34100,77.97151588758973
90647,49.6726226767117
78673,63.70254200269986
45934,33.80717444845538
26146,26.11994534228815
67958,55.4399644489632
48168,42.410575614987934
4062,41.99277091568918
20684,74.85257557153251
80946,66.37599247883958
100572,64.86617977437453
95453,41.60164950413889
60647,44.09406640584686
7841,86.45300749082548
24024,32.229292857191595
100257,51.04858307287484
21960,75.97404289007206
101495,19.76515281084023
17038,46.318123920640964
102499,47.926179198018076
10284,65.73996168479064
22871,62.12609803008985
47443,69.96173733626503
29529,39.75076552486153
34137,69.0519783388664
67983,31.90117147320941
27023,69.21055930805407
5439,43.33350527475492
87782,55.78884143128964
43360,42.54093646402292
3338,69.76456851123073
40801,43.10002966055516
560,54.390356073123364
17978,72.14549964427573
32036,75.96178166688563
34511,31.702407944101918
93858,42.90038696000859
80921,69.94280265471092
15899,75.00408680791513
9996,75.98318748159619
1686,32.034700583031956
16296,69.99784623568378
79554,48.86618693355494
57215,41.442759822865
51193,34.884054962186276
97115,68.8087268679478
51496,68.8619430559317
30757,65.84251608988609
89122,74.90925050543993
44582,56.06113364652262
85703,33.622843968864025
82738,40.4264900108882
6171,63.52670569510602
91785,59.140758543127546
101179,75.10473058183453
29997,67.11357625630083
40880,31.25656254695894
5320,81.06138614878117
51963,63.084387891438126
14280,34.09148177282374
57678,29.849104231706047
41505,68.07286805239299
25278,34.5567273927944
90665,33.77897898820759
58377,32.05324003360823
63306,70.95403108171158
36114,65.76812977345924
26958,83.82866363905839
29611,69.72883542234673
87216,33.98432903552696
65182,71.9425991089393
27297,59.019293919499496
49172,75.01288408087211
43630,73.87161565945232
3139,75.11840304529218
22565,50.1456837403414
35431,67.87637275291095
46150,76.91142065813347
12630,77.2726752197222
62504,51.93142757169019
45662,43.567554307304974
59600,67.79538373838791
14950,38.547390106392186
50488,74.4206887038541
92212,75.73279225260336
76240,61.31090318795413
4878,33.86444133613239
54872,74.07576781182901
55069,39.54860326583474
38988,42.42448322599718
32775,40.20544094961685
53694,60.929021297257535
81714,53.76361044183537
39101,31.68419637282562
24048,29.29293623726191
26651,53.86056285530399
98076,38.36581365942769
101803,76.16978187721685
5764,54.12915448792878
62277,57.55158923289644
86462,59.39925976899259
29508,63.24890967557597
3402,39.51983264635768
1463,67.81901112376494
14405,65.61334702420876
92003,74.87072174171433
42627,16.54962335724659
62643,33.67523027213036
67145,41.71534843489607
170,79.01029559953133
55767,56.20473577805687
20403,40.04314735110775
41420,11.935602707808876
94759,62.14211555308
60762,76.9323880595318
23587,38.932236520409475
93228,39.9281668149256
66086,78.58219871861743
25166,51.920051720808644
68770,62.581997604325515
33568,37.99631902849941
64072,45.94875543234028
17082,74.64393695754313
63040,33.99220474668354
22107,46.86178851417125
84556,41.074368176412115
12447,68.10525392610384
77243,73.34552108663061
40805,56.65368951400642
95868,75.01099485366535
10256,69.01845326711069
3492,33.574988668417085
60548,52.84908891817629
97969,63.94078231131408
6102,27.890902084450218
29573,69.21999979438695
22238,38.12973867202614
2332,74.02875355364543
17767,40.75596740396599
12808,41.892291138368954
66739,65.7677066182377
73348,61.81382901485442
50844,52.92883641776547
28238,30.559661137787007
74582,33.09852527936563
102057,47.305094341373604
70308,34.316320282552226
68239,29.0859573753337
72100,79.92743699002776
69701,62.33373421542406
28911,45.10448187844041
60920,57.84892053270852
42003,75.9561619601413
16229,53.921768438679486
39204,63.828727589815564
43617,71.5011028567576
53126,56.81005676862807
88600,64.40307950214994
57539,48.91651668710364
16751,65.89637075221412
13156,69.63470202818564
82552,81.07830483667783
78747,40.74678300127156
27664,38.56021226196852
59216,76.56920726249692
24840,56.85571327244388
32460,66.00744515210422
53004,68.26640264228911
41563,32.05754682191425
91518,73.0074318224497
3878,66.89167527957346
92582,38.7620960543784
26031,46.842733997886775
102162,67.90280982755743
54618,69.48653651425485
82077,80.99105473662871
76625,69.67796202681468
100327,76.02581492204537
32198,59.09056759860749
93247,38.59021514642632
50044,28.161153043950204
100337,41.91564310755693
81307,30.884005292621364
54630,32.01180467773994
90671,75.17723308559826
100120,40.99111861477431
16901,59.97346800737881
61095,31.8263935642743
69654,68.12894803905426
18162,49.93990559295491
94546,69.35073384112846
94689,65.99579120265916
4452,79.08305027448324
74860,85.90327896956222
93309,38.02205429641037
15085,65.16144867402812
25446,36.88823164094161
53148,36.10639601009607
89762,40.69555934250925
33202,70.22615206005642
101695,40.21358811972452
86407,66.81503660022776
53293,64.97651255513365
22911,62.06561670912808
90261,38.62494064530833
75270,38.68360683159405
94204,40.91837856240902
8638,47.07908856183266
41384,43.05948671517305
16500,71.78067378599924
24543,53.88898608763272
81602,53.95369231928283
91,66.77446177006925
90327,59.60853821417828
62814,39.935711971502016
48398,82.02606628271694
32332,33.07171440621654
25873,51.05989579138195
99469,56.97262578413097
86733,58.95565272017307
95988,24.206852142595928
63363,39.06242426546801
55339,53.88058256209783
83554,82.01349824133116
6744,52.03831987845771
97217,76.35679363891484
12509,40.98057305394286
40670,32.19052999122368
65317,68.08924250091597
45280,34.841058035410434
29089,74.75621980485332
3400,51.60516713309939
68545,28.46089203479843
99062,67.70760403006466
31573,69.01107445807115
22016,71.14837219381945
42743,63.49102592529934
62520,55.169963460922645
96966,46.7967434405813
26180,70.04986924552409
93763,46.75506771029811
86899,28.725890984854395
66958,30.826321937090146
24609,32.52105811797194
55035,32.255893786966936
100471,27.16565875484777
10071,70.99219365726663
80117,68.97962592923454
89197,32.80526564173014
88,42.34229398555918
50637,38.93972516494279
49102,55.11425243947328
51146,24.95738842064926
13713,78.23106479305594
97463,35.789204237586404
21144,57.508089473041395
1713,58.70436029602187
19766,76.20915899096235
40369,68.02772309999003
42578,50.2277225703822
8700,43.469851587080555
45054,70.69414393829317
45299,48.009737547805756
101513,32.84199033971544
73979,33.9199061413145
63506,42.16617103858767
90642,56.06870270138313
1126,33.936525458545695
9556,32.69532555424514
28692,70.27367018705405
77639,79.922357411822
11937,47.99985935735836
3456,75.03459208060876
97759,33.46097267613044
38686,29.85149278017731
83149,63.48480465375718
24023,76.97365819411095
67859,30.717651119486625
63741,64.7625670479666
23127,67.68148567515962
36805,75.09162971119343
73694,68.12505572784613
93906,81.99398847741517
82400,72.84635525447547
95211,59.32546002463425
55275,71.99604756258043
33422,85.47641876259601
33649,63.24638875203714
102209,65.91666003557225
57342,47.660261978719724
22545,68.90321548737643
32279,69.69378886840744
4094,34.04614109097348
84544,54.02135501333362
40841,56.1034366787485
28201,65.94246250231467
91435,74.98158575872066
33143,29.098654565166715
80631,41.52928640057017
18405,74.91823250112057
41118,68.87008224281062
96244,41.9151190134155
49391,78.13121023110912
47153,45.999009861140024
39971,31.719732966325026
27966,31.44366625299031
4397,69.05853715605721
17449,59.91875546037943
2252,73.15391439533377
59148,25.910969397833192
99038,41.789113231875945
12767,41.95808685238235
87955,33.31536158057994
2735,44.678934239691614
54718,42.87233078629282
41961,73.71091223036689
11403,73.10628157543476
95615,40.07852469980113
92255,56.91038158552616
99161,32.7585094217038
65682,33.76214303200262
50532,41.907781759995515
73210,70.83412030358306
82873,25.687068669008436
9167,47.9120691144053
97693,58.50636713411154
68772,46.35504632722896
81594,69.76252983817474
74215,15.949478865902307
33964,80.71067340240434
7027,86.09242815763417
21995,63.597413604298595
55803,57.96638249263103
96938,83.51432857204429
22824,34.12418400031145
92197,37.81361720887831
18808,41.0623767654069
102159,75.04412715232215
15411,40.58677949629817
46031,61.467224824278375
31965,40.18074774411221
80685,36.635006078978115
78796,63.125072603128125
70262,56.52822316790694
76832,33.93575947617779
4849,67.26927219819471
90831,85.12063300166284
19576,16.353721922741062
6073,59.09429265334582
28086,42.5937311253704
89495,48.64496651938924
31040,66.99251889738821
95064,74.55385090442009
85704,39.55151945644317
67079,48.78488521299975
47888,35.40839821167908
90382,27.43766434758236
46711,71.71144265821908
9113,72.95221807856561
22874,56.38707912411731
32434,33.73817286354327
92927,35.018658031987016
66361,69.9718128747993
71998,44.34303644080009
50066,32.15700986009194
34691,71.11943790541463
21596,63.00218621114342
86294,70.87858237720266
16880,49.29789745192704
27021,42.06831652334313
67486,67.41072324078547
70853,52.949597123102016
78579,34.83916329489702
35769,54.431009752872654
41730,59.39607357984295
39362,48.82388874661578
48450,41.07220353347036
59931,31.148789236191583
58516,22.952258036558277
81820,81.98617154541793
61088,27.60229249942997
99918,29.78943136995622
39767,68.93191233271676
79611,74.95274292698875
23980,43.3201616310491
70551,31.95519389117316
72083,21.955923398394532
50977,68.55344354741504
52535,31.970723500070086
39092,47.78853708863985
72465,67.17429673828663
40826,25.50946520398793
30736,68.11563553330622
44433,80.12023379842398
71872,77.96455061680001
80039,73.9502385020397
59765,78.26147801922986
76804,48.2148393915497
46459,83.981606680467
49121,29.488752255190114
66917,53.90894415601619
22646,37.76651098676379
64170,67.6270246134501
59078,30.95929331980665
44029,70.41813966749419
34366,55.99465466276196
5954,50.15454453680811
44812,32.00197697079983
66646,53.020393449944564
44523,57.41403808996873
2650,79.03829624681015
77060,38.855562411270014
31151,85.54875002444149
40797,31.69648054015678
61122,65.13866588050576
80533,57.03611124944674
10738,67.76249545681188
31208,65.01639382977638
90245,81.38905811809465
78197,34.58859544126289
78602,41.36802283639928
22566,66.62078255663658
63531,49.939366402982685
87493,32.902308263412095
70206,35.87162577441412
85361,68.51326152240395
1506,76.09717690384167
70475,75.06583139482481
49877,97.94905489345288
99180,33.96059262906568
26963,46.973539774946914
99889,50.12681384263504
102293,43.85272211241208
22642,26.36218413596208
25352,33.07617595559651
35037,66.78854935415845
59660,45.5134800157709
56248,57.50481903871581
20008,60.87171804169195
92303,36.265806148601364
5739,79.84435145184403
93884,40.93285976195935
5187,60.39244782338902
89517,30.823233898833667
79586,72.01377249834303
12121,47.76820700758826
60140,33.56092112421043
40200,40.87064559821351
89549,38.32943423038448
48906,66.85150480392521
16779,69.73934436118955
86111,34.11920567163246
47078,32.611284288401166
40111,39.57950298998206
77801,60.83100592818079
47408,46.94111786435389
17957,67.0046413105407
55870,35.43287435457247
28396,42.286103352258294
31397,39.523662790171265
57337,30.86774785575278
83464,44.149445973092156
72726,64.26560775907404
96657,80.22375629541315
76008,27.018298382508355
30140,34.88625221507825
33092,43.30310546333589
37843,63.06239010663775
66605,59.74937698506332
94895,67.93714214776139
25460,78.95174062493246
16059,83.93498135676606
6545,71.10954955014553
19114,67.8861496547951
67831,31.341969111258386
7116,28.672341228383303
32719,41.75097240981802
54314,71.56303176951491
14959,32.84515441426373
100582,73.12916065430502
66129,54.79362364951751
49736,46.07518834629835
2971,47.22617975903236
47249,29.018353992837206
99617,70.86026227527482
101060,78.89104368155748
24995,74.02054551488163
47833,53.508942942338024
37647,75.05081906692779
52980,40.43119948915429
94457,52.768031921071646
26726,66.86264196958226
52169,56.152253983571214
24178,54.13045838458376
33601,75.11266881349533
5278,26.086671829794078
10713,45.12728566359528
8211,73.80789982816061
19254,40.54472746206227
93656,63.59532198179981
1354,74.57830228489306
79963,43.30899295841022
95592,32.40880630806026
34308,75.92224095971412
16913,71.44392749723909
13342,41.05882752064289
66747,65.1237366521528
87738,51.7302582245989
75749,62.95695470449775
102036,70.03189608488015
49827,55.88038323645382
12564,65.12472999503774
26348,78.73992195241351
86302,37.269080866691
97856,38.798023701599234
72728,36.87007040459947
3087,81.53372587416186
42873,66.91710495225857
24776,70.75322839781303
75571,67.12570397596897
41286,34.34349448596465
37369,39.53860681554962
22868,46.454701680474415
89697,71.19017671295691
34924,55.16576663710195
13984,78.02316993786837
69680,55.86376117993529
42071,55.262941694233206
5177,69.02215612864435
50669,42.58524936777309
58945,89.05521808377475
50557,32.395635415374215
68007,33.446021939594054
13258,92.68928540692781
75384,58.94419132991318
83051,91.99007036908685
62572,42.107925643636676
76335,77.85177408175896
16911,51.749510524088606
33821,64.20493094392947
50767,46.10135048003537
11963,71.90968237782141
37266,42.339142478002046
4451,26.225990299333
47629,66.94733694429942
29538,53.68051314090357
5762,74.43621828961415
52795,60.058359063728716
39006,62.28754623750252
53432,75.86904543350929
37573,28.62646943861438
12868,75.05105001447649
31228,71.13344649249751
30039,80.97199747272072
30447,79.64714589244369
50440,55.000691831974805
54249,70.78369849750965
33190,34.78852646232868
12097,79.60351660094281
47863,54.69338402327233
6749,30.26131386147142
9852,47.11627222154975
17992,48.13525130948562
84335,79.08966583295486
64503,8.085341870723994
75790,67.72777893341333
295,41.54268825970286
8320,80.034678694255
89605,71.21291598064147
100116,68.081856414372
66119,63.18538262052779
33185,84.44450744115204
55946,39.54395429298829
5300,42.342714792292725
21421,34.90630589368249
7205,68.25507711760079
99309,74.08824303665853
79046,12.521078041409542
54518,44.95891514293806
12614,54.73254934546203
60122,78.03481746782055
54967,80.39469165755673
96560,50.00427688898683
49251,68.02737663798783
76923,77.35227328159354
102353,82.42833777265014
27056,33.16130711937769
8794,16.07153785933001
70985,32.912392324056704
13215,72.07619850959694
88958,47.14104230686486
61469,67.3951799726317
25341,74.77601343052417
21091,66.81285083979122
83573,96.39560136869113
58168,47.68919566765222
55865,64.0863397348627
95498,70.00487967343956
93255,32.97747192567562
45998,31.800746720594617
79031,74.40192470447249
32544,41.5213626170777
57976,33.65567578116118
40781,68.46039091309706
1202,69.74271533325347
98154,67.85069979256096
9918,28.944426877278694
45211,72.32501566202382
62287,38.21581092097375
58445,63.38264295772635
49992,75.94660917134988
25947,70.63471881656022
79787,67.62480734792321
28542,68.95404391944443
102497,32.69988057544623
6830,41.53249132408749
65807,34.14579462869448
27765,70.01593734447572
59448,65.20326962369542
8236,35.062144327205296
20649,72.32636670673332
44229,39.59641520419938
71198,39.96242753355722
13268,61.836276552601376
58178,49.57548793346035
16376,35.309177252429876
79579,40.0694754580712
82906,36.95322850507815
9833,55.95861894719536
74772,76.09977025392674
46112,70.04863137275515
21817,66.14729563634936
51762,33.22732406775445
6564,78.99350230965987
23190,69.98819243792028
32330,83.59948374006592
10660,57.914682620753865
27929,47.1912614267608
53950,72.96583282153927
53983,49.52553415405424
72353,66.87574275196891
12598,68.06796052798526
59875,21.73492384519878
25971,37.03248046402024
82195,70.57620651039929
87264,51.23195320349091
1473,30.73859892257318
24837,67.97596399572922
59842,78.00917650433578
61432,32.27756506539
34665,65.8024723326078
50642,80.17205605533479
53279,33.25212442061605
59662,64.14268433242569
63438,65.35744420229639
97579,71.95376533008806
20664,23.76763003372294
45598,47.37503084975213
81529,37.99343290198018
23873,55.96882417717764
28721,41.75396546431584
41465,67.58978517165704
16295,45.8784501621534
38314,53.08266103464655
38612,32.742079479324545
66928,42.25390025443347
86190,48.43476024458066
78917,76.76100721686669
10670,65.16862748656044
70532,43.58323957404727
18532,35.08935014062286
82795,79.21812534823655
97082,40.37016680316467
102677,40.65068711517381
60694,73.74638485613755
60961,68.99034127277923
33515,68.96074677035855
87823,64.97325846665524
56561,77.06451524252736
89173,68.01474491828725
96359,73.92859949951975
8006,78.08752460318433
56041,59.71965111245938
65379,71.93964778999197
24574,27.500764761905344
2068,71.98005493835154
65514,35.249702521334754
53434,50.23718160508538
8849,63.667495105074664
5144,73.96734200519728
39531,30.17978459887476
27067,33.990677183065934
101325,74.14315490452243
23817,9.577656021228655
74924,54.471360721204576
15003,70.00776893764171
60181,44.9381523040866
21240,41.51268345243821
86846,32.07927394149393
34430,29.089940793120466
94627,22.12312603444181
63204,65.02338758847294
43725,69.5027982441421
63461,69.91098761382324
31117,64.50192641600063
30617,40.653985514763626
60423,61.94466334161548
35877,55.34768829117273
93350,80.43616208168174
83322,60.55605551239948
38322,69.98085849515101
32645,53.94477816468058
27175,79.04494057494097
73134,36.747543900576915
91429,68.80753548162429
4125,69.77651437401724
100716,71.1311235424226
97120,45.20420108765431
53514,80.99930535291452
20047,81.0117602591261
78874,42.45161667868081
46318,62.544483226093874
51219,39.81665232896412
61236,85.60570950574416
30232,58.95585113720841
29490,61.66281604792684
34453,71.27195049738157
29504,34.231326375240286
15990,57.8093308444937
42795,52.0936718797567
62343,76.58649265017144
39547,67.93871192939226
77097,76.78240046338095
15740,68.89619111472771
30215,43.43146461929078
42294,80.98231781941838
77013,34.535470830061456
5659,21.920610242591785
84456,77.07143363348465
35366,68.71917727634133
474,59.00648753578324
777,34.108889654384335
21389,30.901631053818626
33994,33.79139960671493
43694,58.962166030867344
14044,75.5691651213802
25512,72.06598597773274
31118,70.00829724316202
25159,73.91162466808424
58692,41.551940493411095
97696,79.79448528808602
83989,34.15940210495051
34731,75.04194704383046
42066,80.69799566596188
42338,44.931997163408155
11424,34.095592750771196
91783,63.2789908903834
34190,31.119382796319478
88631,64.27346906882792
65779,74.1368943753049
48252,43.33532976347439
64971,28.865348946010762
92313,37.480101853408726
98687,76.48189690966855
78728,73.26608568409186
33014,25.292323680797917
7362,66.15110547318469
54,59.866915571674184
8324,70.73043918604245
26196,28.088120587683413
4690,75.5298323502086
47076,69.9886611154368
34263,34.88983677762978
10812,58.93587849614423
8618,80.95886823490994
28292,75.0718525567824
49895,40.08631585407292
29598,64.0462596958005
19383,82.04097041433147
101697,34.55031770272319
55311,59.85077255697768
95829,68.82943976406781
71890,49.12305365416355
30196,52.83888259339007
47339,76.98252361603629
102059,69.85978785025003
6497,62.9470233273725
44734,49.35634661664019
24746,27.53322135673539
45328,57.00992030241981
66215,80.26387807847138
92679,72.03754819820236
21764,99.91692327583525
45355,72.9135287117789
54340,69.52749408185056
40416,54.1567843394894
4132,60.71875545034516
27818,47.25987181834985
71643,38.39655644646926
45760,39.82998802339603
22644,56.97584023829289
51914,41.16875919590731
79045,66.04684107964727
77121,47.97413782025376
85374,41.56240256501936
67236,44.547228347720846
67870,38.144682206094075
47219,77.84194434470034
32898,43.927794680293836
33546,66.10174928758815
71986,30.69776509398584
101200,58.10342673552498
29793,33.881349582908385
80881,59.9894544892641
62648,33.540473555224146
75839,29.123113879362005
77967,49.96729922175399
51765,76.79359214296295
28918,53.99304110269003
56281,62.97967097446148
82736,76.13716605099202
54344,33.860269461388604
58338,69.2246179212012
8237,46.6976058147809
80540,61.06876351159937
93283,45.299379549796
61591,40.71182024216714
78225,66.44511706864226
30725,41.844781476280815
64081,73.88468113332314
83225,95.51524670281187
30553,74.08554207755176
69555,66.96541646391529
73468,37.02247520859047
43498,66.90486668438999
40327,32.89114598147628
18643,41.068556842823696
5440,43.0890765570932
14547,56.98067035743153
8605,61.83483770247611
51310,42.7477338088238
59307,31.948184484028925
97299,50.909284140222184
93265,40.785226628187225
11844,42.03203103482066
41473,36.6604007926482
56116,30.563382692827435
467,71.9293411109511
58648,51.24882675181972
2609,30.9282381803778
68356,67.9251673314195
22315,20.921996897077577
31125,50.85452167219454
91410,42.282814975863474
57017,44.00280915450071
53511,34.083566261678556
49496,79.79125087016206
62601,34.85234248529114
56465,24.973789086001503
26295,21.27338944940214
98829,72.95821722307444
23064,39.77650140395139
1594,76.38903328580798
25306,39.18320355172802
35936,39.945313068005255
19917,44.0944955347742
54891,45.023984222184254
89602,40.20811169296282
92912,29.076531026985005
70850,60.74479179278215
64187,55.10266440571357
8808,55.08475944467391
64865,34.17688153446258
80085,69.32461018615618
58837,35.82374526579022
71026,54.871737179619444
12558,39.84335967648931
7637,33.670689271567035
9623,63.934349287237936
102430,83.15390903609236
93517,55.146212273647734
38646,40.93546058595781
64311,39.56643122713861
43767,45.030180359208416
6061,62.114386837867116
71178,67.99611078210054
22311,43.203141499177875
40428,65.73212560295514
84337,51.97898625681931
92394,32.10844608455008
92421,70.04776177418609
6142,46.91100161789205
16567,74.57189370754483
77606,77.81645822701564
74170,74.1002956381617
12165,68.84538193504615
46705,19.933356680094697
53108,48.94415286777986
102455,81.74939507266572
22401,41.298110196521186
25345,32.11447676397297
18608,63.106253053617955
25441,32.9582957969065
22000,66.92251954534584
6647,63.471990942110935
9460,79.87757732801919
29947,42.14791915643918
27982,38.55806569916216
4478,30.769197701360817
40785,70.37402222605306
24267,30.91391869473611
81934,67.15968677700039
11396,86.16628032206268
5855,63.416295387897335
33214,64.00358837451466
18093,69.5627502766261
51984,37.95221247762157
51124,24.1336868913066
38355,47.20026277562762
50480,55.765504031535315
95627,55.84498211452882
3311,42.415006592326144
48586,64.17437931835678
74079,52.37142622847935
50855,41.56082264000346
93101,68.29572342119886
12560,82.77440882365775
78301,70.55718522335232
29050,67.20672189301058
51202,77.06312763257321
49865,50.05291807651803
57295,73.11116029540608
71775,40.5436437303053
65419,99.95286489343545
7985,67.05387772069956
59395,30.20736892055073
1043,32.0914861294398
100411,69.25944622497666
80231,78.0496474433428
4821,64.19156875400279
68988,32.54416186386812
20164,69.4437021866814
93393,61.039786509274165
69889,64.19460362193632
10941,31.490769296270635
44343,75.9998098358952
61857,70.91610143420225
48079,64.0497098562041
72797,35.09369439633584
83113,82.37363124358959
23903,60.964792573090804
89816,71.02139171817088
14059,65.76998255048606
27151,55.22776315565359
74758,62.306302343159146
69411,20.716572399766584
35316,40.07778887835171
37208,33.10815734163598
68039,68.94502534305829
60832,34.17763532442802
20210,41.94157207307886
77568,62.9588395026139
96823,37.73715311645313
89061,71.00133027670137
49909,53.019345083623136
17184,76.0893137044162
28023,71.86728037475174
45426,74.16003154260719
34490,58.167422929600605
21516,42.132522533985735
77512,57.752788410540134
32428,54.08780242468565
21043,71.04804810130321
34634,73.92146876791278
41876,41.115679075063476
49929,63.94615161886628
28802,77.41126588984156
29990,45.95664395561893
19885,50.80736121771443
97221,70.78216296327918
92903,78.03690932497432
31091,23.890997101185874
49032,41.44880567772904
41745,33.01325509749044
98549,73.80631134594773
13532,74.4357086234011
60982,77.64517921757577
82424,64.21181651405598
28922,38.11439550542395
20431,78.29191423205114
89787,56.07487261812559
102503,73.23587085420466
96002,67.21550969184975
88460,46.04839938458457
11217,41.7914392308536
2824,67.97249794967763
18552,67.76512262671028
96303,32.60845602116285
76203,40.321146615036604
4572,48.72096153738261
94247,21.924621944631948
61903,66.19679069744299
76328,32.21563157246647
17669,35.07402452724254
38784,73.09263689196314
99087,64.0083401894803
86973,32.565267777429476
94141,41.910342658641355
82005,50.81156571408614
79513,39.90426692742978
50154,58.66934251396232
82367,69.87623016155297
50234,45.132178803971605
75451,66.44785817409041
39228,63.240821820580464
48459,37.96219316226501
10642,57.006439035056346
85883,34.4566928613568
78096,66.06579118101317
89438,42.17763855323767
60471,20.41689765659846
51150,39.65410917802161
88563,73.10855717575899
15396,71.17833572904375
26676,80.42328190922575
85601,69.50532810135705
89704,80.03774197540675
31270,44.74073438081184
22618,39.96946127340443
96200,45.02804868363507
91456,72.6558202400004
102539,39.23584112449619
38274,32.01125573531562
58469,76.34706167294974
87543,33.01745922755807
56487,82.01780494407933
80392,67.9783400727575
54492,62.218526285359104
41764,33.43493661049477
93904,67.62968282860817
31145,73.00961066420277
81919,71.06578826901873
52775,63.61702183408573
14588,51.9507893858062
77360,47.01095389988888
36076,67.54400016210874
40296,44.8224647764974
67735,59.42921012068981
51794,43.65406177293588
2855,65.5562860851182
76898,42.35486309404555
99815,68.95046862062544
26479,42.818217914380085
59,70.84879469988175
29045,68.90151824371333
64267,63.846023891471575
1699,38.50267216700688
10264,58.078660906409354
39856,34.8654006953349
99069,57.14980424231503
52284,57.05981149056781
97804,61.66388536109078
21725,31.10622026577164
93649,63.91923863061896
26552,37.00209294370285
28723,73.6660887778655
97571,49.261655889407436
80873,67.04646954416275
94624,32.29873470508165
17547,61.25910482897201
90684,49.38513561107082
56683,34.792400040542326
60600,31.235029313317003
34494,80.67078649367485
31181,33.592696282836044
17382,8.850059433990669
52080,66.71190229237021
57154,46.54898671233583
76135,84.00438714251845
65230,74.70888488077443
14201,57.87379176779348
82047,48.01954184948379
62043,75.91272308217256
7073,32.73473296954073
21086,71.86565159932283
95289,41.91285209699927
31774,37.48150422600598
44309,61.61586522387306
48743,74.81366087800492
47463,65.01325446290542
98303,33.77113126577365
8345,42.06991097791865
33886,33.11079617926172
63130,62.05581513455104
102592,38.524676354335675
72093,39.435876789078286
73562,46.945431913135565
9602,33.65920871612414
28788,34.11590861777982
93932,62.649026396319385
98482,84.84306081952258
97114,33.07611167776578
91660,72.07401426691892
86449,77.36716084537125
54361,43.758788909136626
44673,40.96601407100606
18296,73.46501073845596
56987,60.497416345327586
84669,32.026185233723524
71040,33.17991316686907
87381,41.70574145622155
85808,32.36341625065189
6269,34.46367700748978
58671,25.171481495762144
37436,36.57884020794112
13046,42.97802888380332
7583,74.1373203822784
49186,32.80912155548063
85010,41.698141262269054
98783,42.52811395632695
92748,59.20619660795099
6768,56.93222121487756
56146,29.830927829937618
98034,40.82748901068484
47700,66.72156452281214
10432,38.55603369333046
28047,66.89696802102651
96563,69.30748929607833
101402,74.67318542678564
55315,32.55840451007188
26249,74.48010098483101
17851,40.19828492195927
80907,33.405374773376266
41507,46.05603228147235
101960,68.70842077943277
11882,43.10403073623766
87013,48.55330531101612
23460,54.090189418708086
31071,29.571705578225515
96847,33.08254540363571
54790,59.90027820936479
73759,32.83025100553634
1589,76.74422662785861
22888,85.33030202616075
12225,38.65650801350304
78381,27.948212412136648
85788,33.419422776065154
74274,67.12559979723686
12392,66.99497359446505
39728,68.98062735386732
59090,64.27697384545091
88089,36.05917385627223
8899,35.04108741017987
25725,35.21811298134059
29216,39.466095288635486
5638,34.36663814038535
34476,82.24230001343304
87937,61.77389492825004
11450,73.38611866547912
16718,56.71999579361574
77158,69.90494541532982
49923,28.90571776408119
89299,32.92909888887813
63327,65.04049239610902
46555,40.69932279053691
24253,57.52402059731235
14032,33.777464458280846
84455,41.63587731283005
16961,64.07405936089589
37363,75.10435101729811
10224,32.77423321130082
8994,31.665036411275587
75871,16.135377960203286
1486,52.7357984794852
34986,63.165357140724275
96253,71.75473338708649
23832,64.10400264638805
70611,68.02844666080749
87292,80.0001472963383
13093,62.300925780794195
61068,40.525417933353104
83873,74.84166319722993
3762,41.635121394909305
41807,54.01018246560774
51632,36.12693256741619
61944,96.48878820372212
9257,74.29234691996788
85717,30.60105487806129
87019,48.388634236838584
85880,58.992471847155805
93415,55.062106169289024
20238,30.477174467544085
75782,40.991037317190106
5231,66.80894923039692
29108,60.89859620563256
85438,63.96779171205374
36027,33.41197861485871
44096,75.11374335969893
74183,26.25200286613333
36722,43.08299278211277
599,35.602944533195135
35538,50.22693623859793
82679,73.98048094886457
25863,59.74535091807475
38377,40.90523238400078
73699,25.668834912205178
20994,58.962158845192235
6823,65.07366693218707
9862,43.07167036130586
42099,79.10784101270626
77768,49.464836817855556
57467,32.63190026310128
21377,72.77131515027531
82706,82.25173290410592
8867,43.289214949427375
88708,37.94528444127781
3994,33.89684629070782
58880,39.92497911287971
40812,68.79122479708536
42817,10.93149001210066
87345,71.91870182179355
51587,38.58960109889713
10966,31.59795138444996
73867,74.41939693196286
46581,83.87879747661191
61246,68.11293049405467
19999,37.78123443089975
26048,73.00168438772133
70726,56.79386931131568
36973,66.07421087971005
1672,36.924061546177825
83994,51.255387832914934
62174,47.54681486787453
24154,67.85726461647788
99876,57.28845740620905
92510,32.33219430034087
77261,74.09474044397591
98590,57.065722863269116
76185,68.25367369885149
90326,60.75060320462215
43255,69.00379025913628
39347,73.54662617605922
68178,52.044380910978674
91484,66.82612446189967
9018,70.77530884754594
59314,39.55877154672597
68202,61.923532517774376
70163,32.10802687238406
12631,62.68496384772551
17800,31.51248798194576
97569,30.74501275778338
2102,67.35599684361026
77818,41.181538658169565
99129,41.99094449458431
22550,64.7229546322034
97162,63.820188732914545
20609,67.90569836402975
98525,39.66804745063879
99594,43.202909144087755
53691,33.083742187859855
14556,58.13688729789606
82665,67.93231818710848
51029,34.61562479313744
22299,36.68587738659353
41751,48.864973983740214
14542,61.92789903360054
69446,52.69668795677187
4585,41.21104789530232
57665,41.730000181057484
67189,67.6667698235483
10627,32.506594757687076
11233,34.825202871428274
79650,41.003015364093095
91770,78.1618894885672
65030,65.95869798553375
83343,35.7713204447956
57560,16.71251356472945
51082,50.684397388358505
32084,24.390978571426757
78449,23.018679635138966
37554,26.75084688187561
87753,60.95946925916642
96288,73.8722750148445
10730,34.83364843953605
101240,66.47471520153815
25814,61.37965438940948
29830,40.62648450888895
60264,34.0915626715687
66003,69.21103681625272
978,68.9296671410591
23126,79.87130858019515
51028,67.8460775907489
41209,84.12667856052099
29349,26.643836513306095
2058,58.350493550760945
34266,61.21625166076019
74557,47.38534295733634
75528,67.85491887156904
48763,74.95694686309042
2050,42.16540068374783
90537,69.73625280653867
52859,42.97437429473332
75983,86.06655258133807
75390,35.78567280356057
86125,40.94724114278419
9742,72.13548069966834
67528,33.77226490995876
37955,70.43420186704441
22587,30.983789203342532
43884,65.64915899164248
19940,56.24087041960934
91407,64.1161076091291
84478,31.74641779146185
45473,40.65520521576989
62903,58.99383499124996
59989,86.00665749834482
7135,33.41626082843001
55886,40.02321745770737
2222,58.97350629531419
3330,61.18763233843573
10898,64.6061511993349
22577,43.55605692949678
18365,41.6540956734803
75971,26.08877889483446
8879,33.1582687362491
93612,45.14419467502641
69423,67.76243571467845
42655,85.02896927327474
44333,58.74479014159925
99852,64.01302612749635
89843,85.79967315566421
28705,35.2853237909119
84184,77.08823184790901
8129,33.66770350180439
74379,67.05014189667321
62569,28.59687131948643
37193,35.2327984351393
73220,73.08330879511956
68491,79.05850597306974
42638,17.830998826228296
99795,61.62752795082616
85607,58.23281328267851
63856,69.96650399342532
16732,23.85353349457588
14324,51.10698263392527
74030,29.911961066109185
72194,35.90975468650533
69194,74.81226179506294
68573,55.92830959337471
90302,59.025625439721935
32221,72.92658521181792
12297,73.86688274239518
35720,39.08801776548614
61999,41.17711516028319
750,30.630726957612985
45978,72.82311795769444
77397,68.28303115766522
28471,23.70042502193518
64542,61.94080824173814
62487,69.7920496815245
48276,60.48524721035679
14306,30.813318601366895
76457,41.59737523385599
50997,49.54358526258831
90844,71.40107782932007
2316,53.807068895539636
3563,72.1277216150221
90877,51.49178108524997
97538,77.87070286063928
45361,64.65836945570737
15753,25.33444500261318
44331,69.12350563214228
97528,47.58896362377738
50934,80.50351918096291
78716,44.80891285939907
7677,60.05999823379823
31988,67.1049458919029
24785,71.0603367102108
63539,32.00219778881623
75089,40.0398873769808
34201,78.07761123835806
12671,68.04735628576653
20997,34.53456025992814
31787,72.6617595965194
79681,71.95798122198148
34547,62.021662739296424
70818,34.054258391098465
31571,74.98927103181533
8355,84.16681813856599
34015,78.99496960730741
16009,56.06994375908191
74779,61.242602436250266
328,32.44502418657096
62797,75.11302082446173
41838,31.298049863386044
12903,75.6933128402928
78487,79.43141582948925
25942,67.94687540667647
83168,35.58801932365234
61273,73.9579053092991
61922,64.70411862873871
29148,47.086512991891624
25732,54.52364147777034
4131,39.80749244300848
63803,26.724085015958842
39065,39.25160240401367
19724,60.839494377035905
82103,34.5159019487833
93891,79.94898641402054
97277,75.86379136124481
6536,30.20137881940541
67042,73.71835593915134
24967,35.00115096471908
50986,36.17291591133351
22616,65.55985338474056
61000,33.8228843234586
85006,86.55886204593432
34525,28.82852058746825
22340,30.511613892737365
90243,45.10748511129913
91067,56.91680928520833
15998,73.29273358495406
99216,37.01550494789545
81212,38.7526503384607
40053,41.0651525594719
10722,69.27326812931426
37745,40.430330294835244
80692,48.36432048714237
95319,71.89898550049102
29779,32.885633025625296
76108,34.80426600051064
29906,59.4620799836629
71673,61.22030712784422
56586,66.17993264152736
39802,38.66732481950649
99607,35.17610088701794
61179,32.10265085558144
90760,73.25449606554776
87208,9.52957957547784
6380,87.43935120596853
17466,56.31710815099137
86588,69.21805724077015
59408,48.84161611693117
6272,41.16150861698836
61925,62.90411021996647
73027,73.75222598142523
6427,60.24858186804351
56783,70.25324110401982
64716,33.282259991189484
63111,70.8541694482661
68074,26.63688997855991
93092,50.98663612645427
102267,33.21502452116405
14057,68.45687789085108
46795,69.5520457693438
82305,47.13206477035051
87531,59.571297788264154
58721,59.95690292882678
88262,71.86224399010437
100233,65.17053308078825
41609,77.30763085416808
44348,38.07365410555375
63838,36.59505847831153
62423,58.836739958345234
89172,33.69258427068433
41833,73.11570210148992
72981,79.9255624999994
49624,34.1738714537451
70609,69.9056464216143
100071,54.75814325503669
80446,74.34894971046515
7588,31.61568446548057
3869,38.98701513054828
21214,31.031716178475126
10325,79.13033462435156
4198,32.30026848986541
4875,75.93859695913939
50453,32.48068711109868
29099,60.92341153191831
31966,71.98293908785277
58991,32.80581656780127
70953,43.91630591099779
85664,68.85812409917455
3096,32.746753962686334
31987,39.25507816268897
74450,65.9147734844675
54920,68.78747934653953
46231,31.329300296946247
47381,32.905493544124504
102243,44.09260291531965
70836,57.969971087454674
45705,64.94304666281518
89534,44.0965434788821
16142,44.93911446472184
50277,70.83966427508427
43950,65.90184983188104
5073,41.105131739944035
66008,59.1133468163317
51733,85.95992292260308
101582,34.091057459378405
3288,55.13451093952677
5558,40.59166462199432
65167,66.4481232112378
12625,74.93793932335043
66032,34.209748123971565
11366,46.84616283396816
78154,41.37201884035379
55353,69.1371919411719
58814,41.286992750695376
91664,31.93190440936635
37410,75.20865182428619
78160,35.92257160625876
21034,47.22256390784815
87255,78.33135308741792
81613,66.01264237132887
24742,57.11436458052593
71798,44.77695533044027
35824,77.96986213242582
38125,73.29697940666784
47193,36.671134575380016
4741,33.27090336704962
6704,44.38219738283442
29751,36.47435440182497
84051,70.5016613739493
44670,64.56862810607504
82155,33.435898385052106
51843,33.26347885372272
26323,65.95718266110902
79940,42.14349736583492
90702,24.7533304746232
6591,77.93977247831991
93609,27.054952494319053
21194,78.1963853643037
84041,69.99673550919249
94939,83.74075219218452
28685,40.145878183353396
10473,39.82983504364037
11400,52.29310541266779
74631,67.72326805225558
68230,38.065951841308
7848,31.147734986553008
58632,40.601591197466206
72367,38.55108079045798
87972,63.529618481076135
57460,76.81736287278032
42028,74.11305775337206
86527,43.91559700764725
32451,30.781456625801468
13383,39.942521477351576
91747,76.43403854508037
15660,65.04091348478318
1108,52.8716829167697
38264,41.604888481661845
81118,69.00769117346347
30227,44.84719021302125
58188,68.65657090591986
25343,28.122986022021273
41338,32.4988752353335
64415,77.98246391035758
85470,29.24553246405443
75899,67.02569890027466
58680,57.684104142120034
17024,29.62505369558577
18436,73.91519503323593
74606,63.00056424794698
36162,40.27875631088953
65022,50.08585844759173
71856,45.17491757892367
34056,56.949008064503694
72600,33.202906229399204
32130,37.35569522524252
19525,45.81022449025403
91173,29.550469583007587
46374,40.96693609222156
28666,31.426288704599326
100304,63.82282163745632
60446,60.77580855370624
90323,54.33926146009476
15703,39.70216367474938
12673,33.329202532434955
77298,38.138574249647405
96998,59.058609923011055
51727,69.87062865011154
21599,50.19528080836271
23071,40.61573858120773
14653,82.71848594186037
19848,62.04171219766964
3916,67.00595602804849
85556,69.75726989181206
94162,72.85349360183815
29411,29.0392313611682
13374,29.72261806714442
86651,46.68949434920131
38381,59.01228410922619
67578,56.9274345567798
55643,74.4615211737727
57021,41.94121970120288
94131,32.552284382861494
35690,32.52247317374661
98735,85.6141051782624
79534,66.2334915589067
51956,66.20313123817027
69241,33.945352656817334
47380,46.23181214707513
41963,55.20278518062207
33691,73.00552106747878
100628,42.11150019033076
53306,72.90473467138236
49174,45.42372166314444
72801,33.65426800407988
46782,39.88474842746527
35181,64.90540691826394
6635,45.902204818247085
14794,32.214860516091576
70671,69.62092975522185
26469,60.05717749584211
43754,34.17706468953854
77312,70.2254328001085
72718,72.74588411749276
49016,68.76481883265515
43659,52.13628191297059
6295,41.86276442926707
72422,34.198200305076625
92092,63.371008902840096
69903,32.52985991708787
379,49.865843284973394
57820,45.28841430067061
55418,49.02838981141849
43000,41.11908885599473
35697,74.96510185239501
40155,33.77351428016865
22774,78.41096572044324
82440,30.82775394138716
17413,63.64178531122273
21266,76.79710181208858
42755,33.93696380916211
100910,34.50806830549306
35480,38.9608069984086
61860,50.85308792957122
58308,59.42663065274574
48224,35.311582872557416
33761,54.90850809381227
4092,60.329240051176654
44419,71.8807981645549
92195,31.32766865107753
46334,39.47742251238576
79819,67.39023926591565
58129,50.052228041369276
47499,1.5692018032932111
61898,56.73152891252772
20942,41.52773796020793
27647,63.75655329235725
40950,25.653710089617263
85502,40.852815685271125
62798,33.11150793638965
100797,31.25599886241124
41028,40.10600165716748
98762,41.70804314383379
42451,80.96077679999092
2258,23.532346200858683
64497,69.50938744297153
101693,63.023014742935935
71982,41.47464221274057
74373,26.823791828899704
27596,71.10487716748369
82726,50.93268777009469
18359,60.70347820601819
83210,33.17716173450521
85068,46.1530346015939
47149,86.0142518707791
72207,34.55783421274039
86146,30.243894469964822
83254,75.08375718074862
65794,75.52683995962914
792,58.95207568217444
95083,33.52277936612347
69790,68.04918034397878
32783,40.14649094259478
101786,35.95621060265847
78343,73.08565982188207
86847,69.39681634396263
21126,75.03959042211103
88655,49.393697504965886
56296,62.63817751439929
90487,35.140433172785556
5424,56.970107807689814
66154,32.73891250653113
96297,45.78550265253638
77320,48.42752003230228
64276,29.79661810488078
66589,83.5918795182616
82401,56.29349359765506
88073,32.40413207758333
85524,43.482729522791914
17207,52.101873208265786
6307,36.644291429929666
93217,48.19601488979815
37147,38.83850028152319
56550,56.26969255258568
76911,48.96386596140817
57865,71.0803414773577
85421,67.91683897617128
101449,46.288355603666716
25836,73.12494307656436
4210,32.50608725625699
17295,32.79902268741445
33187,45.96274515635928
8298,41.51268010328812
60195,20.637373373252125
27525,66.94480676764033
75,69.93072213916179
8196,40.01288717957747
79244,55.350158379818204
54186,73.45057670383886
71668,67.02961293799352
29206,66.85811765217012
95882,37.895456297941074
53187,63.30112722567225
13288,48.953947274699644
47917,36.192580681001424
36804,33.622906092613206
18715,62.933668518961525
84475,73.38992122847904
64975,79.56987162634476
68340,52.97998845455656
952,20.62566954128519
15852,28.76109795739692
57406,59.08795389326039
80901,14.982212659476957
13263,61.86216740839426
19963,65.05044104260605
7600,48.39745536081265
68590,66.90872037873675
11920,69.96903576658468
9481,61.68016047170659
94242,70.3007548325752
8587,53.111262498319945
58978,72.92916215398171
86309,73.02662077244926
41626,38.13985757744437
63089,48.889497629598345
100624,23.229336293119495
41793,59.244889080853966
32158,32.53237088992532
57845,58.097868671967746
15376,69.90419609859447
66873,74.14561517542788
30631,79.42291034599427
87724,72.29516716676409
21159,64.38109024346781
59850,69.92963373521067
68506,52.52902797467791
34907,63.869940391707786
72153,19.973683474508725
18780,41.49079645156938
2760,42.413040932879454
101272,55.742252933168146
52067,65.20643110763072
99292,27.731902079495946
41082,65.29987964460688
90262,67.98552541461157
15903,67.1058821903103
12554,78.05524772016662
66930,32.21138990348848
23856,79.84708260255402
81895,75.45785149504633
63045,41.16005507861223
6601,80.56504360181174
21235,65.49372139245428
23652,48.038727001929296
48816,60.389397674769725
10422,41.37548413783096
71814,75.24029322347147
75410,63.94202864085097
87441,55.76525949519487
19865,70.83228138570988
18273,34.92273942513816
44162,47.823100430937814
27449,31.84020856216965
37472,32.873892241663555
32246,67.82355668431123
11737,34.03350399548624
93326,68.65292671184872
73444,34.31176732037599
101059,34.08312624433397
101284,56.982803559524086
41866,50.82177826765665
36383,32.45724479920755
52244,52.027788845199744
23202,64.1683656608487
14371,34.51835263663267
44497,65.8402993468907
61094,62.253523136442325
76892,33.5214730603054
22549,64.83633166949356
99349,80.40067182864296
86178,78.84211492839152
53024,66.98596586141792
99268,34.30651200787462
17113,41.496917107495705
92437,46.95660276285908
13629,58.97170905424237
15226,60.77249909762609
16898,68.05280086937883
51945,70.01567938399205
18927,32.80775904039011
52885,83.75069440492734
85399,73.71495106359967
2387,33.06359232802636
6213,25.635219118331207
2852,71.06862467865429
85203,30.562236025421463
58844,86.60755097705334
76940,48.79883598698146
47386,29.333257239232502
36240,73.66286007867775
28391,42.132976599221124
85711,51.82962359239558
34195,58.23908433196158
32904,57.09097106435221
20548,52.883424856340724
9057,50.80361761096174
62892,70.03777502877765
26598,68.60047664564854
22413,68.01501161782718
16226,33.82997829419072
27822,41.59817166806314
2236,48.47596123552053
1118,63.12541893101209
92705,33.01202885695812
64068,8.943317305716555
37886,63.89233963935788
83047,68.55475755991901
48547,55.001588197432994
30863,39.68620015769785
59982,55.80596543956301
91577,12.704775797246203
34306,66.90639579407096
54593,47.958515943422356
95997,45.17967034117178
70060,79.04346679755366
2613,80.43980608665461
102501,72.46221951873045
96595,38.99577532592368
33486,56.35852095740378
84102,68.74153585919258
88545,69.06659241017107
8191,59.67404615967552
17317,54.147508050819056
69398,35.16721349912956
92059,55.89017960651157
77188,75.03533886136293
57618,40.570490924293
20985,82.22439900810454
7611,69.84498236559327
71493,33.82454072296702
87105,20.743901102826044
62260,75.49513794943786
10066,65.79356881612097
99377,96.59299664844494
58454,70.94879824984557
29150,48.81398158971825
94418,40.7233853267952
34168,58.409948328799956
54682,62.895007693021086
59319,56.60779397599397
65127,33.78833334891115
1632,50.96826112418482
31709,47.07451463128311
53011,68.93915314707513
9203,41.81339641895551
16408,50.022923161859254
97730,54.39522894538315
90603,54.55489875776928
79708,66.57170101108721
80797,66.17814555157527
81327,30.741617836610303
8548,70.27565611701807
81892,25.196751083153757
35894,70.44938584178374
76068,70.92067111363542
96660,79.03769171294164
80254,52.10790489909111
69291,39.88979579780863
62842,35.7244672620043
84854,44.202104079259136
32462,73.97373961967585
45635,66.86343177098242
72815,34.21850101280842
43571,36.97722645287876
57344,30.784237493025927
87274,32.11826186764664
2948,33.16999136420305
26411,33.79919746431834
92610,34.19756048637661
37103,34.10385027095672
12961,54.56305581781345
6281,33.6389612930287
21783,63.654874443289444
18345,74.91791196108738
19998,63.180393262091876
26799,62.99079075417794
37173,71.62194359266257
80037,48.88005367511842
46726,68.50596821823852
94593,80.01928650776166
24581,64.6975038823968
78298,76.60372158029021
43331,41.385678454841766
68359,59.954119868121424
67340,71.60518794850773
44118,38.07724508741481
3846,70.12440010541684
82328,35.434314930396376
89711,42.498234677394734
71656,45.48134607798273
56439,74.88879498107934
11380,44.737573347962076
29854,81.98986796148611
22881,62.95082167889579
91678,73.88635221509847
88267,33.48137733983567
87359,67.94920712049455
75723,59.554969740678686
16920,51.110957804838634
9753,70.19022477942116
44517,41.766335043841224
33892,32.72187018303717
13879,40.381219191297525
94999,57.260557229356664
43078,42.06283699145469
77263,74.43266629975238
72934,29.601070165322117
27800,75.44369641741183
49919,63.11068110526275
13478,51.313548983044726
84660,49.4567700394791
65325,32.2472035086144
91114,66.02445178744453
60359,34.017142426934136
83538,64.65944064736158
92017,49.051547033476
93353,64.01642148456786
7974,67.01899944688846
44000,50.98205519696616
71655,68.90153014572212
76885,70.91094147966044
97720,71.19103315472967
43035,62.19442281659177
13178,34.47145537208823
11830,70.46705487419293
15528,38.87548625982052
56672,70.05335757608874
58579,67.10063918146882
11841,61.527101964026414
80878,63.98562145715701
33931,34.22782998632796
31307,76.95410609498202
83540,41.783498092516545
35661,65.93885965219317
46815,28.921789086606122
37649,18.540924734773668
68353,34.65844579195435
53031,69.13662119677406
102597,63.53150593072953
23939,32.548542821172994
99248,74.30061960218467
44924,42.782993300874864
75691,68.48587657616267
39567,62.963265916443305
55280,42.27073353136721
84002,31.86424002951627
37136,34.024554545098546
64371,50.09609110136189
50170,32.84747087962805
71279,52.97066021803225
60803,71.87101735475271
8003,28.05620378215168
19034,54.25825716452001
19289,48.20440257830437
73907,82.51911801043008
21185,41.706304788764555
84147,76.69440877500304
74409,34.27440601292297
71201,71.12558967622121
67516,41.250376432810924
96225,61.988202126785886
54209,56.97864548153354
71767,71.16423870474361
36331,29.015087544861792
88801,33.75158602962591
28710,23.213775493951008
18903,47.877632107957105
27961,40.031457791709855
44195,43.831240160416684
16448,79.91861868455871
46641,70.06743720942208
72646,72.83717007599932
73320,52.69090664196324
63943,38.5823268286521
31811,41.65592803704584
19450,57.03567119631849
65777,50.15708719014481
77057,69.97259644562833
69292,44.07106744025193
59109,33.182126570040445
97401,69.04311947688922
25595,72.78544230584748
24870,33.94517571906685
65516,51.148888343765776
75291,45.77354311515488
42076,67.9931884949645
69545,47.445397844913096
72674,49.10424831066486
7916,61.43684576069561
54780,32.75562418943839
67146,70.98258138217852
94370,74.86864388950303
50816,82.67196550041368
36366,57.80729657107025
26693,81.43004874653343
46625,64.89236856621804
24455,33.28198129379154
90335,52.26584947293745
19556,34.195568208092006
15508,49.981617226685785
31470,39.70669488756879
6719,54.44777145565071
2097,55.951510562095265
88802,31.430842534693607
26308,79.93868224265884
73748,52.89002978733494
101775,43.41404866138732
68813,66.53237417445213
81491,37.88159676442931
14494,39.175389962339246
50365,47.86766314213948
71524,72.1234196148269
77398,33.70778728402914
85359,72.23221151624807
612,40.45877846670092
34773,41.553243512605434
102668,63.95701610631793
72318,53.365450888447725
93064,68.01150154513456
12015,67.67152885197238
21372,74.94414224191584
54002,42.85595533942678
90809,74.78733877129557
81913,52.00980024494014
77055,49.26322282155385
75707,64.53751736453147
59958,33.100716856707
88917,79.06375201798151
84913,55.1073181743391
25556,23.89279291153031
92433,70.83588427146083
39470,33.22727497786466
33153,56.04655701702405
3509,63.93075449772809
84537,83.90285004636766
32153,77.87840004641743
7004,47.98024162593398
69529,49.067822597897276
13990,64.1774206165104
100011,39.60026027151933
91470,34.42820093804934
31845,33.02222947350663
93259,8.381277647078964
65860,83.24857875944282
38587,71.98039129027056
23367,32.416791462973954
85695,29.75151152769025
93624,42.1326066548027
80367,60.01077162570731
59854,10.400624289671605
96697,85.92466420390241
1955,73.96635231523626
12999,65.5237124040728
54271,72.89446424884297
69444,36.937069771194906
83040,73.88607442600258
97694,40.77412649340977
36864,64.94478307406531
33269,33.91088592063227
89645,48.15315520296021
90161,77.02399916933823
54748,40.300147743415984
41186,57.71825617213737
53595,39.32102038039056
66236,42.302035740680985
41268,67.64834207815301
60112,67.11950630423263
18753,47.569409418106204
92750,40.33487181180117
73225,21.927932144915506
9842,38.096420919257085
23950,50.973116094509
33583,76.80429021315416
73213,41.932254575346875
81185,87.86420293132576
67398,70.29757747279095
70027,33.33099840129322
16310,83.27539204471452
99957,40.49794913181809
90195,68.29652999130309
92578,70.93697480087128
67502,51.834458309223955
55210,33.358749013929966
42070,83.5859188854736
11452,33.67169295946302
72108,64.93217644002235
41289,30.035000123506745
74421,67.02555826307349
58110,33.119278902715656
14921,63.69274814145993
80710,37.887655168114854
82168,52.1414349546766
17883,51.99947060026773
68686,67.97656756928347
16554,41.107785621504476
95826,33.756151938073074
85800,57.8438276354892
54873,46.167185909525855
54838,36.03126214685791
84352,51.961988074220265
90070,41.73683632145744
88230,74.9386141873747
50368,74.1108961186218
12259,64.85783166545149
9099,24.615256295551532
64641,58.045838241283946
17324,60.99629626688019
69731,47.183751941342244
9273,35.4908708682833
63730,62.05255791885625
10113,32.44104823718198
72372,41.409748466083286
24300,47.553618991903015
76569,41.0115875578565
28314,70.0981316097882
41971,33.33589228587834
31749,62.98455955583235
22753,45.36100632915932
19015,44.78170515279802
23011,28.176030070906748
67306,37.77072349987704
85039,71.0234138774684
80496,81.5875378352961
65715,68.36669172524958
72491,43.22732152263714
35054,16.712000769529645
48431,65.61714958961531
70259,68.95685738504534
47785,44.11429382970758
6260,28.515158212307508
101428,74.1198144530376
2726,71.53116626274593
42805,52.68559737924543
97596,46.456888956810374
17192,46.07460742280474
32998,71.31011567712268
68620,32.98917874497828
41600,49.230760955882694
34848,65.02815497996122
66468,68.27229102340152
76271,67.99073645414961
78534,72.19625721237779
54572,39.17012584855285
58382,69.69721290418906
27665,68.96092146542512
70454,60.79400803004722
57278,62.07693391383147
53960,57.35689981509615
16770,61.28013911549884
66699,68.99684783198032
78055,79.43852627608092
100421,40.68318038329003
69480,28.826315539153462
14682,43.97389214055572
73353,35.99238611836297
28502,42.01582308566978
38959,77.07697872871634
74401,78.91539890809318
48280,62.88066537255836
60051,66.78149134966873
53643,50.96964550507943
70793,79.29056710511327
36501,26.78067314312849
42194,72.31461299706206
64687,75.04333167815477
33833,55.93835763960493
2617,65.9566790974666
93787,73.22914390967019
78337,62.06476778406015
36428,59.08599993314089
13004,41.085304797573926
87022,45.011405858818655
54471,30.60616241011357
47590,73.84777265774915
30072,38.18736695529179
35860,80.00898542236288
4763,34.06744993753304
42315,58.1930814047956
30528,73.87199912130538
6372,52.306172909518295
57393,71.98259472576422
12837,74.43003246989767
41229,27.99838798961043
41247,40.63402413299733
46329,66.04880524484884
10725,76.71653601214612
22748,67.8571847746384
6952,28.550550139420928
94055,22.575291177479123
12200,42.31008633138009
48008,39.112371180595666
77147,51.25055159129043
34846,61.98621845611965
55941,67.33953379721592
10629,25.68337474407226
45625,27.645450703222252
75406,74.07488825361948
23119,32.548031054095816
55757,62.47777385932916
48491,74.93944562920876
64026,50.66442440433646
64196,69.26335323359864
81764,29.646927428575005
84887,80.55089707393492
93034,35.96997491421732
63615,54.85172631322449
94955,34.89037082074441
86784,64.66601054534243
37024,39.36096730302854
31084,66.87410114413157
62605,57.331486278079886
7757,39.08258114469505
43250,47.553635781984305
58180,72.9406861708454
52006,65.16532567440672
60388,54.28019734945502
21083,30.431887648581867
21576,32.0780637087293
10059,35.08580399977863
79788,66.12199984152781
50912,36.54048882171913
25743,72.11216379761154
29758,51.766513498137556
26114,65.92052050391051
54260,73.93854506389931
76797,70.76621479810939
61598,74.61895568098984
39261,64.83104583716604
53729,64.96263965045023
15951,61.44491580324328
74126,44.056933571212696
20438,63.683882881866836
36535,55.51540712785791
61107,65.8453121886308
94984,62.83845104650413
96763,81.84177630999753
66686,67.56232314199156
29653,91.92742524531113
102227,65.83573630204492
88486,32.0886746866771
9571,64.0476257153021
92948,76.70782720663257
3073,61.01723185352578
74243,69.93660146850524
40213,65.03650139168762
70494,73.94129518457976
59639,52.07928101284725
42413,41.722349027595925
38960,32.778612893022625
33254,34.43267546611168
31500,33.571075633660875
96991,54.77447325097211
20899,49.216416667366005
69189,48.12391527514349
15463,53.57014037322939
90878,43.02534499500399
84078,56.04182296556692
86482,22.291959921388823
98601,36.32861372032247
40061,39.58342290550562
27522,38.63633171060343
75046,51.05715367411988
89652,49.16558738145998
67921,65.99391846757494
51825,77.14675502780804
54159,97.63528490980235
74180,37.0864158470557
6485,37.71267147550752
82817,46.3113599528201
86961,77.77086594775471
40247,42.82100703255314
35745,72.98428929935653
60676,70.0502058900882
9163,27.44590952021413
53234,74.96386392434937
42934,37.273155569735124
91083,73.73281033081372
94372,32.1486473405086
20276,35.17916571767054
82943,67.98498028618809
58658,79.50148741103175
19179,71.259574994134
32030,50.26745333212341
86776,36.363839458293285
76337,34.955594165557244
58106,41.030033264835694
333,70.18303695058172
80645,70.07500143728649
65193,56.987887006256756
93832,63.06594987026777
11492,73.6287282856893
10456,33.89789670112582
75660,43.84989519250122
24665,63.09927799375928
32044,36.51760829175079
66657,63.934128528932746
98710,74.98511363246922
80519,50.07773214182787
46204,28.016630200898142
84612,33.50539802629715
9262,58.16215134994231
80575,40.7134013284556
40332,42.14852037525541
19000,56.189445064701985
17349,60.85841242337047
24978,64.14519426282831
9394,65.03839489781073
17175,65.18701013673791
25097,28.33624336355333
64164,71.00109166227963
32442,76.0706580060247
13481,52.29392875950419
6597,59.315135710245855
96143,63.45429214934706
20095,67.19417363858284
1621,32.032161152234615
17517,29.532924776044922
92742,41.34434071890319
89258,63.25640208682144
16989,79.0836583908696
74308,53.84621512553203
72664,66.77732100780301
89347,63.27205129816734
59386,73.09241299279844
44302,66.92177211104418
89504,59.85418627246514
102596,50.75609726757775
11353,83.91928327571412
5959,44.02622542837756
75378,73.76498928185597
45568,67.59751674829673
52087,80.98548889387688
1002,39.76305048000801
19568,63.99205069108167
101913,54.2010668651282
19499,64.2289110537053
60204,49.82241741300822
8370,32.82219359999003
63686,54.97233917616664
96922,49.000826339318564
18129,53.92757785818398
34369,72.97481958239425
14781,70.017206263541
16993,35.225004815550086
85865,40.598027471239675
9524,33.496316571439436
89684,59.344270027470344
33957,70.36382844703093
46734,31.08778262522761
84678,75.14587832874912
93484,74.00947986262952
1574,48.99340413067547
70893,67.79999700241052
83418,57.054559034734154
31807,63.04910051178411
24976,51.02099923226157
93474,45.937242009461784
31176,44.808444758080675
70370,42.09708885559242
10503,70.04553920683128
48643,51.74938497601579
60400,71.10787228529975
11023,62.51713258316093
633,61.02813289546128
2817,44.38063894682588
77858,38.18263055694171
50379,28.376061868582063
2088,38.4343901905421
57902,40.05932145321299
44725,43.640883831174044
51856,45.936149968303496
72796,41.5702893603084
26484,45.610465058617415
98502,73.9969084221585
62388,70.78374006777652
72308,46.731186652616714
8353,42.27190327256598
75561,26.75983591653303
57057,54.09463252681398
1764,61.57524037805773
63281,70.72993410486518
41013,69.76124736755095
90397,39.03257825744686
71382,60.09658033134044
60983,33.180273988016104
24176,70.05873567957502
82037,40.93892455792193
2549,18.38118511720233
59393,95.37456619280374
49721,66.72038571434528
59917,63.88035392777458
75022,73.69241218876923
42047,49.88959998270762
68672,41.604812390040685
1968,34.17880162240792
7675,30.444067976574388
96302,42.23010348262669
1618,38.89497239839887
30990,39.68305728804679
65334,30.011856245225932
41447,53.97367065729335
83563,67.99336064787308
83228,31.962243244608803
9475,33.64814201706058
102609,65.71709398412077
96241,59.72637956951226
42547,39.90060717254731
33430,55.055188666733386
39670,80.82312089234964
74653,69.26186107063701
41429,66.98405232984015
16970,41.16022687130451
76578,43.106565653742
86253,69.64111069744332
52257,71.47301372131885
93058,51.695571812751645
6839,81.52423289729413
10605,78.01761671585112
70151,70.78349764514121
32963,73.75793374960452
52203,85.77466622556773
27053,33.939532567334
5004,75.633610460837
52153,64.15082692385577
43283,63.530410221196775
12304,38.85575985838611
18662,54.11691844223378
71429,35.15888002145514
16647,75.77897921003479
4458,64.07109350719367
98584,75.82208730045105
52105,79.28501830455096
94102,43.90722373736171
39958,31.567421693385956
6550,72.03962664417983
25330,50.08525801140649
27854,43.64552111882963
82162,59.1783360090573
67045,54.92828399367721
45347,55.63534467642964
68183,72.3120876970384
78433,41.921782728281414
69217,42.4653365716708
15694,47.57689587320294
77727,41.61023849570863
86528,70.1916659449188
71791,67.97749581318722
61996,36.97444775828512
44143,72.50097026827223
33547,71.80852569485866
68579,42.60831175815262
11332,52.9013925904907
82170,41.40600797839543
69724,78.82141820365294
52655,53.22596113309326
59330,63.858757827927064
59940,9.95872690348575
29526,52.101995214748726
42719,56.07581087498891
44262,29.76227836183054
81487,64.06152660807493
34601,55.959380092611646
13867,32.51322333073492
98336,42.78998123600114
82495,34.03415521024708
24049,63.719642363409946
69008,33.51660355476717
3564,72.14790913846315
86861,33.92008499396663
7283,32.901749236216666
2763,34.59929372820983
25173,73.18181518626457
22919,32.69190861889868
79520,32.77944475537544
53985,37.76399022921638
39925,86.04787109895028
51779,76.77207486682288
41090,65.24351055444708
96878,55.59874849678651
46508,66.386319323262
72047,31.977554203796252
4841,34.9738985433664
70663,72.8845940114716
35348,73.10346421852446
70086,68.86082201811016
35702,55.119184972993
55796,29.684941725297637
75856,52.060944762378426
38832,27.50791009857278
21694,46.03272736395208
20315,72.0680260704361
52925,33.25037909955492
46184,68.9971169478344
101599,67.9522313415344
55415,34.42588413218135
86139,63.683882881866836
38592,31.94536921494536
58295,53.296961269516444
1239,52.81268009281108
21707,73.68492706310727
27062,34.4657121635034
57532,34.52033934903172
61114,31.13799614709586
7152,39.73004164706379
83159,65.02452758509452
81659,73.22373082034406
71505,73.19840717218905
42815,63.55443897581189
87945,62.88771989840726
13200,47.13281130943592
77917,4.813445248755823
68047,73.38773386630376
79849,28.841327130233168
55469,43.79031741302291
41881,61.078043561857875
14104,54.007000423873905
39928,60.614898887670925
28293,70.8819223923631
24065,61.144209767358
97260,31.07230267494933
67559,74.10876322322486
91037,70.86302378105415
46903,52.23160879329538
28583,34.07102149400622
91171,69.71655240422291
75119,33.89413551558982
38608,79.96572461156575
50067,54.470835835119445
102240,73.51998431927065
42324,29.373437525873758
76227,37.13584558435289
64729,42.462805554050604
89095,32.527493520334815
78207,62.872018106379414
24657,83.26692379687563
94595,62.23862546939365
26757,65.00304315935384
82844,75.22106493311173
75115,24.325939874305284
35496,32.341827157635684
1849,77.91127544984349
58069,62.87817284637216
57522,29.061241902330874
89447,75.03068428709261
2600,32.59144102538173
95881,32.605828360803955
43612,40.77501498961795
76605,61.92018296393319
4181,42.20288613238408
14101,63.31135282718474
20591,59.67227292288152
84736,53.85441517247107
99598,31.72811330858649
46730,80.5231878336117
26590,60.764780067468685
84648,32.14383815969391
63704,32.7593048575664
101317,66.80073068843961
60649,80.98702288748285
98715,37.67818225993033
941,33.15756005385052
33635,68.1535486801944
7912,35.07700981131151
45244,38.74591183411305
33909,27.040532237061498
56417,33.01733342274884
80160,68.92365583709756
26434,82.7683065229484
84818,29.36067834113671
75108,16.002581045039737
100573,66.9965273421011
10141,61.09333192926671
70147,45.80886211566849
14731,64.95563174456353
27606,40.1574675608552
68401,35.61703110693264
41646,68.32165267133246
61235,61.97762746113863
3820,43.17646160259473
67110,56.05413694517283
1991,40.47377739500765
15126,81.83181988831149
57526,66.69544431765382
81143,72.13460603891556
87804,58.595213293820144
51196,77.29989790933007
41058,65.6720635250285
20041,34.28767158089184
100374,31.600416823385075
41101,41.1865493711644
93143,45.5222185719854
53061,66.95981675041395
5011,68.87263108555256
83354,33.84378506953587
69358,39.172369808187874
68255,53.02903538779577
98181,30.423265469391104
15219,82.20875427965885
102068,48.79902942496577
62715,48.171519241113074
41497,63.87866030248849
24304,66.93670684472231
8938,31.403895736455492
16359,42.17537108172557
32942,46.906784798770204
45679,31.61787081838771
78320,52.75769393490541
3930,34.859553887516675
31479,54.237518704766245
46481,53.157463329522976
3684,44.78052150703168
56388,74.05484494312756
72191,36.87171716434702
72202,64.58412393842448
25421,78.79595270913617
98593,75.77772532857918
62012,44.40534462675512
7874,31.430896710986104
98563,32.16407443732082
88122,32.76532044635516
9633,33.85698772370431
74165,69.10050928047369
30651,46.31369627957177
64916,43.864946533941556
94335,83.82523081615139
235,72.47090820212406
74787,82.2664969724625
27442,77.84905851455086
8560,14.059377466995272
67113,54.12898894576253
57985,79.39759136408455
95850,51.56205304620436
20986,46.79672155527301
91105,46.00295830814977
52626,47.202075863642804
43335,84.07640189947969
68549,41.12415536678134
45482,53.528585108369114
42938,72.92026543467418
62165,31.995927581863917
79124,49.32184450736757
12774,64.84968538058916
73490,62.92673423087405
61744,59.17430656455866
82372,22.207125867956204
93846,32.98819590425071
52491,46.25317894155581
102344,62.86259967609931
53068,36.983531623879024
49466,65.54250345059563
36273,56.95668192365219
27099,64.98606582525105
86629,75.28009107240673
1336,65.88159809935789
81446,30.576907656653514
80054,69.50739144261439
7028,34.95471395693888
102144,30.903354510274212
49173,18.828575094482265
15518,65.75434351290866
64842,70.00260092620917
14500,57.69547884160039
90146,37.705874134392275
96715,28.862561204400137
92906,33.6622154697007
80957,65.01685911240136
58883,56.10150768924925
81839,38.6277482448291
75286,40.60843363583352
65841,51.884885442730535
35455,68.80225551013768
13724,40.74427104947998
45199,54.7050547528194
27814,27.572103238631634
40707,60.868808223179634
20413,66.85847089603621
94972,61.33216418597856
25282,32.08141286977028
43034,2.008603220876779
55863,39.939675579274905
71273,70.87012904517138
32430,59.902330141595
20616,38.57339748148441
25455,47.96681066775926
51157,65.96162751003776
94,78.4921929733259
86296,75.00650919527561
97636,39.74702389947195
9858,70.35309930326864
56070,32.46468516794889
62247,59.66427281157005
7148,73.93033553975735
73656,66.02641285417954
14084,39.17177974916018
71280,68.06947649107263
51444,71.11938283118883
85643,8.646211390653797
41631,32.44859533940552
62413,39.16710887169417
13733,14.05606179111416
53812,18.69213092675362
13950,68.0497114402023
70306,50.51449904263265
30767,79.99916207378428
11188,55.34713671848583
23997,69.85404168690832
